date,open,high,low,close,volume,ticker
2021-01-27,18.871912065863963,19.148190261131347,18.680644419812246,18.751483917236328,2054427,FLRY3.SA
2021-01-28,18.808162956475908,19.084441244212385,18.73732200247497,19.049020767211914,2017841,FLRY3.SA
2021-01-29,18.8364958398898,18.978176288712554,18.503544850785975,18.60272216796875,3193997,FLRY3.SA
2021-02-01,18.949838959889878,19.5165635924292,18.80107442446006,19.325294494628906,3080740,FLRY3.SA
2021-02-02,19.665326370979454,20.522497336938102,19.573234593604322,20.331228256225586,4132821,FLRY3.SA
2021-02-03,20.352481091922517,20.536667530408845,19.977026986895655,20.076204299926758,1897691,FLRY3.SA
2021-02-04,20.083287151588827,20.267472145816683,19.771588477064693,19.799924850463867,1295669,FLRY3.SA
2021-02-05,19.877850910116905,20.182464074251435,19.79284178550251,19.94869041442871,788133,FLRY3.SA
2021-02-08,19.984113491176924,20.331232695788593,19.59449115157776,19.8070125579834,1668844,FLRY3.SA
2021-02-09,19.693666364965292,19.785759592142806,19.523649532273794,19.62990951538086,909555,FLRY3.SA
2021-02-10,19.67240920519151,19.77158650218231,19.417384735805587,19.48114013671875,1366295,FLRY3.SA
2021-02-11,19.481142604228452,20.281640875589396,19.481142604228452,19.89910125732422,1804901,FLRY3.SA
2021-02-12,19.94869121144647,20.118709467468058,19.77159029429089,20.05495262145996,1617094,FLRY3.SA
2021-02-17,20.054952726267885,20.16829679800771,19.679497175124975,19.984111785888672,1204257,FLRY3.SA
2021-02-18,19.764504245782557,19.856597458687173,19.325293326894077,19.551982879638672,1777435,FLRY3.SA
2021-02-19,19.580322287459957,19.693666364965292,19.38905173870666,19.62990951538086,828748,FLRY3.SA
2021-02-22,19.07026711675848,19.261536200150964,18.822325287807708,18.92150115966797,2065138,FLRY3.SA
2021-02-23,18.921502785622454,19.289874230539333,18.65939274775858,19.183612823486328,2795582,FLRY3.SA
2021-02-24,19.183613604586224,19.21903407504611,18.92858765014198,19.105690002441406,1251341,FLRY3.SA
2021-02-25,19.11277349838255,19.396134387459746,18.92150296388515,18.99234390258789,1778496,FLRY3.SA
2021-02-26,19.19778078581651,19.821178167478454,18.82232668436874,19.006511688232422,3118280,FLRY3.SA
2021-03-01,19.211949634191892,19.3677997014024,18.36186408996582,18.36186408996582,2233115,FLRY3.SA
2021-03-02,18.220182798289102,18.276855551829726,17.49052539505443,18.15642738342285,3198027,FLRY3.SA
2021-03-03,18.123457556598918,18.275149405333547,17.29999336480299,18.20291519165039,3611712,FLRY3.SA
2021-03-04,18.282375335868625,18.672437221195732,18.109013199235942,18.412395477294922,1884966,FLRY3.SA
2021-03-05,18.535192490323723,18.535192490323723,18.094566641490566,18.18124771118164,2576385,FLRY3.SA
2021-03-08,18.159574872977462,18.311265262414377,17.51669474692344,17.65393829345703,4856479,FLRY3.SA
2021-03-09,17.63226713362886,17.986213305736847,17.393895698877916,17.581703186035156,2381367,FLRY3.SA
2021-03-10,17.632268626402322,17.841746394548696,17.415567436559584,17.733396530151367,2130886,FLRY3.SA
2021-03-11,17.913984735620406,18.16680309214809,17.7839631151527,17.950101852416992,1852410,FLRY3.SA
2021-03-12,17.733393748929696,17.899530960841734,17.639489281604543,17.755064010620117,2056548,FLRY3.SA
2021-03-15,17.75506685605399,18.52796859706762,17.74062001261179,18.31126594543457,1431938,FLRY3.SA
2021-03-16,18.253481359029788,18.4846308894023,18.11623778641941,18.159578323364258,1522819,FLRY3.SA
2021-03-17,18.15957656304625,18.318490388724566,17.950098782500422,18.239032745361328,2217314,FLRY3.SA
2021-03-18,18.231810475843034,18.325713500817333,17.870640836804856,18.02233123779297,1321862,FLRY3.SA
2021-03-19,18.05845041421011,18.347384381868608,18.000663036259134,18.28959846496582,1700022,FLRY3.SA
2021-03-22,18.267927310794697,18.549637842524078,18.044002693160916,18.217363357543945,1110406,FLRY3.SA
2021-03-23,18.13790992722899,18.57131241932004,18.05123030543985,18.38350486755371,1109134,FLRY3.SA
2021-03-24,18.267927434788856,18.47018178811655,17.921204642621284,17.942874908447266,1821444,FLRY3.SA
2021-03-25,17.9139823943734,18.36183166202309,17.64671722605699,18.137907028198242,1884330,FLRY3.SA
2021-03-26,18.13068594916451,18.340163765233733,17.95732524983971,18.174026489257812,1664072,FLRY3.SA
2021-03-29,17.95010067096254,18.1740253193145,17.863419596355982,18.01511001586914,1130131,FLRY3.SA
2021-03-30,17.986218624038028,18.542417828886116,17.986218624038028,18.49907875061035,1800235,FLRY3.SA
2021-03-31,18.49907713657971,18.665214395111878,18.159577735876667,18.491853713989258,2233857,FLRY3.SA
2021-04-01,18.491850638638553,18.838571943221115,18.455733531692868,18.556859970092773,2000450,FLRY3.SA
2021-04-05,18.694106177921324,18.831349732087304,18.614648537534222,18.715776443481445,1165020,FLRY3.SA
2021-04-06,18.780787261995474,19.55368907818837,18.643543696993103,19.44533920288086,5964553,FLRY3.SA
2021-04-07,19.35865551594809,19.734271970138906,19.300868144372885,19.510347366333008,2012645,FLRY3.SA
2021-04-08,19.43089249996234,19.524795531108314,19.156403906904426,19.300870895385742,2405015,FLRY3.SA
2021-04-09,19.257530485990003,19.373103776549947,19.019157560798337,19.062498092651367,1827701,FLRY3.SA
2021-04-12,19.250306944066008,19.597029761997046,19.221414715199305,19.488679885864258,1796524,FLRY3.SA
2021-04-13,19.539242818933523,20.052102904291335,19.539242818933523,19.654817581176758,2582006,FLRY3.SA
2021-04-14,19.662038064904138,19.842622142868763,19.53201647681501,19.63314437866211,1809885,FLRY3.SA
2021-04-15,19.64036985227665,19.82817737142418,19.445338910813895,19.582582473754883,2186879,FLRY3.SA
2021-04-16,19.560909581059974,19.73427169335409,19.401995772505042,19.64759063720703,2159095,FLRY3.SA
2021-04-19,19.719827792949523,20.052102302327405,19.488679736450386,19.575359344482422,2239053,FLRY3.SA
2021-04-20,19.488680767696955,19.66204145398266,19.264756121772166,19.373106002807617,1700446,FLRY3.SA
2021-04-22,19.45978783464236,19.50312837316444,19.004713641208866,19.084171295166016,1347419,FLRY3.SA
2021-04-23,19.2575348021893,19.28642849656728,18.88191823632408,18.968599319458008,1366189,FLRY3.SA
2021-04-26,18.997489326702304,19.08416893196453,18.564085456198455,18.694107055664062,1813597,FLRY3.SA
2021-04-27,18.737448468904446,18.75189531396807,18.2968211555121,18.3546085357666,1473508,FLRY3.SA
2021-04-28,18.40517264133984,18.53519278690869,18.152354311743718,18.39794921875,1619851,FLRY3.SA
2021-04-29,18.49185194768818,18.70132972175421,18.397947462981836,18.441287994384766,1541483,FLRY3.SA
2021-04-30,18.701327195979836,19.2430793822038,18.332934189857703,18.455732345581055,3507256,FLRY3.SA
2021-05-03,18.499079233228905,18.549641736044475,17.93565512941269,18.123462677001953,2682007,FLRY3.SA
2021-05-04,18.058452701773742,18.708556402929858,18.058452701773742,18.585758209228516,2186030,FLRY3.SA
2021-05-05,18.52797053728893,18.831351359248618,18.43406604508107,18.816905975341797,1741698,FLRY3.SA
2021-05-06,18.79523572270498,18.853023107062796,18.49185487692315,18.592981338500977,804676,FLRY3.SA
2021-05-07,18.701331206525644,18.838574772483096,18.448512880984456,18.535192489624023,1385277,FLRY3.SA
2021-05-10,18.535192201214752,18.845797901714754,18.397948637392822,18.766340255737305,1334163,FLRY3.SA
2021-05-11,18.549639343673277,18.94692611888906,18.441289467558597,18.816905975341797,797359,FLRY3.SA
2021-05-12,18.715774907015586,18.780784237310915,18.2029149196254,18.340158462524414,1427378,FLRY3.SA
2021-05-13,18.354605952052033,19.0697202988926,18.289596619465105,18.737445831298828,2268640,FLRY3.SA
2021-05-14,19.091391478358652,19.12028516580332,18.925254236599933,18.939701080322266,719627,FLRY3.SA
2021-05-17,18.939704294474105,19.286427141602392,18.80968413995622,19.084171295166016,1184851,FLRY3.SA
2021-05-18,19.08416615685949,19.20696431627599,18.932475773922363,19.069719314575195,1522925,FLRY3.SA
2021-05-19,18.896361029208418,19.611475428486717,18.780786276493632,19.5175724029541,2310104,FLRY3.SA
2021-05-20,19.575356476619884,19.96541976928711,19.30809134715931,19.96541976928711,1760044,FLRY3.SA
2021-05-21,19.914855174288466,19.92207859541945,19.481452828525292,19.662036895751953,1229602,FLRY3.SA
2021-05-24,19.705380653113632,19.893188172261162,19.40922179923779,19.582582473754883,2293031,FLRY3.SA
2021-05-25,19.582582171247385,19.712603770912807,19.27197793858745,19.365880966186523,1377430,FLRY3.SA
2021-05-26,19.517574614765525,19.633147919529403,19.163628355514,19.286426544189453,2670978,FLRY3.SA
2021-05-27,19.214189937156725,19.329763227614535,18.809681228982193,18.838573455810547,8209121,FLRY3.SA
2021-05-28,18.853019160216217,19.15640140353386,18.853019160216217,19.09139060974121,2484656,FLRY3.SA
2021-05-31,19.0913951558666,19.1564059651399,18.86024707283214,19.120288848876953,914221,FLRY3.SA
2021-06-01,19.09139397443816,19.373106002807617,19.01193632357674,19.373106002807617,1641697,FLRY3.SA
2021-06-02,19.719828086591225,19.72705150912214,18.997490216644287,19.250307083129883,2843515,FLRY3.SA
2021-06-04,19.243081626164418,19.46700623990063,19.11306149540227,19.394773483276367,1548058,FLRY3.SA
2021-06-07,19.438119400730358,19.893192176083502,19.271982115090708,19.719831466674805,2274791,FLRY3.SA
2021-06-08,19.633147022622847,20.13878367785542,19.597029909956486,19.755945205688477,2079454,FLRY3.SA
2021-06-09,19.78483728644803,19.907635468593053,19.54646580568534,19.712604522705078,1121541,FLRY3.SA
2021-06-10,19.76316701704424,20.001538497783212,19.597029761089267,19.84262466430664,1123768,FLRY3.SA
2021-06-11,19.81373213386885,19.893188318873662,19.35143456333581,19.532018661499023,938824,FLRY3.SA
2021-06-14,19.560913690896783,19.575360536623307,19.20696889269357,19.286426544189453,1836927,FLRY3.SA
2021-06-15,19.257529474348036,19.37310275883665,19.185295258387615,19.228635787963867,746351,FLRY3.SA
2021-06-16,19.26475168541317,19.29364390893379,18.881911825927332,19.069719314575195,2872253,FLRY3.SA
2021-06-17,19.04805212522901,19.336986073286546,18.990264751198264,19.07694435119629,1180715,FLRY3.SA
2021-06-18,19.120286504074365,19.127509926441114,18.6435435499653,19.048053741455078,1986346,FLRY3.SA
2021-06-21,19.048053448471894,19.170850165769657,18.81690539733946,19.05527687072754,909131,FLRY3.SA
2021-06-22,18.94692786065857,19.15640567071569,18.853023359818174,19.127511978149414,1693553,FLRY3.SA
2021-06-23,19.055276000751626,19.38755048724477,19.026380852000074,19.206966400146484,1261310,FLRY3.SA
2021-06-24,19.27919973913616,19.43811355320103,19.127507885619277,19.228635787963867,1014011,FLRY3.SA
2021-06-25,19.18530073379329,19.264758394026643,18.64354688157193,18.82413101196289,1157597,FLRY3.SA
2021-06-28,18.816907558243443,19.21419290583113,18.708556211965877,19.178075790405273,1326210,FLRY3.SA
2021-06-29,19.12751199214284,19.199746223611374,18.824129681023376,18.99749183654785,910934,FLRY3.SA
2021-06-30,18.845794361436045,18.968592518514754,18.520743338323577,18.722997665405273,1684433,FLRY3.SA
2021-07-01,18.69410808388516,18.69410808388516,18.27515249577099,18.39794921875,1506488,FLRY3.SA
2021-07-02,18.491850638638553,18.77356115071888,18.434063267525456,18.556859970092773,1450708,FLRY3.SA
2021-07-05,18.49185239752611,18.73744728706899,18.390724488459213,18.607425689697266,807751,FLRY3.SA
2021-07-06,18.499079105628258,18.52074937570621,17.921208158979724,17.950101852416992,1654210,FLRY3.SA
2021-07-07,18.152355632226218,18.340163172175735,17.87064359177776,18.188472747802734,2253900,FLRY3.SA
2021-07-08,17.98621897770684,18.044006364608663,17.63949611734431,17.856197357177734,1457283,FLRY3.SA
2021-07-12,18.04400547028146,18.152355354303747,17.7045060501085,17.971771240234375,1476583,FLRY3.SA
2021-07-13,17.885086962860917,18.123458418300984,17.820077628503142,18.051225662231445,1119102,FLRY3.SA
2021-07-14,18.239033629927455,18.36183181198981,18.04400414521901,18.18124771118164,1344026,FLRY3.SA
2021-07-15,18.195692635418602,18.311265921758714,17.986214866825588,18.051225662231445,1117087,FLRY3.SA
2021-07-16,18.130684339056685,18.32571529110828,18.04400472761613,18.07289695739746,1377112,FLRY3.SA
2021-07-19,18.00066214258838,18.116235431704325,17.776736064145506,17.993438720703125,1294502,FLRY3.SA
2021-07-20,17.9862183668508,18.231813291794133,17.921207558794173,18.094568252563477,1112421,FLRY3.SA
2021-07-21,18.087343966222438,18.087343966222438,17.43724029982766,17.57448387145996,2335449,FLRY3.SA
2021-07-22,17.62504753740495,17.841748755928386,17.574483578838215,17.67561149597168,1552194,FLRY3.SA
2021-07-23,17.71173184112525,17.8634222834564,17.61060390553879,17.690061569213867,769787,FLRY3.SA
2021-07-26,17.762289581717784,17.863416020802248,17.34333259935979,17.43001365661621,1476583,FLRY3.SA
2021-07-27,17.365007857271888,17.480581172467456,17.076072377710297,17.27110481262207,1260355,FLRY3.SA
2021-07-28,17.34333580378304,17.588930717005287,17.184421963832754,17.57448387145996,1269475,FLRY3.SA
2021-07-29,17.54558707770451,17.54558707770451,17.198865768025563,17.37944984436035,1606595,FLRY3.SA
2021-07-30,17.401122454645648,17.401122454645648,16.77991104440094,16.873815536499023,2538103,FLRY3.SA
2021-08-02,17.090515297819557,17.603375327464622,17.061623071445624,17.26387596130371,2106390,FLRY3.SA
2021-08-03,17.26387344267752,17.30721396748764,16.86658822068057,17.148300170898438,2081151,FLRY3.SA
2021-08-04,17.071200805945676,17.165637788655392,16.82421324357653,16.846006393432617,2405757,FLRY3.SA
2021-08-05,16.99855388994928,17.24554140752063,16.73703760844239,16.79515266418457,2999509,FLRY3.SA
2021-08-06,16.787890307330873,16.9331764948792,16.613546588406262,16.635339736938477,1827065,FLRY3.SA
2021-08-09,16.63534096014117,17.00582157376418,16.584488807160398,16.867799758911133,2734924,FLRY3.SA
2021-08-10,16.962236125717574,17.158374486784076,16.889592288285538,16.998558044433594,1696946,FLRY3.SA
2021-08-11,16.918648854521585,16.918648854521585,16.322973829686195,16.490053176879883,3631224,FLRY3.SA
2021-08-12,16.460996194897735,17.361773880314356,16.308445609249194,17.15110969543457,7049084,FLRY3.SA
2021-08-13,17.238279523847712,17.289130204991764,16.751568800135185,17.020349502563477,2439692,FLRY3.SA
2021-08-16,16.91864733430903,17.107519814513488,16.664395410033887,16.83147621154785,2425058,FLRY3.SA
2021-08-17,16.72977452987436,16.867797798015292,16.35202810745326,16.671659469604492,2144778,FLRY3.SA
2021-08-18,16.64986643475231,16.809682851576685,16.286650244272106,16.511844635009766,2011691,FLRY3.SA
2021-08-19,16.395616177934244,17.318186899601585,16.315707968572074,17.17289924621582,2316043,FLRY3.SA
2021-08-20,17.00582053354279,17.65234620665806,16.81694657726211,17.579702377319336,1895252,FLRY3.SA
2021-08-23,17.623292990336765,17.732257282608963,17.23828210199716,17.56517791748047,3133551,FLRY3.SA
2021-08-24,17.739520166610138,18.037358420479222,17.543383281639407,17.652347564697266,3146700,FLRY3.SA
2021-08-25,17.507060017313734,17.724990035996782,17.441680570908883,17.579702377319336,1369583,FLRY3.SA
2021-08-26,17.57970150881353,17.73225354288818,17.448944091796875,17.448944091796875,1403411,FLRY3.SA
2021-08-27,17.528853346429212,17.528853346429212,17.29639455948719,17.361772537231445,1380081,FLRY3.SA
2021-08-30,17.48526904512828,17.543384115833586,17.238281463964025,17.260074615478516,1372552,FLRY3.SA
2021-08-31,17.281864492755965,17.659609442105975,17.078463253157267,17.187427520751953,2447752,FLRY3.SA
2021-09-01,17.21648748227703,17.536118886410417,17.085730048828466,17.36903953552246,1765240,FLRY3.SA
2021-09-02,17.347245306516395,17.39809746141034,16.940442760697447,16.976764678955078,1386762,FLRY3.SA
2021-09-03,17.02035114343182,17.49253314662449,16.918649771339066,17.296396255493164,2932063,FLRY3.SA
2021-09-06,17.25281066058439,17.543384552001953,17.05667376141087,17.543384552001953,1665875,FLRY3.SA
2021-09-08,17.478003131106565,17.528853813521778,17.06393622724904,17.107521057128906,2110632,FLRY3.SA
2021-09-09,17.100259313661905,17.81216450820066,17.056673011465666,17.594234466552734,1944458,FLRY3.SA
2021-09-10,17.761313507361983,17.768577890932544,17.15110969543457,17.15110969543457,1509669,FLRY3.SA
2021-09-13,17.369039403927932,17.616026971311268,17.238280502136814,17.528854370117188,1005315,FLRY3.SA
2021-09-14,17.5143250454613,17.775841371381635,17.45620997984941,17.645082473754883,949111,FLRY3.SA
2021-09-15,17.64508439210936,17.695935080048194,17.412625573722302,17.601499557495117,979016,FLRY3.SA
2021-09-16,17.507059902595724,17.87027757757617,17.456209222391827,17.695932388305664,1494823,FLRY3.SA
2021-09-17,17.57970150881353,17.7685754557631,17.238278466455405,17.448944091796875,2012221,FLRY3.SA
2021-09-20,17.361773218673353,17.441681434904297,16.998556992653608,17.129314422607422,1637030,FLRY3.SA
2021-09-21,17.180163084293977,17.44894376520454,17.085727581919787,17.245542526245117,1005421,FLRY3.SA
2021-09-22,17.245545340221245,17.36177400887765,16.99855776632647,17.034879684448242,1761210,FLRY3.SA
2021-09-23,17.10752233124837,17.260074389855646,16.97676489320398,16.998558044433594,1319741,FLRY3.SA
2021-09-24,16.889591932993696,16.925915320278893,16.628077062406188,16.853271484375,1400760,FLRY3.SA
2021-09-27,16.75883128510907,16.86053263587884,16.214005558936975,16.381086349487305,2505865,FLRY3.SA
2021-09-28,16.293917044352167,16.424674480912017,16.0832513875243,16.199480056762695,2150399,FLRY3.SA
2021-09-29,16.28665238153084,16.293916765067053,16.090515495386306,16.235801696777344,1938307,FLRY3.SA
2021-09-30,16.272124965153278,16.417411178604038,16.068723678588867,16.068723678588867,1779026,FLRY3.SA
2021-10-01,16.06145600824973,16.075984773555536,15.683709579631905,15.727295875549316,2847439,FLRY3.SA
2021-10-04,15.690973554808807,15.720031084665823,15.138883426191526,15.356813430786133,2796112,FLRY3.SA
2021-10-05,15.385872429976173,15.393136812440426,15.0517123059535,15.356813430786133,2877768,FLRY3.SA
2021-10-06,15.182469720977053,15.378608047511918,14.942746568989685,15.356813430786133,4669202,FLRY3.SA
2021-10-07,15.473043550214202,15.596536582773501,15.029919158560736,15.356813430786133,4343535,FLRY3.SA
2021-10-08,15.487572943763794,15.778146784794968,15.385873054469386,15.451251029968262,1706491,FLRY3.SA
2021-10-11,15.451251029968262,15.698238574444797,15.269642930323682,15.451251029968262,1674465,FLRY3.SA
2021-10-13,15.443987422033068,15.734561277642316,15.414929889538827,15.62559700012207,1649756,FLRY3.SA
2021-10-14,15.62559780128094,15.654653865931792,15.349551228432139,15.545689582824707,1326422,FLRY3.SA
2021-10-15,15.552954706387256,15.618334160962439,15.407667029553515,15.523897171020508,926417,FLRY3.SA
2021-10-18,15.465781506973922,15.872584047835646,15.313230921484088,15.669182777404785,1022812,FLRY3.SA
2021-10-19,15.480307538796675,15.487571921076094,14.841046306206765,14.913688659667969,2485398,FLRY3.SA
2021-10-20,15.000863731558248,15.204264999737587,14.72481862855299,14.797462463378906,1584326,FLRY3.SA
2021-10-21,14.60132362620664,14.782933207262165,14.281693702215275,14.54321002960205,2299393,FLRY3.SA
2021-10-22,14.27443059765474,14.36160173503687,13.678754057099182,14.16546630859375,4354563,FLRY3.SA
2021-10-25,14.27443000480448,14.775669533934,14.187257401709518,14.594059944152832,1909993,FLRY3.SA
2021-10-26,14.565003120257336,14.710289315179336,14.288958027505673,14.332544326782227,1880618,FLRY3.SA
2021-10-27,14.150933544686799,14.252634901028374,13.744131057986596,13.816773414611816,3732604,FLRY3.SA
2021-10-28,13.700546596861296,13.838569884662784,13.293744055691823,13.32280158996582,2444676,FLRY3.SA
2021-10-29,13.250159072019406,13.911213634495498,13.228365919146562,13.678754806518555,6953643,FLRY3.SA
2021-11-01,13.802245819882286,13.976589529073879,13.518936374112814,13.882152557373047,5225413,FLRY3.SA
2021-11-03,13.794984761306985,14.688498139203102,13.744134071984973,14.586796760559082,3258791,FLRY3.SA
2021-11-04,14.586791769095212,14.804723220186862,14.383392020075409,14.521413803100586,2317951,FLRY3.SA
2021-11-05,14.579530292016834,15.095300026355725,14.572267378199685,15.02992057800293,3266850,FLRY3.SA
2021-11-08,14.986333444331521,15.393137408755935,14.782932196785852,14.870104789733887,2186667,FLRY3.SA
2021-11-09,14.979070234339245,15.298701630840464,14.891897634566222,15.160679817199707,1462161,FLRY3.SA
2021-11-10,15.146149697017547,15.487574246071931,15.058978565911369,15.313230514526367,1858030,FLRY3.SA
2021-11-11,15.465781364368477,15.836263453332318,15.35681561192816,15.545689582824707,2505016,FLRY3.SA
2021-11-12,15.473045011505553,15.56748199245959,14.950012363349513,15.02992057800293,1183048,FLRY3.SA
2021-11-16,15.102564120622512,15.167942098391588,14.456036971278035,14.528680801391602,1907766,FLRY3.SA
2021-11-17,14.710289996143862,14.819254280046213,13.765926012101685,13.903947830200195,3950210,FLRY3.SA
2021-11-18,14.020176481602663,14.310750323445857,13.816773763779267,13.947532653808594,2462386,FLRY3.SA
2021-11-19,13.991121505275107,14.383396777659778,13.918477664216212,14.012914657592773,1407547,FLRY3.SA
2021-11-22,14.020178521619789,14.092822359983957,13.547996510919292,13.591581344604492,1499277,FLRY3.SA
2021-11-23,13.64969499910165,13.678752531432515,13.228363718970373,13.533466339111328,2384972,FLRY3.SA
2021-11-24,13.439031286591575,13.787720255241169,13.330066994055262,13.504410743713379,1692493,FLRY3.SA
2021-11-25,13.504408144908025,13.765924453735352,13.373649255827823,13.765924453735352,1215816,FLRY3.SA
2021-11-26,13.373648587842501,13.504407470391573,12.850617465645216,13.090340614318848,2669069,FLRY3.SA
2021-11-29,13.20657081236972,13.271950261315403,12.988640785217285,12.988640785217285,1200439,FLRY3.SA
2021-11-30,12.966846693305943,13.032226137500693,12.400229251617311,12.690801620483398,2017417,FLRY3.SA
2021-12-01,12.821560615790212,12.90873321876666,12.247678720861678,12.298528671264648,1663330,FLRY3.SA
2021-12-02,12.392965506818468,13.08307748972967,12.392965506818468,13.024962425231934,2214238,FLRY3.SA
2021-12-03,13.046756353467687,13.816775126709565,13.046756353467687,13.482616424560547,3055819,FLRY3.SA
2021-12-06,13.51893697863307,13.642430016277167,13.3300644961187,13.409971237182617,1400018,FLRY3.SA
2021-12-07,13.497143630917503,13.693280493297237,13.25742047260159,13.65695858001709,2308407,FLRY3.SA
2021-12-08,13.686017941758532,14.419716280183312,13.65696040724667,13.983856201171875,1488354,FLRY3.SA
2021-12-09,13.96206269027113,14.0855572087622,13.642431288215702,13.838569641113281,1042219,FLRY3.SA
2021-12-10,14.092821592202851,14.15093519039484,13.773190190147421,13.838569641113281,1306803,FLRY3.SA
2021-12-13,13.925740773067876,14.27442970888591,13.838569641113281,13.838569641113281,1309773,FLRY3.SA
2021-12-14,13.824041392805603,14.027444158393296,13.344594955444336,13.344594955444336,1548588,FLRY3.SA
2021-12-15,13.395445329420612,14.02744228734018,13.308272727224852,13.96206283569336,2953167,FLRY3.SA
2021-12-16,14.078291557826825,14.209048978652993,13.635167146508861,13.649694442749023,3218069,FLRY3.SA
2021-12-17,13.591577874288626,13.59884225627024,13.286476769726695,13.424498558044434,1730775,FLRY3.SA
2021-12-20,13.42450027203554,13.42450027203554,12.952318321610026,13.061284065246582,1786343,FLRY3.SA
2021-12-21,13.042877364881596,13.203539377040475,12.750763406948328,12.918729782104492,1685600,FLRY3.SA
2021-12-22,12.904122823328334,12.984453083457895,12.685037744311796,12.736156463623047,978485,FLRY3.SA
2021-12-23,12.860305127647798,12.860305127647798,12.568191205318099,12.6996431350708,842110,FLRY3.SA
2021-12-27,12.692340203277556,12.867607965180722,12.648521416400836,12.845699310302734,844125,FLRY3.SA
2021-12-28,12.845699159731211,12.977149610337596,12.736155886625285,12.969846725463867,885695,FLRY3.SA
2021-12-29,13.006363005091208,13.093997636076361,12.816489448410978,12.889516830444336,997361,FLRY3.SA
2021-12-30,12.889516408787562,13.254659215493128,12.838397686172748,13.13781452178955,1916249,FLRY3.SA
2022-01-03,13.15241786447921,13.247353883622763,12.356407165527344,12.356407165527344,3610969,FLRY3.SA
2022-01-04,12.436740538064024,12.495163623884853,11.881724915568396,11.932845115661621,3077770,FLRY3.SA
2022-01-05,11.750274288168102,12.056992530271986,11.57500577167389,11.604216575622559,2675220,FLRY3.SA
2022-01-06,11.706456354176643,12.32719868452811,11.604216692921732,11.991268157958984,4861675,FLRY3.SA
2022-01-07,12.020477715878174,12.144626021364251,11.757576073578573,12.108112335205078,2061850,FLRY3.SA
2022-01-10,12.100810410351702,12.692341183499476,11.837907270072359,12.56088924407959,3297073,FLRY3.SA
2022-01-11,12.480556121137736,13.072086828775207,12.378316473694332,13.042875289916992,2703216,FLRY3.SA
2022-01-12,12.977149850063775,13.320383968348828,12.86030516704638,13.152419090270996,2862073,FLRY3.SA
2022-01-13,13.145118734686136,13.174330280341646,12.758067231871648,12.779975891113281,2886464,FLRY3.SA
2022-01-14,12.772670583787567,13.17432778330034,12.728853273609365,13.093996047973633,1640848,FLRY3.SA
2022-01-17,13.130508371542195,13.261958803916984,12.838394494228694,12.991753578186035,1533636,FLRY3.SA
2022-01-18,12.889515899068586,13.042876492211017,12.794579866148867,13.028270721435547,1236495,FLRY3.SA
2022-01-19,13.174329633178921,13.3934147377121,13.020969026021021,13.2400541305542,1967364,FLRY3.SA
2022-01-20,13.327685780381772,13.51025641377861,13.072086302777947,13.50295352935791,3382122,FLRY3.SA
2022-01-21,13.473745143108005,13.984942684718881,13.327687436544196,13.9703369140625,2319012,FLRY3.SA
2022-01-24,13.904610109175461,13.904610109175461,13.44452988718845,13.45183277130127,1518895,FLRY3.SA
2022-01-25,13.32768754961859,14.057971657271036,13.254658695717096,13.90461254119873,2215829,FLRY3.SA
2022-01-26,13.941127201536364,14.174818060812505,13.882704117437115,13.977640151977539,1785707,FLRY3.SA
2022-01-27,14.087182314528082,14.393902004539617,13.91191455328752,14.298964500427246,2396531,FLRY3.SA
2022-01-28,14.211332996149045,14.642201824439558,14.109094061816512,14.452326774597168,1848910,FLRY3.SA
2022-01-31,14.452323407178927,14.89049501990704,14.38659892082232,14.766345977783203,2097906,FLRY3.SA
2022-02-01,14.73713424142646,14.788254434558688,14.101787701002308,14.35008430480957,2193241,FLRY3.SA
2022-02-02,14.32817689159057,14.54726197544035,14.218633611105266,14.277056694030762,1549331,FLRY3.SA
2022-02-03,14.247845416830954,14.371994470350293,14.057971870922227,14.17481803894043,1759514,FLRY3.SA
2022-02-04,14.145608650906984,14.20403026669117,13.71473981785173,14.1602144241333,4691153,FLRY3.SA
2022-02-07,14.152906756600258,14.26244854167281,13.911913056895946,13.963031768798828,2424846,FLRY3.SA
2022-02-08,13.955730591621133,14.006850786897264,13.787765712834606,13.831583023071289,1088349,FLRY3.SA
2022-02-09,13.955731157362045,14.116394634742901,13.787766271766516,13.88270378112793,1225678,FLRY3.SA
2022-02-10,13.809673990795355,13.926520148235312,13.524862959156179,13.597891807556152,1803204,FLRY3.SA
2022-02-11,13.70013257053337,13.802371483972717,13.218143635013623,13.32038402557373,1732366,FLRY3.SA
2022-02-14,13.247355317754128,13.502954819784637,13.159722173451605,13.283869743347168,1556436,FLRY3.SA
2022-02-15,13.334990912891264,13.875401496887207,13.196236085505905,13.875401496887207,4093478,FLRY3.SA
2022-02-16,13.868096311332089,13.999546754144788,13.67091843143208,13.729341506958008,2032794,FLRY3.SA
2022-02-17,13.729343382164558,13.765857809355543,13.378807835372772,13.473745346069336,1603944,FLRY3.SA
2022-02-18,13.510257851114925,13.575983817893704,13.247355461120605,13.247355461120605,1300441,FLRY3.SA
2022-02-21,13.283871146562328,13.386111549022804,12.9479398727417,12.9479398727417,1379869,FLRY3.SA
2022-02-22,13.137813196248311,14.014153480529785,13.09399588661009,14.014153480529785,3247656,FLRY3.SA
2022-02-23,13.992245066340168,14.225935911308806,13.685526847839355,13.685526847839355,1977438,FLRY3.SA
2022-02-24,13.378806962685804,13.568680494572819,12.743458925247479,13.356898307800293,3885310,FLRY3.SA
2022-02-25,13.305778343215666,13.481046108210592,13.072087497515511,13.115904808044434,2036081,FLRY3.SA
2022-03-02,13.013663751058777,13.269263238947465,12.787275802028303,13.042875289916992,2223040,FLRY3.SA
2022-03-03,13.108602669096314,13.254658902052126,12.999059386538814,13.072088241577148,1782313,FLRY3.SA
2022-03-04,13.08669320103296,13.167024936593473,12.816487931268362,13.03557300567627,1036386,FLRY3.SA
2022-03-07,12.823790965072067,13.11590489337798,12.451345300273813,12.487859725952148,2190590,FLRY3.SA
2022-03-08,12.531677846574826,12.648522539175337,12.203050209914743,12.29798698425293,1954320,FLRY3.SA
2022-03-09,12.422132843126523,12.823790018829959,12.385619158702848,12.71424674987793,2199604,FLRY3.SA
2022-03-10,12.538980195511696,12.714247965471406,12.378317457581625,12.612009048461914,1713278,FLRY3.SA
2022-03-11,12.706944574252185,12.765367654286257,12.12271746671335,12.173837661743164,2294727,FLRY3.SA
2022-03-14,12.261471687489225,12.400226504202585,12.01317507154398,12.137323379516602,1802674,FLRY3.SA
2022-03-15,12.042386839422136,12.232261116793655,11.837906791594316,11.940146446228027,1505003,FLRY3.SA
2022-03-16,12.013175408511756,12.612009048461914,12.013175408511756,12.612009048461914,2541602,FLRY3.SA
2022-03-17,12.597403562222528,12.597403562222528,12.093507419733626,12.312592506408691,4965918,FLRY3.SA
2022-03-18,12.312592649062262,12.422134455108521,11.808696500735225,12.049690246582031,10584232,FLRY3.SA
2022-03-21,12.19574834726585,12.21035411970613,11.837908399599973,11.9693603515625,4623602,FLRY3.SA
2022-03-22,12.086202661071791,12.41482950159114,12.064293269527443,12.356407165527344,4794124,FLRY3.SA
2022-03-23,12.356265116117392,12.356265116117392,11.799814498274701,11.83792781829834,14287992,FLRY3.SA
2022-03-24,11.95988944894497,12.112341184401998,11.90653080190468,11.990379333496094,5458926,FLRY3.SA
2022-03-25,12.05136083960082,12.394379177186343,12.05136083960082,12.33339786529541,4817136,FLRY3.SA
2022-03-28,12.3943786447918,12.478226403239223,12.234302707954088,12.417245864868164,3169606,FLRY3.SA
2022-03-29,12.562077574202604,12.798378641018198,12.562077574202604,12.729775428771973,3333765,FLRY3.SA
2022-03-30,12.760264091869995,12.82886806428512,12.31052925207218,12.379133224487305,2849029,FLRY3.SA
2022-03-31,12.455358953487721,12.485849607561232,12.112340636961596,12.203812599182129,3330266,FLRY3.SA
2022-04-01,12.341018733095533,12.745018349007896,12.318151513936714,12.661169052124023,3271304,FLRY3.SA
2022-04-04,12.760266087948324,12.806001305812286,12.554454909408516,12.729775428771973,1944140,FLRY3.SA
2022-04-05,12.79837580958074,12.79837580958074,12.3943777484745,12.424867630004883,2293349,FLRY3.SA
2022-04-06,12.36388876474667,12.37913409301966,12.051361076951407,12.23430347442627,2941820,FLRY3.SA
2022-04-07,12.081851787457005,12.31053017077215,12.081851787457005,12.241926193237305,2384972,FLRY3.SA
2022-04-08,12.135210389534743,12.188568267620843,11.830305365698036,12.051361083984375,2593459,FLRY3.SA
2022-04-11,11.952266598114376,11.952266598114376,11.624493598937988,11.624493598937988,2693036,FLRY3.SA
2022-04-12,11.784567068357829,11.799813165545801,11.350079123663985,11.449172973632812,2822306,FLRY3.SA
2022-04-13,11.510155514780903,11.601626717554764,11.395816318588444,11.487287521362305,2713927,FLRY3.SA
2022-04-14,11.433928879064734,11.868418441658978,11.380570998613146,11.807437896728516,3645752,FLRY3.SA
2022-04-18,11.79219223974858,12.226681019356162,11.69309837518023,12.104719161987305,3385940,FLRY3.SA
2022-04-19,11.959890101666435,12.127587174001475,11.830305579825442,12.081851959228516,2443510,FLRY3.SA
2022-04-20,12.081851959228516,12.310530345794854,11.952267437387523,12.081851959228516,1243494,FLRY3.SA
2022-04-22,11.906530507886517,12.051360346804712,11.83792730571498,11.898908615112305,1394928,FLRY3.SA
2022-04-25,11.815059242792874,12.028493053484251,11.70834272289741,11.914153099060059,1469372,FLRY3.SA
2022-04-26,11.837928281399686,11.967512032748418,11.731210981158704,11.76932430267334,1954002,FLRY3.SA
2022-04-27,11.99038041262609,12.066607058115448,11.754079353410166,11.822683334350586,2070546,FLRY3.SA
2022-04-28,11.853172906105417,11.876040899143462,11.586381966696466,11.59400463104248,2090059,FLRY3.SA
2022-04-29,11.73121130687533,11.73121130687533,10.991817474365234,10.991817474365234,3566324,FLRY3.SA
2022-05-02,10.984194021254778,11.16713641466928,10.862232168678283,11.014684677124023,2628772,FLRY3.SA
2022-05-03,11.014684768253487,11.167136507060047,10.824118938394555,11.052797317504883,2271715,FLRY3.SA
2022-05-04,11.045173907840638,11.29672026206079,10.808872880652062,11.212872505187988,3032171,FLRY3.SA
2022-05-05,11.098534550524109,11.106156443982218,10.709780210034928,10.801251411437988,3480321,FLRY3.SA
2022-05-06,10.824119230801323,11.182382137205815,10.542082966759814,10.618308067321777,4704091,FLRY3.SA
2022-05-09,10.51159230981462,10.686912045448462,10.32864913904397,10.618308067321777,2778085,FLRY3.SA
2022-05-10,10.709780371666534,10.862232890239458,10.481101979257417,10.824119567871094,2903961,FLRY3.SA
2022-05-11,10.83174190482399,10.83174190482399,10.313403819889428,10.435365676879883,3720303,FLRY3.SA
2022-05-12,10.359138664356713,10.938457228528069,10.328648010742318,10.877476692199707,3099828,FLRY3.SA
2022-05-13,10.953702948005306,11.190003980186964,10.846986427429762,11.113778114318848,1458979,FLRY3.SA
2022-05-16,11.12140247060825,11.27385499644732,10.915592061810877,11.08328914642334,1800341,FLRY3.SA
2022-05-17,11.12902326135878,11.426304827238248,11.12902326135878,11.220495223999023,2126114,FLRY3.SA
2022-05-18,11.235740661621094,11.548267579124225,11.144269462705605,11.235740661621094,2540966,FLRY3.SA
2022-05-19,11.151891690474129,11.311966089587266,11.09853381440324,11.174758911132812,2276487,FLRY3.SA
2022-05-20,11.289097589623113,11.494908733486316,11.190003734896612,11.418682098388672,1677858,FLRY3.SA
2022-05-23,11.540644971077834,11.540644971077834,11.159514845260341,11.243363380432129,2087514,FLRY3.SA
2022-05-24,11.121402517378273,11.411062240600586,11.083289193033082,11.411062240600586,2102996,FLRY3.SA
2022-05-25,11.266230222358951,11.44917337329553,11.144268378701373,11.372946739196777,1827171,FLRY3.SA
2022-05-26,11.38819416627921,11.799815753624324,11.380571501463528,11.74645709991455,3024005,FLRY3.SA
2022-05-27,11.761702375445374,11.868418911473485,11.647363174636643,11.738834381103516,1172974,FLRY3.SA
2022-05-30,11.746455354094207,11.906530520531739,11.472041774216164,11.586380958557129,754940,FLRY3.SA
2022-05-31,11.69309736779666,11.776945896607621,11.5406440955941,11.571135520935059,2958999,FLRY3.SA
2022-06-01,11.662606677084883,12.07422899615905,11.639739455714535,11.723587989807129,2738424,FLRY3.SA
2022-06-02,11.85317102430687,12.173321334211677,11.85317102430687,12.119962692260742,2121766,FLRY3.SA
2022-06-03,12.074227014245901,12.074227014245901,11.799812693840279,11.876038551330566,1759407,FLRY3.SA
2022-06-06,11.937021327137881,11.982756538915885,11.563513114631785,11.632116317749023,799056,FLRY3.SA
2022-06-07,11.59400393505458,11.616871155819386,11.334834904649037,11.472042083740234,1782950,FLRY3.SA
2022-06-08,11.29672090444265,11.776946420543787,11.29672090444265,11.510154724121094,1736077,FLRY3.SA
2022-06-09,11.51015562352926,11.609249491712228,11.296721787173011,11.502532958984375,1450178,FLRY3.SA
2022-06-10,11.433927466716138,11.761700457019296,11.243362420084436,11.555890083312988,1900449,FLRY3.SA
2022-06-13,11.403438502049909,11.4949097009654,11.083288149494944,11.235740661621094,2369596,FLRY3.SA
2022-06-14,11.235739844630125,11.26623049901837,10.770760448811163,10.915590286254883,2644149,FLRY3.SA
2022-06-15,11.045175626608346,11.41106199050183,10.999440409297078,11.350081443786621,2088468,FLRY3.SA
2022-06-17,11.167137268445716,11.228118584846493,10.839365005493164,10.839365005493164,4222748,FLRY3.SA
2022-06-20,10.732649011122888,10.900346868737472,10.625932472968364,10.75551700592041,1526425,FLRY3.SA
2022-06-21,10.755515159036078,10.946080207824707,10.549704012099838,10.946080207824707,2804702,FLRY3.SA
2022-06-22,10.854610996666318,10.968950192870876,10.641177162304013,10.824119567871094,1871816,FLRY3.SA
2022-06-23,10.862232855444033,11.037553366876361,10.717403001808721,10.79362964630127,1552830,FLRY3.SA
2022-06-24,10.831741422570824,10.99943925755411,10.610684940260885,10.976572036743164,1853682,FLRY3.SA
2022-06-27,11.037553235655054,11.045175129113163,10.740270096568935,10.801251411437988,990999,FLRY3.SA
2022-06-28,10.862233271041852,10.862233271041852,10.618308770233481,10.717403411865234,2220283,FLRY3.SA
2022-06-29,10.725025012522712,10.854610300261278,10.603063159669253,10.702157020568848,1647741,FLRY3.SA
2022-06-30,11.601624639776222,12.508716924189526,11.517776116491977,12.424867630004883,12839510,FLRY3.SA
2022-07-01,12.310529300284442,12.485849792909264,11.708342727895538,12.097095489501953,8863742,FLRY3.SA
2022-07-04,11.944645031448694,12.051361562761027,11.662607217929514,11.79981517791748,2712230,FLRY3.SA
2022-07-05,11.723589105467505,11.998003497030915,11.433929384272734,11.74645709991455,3335780,FLRY3.SA
2022-07-06,11.769323206476349,12.158076737015516,11.654984023482529,11.906530380249023,2444994,FLRY3.SA
2022-07-07,12.043738807050898,12.264795303344727,11.815060417271583,12.264795303344727,3316268,FLRY3.SA
2022-07-08,12.21905779854659,12.386756404778787,12.112341274572032,12.135210037231445,2640861,FLRY3.SA
2022-07-11,12.005625044641635,12.264794853356737,11.944644502691402,12.04373836517334,1189199,FLRY3.SA
2022-07-12,12.043737217380356,12.302906230495621,11.990378573721157,12.173321723937988,1824626,FLRY3.SA
2022-07-13,12.081851959228516,12.33339833863159,12.020871415897732,12.081851959228516,1807446,FLRY3.SA
2022-07-14,11.97513351875393,12.272416626416305,11.868416999913872,12.211435317993164,1387929,FLRY3.SA
2022-07-15,12.234303789550381,12.501096270299065,12.135210695024574,12.462982177734375,2511697,FLRY3.SA
2022-07-18,12.455359248297576,12.455359248297576,11.807436688401769,11.929398536682129,2462704,FLRY3.SA
2022-07-19,12.043737849153842,12.097095724711592,11.58638110597102,11.632116317749023,2197271,FLRY3.SA
2022-07-20,11.563512452947709,11.662605534613187,11.403437293633312,11.540643692016602,2136613,FLRY3.SA
2022-07-21,11.472041263725377,11.59400310632196,11.342456757785229,11.540643692016602,1416243,FLRY3.SA
2022-07-22,11.578758496934256,11.723587567633212,11.426305220618584,11.639739036560059,1834276,FLRY3.SA
2022-07-25,11.700719990532793,11.776945855467348,11.372946998243187,11.433927536010742,1431726,FLRY3.SA
2022-07-26,11.403437293633312,11.586380442978397,11.365323976915498,11.540643692016602,1555481,FLRY3.SA
2022-07-27,11.594004111948026,11.921776351449859,11.525400135905478,11.83792781829834,1841805,FLRY3.SA
2022-07-28,11.754077566688363,12.249548374351697,11.754077566688363,12.1504545211792,1386126,FLRY3.SA
2022-07-29,12.165699974383173,12.470604219780174,12.112341326715946,12.325775146484375,1729078,FLRY3.SA
2022-08-01,12.310530345794854,12.379134324305063,12.066606630670691,12.081851959228516,1307758,FLRY3.SA
2022-08-02,12.081851371807735,12.257171870798102,11.967511413183272,12.158077239990234,2058351,FLRY3.SA
2022-08-03,12.196190430206755,12.371510927338074,12.180945102551819,12.272417068481445,1096514,FLRY3.SA
2022-08-04,12.38675715619116,12.920339808432436,12.333398505516772,12.607812881469727,2328344,FLRY3.SA
2022-08-05,12.607812750592249,12.790755152061474,11.677853101938728,11.76932430267334,5331777,FLRY3.SA
2022-08-08,11.784567817379308,11.998001628070686,11.609248095729777,11.914153099060059,2627818,FLRY3.SA
2022-08-09,11.97513417009172,12.104718686638668,11.769323784770295,12.0132474899292,2479565,FLRY3.SA
2022-08-10,12.142832963390546,12.53920841217041,12.12758686432152,12.53920841217041,2376171,FLRY3.SA
2022-08-11,12.546831218257832,12.638303188304292,12.15045576499185,12.241926193237305,1957077,FLRY3.SA
2022-08-12,12.325775201309044,12.493473038108622,12.043738175614454,12.33339786529541,1991330,FLRY3.SA
2022-08-15,12.165700510409529,12.93558574902719,12.135210624156766,12.745019912719727,2365990,FLRY3.SA
2022-08-16,12.745020704246105,12.767888698531275,12.470605543724645,12.722152709960938,1456434,FLRY3.SA
2022-08-17,12.600188110581467,12.653545981434936,12.424867630004883,12.424867630004883,1784540,FLRY3.SA
2022-08-18,12.523963311177281,12.523963311177281,12.226680948299407,12.386756896972656,1153461,FLRY3.SA
2022-08-19,12.371509814581534,12.53920686190139,12.226679214886426,12.432490348815918,1734381,FLRY3.SA
2022-08-22,12.386756646306328,12.386756646306328,12.1428329379224,12.2190580368042,999801,FLRY3.SA
2022-08-23,12.18094692116101,12.379135439364179,12.158078926264423,12.287663459777832,1003300,FLRY3.SA
2022-08-24,12.325775627773114,12.684038534826556,12.211436434922037,12.577322006225586,1462479,FLRY3.SA
2022-08-25,12.577320351523356,12.82124403363454,12.485849163456765,12.7678861618042,1338087,FLRY3.SA
2022-08-26,12.77551028331152,12.996566014252307,12.478227906597676,12.493474006652832,1523137,FLRY3.SA
2022-08-29,12.455359040586737,12.729773387366413,12.394378502913721,12.554452896118164,1584008,FLRY3.SA
2022-08-30,12.607812775980111,12.706906641217193,12.211436544131272,12.249549865722656,1593021,FLRY3.SA
2022-08-31,12.333397834763064,12.63068018769444,11.898909072217725,12.0132474899292,3327084,FLRY3.SA
2022-09-01,12.013247519668989,12.371511185227243,11.975134199737155,12.33339786529541,1801614,FLRY3.SA
2022-09-02,12.379133967321135,12.828868834106158,12.34864254018427,12.69166088104248,1865666,FLRY3.SA
2022-09-05,12.722151705273117,13.103282600559082,12.676415720314619,13.057546615600586,1557390,FLRY3.SA
2022-09-06,12.95845300487266,13.011813200005845,12.661171391867153,12.722152709960938,1640636,FLRY3.SA
2022-09-08,12.722150862299403,13.095659068676847,12.714528198644732,12.912715911865234,1399276,FLRY3.SA
2022-09-09,12.996565600881913,13.217621324791773,12.920339728433847,12.96607494354248,1069473,FLRY3.SA
2022-09-12,13.072791540586863,13.17950883553082,12.866981156424474,12.950830459594727,941687,FLRY3.SA
2022-09-13,12.722151094896576,12.722151094896576,12.295284235132103,12.447736740112305,1863545,FLRY3.SA
2022-09-14,12.409623605598156,12.493472908578854,12.318152409610597,12.341019630432129,889089,FLRY3.SA
2022-09-15,12.318152838028144,12.600189870607702,12.081851790483274,12.584943771362305,2086983,FLRY3.SA
2022-09-16,12.501096221065211,13.03467886775958,12.432492242339888,12.958452224731445,2400985,FLRY3.SA
2022-09-19,12.950831304490697,13.027056406908253,12.623058276151713,12.935585975646973,1931944,FLRY3.SA
2022-09-20,12.935585129828178,13.217620611393489,12.889849146287547,13.133772850036621,1721125,FLRY3.SA
2022-09-21,13.133772519560216,13.255735139266367,12.988941908659163,13.08803653717041,2480308,FLRY3.SA
2022-09-22,13.187131367623012,13.461544182562243,12.783131725460652,13.431055068969727,1999495,FLRY3.SA
2022-09-23,13.301468854008869,14.033239906911087,13.263355537430499,13.92652416229248,4128898,FLRY3.SA
2022-09-26,13.827428908423368,13.827428908423368,13.54539192040993,13.6597318649292,2237887,FLRY3.SA
2022-09-27,13.713090717589552,13.774070480474615,13.232864484989273,13.377695083618164,2172138,FLRY3.SA
2022-09-28,13.385320958646739,13.461546065994249,13.141397223172165,13.24049186706543,1667360,FLRY3.SA
2022-09-29,13.027057249449166,13.27098098492374,12.935586812271923,13.24049186706543,2229403,FLRY3.SA
2022-09-30,13.21762267531831,13.55301839852051,12.943209814827014,13.47679328918457,2698762,FLRY3.SA
2022-10-03,13.918903660949017,14.239054028134278,13.53777197776636,14.147582054138184,5955433,FLRY3.SA
2022-10-04,14.41437351928429,14.612561251029984,14.1704498013355,14.246676445007324,3782234,FLRY3.SA
2022-10-05,14.315279300374668,14.597316348392045,14.162827550381992,14.4906005859375,3662084,FLRY3.SA
2022-10-06,14.55920202791078,15.268106702578566,14.521090249374682,15.169012069702148,4047667,FLRY3.SA
2022-10-07,15.062295188580276,15.184257817025943,14.704033051123185,14.909843444824219,2348281,FLRY3.SA
2022-10-10,14.947956281913871,15.214747981193941,14.940333617882983,15.1080322265625,1713171,FLRY3.SA
2022-10-11,15.06229444848259,15.153766415322293,14.620183025692596,14.757390975952148,2098012,FLRY3.SA
2022-10-13,14.498221044004765,14.681164985769582,14.322901308281166,14.582070350646973,2046792,FLRY3.SA
2022-10-14,14.589693993252489,14.62780731700932,13.88079079677878,14.078978538513184,2539269,FLRY3.SA
2022-10-17,13.987506895928124,14.094222651434672,13.621620561246136,13.674979209899902,4185526,FLRY3.SA
2022-10-18,13.697846367062088,14.010374069213867,13.476792180551236,14.010374069213867,4651492,FLRY3.SA
2022-10-19,14.02561938339171,14.40675106552133,13.85029964218466,13.957016944885254,2607987,FLRY3.SA
2022-10-20,14.040864438306455,14.178072396243548,13.880790029180885,13.918903350830078,3586049,FLRY3.SA
2022-10-21,13.765006093789635,14.126839022689596,13.664924710979049,13.988265037536621,2455845,FLRY3.SA
2022-10-24,13.865087536609966,14.34239827460295,13.865087536609966,14.088346481323242,3991680,FLRY3.SA
2022-10-25,14.088348331265253,14.250016974671539,13.765007960850378,14.07295036315918,3591945,FLRY3.SA
2022-10-26,13.91897712340977,14.096043699181875,13.349283254498747,13.487858772277832,2846130,FLRY3.SA
2022-10-27,13.52635319398574,14.180729020422527,13.472462621935108,13.903582572937012,2198700,FLRY3.SA
2022-10-28,13.80349969912468,14.203823672939768,13.75730734467614,14.119138717651367,2379300,FLRY3.SA
2022-10-31,13.949772333418547,14.419384905715162,13.818898088664746,14.319303512573242,4024965,FLRY3.SA
2022-11-01,14.242317946623904,14.41168633529314,13.895882956573436,14.149934768676758,3782205,FLRY3.SA
2022-11-03,13.995964305837436,14.550260288278775,13.965169913279468,14.273112297058105,2710680,FLRY3.SA
2022-11-04,14.457876660995291,15.073761409399847,14.342398848844816,14.604148864746094,5982375,FLRY3.SA
2022-11-07,14.696531387518078,14.750421955877988,13.957470647302522,13.988265037536621,3388770,FLRY3.SA
2022-11-08,13.92667864449546,14.419385889103136,13.703419662475564,14.011362075805664,4523190,FLRY3.SA
2022-11-09,13.942074316462351,14.273111315544377,13.911278384221056,13.965168952941895,2104200,FLRY3.SA
2022-11-10,13.63413158763897,13.895881586649699,13.264600454081629,13.711116790771484,5259765,FLRY3.SA
2022-11-11,13.611035684106426,13.695720642698483,13.23380633099858,13.387778282165527,4558470,FLRY3.SA
2022-11-14,13.564843410446947,13.865085984772877,13.426269440203972,13.449365615844727,3494505,FLRY3.SA
2022-11-16,13.449367910858111,13.464764336045357,13.049042354377223,13.187616348266602,3950625,FLRY3.SA
2022-11-17,13.095234522957872,13.487860319329968,12.77189495162158,13.31849193572998,2649150,FLRY3.SA
2022-11-18,13.464763457774085,13.688020859232903,13.126026707739173,13.164519309997559,2869755,FLRY3.SA
2022-11-21,13.233807025459356,13.626432823386962,13.2107123879231,13.503256797790527,4994850,FLRY3.SA
2022-11-22,13.549446212985057,13.611034990312477,13.102929890062551,13.233805656433105,1828260,FLRY3.SA
2022-11-23,13.1491233820685,13.233806801872749,12.871975401907688,13.018247604370117,1420650,FLRY3.SA
2022-11-24,13.102931341119659,13.534051288354231,13.09523467035246,13.395477294921875,1246665,FLRY3.SA
2022-11-25,13.395477242784995,13.433969847277384,12.964358839029426,13.210712432861328,1945125,FLRY3.SA
2022-11-28,13.33388801852685,13.510954610064644,13.233806633431403,13.45706558227539,1996995,FLRY3.SA
2022-11-29,13.457065639725318,14.05755241106057,13.433969460973621,13.641830444335938,3313170,FLRY3.SA
2022-11-30,13.580241509741706,13.757308100047602,13.287697110575692,13.649528503417969,1358595,FLRY3.SA
2022-12-01,13.549448114989131,13.734214472907976,13.372381511667715,13.441668510437012,1788360,FLRY3.SA
2022-12-02,13.457065980916992,13.942074954392691,13.433969801579712,13.503256797790527,2324595,FLRY3.SA
2022-12-05,13.241506423315265,13.441667652246322,13.141423496148263,13.249204635620117,1639155,FLRY3.SA
2022-12-06,13.279999071383061,13.279999071383061,12.656415349270942,12.825783729553223,3281250,FLRY3.SA
2022-12-07,12.764195868851994,12.972056855042435,12.617922894736218,12.902769088745117,1424430,FLRY3.SA
2022-12-08,12.779591805040049,12.779591805040049,12.225296633960712,12.279187202453613,3122280,FLRY3.SA
2022-12-09,12.309981513579405,12.35617310164012,12.002039905876181,12.086723327636719,2563995,FLRY3.SA
2022-12-12,12.055928447856717,12.240694021724114,11.747986852611703,11.932751655578613,2926770,FLRY3.SA
2022-12-13,11.932751917182092,12.055928712160618,11.501633520207504,11.517030715942383,3598455,FLRY3.SA
2022-12-14,11.363058663147457,12.071325758449387,11.178293870216828,11.917354583740234,6102180,FLRY3.SA
2022-12-15,11.824972294726056,12.240694266050207,11.655604683775866,12.117517471313477,2237550,FLRY3.SA
2022-12-16,12.117517693602787,12.232996278055833,11.824972511648783,11.994340896606445,2228520,FLRY3.SA
2022-12-19,12.163708686828613,12.256091087333772,11.932751529215,12.163708686828613,1588335,FLRY3.SA
2022-12-20,12.159378458275544,12.52808253882347,11.767141127673705,11.790675163269043,4968600,FLRY3.SA
2022-12-21,11.751449588178634,12.01817149498633,11.610243826601542,11.853431701660156,2428440,FLRY3.SA
2022-12-22,11.845587734380103,12.17506814088763,11.845587734380103,12.088775634765625,2008125,FLRY3.SA
2022-12-23,12.127997938957503,12.590838868543814,12.120152738068537,12.379030227661133,2416365,FLRY3.SA
2022-12-26,12.363341787868565,12.426100258786954,12.151533126831055,12.151533126831055,1315230,FLRY3.SA
2022-12-27,12.19075736687053,12.551616212194128,12.096619662014618,12.316272735595703,2823240,FLRY3.SA
2022-12-28,12.355496703847518,12.677131886063535,12.355496703847518,12.590839385986328,2180745,FLRY3.SA
2022-12-29,12.637909430158519,12.763425591522424,12.12015438079834,12.12015438079834,3416490,FLRY3.SA
2023-01-02,11.853431701660156,11.971102645946868,11.633777858350625,11.853431701660156,2002140,FLRY3.SA
2023-01-03,11.829898538087955,11.947569498824056,11.359213124060737,11.4141263961792,2256555,FLRY3.SA
2023-01-04,11.492573031255013,11.727916510047226,11.359212459778028,11.649468421936035,3675000,FLRY3.SA
2023-01-05,11.727916060224953,12.033860842729373,11.727916060224953,11.861276626586914,3204285,FLRY3.SA
2023-01-06,11.908347289024494,12.269206988107163,11.78283111103011,12.22998332977295,3760575,FLRY3.SA
2023-01-09,12.190756489256398,12.198600119117694,11.790673236274204,11.853431701660156,2096535,FLRY3.SA
2023-01-10,11.806364595364832,12.284894429632926,11.657313610842346,12.135844230651855,2911860,FLRY3.SA
2023-01-11,12.120153687473467,12.535925800918436,12.065241204655726,12.52023696899414,2947245,FLRY3.SA
2023-01-12,12.473167886966353,12.653597306187587,12.30058366910419,12.402565002441406,2054115,FLRY3.SA
2023-01-13,12.277048291820053,12.31627194020626,11.876965821414645,11.908344268798828,2799510,FLRY3.SA
2023-01-16,11.814209764281642,11.978949581462414,11.673003196716309,11.673003196716309,1819650,FLRY3.SA
2023-01-17,11.696538017143004,12.12799977974323,11.688693600604706,12.05739688873291,2120265,FLRY3.SA
2023-01-18,12.190758038218986,12.214292072958312,11.994638201739473,12.080930709838867,3172470,FLRY3.SA
2023-01-19,11.93187961318058,12.222135566705912,11.892655963062237,12.159377098083496,6976200,FLRY3.SA
2023-01-20,12.13584366033417,12.13584366033417,11.76714038848877,11.76714038848877,5218185,FLRY3.SA
2023-01-23,11.759295885411412,11.876967634070331,11.343523735088363,11.429816246032715,6401010,FLRY3.SA
2023-01-24,11.461193315998214,11.735760434576052,11.359211984036842,11.68084716796875,3551205,FLRY3.SA
2023-01-25,11.822052230236475,12.229980703030655,11.727916098886023,12.143688201904297,4426905,FLRY3.SA
2023-01-26,12.159376471022124,12.22998013735197,11.806362852620692,11.853431701660156,3544905,FLRY3.SA
2023-01-27,11.8455867313001,11.92403402901828,11.602399637048954,11.665157318115234,2402715,FLRY3.SA
2023-01-30,11.69653777592565,11.85343317332865,11.649468921042331,11.759295463562012,1768830,FLRY3.SA
2023-01-31,11.790673781633435,12.206445884651709,11.751450131723637,12.143688201904297,2924775,FLRY3.SA
2023-02-01,12.088775206455088,12.38687636643978,12.057395971605889,12.237825393676758,3597720,FLRY3.SA
2023-02-02,12.167222790089362,12.582994912084684,12.159377588424524,12.47316837310791,2945460,FLRY3.SA
2023-02-03,12.308427433543109,12.308427433543109,11.814208053564585,11.853431701660156,2590560,FLRY3.SA
2023-02-06,11.782829443595991,11.845587916482739,11.571021561456698,11.641624450683594,1839915,FLRY3.SA
2023-02-07,11.633779028895974,11.80636404053087,11.602400578587119,11.76714038848877,2571555,FLRY3.SA
2023-02-08,11.900501271708187,12.073084705351867,11.727916266981813,11.939724922180176,2183370,FLRY3.SA
2023-02-09,11.924034311506956,11.924034311506956,11.657312393188477,11.657312393188477,2484825,FLRY3.SA
2023-02-10,11.586710440065685,11.649468913201202,11.178783506850408,11.37490177154541,4414515,FLRY3.SA
2023-02-13,11.359212459778028,11.704381690843189,11.319988808493115,11.649468421936035,2433795,FLRY3.SA
2023-02-14,11.673003361204206,11.759295872050512,11.374902174337356,11.531798362731934,2134545,FLRY3.SA
2023-02-15,11.516108796185328,11.92403574569787,11.429816284947181,11.790675163269043,2665005,FLRY3.SA
2023-02-16,11.712226894909781,12.143689444697747,11.61024555181573,12.033862113952637,2136960,FLRY3.SA
2023-02-17,11.963260025094863,12.120154641012144,11.916191168994828,12.07308578491211,1116570,FLRY3.SA
2023-02-22,12.041707200558612,12.041707200558612,11.539642549848129,11.90050220489502,2132445,FLRY3.SA
2023-02-23,11.892656771147799,11.924035222049781,11.586710394136993,11.641624450683594,3387930,FLRY3.SA
2023-02-24,11.641622789820344,11.680846437007986,11.398434920390915,11.492571830749512,975135,FLRY3.SA
2023-02-27,11.49257347011248,11.571021561219306,11.312144038878872,11.398436546325684,1253385,FLRY3.SA
2023-02-28,11.398436764651022,11.484729273750677,11.131714820861816,11.131714820861816,2830065,FLRY3.SA
2023-03-01,11.178783416748047,11.351368430938265,11.029733222564651,11.178783416748047,2953440,FLRY3.SA
2023-03-02,11.194473789861894,11.194473789861894,10.95913028717041,10.95913028717041,1592220,FLRY3.SA
2023-03-03,10.959129761130047,11.029733436981656,10.864993621438314,10.91206169128418,1286670,FLRY3.SA
2023-03-06,10.943442167579105,11.15525086249754,10.73947867555107,11.084647178649902,1957830,FLRY3.SA
2023-03-07,11.12387083647743,11.12387083647743,10.880683686621868,11.084647178649902,1167915,FLRY3.SA
2023-03-08,11.053267781944532,11.641624955852294,11.053267781944532,11.50826358795166,3780945,FLRY3.SA
2023-03-09,11.49257467213705,11.767141841416215,11.46904063511424,11.59455680847168,4270980,FLRY3.SA
2023-03-10,11.594555641978323,11.60240084389096,11.319989285863926,11.37490177154541,1863120,FLRY3.SA
2023-03-13,11.272919191926354,11.539641102352226,11.163091876011094,11.445504188537598,1484805,FLRY3.SA
2023-03-14,11.33567876103221,11.586711096718217,11.202318961914838,11.304300308227539,1726620,FLRY3.SA
2023-03-15,11.186628332056944,11.523953173634997,11.108181023311946,11.429816246032715,2000880,FLRY3.SA
2023-03-16,11.484729054008117,11.712226554369096,11.374901726456308,11.641624450683594,3107580,FLRY3.SA
2023-03-17,11.139558649543698,11.61024400500574,11.021886917907533,11.382745742797852,6776175,FLRY3.SA
2023-03-20,11.382747649365351,11.39843726858088,10.810080082935054,10.95913028717041,3751545,FLRY3.SA
2023-03-21,11.014041468394286,11.382745486032022,10.990508222355738,11.327832221984863,2400615,FLRY3.SA
2023-03-22,11.327834544829964,11.421971475994,11.006199309939836,11.24154281616211,3249750,FLRY3.SA
2023-03-23,11.24154148673889,11.406281293179212,10.98266397472579,11.163092613220215,2904720,FLRY3.SA
2023-03-24,11.20231759397383,11.555331232865223,11.194472392574578,11.453349113464355,5543580,FLRY3.SA
2023-03-27,11.571022498882636,11.602401737868197,11.319990158081055,11.319990158081055,3347085,FLRY3.SA
2023-03-28,11.288608768577758,11.68084763738631,11.265075520496321,11.610244750976562,2413530,FLRY3.SA
2023-03-29,11.657313283124726,11.73576137423155,11.288609218776129,11.398436546325684,2010015,FLRY3.SA
2023-03-30,11.539642095100763,11.751450758561433,11.469039207280542,11.625934600830078,2592450,FLRY3.SA
2023-03-31,11.680846603704929,11.727915452326585,11.26507452360815,11.39059066772461,1845375,FLRY3.SA
2023-04-03,11.421970323594087,11.421970323594087,11.021887817356466,11.100335121154785,1613745,FLRY3.SA
2023-04-04,11.10033556638026,11.374901926228379,11.03757787793272,11.092491149902344,3537555,FLRY3.SA
2023-04-05,11.210161446111966,11.304299151517679,10.810078947532444,11.123868942260742,3488730,FLRY3.SA
2023-04-06,11.068957328796387,11.186628291487134,11.014043270224333,11.068957328796387,1323420,FLRY3.SA
2023-04-10,11.14740366033626,11.194472512612457,10.817924051026939,10.927750587463379,1561875,FLRY3.SA
2023-04-11,10.959129592751639,11.453349817329764,10.959129592751639,11.398436546325684,17139150,FLRY3.SA
2023-04-12,11.390592367392086,11.884811816729501,11.390592367392086,11.55533218383789,3796800,FLRY3.SA
2023-04-13,11.58671039389928,11.657313283124726,11.390592129985697,11.398436546325684,2055165,FLRY3.SA
2023-04-14,11.343523735088363,11.53179837583435,11.139560261026515,11.429816246032715,2317350,FLRY3.SA
2023-04-17,11.445504166128984,11.602399545873725,11.257229553327031,11.406280517578125,1573110,FLRY3.SA
2023-04-18,11.531798842921411,11.602401737868197,11.312144955563936,11.319990158081055,2829855,FLRY3.SA
2023-04-19,11.218007086856579,11.280765559584077,10.959129565167734,10.97481918334961,3120495,FLRY3.SA
2023-04-20,10.998352534412206,11.170937538146973,10.864992752006746,11.170937538146973,1733970,FLRY3.SA
2023-04-24,11.053266335428104,11.437659198840002,11.053266335428104,11.218006134033203,2223690,FLRY3.SA
2023-04-25,11.22585174645171,11.22585174645171,10.982664623216033,11.131714820861816,1862385,FLRY3.SA
2023-04-26,11.131714820861816,11.272920602017361,11.029733478781685,11.131714820861816,1476720,FLRY3.SA
2023-04-27,11.139560057524903,11.210162162780762,11.061111964671602,11.210162162780762,1370040,FLRY3.SA
2023-04-28,11.186626442572058,11.39059066772461,11.08464432999578,11.39059066772461,5399940,FLRY3.SA
2023-05-02,11.374900753029591,11.523951720609627,11.17878250589514,11.359211921691895,5336520,FLRY3.SA
2023-05-03,11.429815252364516,11.665157943681061,11.25723024547975,11.351367950439453,11921385,FLRY3.SA
2023-05-04,11.414125970070367,11.508262892253237,11.163092868347082,11.461194038391113,4377975,FLRY3.SA
2023-05-05,11.50826232215297,12.402565002441406,11.367057338644415,12.402565002441406,5010180,FLRY3.SA
2023-05-08,12.402565973831791,12.488858482292121,12.112309211639522,12.441789627075195,2854005,FLRY3.SA
2023-05-09,12.29273901529216,12.928165004320027,12.245670161665194,12.73204517364502,3715950,FLRY3.SA
2023-05-10,12.724201031636388,12.857560814366325,12.575150060578673,12.82618236541748,2547300,FLRY3.SA
2023-05-11,12.78695942653445,13.045836161628884,12.637909232725011,12.9124755859375,2445240,FLRY3.SA
2023-05-12,12.747733405185052,13.092903389828958,12.669286109879412,13.0458345413208,2612190,FLRY3.SA
2023-05-15,13.12428452325477,13.12428452325477,12.896785448615484,13.006612777709961,2474010,FLRY3.SA
2023-05-16,13.045835894576248,13.10859358022241,12.653597806278288,12.71635627746582,4598265,FLRY3.SA
2023-05-17,12.739889632787065,12.904629432567244,12.520236566413494,12.708510398864746,5490765,FLRY3.SA
2023-05-18,12.708511660147224,13.100749766480698,12.590840699572025,13.02230167388916,4108020,FLRY3.SA
2023-05-19,13.045836226447923,13.492988381180716,12.943854100944558,13.17135238647461,4503660,FLRY3.SA
2023-05-22,13.13212702299935,13.485140637026705,13.124282607693953,13.210575103759766,4231710,FLRY3.SA
2023-05-23,13.218421946480982,13.234110779972855,12.739891315360149,12.834028244018555,4125765,FLRY3.SA
2023-05-24,12.794803087256685,12.920319239247684,12.67713213663213,12.849717140197754,4262685,FLRY3.SA
2023-05-25,13.116437168236386,13.218419278599047,12.896783331644402,13.092903137207031,3817800,FLRY3.SA
2023-05-26,13.23410926893924,13.257644087572777,12.857560811757434,12.9281644821167,3297735,FLRY3.SA
2023-05-29,12.943854015853319,12.951699217670445,12.575150740065771,12.630064010620117,2909445,FLRY3.SA
2023-05-30,12.71635674250671,12.81833808360388,12.402565946176372,12.504548072814941,4222260,FLRY3.SA
2023-05-31,12.4967045206622,12.4967045206622,12.167224848005006,12.22998332977295,6081075,FLRY3.SA
2023-06-01,12.300584129466456,12.488857971551766,12.214291624535116,12.433944702148438,3554880,FLRY3.SA
2023-06-02,12.512392561274842,12.849717373155139,12.229981017789816,12.316272735595703,5655930,FLRY3.SA
2023-06-05,12.269205063229188,12.284893895668299,11.994637926882687,12.088775634765625,5684175,FLRY3.SA
2023-06-06,12.112308267310384,12.308428089319836,12.033860966939676,12.198600769042969,4260375,FLRY3.SA
2023-06-07,12.551616248308495,12.677132402936166,12.339807590085295,12.496702194213867,3548895,FLRY3.SA
2023-06-09,12.535925547034676,12.684976517169014,12.40256497958957,12.465323448181152,3289755,FLRY3.SA
2023-06-12,12.51239444843056,12.82618448865293,12.51239444843056,12.802650451660156,3516240,FLRY3.SA
2023-06-13,13.179197429527747,13.245093353832075,12.396682739257812,12.396682739257812,5276200,FLRY3.SA
2023-06-14,12.429630485237409,13.113301277160645,12.421393298457282,13.113301277160645,6742500,FLRY3.SA
2023-06-15,13.1380124637188,13.451018501301277,12.940324688048202,13.170960426330566,4820300,FLRY3.SA
2023-06-16,13.121538075316295,13.286277092791515,12.890901565551758,12.890901565551758,7499400,FLRY3.SA
2023-06-19,12.890902107149083,12.973272404888737,12.775584632963222,12.833243370056152,1851100,FLRY3.SA
2023-06-20,12.767347484153202,13.030931180839898,12.717925148253757,12.948561668395996,2567100,FLRY3.SA
2023-06-21,12.849717782138484,13.07211632983254,12.767347484153202,12.948561668395996,2512500,FLRY3.SA
2023-06-22,12.932087898254395,12.965035861878249,12.71792574192864,12.932087898254395,2532100,FLRY3.SA
2023-06-23,12.948560817295828,13.475728961560193,12.948560817295828,13.286276817321777,3932200,FLRY3.SA
2023-06-26,13.319225696253572,13.376884430306363,12.890901427457594,12.98974609375,2162000,FLRY3.SA
2023-06-27,13.047404902836774,13.170959558100826,12.734398885887655,12.849717140197754,2721200,FLRY3.SA
2023-06-28,12.849716487529545,13.080352198893854,12.800294156609398,12.841479301452637,2696700,FLRY3.SA
2023-06-29,12.857953166376175,13.105063255243012,12.849716765662292,13.088589668273926,3212700,FLRY3.SA
2023-06-30,13.170959236399096,13.434542913479737,13.162722050104994,13.220380783081055,4241700,FLRY3.SA
2023-07-03,13.335700810747932,13.483967032890293,13.096827103722402,13.42630672454834,3003800,FLRY3.SA
2023-07-04,13.467491571613683,13.599283409302213,13.212145082477486,13.343936920166016,2034300,FLRY3.SA
2023-07-05,13.302751033159993,13.681653746085392,13.179196381301816,13.549861907958984,3212900,FLRY3.SA
2023-07-06,13.49220242528884,13.500439612058429,13.212145930536469,13.294514656066895,3605600,FLRY3.SA
2023-07-07,13.327462863337304,13.574572172085277,13.22038101075256,13.3521728515625,6091100,FLRY3.SA
2023-07-10,13.393359312086712,13.483966795373853,13.212145916595162,13.27804183959961,1453000,FLRY3.SA
2023-07-11,13.179196783620629,13.220381145136368,12.825005618687594,13.055642127990723,3799500,FLRY3.SA
2023-07-12,13.113300586100785,13.187433692132446,12.734398655137772,12.808531761169434,3465000,FLRY3.SA
2023-07-13,12.80853187968245,13.055641973560636,12.73439877296486,12.783821105957031,2089600,FLRY3.SA
2023-07-14,12.74263645786784,12.833243155433053,12.47905198083396,12.610844612121582,2503100,FLRY3.SA
2023-07-17,12.462577153991296,12.77558314929366,12.462577153991296,12.709687232971191,2185700,FLRY3.SA
2023-07-18,12.619080894000799,12.792057886292461,12.569659345083956,12.635555267333984,1524600,FLRY3.SA
2023-07-19,12.660266304837137,12.668503491674876,12.404919797198234,12.51200008392334,2457000,FLRY3.SA
2023-07-20,12.635555651046683,12.635555651046683,12.421393504459802,12.487289428710938,1642100,FLRY3.SA
2023-07-21,12.569659220380428,12.849717279935273,12.49552611219928,12.750872611999512,3214500,FLRY3.SA
2023-07-24,12.79205708619785,13.006219212886093,12.717923981917973,12.90737533569336,3278400,FLRY3.SA
2023-07-25,13.13801236511822,13.319226550893621,13.014457702636719,13.014457702636719,2289700,FLRY3.SA
2023-07-26,13.063880342901134,13.34393922466747,13.047406753115734,13.195672988891602,3378600,FLRY3.SA
2023-07-27,13.220383030170233,13.343939274500144,12.956799308287854,13.030932426452637,1888100,FLRY3.SA
2023-07-28,13.09682647834701,13.385121721959601,13.088590077375686,13.236855506896973,2080900,FLRY3.SA
2023-07-31,13.393359616585833,13.508677091694688,13.21214621697438,13.269804954528809,2756200,FLRY3.SA
2023-08-01,13.179196243790033,13.236854975983395,12.965034116298531,13.022693634033203,3287300,FLRY3.SA
2023-08-02,12.9732719031782,13.055642197732377,12.767346952334101,13.006219863891602,2417400,FLRY3.SA
2023-08-03,13.072116238981266,13.319226345678317,12.981509540260276,13.179197311401367,3015500,FLRY3.SA
2023-08-04,13.212145171047423,13.401595742609372,13.030930214698914,13.12977409362793,3659800,FLRY3.SA
2023-08-07,13.13801220503974,13.187434540754992,12.808532585409319,12.923850059509277,2466700,FLRY3.SA
2023-08-08,12.767347831660377,12.923850459442514,12.627318792598855,12.684977531433105,3031500,FLRY3.SA
2023-08-09,12.70145149295043,12.70145149295043,12.437867797654778,12.627318382263184,2886500,FLRY3.SA
2023-08-10,12.660265085838446,12.7755833338392,12.503762478697201,12.726161003112793,2488700,FLRY3.SA
2023-08-11,12.684977007720889,12.833243227792096,12.396682539910769,12.561422348022461,4168800,FLRY3.SA
2023-08-14,12.643791757560214,12.643791757560214,12.256652646509524,12.330785751342773,5013600,FLRY3.SA
2023-08-15,12.355496475906508,12.479051126449049,12.174282307641645,12.21546745300293,3003900,FLRY3.SA
2023-08-16,12.248415645693694,12.40491904394197,12.124860992795643,12.25665283203125,3047100,FLRY3.SA
2023-08-17,12.27312845998101,12.503765002535644,12.256654870107939,12.43786907196045,4541500,FLRY3.SA
2023-08-18,12.437869175079651,12.602609002883451,12.355498868407018,12.503765106201172,2625200,FLRY3.SA
2023-08-21,12.421393244705314,12.66850334825023,12.363734508576666,12.610844612121582,2913000,FLRY3.SA
2023-08-22,12.684976690403236,12.866190867563667,12.635555141976704,12.750872611999512,3038900,FLRY3.SA
2023-08-23,12.750873384158217,12.808532908202675,12.627318720068399,12.734399795532227,2971500,FLRY3.SA
2023-08-24,12.767346948104336,12.783821321226252,12.47905170280157,12.544947624206543,2200900,FLRY3.SA
2023-08-25,12.60260715701411,12.619080744610915,12.256653176526326,12.363734245300293,1946600,FLRY3.SA
2023-08-28,12.347260173459413,12.39668250853853,12.157809590995749,12.355497360229492,1999000,FLRY3.SA
2023-08-29,12.429631884253187,12.553186557696312,12.248417682400675,12.43786907196045,3633500,FLRY3.SA
2023-08-30,12.52023759593814,12.569659932706799,12.297839044332655,12.322549819946289,1945100,FLRY3.SA
2023-08-31,12.363734207862631,12.396682168497827,12.067201776604527,12.157809257507324,4009800,FLRY3.SA
2023-09-01,12.182519982143441,12.198994355164833,12.009542993125528,12.133097648620605,6471700,FLRY3.SA
2023-09-04,12.174282845054249,12.429630129133022,12.067201776604527,12.157809257507324,3622000,FLRY3.SA
2023-09-05,12.132163296928258,12.132163296928258,11.898851898869605,11.923850059509277,4405700,FLRY3.SA
2023-09-06,11.91551685333252,12.057169912572391,11.807193878934273,11.91551685333252,2524700,FLRY3.SA
2023-09-08,11.898851047671199,11.940513851104985,11.790528076604108,11.87385368347168,3196400,FLRY3.SA
2023-09-11,11.940515146939408,12.073835496674496,11.890520413114732,12.040505409240723,2770000,FLRY3.SA
2023-09-12,12.073835382712033,12.27381590542709,12.04883801603564,12.23215389251709,2200200,FLRY3.SA
2023-09-13,12.298813559447062,12.390471096581066,12.16549321646963,12.207155227661133,2591400,FLRY3.SA
2023-09-14,12.26548302028191,12.26548302028191,11.998841549532111,12.090499877929688,2497800,FLRY3.SA
2023-09-15,12.148826965917506,12.33214282260986,12.040503995810745,12.190489768981934,4697800,FLRY3.SA
2023-09-18,12.232153060009457,12.315477874810417,12.098832720606396,12.198822975158691,1693500,FLRY3.SA
2023-09-19,12.157160618263747,12.232153510603448,12.082167725924048,12.17382526397705,3016200,FLRY3.SA
2023-09-20,12.190491415800432,12.640448001446943,12.17382597446257,12.398804664611816,4235600,FLRY3.SA
2023-09-21,12.265482788084402,12.52379073950125,12.182157181055295,12.440465927124023,4334400,FLRY3.SA
2023-09-22,12.548790458044646,12.61545063409213,12.382139223273954,12.398804664611816,3515600,FLRY3.SA
2023-09-25,12.41546845584741,12.648779850589971,12.390471090214966,12.63211441040039,3595800,FLRY3.SA
2023-09-26,12.515460590535783,12.907088933052014,12.457132339477539,12.457132339477539,4388800,FLRY3.SA
2023-09-27,12.498794803676683,12.832095680580606,12.382139099434324,12.432134628295898,5535800,FLRY3.SA
2023-09-28,12.498792779431144,12.715438711657725,12.457129977902671,12.607115745544434,2617900,FLRY3.SA
2023-09-29,12.740437859590227,12.832095400072186,12.490461810050752,12.62378215789795,2104800,FLRY3.SA
2023-10-02,12.748769626736259,13.082070471432516,12.64877937332738,13.04874038696289,6419400,FLRY3.SA
2023-10-03,12.94041834575097,13.523695263303352,12.94041834575097,13.332047462463379,9882100,FLRY3.SA
2023-10-04,13.340380207960825,13.373709500241704,13.132066965967628,13.207059860229492,3571000,FLRY3.SA
2023-10-05,13.157063238674201,13.365377258000889,12.973747378457851,13.082070350646973,3933800,FLRY3.SA
2023-10-06,12.923754082355137,12.965416890839494,12.66544530547371,12.948751449584961,3005800,FLRY3.SA
2023-10-09,12.90708803451091,13.007078293382973,12.690442076295469,12.973748207092285,3343100,FLRY3.SA
2023-10-10,13.04040825057122,13.340379818869575,12.990413518956116,13.290384292602539,2882100,FLRY3.SA
2023-10-11,13.282051572449378,13.348712539022737,13.132066582952131,13.290384292602539,1612200,FLRY3.SA
2023-10-13,13.257053734591683,13.27371917430459,12.79043254775689,12.873757362365723,3200000,FLRY3.SA
2023-10-16,12.898755332354668,13.107068570626431,12.873757966264598,12.990413665771484,3615400,FLRY3.SA
2023-10-17,12.915419799393984,13.065405573933612,12.782099464092926,12.832094192504883,3762300,FLRY3.SA
2023-10-18,12.773768323767083,12.78210104441659,12.4571320909536,12.523792266845703,7509500,FLRY3.SA
2023-10-19,12.498795134671493,12.707108386916017,12.440467678331663,12.598785400390625,5296900,FLRY3.SA
2023-10-20,12.507125862874638,12.732103726236792,12.507125862874638,12.648778915405273,2345800,FLRY3.SA
2023-10-23,12.5821186491048,13.073737174672335,12.5821186491048,12.965415000915527,2366300,FLRY3.SA
2023-10-24,13.098736380361297,13.15706383161022,12.907087791804667,13.04040813446045,2800500,FLRY3.SA
2023-10-25,13.040407786235292,13.198726284900308,12.765434388187527,12.873757362365723,2757600,FLRY3.SA
2023-10-26,12.96541652782992,13.023743981283763,12.823763459740338,12.907088279724121,2523000,FLRY3.SA
2023-10-27,12.965417169346106,12.998747257919149,12.532125223244536,12.598785400390625,2080400,FLRY3.SA
2023-10-30,12.632114414677593,12.648779854872817,12.307146277390014,12.348808288574219,3009100,FLRY3.SA
2023-10-31,12.36547372665224,12.540456875412486,12.273815394898062,12.490461349487305,1742900,FLRY3.SA
2023-11-01,12.473796107136991,12.898754481235196,12.398803219163224,12.7987642288208,3527800,FLRY3.SA
2023-11-03,12.957082028522162,13.490364140740798,12.94874930927222,13.282050132751465,5060800,FLRY3.SA
2023-11-06,13.323714378563253,13.457034722406108,13.198726754873558,13.290384292602539,2132400,FLRY3.SA
2023-11-07,13.290384185225761,13.682013288089014,13.290384185225761,13.623685836791992,2368000,FLRY3.SA
2023-11-08,13.623686995093953,13.848665688628008,13.60702155350536,13.823667526245117,2412700,FLRY3.SA
2023-11-09,13.923657011397635,13.965320615411695,13.557026831897824,13.682014465332031,2231300,FLRY3.SA
2023-11-10,13.948654170863149,14.240293020776065,13.807001106008524,14.090307235717773,7237900,FLRY3.SA
2023-11-13,14.090307992889642,14.206962903401953,13.665348775489706,13.748674392700195,3891400,FLRY3.SA
2023-11-14,13.82366679915275,14.281955293606273,13.798668638084706,14.181965827941895,5503700,FLRY3.SA
2023-11-16,14.12363836831351,14.490268527987588,14.106972927609078,14.32361888885498,5329000,FLRY3.SA
2023-11-17,14.323618404424638,14.481935317850692,14.123637890646586,14.173632621765137,2710700,FLRY3.SA
2023-11-20,14.298620450554267,14.331951331316859,14.081974493509037,14.21529483795166,2279700,FLRY3.SA
2023-11-21,14.165299901694738,14.315285684354238,14.015314119035237,14.173632621765137,2147200,FLRY3.SA
2023-11-22,14.173631628678667,14.473603172979931,14.065307864657106,14.140300750732422,2619800,FLRY3.SA
2023-11-23,14.131970472885488,14.306954433728515,14.065310294779577,14.19863224029541,1084200,FLRY3.SA
2023-11-24,14.156966711861498,14.181964871243197,13.96531892451319,14.040311813354492,1373700,FLRY3.SA
2023-11-27,14.040313737510608,14.14863593106874,13.898660660209043,14.056979179382324,2371200,FLRY3.SA
2023-11-28,14.098641178484538,14.356949169981947,14.031981000378625,14.19863224029541,1778700,FLRY3.SA
2023-11-29,14.198631009061595,14.32361863350888,14.006981622984958,14.090307235717773,2242000,FLRY3.SA
2023-11-30,14.073640152274129,14.456937290375256,13.840330371024796,14.306951522827148,4646000,FLRY3.SA
2023-12-01,14.256960042852112,14.581928220327837,14.256960042852112,14.54859733581543,3711400,FLRY3.SA
2023-12-04,14.531930696003112,14.531930696003112,14.356946764478606,14.473603248596191,1760700,FLRY3.SA
2023-12-05,14.540265074658542,14.748578318769386,14.481936031292209,14.681918144226074,2511800,FLRY3.SA
2023-12-06,14.815235780540245,14.840232348101988,14.448604093032865,14.565258979797363,1398300,FLRY3.SA
2023-12-07,14.59025929252405,14.656919464711153,14.298620443216523,14.498600959777832,3509000,FLRY3.SA
2023-12-08,14.481936706736057,14.581927767866617,14.340283630561766,14.57359504699707,2154800,FLRY3.SA
2023-12-11,14.581927096438385,14.59025981692425,14.415275865328947,14.540265083312988,1084300,FLRY3.SA
2023-12-12,14.581927254174069,14.715247604782203,14.498601637718,14.6902494430542,1057100,FLRY3.SA
2023-12-13,14.681920369921375,15.298527475247122,14.656922204689081,15.206869125366211,4139700,FLRY3.SA
2023-12-14,15.248526357253166,15.456839567539705,15.248526357253166,15.331851959228516,2831500,FLRY3.SA
2023-12-15,15.781810739575459,15.798474590093756,15.248527790394531,15.481839179992676,5960000,FLRY3.SA
2023-12-18,15.5795445011958,15.6218106610391,15.030076361479669,15.309037208557129,2570800,FLRY3.SA
2023-12-19,15.376663026977658,15.562636375427246,15.309036208236849,15.562636375427246,1614200,FLRY3.SA
2023-12-20,15.56263762749251,15.647171560807188,15.266769667066471,15.402023315429688,2345100,FLRY3.SA
2023-12-21,15.461196314532621,15.587996392887604,15.35130173090129,15.444289207458496,2266700,FLRY3.SA
2023-12-22,15.444290474344365,15.714797760318005,15.309036831357547,15.680983543395996,2216400,FLRY3.SA
2023-12-26,15.680985350260004,15.765519289954963,15.51191908322088,15.65562629699707,1514500,FLRY3.SA
2023-12-27,15.5964507250664,15.706343701833587,15.444289978503715,15.630263328552246,1601500,FLRY3.SA
2023-12-28,15.60490225368094,15.638716468622425,15.199141348486211,15.249862670898438,8182700,FLRY3.SA
2024-01-02,15.224502294824571,15.283675559729883,14.937087911841168,15.089248657226562,2855400,FLRY3.SA
2024-01-03,15.02162231198578,15.072342024596342,14.861008007643308,14.920181274414062,3177300,FLRY3.SA
2024-01-04,14.911725979231896,14.911725979231896,14.565138360882885,14.734206199645996,1828100,FLRY3.SA
2024-01-05,14.675035363666638,14.92018199677869,14.598954984892046,14.82719612121582,1709700,FLRY3.SA
2024-01-08,14.818742033058768,14.920181459538519,14.675034835253612,14.911727905273438,1667000,FLRY3.SA
2024-01-09,14.877913704864062,14.945540519380925,14.776472676913546,14.793379783630371,1908400,FLRY3.SA
2024-01-10,14.793380973933887,14.903273951734574,14.565139851943343,14.708847045898438,6892300,FLRY3.SA
2024-01-11,14.666580104858273,14.937087370246127,14.590499734924128,14.818740844726562,1839900,FLRY3.SA
2024-01-12,14.82719612121582,14.903274887639741,14.675035363666638,14.82719612121582,992400,FLRY3.SA
2024-01-15,14.827193409816408,14.861006009560434,14.67503268009235,14.776472091674805,960200,FLRY3.SA
2024-01-16,14.708846909945942,14.708846909945942,14.387619921200985,14.463700294494629,1863000,FLRY3.SA
2024-01-17,14.455245740503736,14.472152847255016,14.243911743164062,14.243911743164062,2408700,FLRY3.SA
2024-01-18,14.28617865312371,14.28617865312371,13.82969803315423,13.914230346679688,2914200,FLRY3.SA
2024-01-19,13.981858129492137,13.981858129492137,13.525375918320599,13.795883178710938,2663200,FLRY3.SA
2024-01-22,13.787430474190145,13.838151797899153,13.660630389618731,13.770524978637695,2159400,FLRY3.SA
2024-01-23,13.795884918487557,14.159379700108232,13.736711649358734,14.024126052856445,2923200,FLRY3.SA
2024-01-24,14.193192666605677,14.438339276002138,14.159378451598984,14.184739112854004,3042700,FLRY3.SA
2024-01-25,14.18473953398573,14.311539619324373,14.049485894644436,14.091752052307129,996700,FLRY3.SA
2024-01-26,14.100205710309783,14.125564760154218,13.863511033541428,13.939591407775879,2244200,FLRY3.SA
2024-01-29,13.888871562618839,13.905778670586798,13.753617923576279,13.871964454650879,1448100,FLRY3.SA
2024-01-30,13.863511086219312,13.88041819441356,13.57609669631941,13.685991287231445,3744100,FLRY3.SA
2024-01-31,13.643723648384118,13.93113804105707,13.618364598198655,13.753618240356445,3064900,FLRY3.SA
2024-02-01,13.78743129084206,13.922684937376268,13.753618685383833,13.88041877746582,1856900,FLRY3.SA
2024-02-02,13.82124506143534,13.948045149414442,13.50001725822294,13.753618240356445,5264700,FLRY3.SA
2024-02-05,13.745163470475363,13.871963547239528,13.64372244165376,13.795883178710938,1888300,FLRY3.SA
2024-02-06,13.753618549695226,14.057938445219548,13.618364904495387,13.990311622619629,2021800,FLRY3.SA
2024-02-07,13.94804573059082,13.998765445425692,13.795884973735541,13.94804573059082,1766100,FLRY3.SA
2024-02-08,13.838150745232472,13.981857926775096,13.626816749572754,13.626816749572754,2740500,FLRY3.SA
2024-02-09,13.694444893911067,13.762071714597145,13.550737698409323,13.60991096496582,1651300,FLRY3.SA
2024-02-14,13.62681817964542,13.635270121490423,13.330950232201733,13.45775032043457,2661700,FLRY3.SA
2024-02-15,13.390121967782521,13.50846848828438,13.305588047845301,13.440841674804688,3716600,FLRY3.SA
2024-02-16,13.483111068478106,13.542285145585177,13.305590449507596,13.423937797546387,2179800,FLRY3.SA
2024-02-19,13.373216311712492,13.42393683041074,13.297135936752763,13.314043045043945,3679700,FLRY3.SA
2024-02-20,13.288684146173685,13.474657513723473,13.254870733330508,13.423937797546387,4684400,FLRY3.SA
2024-02-21,13.432389677145267,13.508469241923,13.263321827838517,13.339402198791504,1887100,FLRY3.SA
2024-02-22,13.373216377993613,13.39012348636859,13.254869844069965,13.347856521606445,2721700,FLRY3.SA
2024-02-23,13.339402649186406,13.398576720911837,13.170335600346487,13.28868293762207,3232200,FLRY3.SA
2024-02-26,13.288682488939681,13.407029016044103,13.221055671687083,13.339402198791504,2045600,FLRY3.SA
2024-02-27,13.415482007360513,13.795883040003584,13.38166860015169,13.728256225585938,2203600,FLRY3.SA
2024-02-28,13.694445189287723,13.77052556574437,13.347856718076853,13.449296951293945,3483000,FLRY3.SA
2024-02-29,13.449296951293945,13.474656808054391,13.25487003917168,13.449296951293945,2616700,FLRY3.SA
2024-03-01,13.457750003479054,13.694444678329516,13.423936593668314,13.576096534729004,2391900,FLRY3.SA
2024-03-04,13.626816957523475,13.6606295589228,13.35630889075183,13.432389259338379,1690600,FLRY3.SA
2024-03-05,13.440842405114074,13.516922775956363,13.170335136497265,13.229508399963379,3097400,FLRY3.SA
2024-03-06,13.229509419018482,13.415483583605557,13.136522739812602,13.263322830200195,2161100,FLRY3.SA
2024-03-07,13.314042324493757,13.347855733070858,13.11116187303115,13.229508399963379,1923300,FLRY3.SA
2024-03-08,13.525376564579169,13.669083755071844,12.857561128950083,12.96745491027832,4832700,FLRY3.SA
2024-03-11,12.925188198059194,13.01817487352175,12.86601493241714,12.992815017700195,2066200,FLRY3.SA
2024-03-12,13.068895428083552,13.33940270740809,12.773027486690879,12.806840896606445,5218200,FLRY3.SA
2024-03-13,12.705400381991234,12.73921379114867,12.544786890037235,12.56169319152832,5376000,FLRY3.SA
2024-03-14,12.527879799694809,12.722307507250369,12.485613642821018,12.671586990356445,3680700,FLRY3.SA
2024-03-15,12.663132930698216,12.696947144727009,12.527879299283986,12.620866775512695,6573700,FLRY3.SA
2024-03-18,12.663134085104886,12.806841283127063,12.6462277827245,12.722308158874512,2211700,FLRY3.SA
2024-03-19,12.73076119572246,12.866014833969533,12.603960305234374,12.739213943481445,2040400,FLRY3.SA
2024-03-20,12.737178081318588,13.061583517230467,12.69449300556569,12.959139823913574,3280300,FLRY3.SA
2024-03-21,13.010361353207955,13.1213422252707,12.89084411725585,12.976213455200195,3589600,FLRY3.SA
2024-03-22,12.933527502913895,13.01889764922457,12.754250846981522,12.788398742675781,2700200,FLRY3.SA
2024-03-25,12.80547321269406,12.814010390231871,12.685955169614894,12.79693603515625,2226900,FLRY3.SA
2024-03-26,12.796935920136859,12.839620993292197,12.668881514820901,12.788398742675781,2610900,FLRY3.SA
2024-03-27,12.78839826219659,12.933527016982001,12.685954578962775,12.9249906539917,3086700,FLRY3.SA
2024-03-28,12.916455156113747,12.916455156113747,12.694493406508323,12.805474281311035,2480900,FLRY3.SA
2024-04-01,12.779862602761021,12.83108404012275,12.685955277347738,12.70302963256836,1290300,FLRY3.SA
2024-04-02,12.703030357476722,12.703030357476722,12.53229086627746,12.685956001281738,2023900,FLRY3.SA
2024-04-03,12.685954750532561,12.685954750532561,12.455456663676637,12.643270492553711,3455300,FLRY3.SA
2024-04-04,12.634734560997018,12.831084772338638,12.634734560997018,12.685956001281738,2280700,FLRY3.SA
2024-04-05,12.703030035221962,12.75425147420728,12.481068295218666,12.54936408996582,3373100,FLRY3.SA
2024-04-08,12.55790170014475,12.660345395792042,12.523753801595655,12.592049598693848,2222500,FLRY3.SA
2024-04-09,12.57497461347423,12.762788453176823,12.57497461347423,12.72864055633545,1459100,FLRY3.SA
2024-04-10,12.728640754714622,12.75425147420728,12.489605473099584,12.54936408996582,2735300,FLRY3.SA
2024-04-11,12.549364003824568,12.720103489520463,12.463994668051663,12.634734153747559,4121700,FLRY3.SA
2024-04-12,12.634734470919557,12.651808012842702,12.463994980937558,12.566438674926758,2501800,FLRY3.SA
2024-04-15,12.574974564601044,12.592048920030411,12.199347700805832,12.224958419799805,4518200,FLRY3.SA
2024-04-16,12.13958971735706,12.207885514331352,11.943238690443382,11.985923767089844,4808800,FLRY3.SA
2024-04-17,12.011534165705982,12.062756419139847,11.7895732385595,11.849331855773926,3847400,FLRY3.SA
2024-04-18,11.857868918989597,11.934701077171958,11.687128618628552,11.840794563293457,8264000,FLRY3.SA
2024-04-19,11.840794994981945,12.02007166557699,11.789573554326285,11.985923767089844,2762200,FLRY3.SA
2024-04-22,11.968850021336857,12.028608639135365,11.840794793575629,11.960312843322754,3187800,FLRY3.SA
2024-04-23,12.387162006908131,12.62619729288293,12.32740257480185,12.566438674926758,11141000,FLRY3.SA
2024-04-24,12.592049690305254,12.592049690305254,12.250570702329908,12.40423583984375,3012300,FLRY3.SA
2024-04-25,12.41277313007567,12.523754005706522,12.284718711967068,12.515216827392578,1734800,FLRY3.SA
2024-04-26,12.592048405663428,12.711566446336622,12.42130892909461,12.472530364990234,2942400,FLRY3.SA
2024-04-29,12.463994116731373,12.540826271283441,12.335938897511156,12.481067657470703,2271200,FLRY3.SA
2024-04-30,12.489605557747092,12.549364175018338,12.318866069722032,12.361550331115723,2681000,FLRY3.SA
2024-05-02,12.481068202214475,12.549363996452714,12.42984676361084,12.42984676361084,2793300,FLRY3.SA
2024-05-03,12.540826083851098,12.762787809195375,12.489604648248596,12.660344123840332,2861400,FLRY3.SA
2024-05-06,12.592048879874636,12.796936259473187,12.592048879874636,12.711566925048828,2051700,FLRY3.SA
2024-05-07,12.737176895141602,12.86523129632485,12.7030290005494,12.737176895141602,2209000,FLRY3.SA
2024-05-08,12.728639833096505,12.754250550734817,12.634733325655999,12.74571418762207,1469500,FLRY3.SA
2024-05-09,12.617660319068142,12.69449329434114,12.446920826322655,12.592049598693848,2811300,FLRY3.SA
2024-05-10,12.73717780818152,12.745714985979049,12.199347819188525,12.335939407348633,2524100,FLRY3.SA
2024-05-13,12.25056935352187,12.37862375637609,12.216421458484076,12.353013038635254,2196900,FLRY3.SA
2024-05-14,12.378625230970034,12.677419958756952,12.293255076130876,12.515216827392578,2825500,FLRY3.SA
2024-05-15,12.498142758874408,12.506679122678925,12.250570297241211,12.250570297241211,2365000,FLRY3.SA
2024-05-16,12.31032860755751,12.60058613757358,12.31032860755751,12.52375316619873,3161600,FLRY3.SA
2024-05-17,12.515216099333594,12.515216099333594,12.353013791555298,12.42984676361084,1552000,FLRY3.SA
2024-05-20,12.344476931926632,12.805473961992352,12.242033237928705,12.668882369995117,3760700,FLRY3.SA
2024-05-21,12.668881850761611,12.788399081785728,12.463994471163058,12.711566925048828,1675700,FLRY3.SA
2024-05-22,12.677419309675045,12.685955673401793,12.207885110400026,12.344476699829102,3245700,FLRY3.SA
2024-05-23,12.242033412029038,12.335939929325102,12.054219563286788,12.190811157226562,4353100,FLRY3.SA
2024-05-24,12.173737207032794,12.259106543308773,12.071293515011561,12.139589309692383,1372200,FLRY3.SA
2024-05-27,12.13958816202959,12.26764256141249,12.105440267917482,12.216421127319336,1254800,FLRY3.SA
2024-05-28,12.344477017839695,12.429847170507166,12.267644043268994,12.37862491607666,2940800,FLRY3.SA
2024-05-29,12.242033322041243,12.327402660551014,12.011534398349616,12.071293830871582,2417800,FLRY3.SA
2024-05-31,12.054218720529159,12.071293075652955,11.832256988820179,11.994460105895996,2593300,FLRY3.SA
2024-06-03,12.002997420791068,12.44692007513814,11.994460243131492,12.412772178649902,3927000,FLRY3.SA
2024-06-04,12.412772814313627,12.421309992410396,12.216422602988603,12.37862491607666,2954600,FLRY3.SA
2024-06-05,12.378624160984991,12.592048715484733,12.259106117371113,12.301791191101074,3797100,FLRY3.SA
2024-06-06,12.30179194150596,12.481068610787558,12.207885424891833,12.37862491607666,2994300,FLRY3.SA
2024-06-07,12.105441104745392,12.404234995343929,12.105441104745392,12.310328483581543,2214700,FLRY3.SA
2024-06-10,12.310329233866682,12.327402776068585,12.139589741097058,12.28471851348877,1410300,FLRY3.SA
2024-06-11,12.284718172117019,12.429846940475846,12.224958740695675,12.361550331115723,1087500,FLRY3.SA
2024-06-12,12.370086009688293,12.481066866990224,12.071292145398479,12.199346542358398,1980400,FLRY3.SA
2024-06-13,12.19934717502206,12.301790860732773,12.07129277142118,12.165199279785156,1053500,FLRY3.SA
2024-06-14,12.131051902442648,12.276180666932785,12.071293286764384,12.122514724731445,811300,FLRY3.SA
2024-06-17,12.139589161574008,12.165199880729311,11.900553068957585,11.934700965881348,1402300,FLRY3.SA
2024-06-18,11.934700472466865,12.02007061832187,11.874941858858392,11.968849182128906,2949600,FLRY3.SA
2024-06-19,11.87494280541389,12.173737525573378,11.866405627317876,12.071293830871582,2351200,FLRY3.SA
2024-06-20,12.207884550831064,12.318865415692716,11.943237747830192,12.088366508483887,2695200,FLRY3.SA
2024-06-21,12.020070203416914,12.207884029324996,11.994459486204455,12.131051063537598,3996000,FLRY3.SA
2024-06-24,12.190810840849892,12.335939609182041,12.122515045652422,12.259106636047363,1819800,FLRY3.SA
2024-06-25,12.207884907953787,12.378624391908719,12.207884907953787,12.318865776062012,1496200,FLRY3.SA
2024-06-26,12.276180357778246,12.335938971951592,12.105440878604359,12.293253898620605,1164200,FLRY3.SA
2024-06-27,12.438382206847317,12.85669493328932,12.361549240477355,12.737176895141602,8006100,FLRY3.SA
2024-06-28,12.78839822629772,12.933526980675733,12.703028897584195,12.831083297729492,2933400,FLRY3.SA
2024-07-01,12.984750118703827,13.317692721698826,12.814010635430781,13.121341705322266,4018300,FLRY3.SA
2024-07-02,13.121341134826404,13.232321997666125,12.822547255627194,12.86523151397705,4010800,FLRY3.SA
2024-07-03,12.890842723393982,12.984749229223864,12.779861863331382,12.831083297729492,4844400,FLRY3.SA
2024-07-04,12.924991693855818,12.924991693855818,12.779862927394252,12.839621543884277,2604100,FLRY3.SA
2024-07-05,12.848157973467117,12.899379409146963,12.788398546307242,12.86523151397705,2341000,FLRY3.SA
2024-07-08,12.848158836364746,12.890843911731427,12.754251507728034,12.848158836364746,1780300,FLRY3.SA
2024-07-09,12.805473375380075,13.215248132600204,12.762788301298794,13.206711769104004,3465800,FLRY3.SA
2024-07-10,13.232322166629336,13.360376571614115,13.138415657250501,13.172563552856445,1318000,FLRY3.SA
2024-07-11,13.172565022921187,13.360378062638883,13.172565022921187,13.33476734161377,1511500,FLRY3.SA
2024-07-12,13.326228890270615,13.326228890270615,13.172563764648224,13.300618171691895,979700,FLRY3.SA
2024-07-15,13.351840653397067,13.454284343629771,13.240859785440785,13.317692756652832,2183700,FLRY3.SA
2024-07-16,13.403061866760254,13.454284118092998,13.275007459653494,13.403061866760254,1710000,FLRY3.SA
2024-07-17,13.343303475673489,13.428672810459037,13.087193843016689,13.317692756652832,2168700,FLRY3.SA
2024-07-18,13.309154810471732,13.3433027052443,13.095730264605669,13.138415336608887,2795100,FLRY3.SA
2024-07-19,13.07011934208203,13.326228141784668,13.07011934208203,13.326228141784668,2900400,FLRY3.SA
2024-07-22,13.326230163222016,13.403063140447504,13.206712922338054,13.33476734161377,1976000,FLRY3.SA
2024-07-23,13.240859665539015,13.292081103116494,13.138415976233983,13.206711769104004,1581600,FLRY3.SA
2024-07-24,13.198174271023392,13.223784989190337,13.01889761555467,13.172563552856445,1993500,FLRY3.SA
2024-07-25,13.181100752358457,13.189637930339059,12.924991926141276,12.959139823913574,1739700,FLRY3.SA
2024-07-26,12.933528380186454,13.172564480409978,12.848159042235288,13.078657150268555,1576000,FLRY3.SA
2024-07-29,13.035972913386379,13.146952971520873,12.950602761121264,13.070120811462402,1432200,FLRY3.SA
2024-07-30,13.061582439902507,13.070119617178955,12.899379328250136,12.950601577758789,1671800,FLRY3.SA
2024-07-31,12.873769444616482,13.035972566777415,12.814010828109868,12.942065238952637,1867900,FLRY3.SA
2024-08-01,13.035972256654013,13.223785279535356,12.967675649792533,13.112804412841797,2728700,FLRY3.SA
2024-08-02,13.05304697421432,13.24939800656909,12.942066097518172,13.12987995147705,2481900,FLRY3.SA
2024-08-05,12.822547694978725,13.04450861411339,12.779862621016266,13.010360717773438,2305000,FLRY3.SA
2024-08-06,13.001822805804544,13.121340843319008,12.831083333748186,12.9249906539917,2362100,FLRY3.SA
2024-08-07,12.976213481140755,13.070120811462402,12.839621888836659,13.070120811462402,1956700,FLRY3.SA
2024-08-08,13.095730705754347,13.317692436328164,13.001823381353855,13.283544540405273,2522500,FLRY3.SA
2024-08-09,13.394524092839665,13.659170887001329,13.232321796782538,13.531116485595703,10382800,FLRY3.SA
2024-08-12,13.650634546371602,13.684783257265916,13.317692756652832,13.317692756652832,5409500,FLRY3.SA
2024-08-13,13.496968590944201,13.599412274898707,13.43720916469155,13.531116485595703,3453200,FLRY3.SA
2024-08-14,13.531116691521913,13.684782626867284,13.437209369188611,13.556727409362793,3317100,FLRY3.SA
2024-08-15,13.606780316405022,13.746336901094656,13.502112046064939,13.632946968078613,2336800,FLRY3.SA
2024-08-16,13.632946620089625,13.772503201216994,13.606779969083952,13.720169067382812,2520400,FLRY3.SA
2024-08-19,13.781225734096942,13.946948966694206,13.755059083017972,13.833559036254883,2595600,FLRY3.SA
2024-08-20,13.798670390101144,13.920782819259008,13.659113803533794,13.816115379333496,3870900,FLRY3.SA
2024-08-21,13.746336210072396,14.016726871360428,13.728891221951715,13.999281883239746,7053000,FLRY3.SA
2024-08-22,13.999282231238709,14.016727219793045,13.816114842355216,13.912059783935547,3400200,FLRY3.SA
2024-08-23,13.955672264099121,14.20861962243589,13.894616464127012,13.955672264099121,3825300,FLRY3.SA
2024-08-26,13.912060244555938,14.016727683878916,13.824837794364889,13.973116874694824,1515800,FLRY3.SA
2024-08-27,14.016726871360428,14.112672642378543,13.946948582523333,13.999281883239746,1219900,FLRY3.SA
2024-08-28,13.999281705005439,14.051616668701172,13.859725960930849,14.051616668701172,2730000,FLRY3.SA
2024-08-29,14.051617387896508,14.138839004562382,13.816115030148973,13.903337478637695,3082300,FLRY3.SA
2024-08-30,13.851003987641048,13.912059783935547,13.667835766934717,13.912059783935547,11806700,FLRY3.SA
2024-09-02,14.02544894169339,14.02544894169339,13.606779221319398,13.755058288574219,2538200,FLRY3.SA
2024-09-03,13.82483714385017,14.138838615221193,13.737613865940464,14.069060325622559,3056100,FLRY3.SA
2024-09-04,14.147562706574226,14.697068254890164,14.147562706574226,14.574954986572266,4830500,FLRY3.SA
2024-09-05,14.531342238501207,14.653453826904297,14.287117398049409,14.653453826904297,2772000,FLRY3.SA
2024-09-06,14.566232824109555,14.71451190065363,14.426676241908744,14.592398643493652,2290100,FLRY3.SA
2024-09-09,14.540065568433738,14.627288849584522,14.43539729832365,14.505175590515137,3507800,FLRY3.SA
2024-09-10,14.391786188641305,14.452841985076475,14.260952101473702,14.365618705749512,3097000,FLRY3.SA
2024-09-11,14.356896558041926,14.505175637383662,14.269674940255028,14.470287322998047,2136700,FLRY3.SA
2024-09-12,14.444119650720502,14.522620436619446,14.28711807892261,14.479009628295898,1532500,FLRY3.SA
2024-09-13,14.583676574724109,14.644734036908691,14.426676662900967,14.54006576538086,1480000,FLRY3.SA
2024-09-16,14.531343120907163,14.566233098938499,14.417954019596763,14.470287322998047,1554300,FLRY3.SA
2024-09-17,14.470287891656334,14.513898702263614,14.339453796188703,14.444120407104492,1492400,FLRY3.SA
2024-09-18,14.348176296892888,14.627289477643243,14.348176296892888,14.487732887268066,1492200,FLRY3.SA
2024-09-19,14.531342398105146,14.583675698903322,14.374340832064975,14.426675796508789,2045000,FLRY3.SA
2024-09-20,14.40923180158314,14.417954296258346,14.121396131884314,14.348176002502441,3626500,FLRY3.SA
2024-09-23,14.191173435241978,14.26967421819454,13.999281893070988,14.04289436340332,2401000,FLRY3.SA
2024-09-24,14.173728637754786,14.243506927579446,13.929504623368482,14.034172058105469,2481600,FLRY3.SA
2024-09-25,14.00800457188721,14.034172054431728,13.728891412661639,13.842281341552734,2718700,FLRY3.SA
2024-09-26,13.903337055525252,13.903337055525252,13.519556463843982,13.615501403808594,3542300,FLRY3.SA
2024-09-27,13.563167649679846,13.71144671765098,13.545722662001927,13.59805679321289,2022800,FLRY3.SA
2024-09-30,13.54572330921024,13.589334948665988,13.414889222665835,13.458500862121582,3301000,FLRY3.SA
2024-10-01,13.475944668805687,13.5544454514226,13.179386526396373,13.205554008483887,4504900,FLRY3.SA
2024-10-02,13.266610145568848,13.327665941703799,13.170665204239233,13.266610145568848,5787700,FLRY3.SA
2024-10-03,13.127052917334192,13.231720347755745,13.09216377386034,13.214275360107422,3981200,FLRY3.SA
2024-10-04,13.214275360107422,13.214275360107422,13.057274630386488,13.214275360107422,3706700,FLRY3.SA
2024-10-07,13.27533310544892,13.353833892845996,13.031108248697379,13.13577651977539,3482000,FLRY3.SA
2024-10-08,13.083441280036178,13.214275360107422,13.083441280036178,13.214275360107422,2624200,FLRY3.SA
2024-10-09,13.135775019711389,13.135775019711389,12.952606813976395,13.03982925415039,3546000,FLRY3.SA
2024-10-10,12.970052304454907,13.004941450480644,12.830495720351959,12.874107360839844,4345400,FLRY3.SA
2024-10-11,12.908995439913566,12.926439595573216,12.699660581061051,12.917717933654785,1978700,FLRY3.SA
2024-10-14,12.90899658203125,12.952608222773074,12.760717502602763,12.90899658203125,2228100,FLRY3.SA
2024-10-15,12.90027415758416,13.153220677073149,12.856662516605466,13.13577651977539,2366800,FLRY3.SA
2024-10-16,13.196830984408257,13.327665062299662,13.08344106205174,13.301498413085938,4859100,FLRY3.SA
2024-10-17,13.23172084362346,13.23172084362346,12.847939419205833,13.0049409866333,3184700,FLRY3.SA
2024-10-18,13.074719086456764,13.127053218780727,12.882829208855465,13.013663291931152,2795400,FLRY3.SA
2024-10-21,13.065996669451497,13.083441657603254,12.95260757375635,13.048552513122559,3667100,FLRY3.SA
2024-10-22,12.908996235548592,13.240443531738276,12.900273741269771,13.188109397888184,3220000,FLRY3.SA
2024-10-23,13.109609110520847,13.18810989836359,12.996219176061645,13.170665740966797,2868800,FLRY3.SA
2024-10-24,13.188109020425545,13.222998164719415,13.065996599485588,13.205554008483887,2314400,FLRY3.SA
2024-10-25,13.214276086381737,13.284054377164548,13.065997010512554,13.10960865020752,1535200,FLRY3.SA
2024-10-28,13.214275360107422,13.318943622351771,13.17938621663357,13.214275360107422,1734600,FLRY3.SA
2024-10-29,13.31894388481853,13.31894388481853,12.760716746413538,12.900273323059082,4234200,FLRY3.SA
2024-10-30,12.908996234026034,13.031107826623783,12.821772954893781,12.99621868133545,1570900,FLRY3.SA
2024-10-31,12.90899608242475,13.118330951696356,12.891551094074035,12.926440238952637,3357000,FLRY3.SA
2024-11-01,12.87410721020197,12.87410721020197,12.35949168847664,12.420547485351562,4638700,FLRY3.SA
2024-11-04,12.673493960917252,12.760717240610104,12.586271513047244,12.690938949584961,2750700,FLRY3.SA
2024-11-05,12.717105980136694,12.743272632096007,12.455436965074949,12.673494338989258,3851000,FLRY3.SA
2024-11-06,12.533938291365756,12.629883240554625,12.429270847208015,12.577549934387207,2259700,FLRY3.SA
2024-11-07,12.472881357184548,12.734550359720162,12.41182472977178,12.586271286010742,4012600,FLRY3.SA
2024-11-08,12.437993206119534,12.55138314400579,11.766376073675458,11.862321853637695,7408600,FLRY3.SA
2024-11-11,11.862320640096442,12.272267875335684,11.801264014051364,12.176322937011719,2914600,FLRY3.SA
2024-11-12,12.20249020234138,12.211212696762265,11.949543686895646,12.115267753601074,2613500,FLRY3.SA
2024-11-13,12.054211387031653,12.246102109356478,12.019322240411038,12.141434669494629,2749500,FLRY3.SA
2024-11-14,12.115267525639505,12.263546600713132,11.93209930536166,12.010600090026855,2588700,FLRY3.SA
2024-11-18,11.99315625981892,12.019322913293562,11.740209724702927,11.809988021850586,2781700,FLRY3.SA
2024-11-19,11.8448761754514,12.080378532409668,11.731486244155512,12.080378532409668,2346200,FLRY3.SA
2024-11-21,12.080378222098522,12.080378222098522,11.748930931091309,11.748930931091309,2250200,FLRY3.SA
2024-11-22,11.871042940895965,11.89721042424711,11.696597211002606,11.844876289367676,2032700,FLRY3.SA
2024-11-25,11.809987729507247,12.350769934926586,11.809987729507247,12.123990058898926,3459300,FLRY3.SA
2024-11-26,12.132713341368706,12.368215727567108,12.036768386893218,12.246103286743164,3018100,FLRY3.SA
2024-11-27,12.246101688617975,12.263546677240361,11.801264460621208,11.853598594665527,2444300,FLRY3.SA
2024-11-28,11.905931934561936,11.905931934561936,11.487262188173919,11.583207130432129,4182500,FLRY3.SA
2024-11-29,11.618096628282707,11.64426411209262,11.286649319762981,11.49598503112793,5963700,FLRY3.SA
2024-12-02,11.548318862915039,11.80998789021359,11.504707219728129,11.548318862915039,6561300,FLRY3.SA
2024-12-03,11.530874391074184,11.792543411254883,11.513429401544792,11.792543411254883,3766600,FLRY3.SA
2024-12-04,11.792542951316179,11.949543691842868,11.487262301041591,11.539595603942871,2876300,FLRY3.SA
2024-12-05,11.679152942807976,11.792542874115568,11.504706382751465,11.504706382751465,3111200,FLRY3.SA
2024-12-06,11.469817587605169,11.557040870298836,11.408761788813324,11.417484283447266,2246200,FLRY3.SA
2024-12-09,11.469817852023,11.51342949437523,11.338983756789204,11.44365119934082,3566800,FLRY3.SA
2024-12-10,11.539594431509766,11.69659598790781,11.478538640387312,11.62681770324707,3070700,FLRY3.SA
2024-12-11,11.714042679200306,12.04548999547076,11.574486089575458,11.97571086883545,4602800,FLRY3.SA
2024-12-12,11.923376340777553,11.923376340777553,11.600651552412987,11.609374046325684,3893800,FLRY3.SA
2024-12-13,11.583207597707158,11.670430880968068,11.443651009948006,11.452373504638672,2110300,FLRY3.SA
2024-12-16,11.509043439511874,11.55337736766641,11.31397550859087,11.349442481994629,2601200,FLRY3.SA
2024-12-17,11.38490829781404,11.38490829781404,11.127772555381759,11.225306510925293,4266900,FLRY3.SA
2024-12-18,11.225307080978352,11.24304098957735,10.764236450195312,10.764236450195312,3526600,FLRY3.SA
2024-12-19,10.826303410000158,11.05683914757182,10.79083643849677,11.00363826751709,2648500,FLRY3.SA
2024-12-20,11.030237754238964,11.225306510925293,10.959303814643802,11.225306510925293,2942900,FLRY3.SA
2024-12-23,11.163238911986902,11.243039801047843,10.861769262467442,10.968170166015625,1944200,FLRY3.SA
2024-12-26,10.932703904938942,10.9504378128097,10.78196907043457,10.78196907043457,1572600,FLRY3.SA
2024-12-27,10.844036411863145,10.994771251303211,10.80856944055956,10.852903366088867,2507500,FLRY3.SA
2024-12-30,10.897236257443188,10.941570178765094,10.702167510986328,10.702167510986328,3384100,FLRY3.SA
2025-01-02,10.728769149426382,10.75536916590946,10.427299477287237,10.666701316833496,3702000,FLRY3.SA
2025-01-03,10.719902801458081,10.77310283743195,10.560301002337829,10.595767974853516,5677800,FLRY3.SA
2025-01-06,10.684434701201631,10.906103467427394,10.640100778836631,10.8883695602417,2525300,FLRY3.SA
2025-01-07,10.923837308696038,11.021372113980373,10.790836377707416,10.852903366088867,2457200,FLRY3.SA
2025-01-08,10.773102584169695,10.835170418812504,10.684435577764592,10.737635612487793,2651000,FLRY3.SA
2025-01-09,10.73763447892401,10.764235339076684,10.657834435263638,10.702167510986328,1329700,FLRY3.SA
2025-01-10,10.702168671522447,10.71990258021395,10.445032914690817,10.498233795166016,2731000,FLRY3.SA
2025-01-13,10.480499284649223,10.551433224143352,10.232230496419767,10.241097450256348,3618900,FLRY3.SA
2025-01-14,10.2410987510808,10.37409969312626,10.187897866902995,10.312032699584961,2026400,FLRY3.SA
2025-01-15,10.480499532591265,10.542567365316442,10.329764696200419,10.427299499511719,4603800,FLRY3.SA
2025-01-16,10.374099423715826,10.374099423715826,9.939628789010996,10.063763618469238,4122300,FLRY3.SA
2025-01-17,10.081496297829041,10.241098094531127,9.992829290682904,10.232231140136719,2897300,FLRY3.SA
2025-01-20,10.152429216850042,10.436165809631348,10.116962248452282,10.436165809631348,1717600,FLRY3.SA
2025-01-21,10.436166701854559,10.462766719027197,10.267697953362816,10.285431861877441,2822900,FLRY3.SA
2025-01-22,10.38296495696708,10.409564971923828,10.196763161071372,10.409564971923828,4063600,FLRY3.SA
2025-01-23,10.524832863382441,10.524832863382441,10.143562316894531,10.143562316894531,2517600,FLRY3.SA
2025-01-24,10.187896441983794,10.498233057484125,10.125829457123427,10.26769733428955,5952100,FLRY3.SA
2025-01-27,10.258830067404919,10.71103454626734,10.232230052648077,10.613500595092773,4579300,FLRY3.SA
2025-01-28,10.604634785993602,10.604634785993602,10.32089900970459,10.32089900970459,2530400,FLRY3.SA
2025-01-29,10.338630910833434,10.409564846932525,10.152429117173517,10.196763038635254,3912500,FLRY3.SA
2025-01-30,10.19676474989592,10.728770205521537,10.19676474989592,10.578035354614258,4056300,FLRY3.SA
2025-01-31,10.578034693079161,10.631234727955052,10.453899869036567,10.498233795166016,3353400,FLRY3.SA
2025-02-03,10.560300004793095,10.65783480419742,10.409565174440276,10.533699989318848,2276100,FLRY3.SA
2025-02-04,10.533700121092652,10.666701045726949,10.453899228072371,10.507100105285645,2460700,FLRY3.SA
2025-02-05,10.51596691596326,10.533700824752074,10.232231140136719,10.232231140136719,2358000,FLRY3.SA
2025-02-06,10.196763372126059,10.312031233456786,10.152429449214358,10.17902946472168,2368800,FLRY3.SA
2025-02-07,10.170162665702104,10.365230560302734,10.125828745802258,10.365230560302734,3072600,FLRY3.SA
2025-02-10,10.453899404791528,10.773102136669394,10.453899404791528,10.542567253112793,2446600,FLRY3.SA
2025-02-11,10.648968891578255,11.136640399478214,10.578034946312732,11.074572563171387,3028000,FLRY3.SA
2025-02-12,10.950437424390403,10.950437424390403,10.622366905212402,10.622366905212402,3623100,FLRY3.SA
2025-02-13,10.595766744621653,10.595766744621653,10.320897950938821,10.436165809631348,3486200,FLRY3.SA
2025-02-14,10.471633862226032,11.05683932417884,10.418432981321542,11.039105415344238,4645500,FLRY3.SA
2025-02-17,11.039105105718892,11.225306915263035,10.932704192493567,11.030238151550293,2559000,FLRY3.SA
2025-02-18,11.047971905070549,11.047971905070549,10.675568291200811,10.755369186401367,4139000,FLRY3.SA
2025-02-19,10.684436303953076,10.817437245400052,10.551434516906738,10.551434516906738,2086200,FLRY3.SA
2025-02-20,10.471633004679184,10.702167881454752,10.46276605098802,10.533699989318848,4725600,FLRY3.SA
2025-02-21,10.551432845825467,10.560299799344126,10.338631034973009,10.409564971923828,2922800,FLRY3.SA
2025-02-24,10.480499173860304,10.560300066347445,10.303164326999578,10.356365203857422,1993900,FLRY3.SA
2025-02-25,10.391832713157063,10.427299684371961,10.134696960449219,10.134696960449219,2957000,FLRY3.SA
2025-02-26,10.241097444750489,10.249964398582303,9.9130277633667,9.9130277633667,4503200,FLRY3.SA
2025-02-27,9.91302791985745,10.072628863353328,9.859827041625977,9.859827041625977,3716100,FLRY3.SA
2025-02-28,10.143562940386847,10.462766522871279,9.833227157592773,9.833227157592773,10019100,FLRY3.SA
2025-03-05,9.86869314905238,10.294296755998424,9.80662616777255,10.099228858947754,5053800,FLRY3.SA
2025-03-06,10.134697021900324,10.409565839082621,10.063763079040422,10.285431861877441,6058600,FLRY3.SA
2025-03-07,10.161772044081827,10.337293173566035,9.958536356519655,10.21720027923584,7112600,FLRY3.SA
2025-03-10,10.217200065557044,10.383483005537686,10.14329545989667,10.17101001739502,4308600,FLRY3.SA
2025-03-11,10.217199801473944,10.217199801473944,9.89387035369873,9.89387035369873,5358200,FLRY3.SA
2025-03-12,9.893870411154106,10.0509160431567,9.838442178270064,9.903108596801758,2984400,FLRY3.SA
2025-03-13,10.134059070160097,10.503577726819639,10.078630831160181,10.392722129821777,5061500,FLRY3.SA
2025-03-14,10.46662515195096,10.77147824328919,10.420435102747794,10.66986083984375,2656800,FLRY3.SA
2025-03-17,10.669860414743056,10.93776163224561,10.623670367380159,10.78995418548584,2649600,FLRY3.SA
2025-03-18,10.780716741551654,10.993189740637002,10.743764877319336,10.743764877319336,2964200,FLRY3.SA
2025-03-19,10.716051268673459,11.29804291384449,10.679099404202251,10.993189811706543,6233800,FLRY3.SA
2025-03-20,10.946999534862204,11.316518142206997,10.928523163994038,10.956236839294434,5552200,FLRY3.SA
2025-03-21,10.910048484802246,11.17794971528417,10.83614387683993,10.910048484802246,3124600,FLRY3.SA
2025-03-24,10.808430048598176,10.947000195465968,10.62367073377636,10.660622596740723,3175200,FLRY3.SA
2025-03-25,10.642147046411658,10.891571899779672,10.568242439893169,10.863858222961426,1701900,FLRY3.SA
2025-03-26,10.891572112561187,11.094807802203242,10.762240149879531,10.910048484802246,2704200,FLRY3.SA
2025-03-27,10.928523647288028,11.104045654290333,10.928523647288028,11.057855606079102,2003600,FLRY3.SA
2025-03-28,11.085570315097241,11.085570315097241,10.762240828506116,10.854620933532715,3462600,FLRY3.SA
2025-03-31,10.771477856183404,10.854619765560765,10.688335946806042,10.808429718017578,2228100,FLRY3.SA
2025-04-01,10.799191532308564,11.04861726044065,10.753002365767255,10.808429718017578,3070200,FLRY3.SA
2025-04-02,10.808429396356518,11.002426885462997,10.789953906490204,10.956236839294434,2048600,FLRY3.SA
2025-04-03,10.956237210155708,11.177949263069241,10.956237210155708,11.039379119873047,2792900,FLRY3.SA
2025-04-04,10.900809813103953,10.900809813103953,10.669860456389895,10.808429718017578,3237200,FLRY3.SA
2025-04-07,10.716051636527403,10.956238323334258,10.522054121143652,10.623671531677246,3472100,FLRY3.SA
2025-04-08,10.716050616765257,10.873096251464544,10.512814934036436,10.614432334899902,3312400,FLRY3.SA
2025-04-09,10.50357662596749,11.150234647848151,10.420434716682484,11.03014087677002,3491800,FLRY3.SA
2025-04-10,10.96547535407389,11.067092753895297,10.87309613996403,11.020903587341309,2106600,FLRY3.SA
2025-04-11,11.094807681899564,11.177949594078964,10.928523857540764,11.104045867919922,1955700,FLRY3.SA
2025-04-14,11.261091037176078,11.399661189544473,11.039379850588976,11.205663681030273,4018900,FLRY3.SA
2025-04-15,11.196425494671992,11.214901867388555,11.048618036947257,11.205663681030273,1200700,FLRY3.SA
2025-04-16,11.196424476578516,11.53822941173705,11.12252075443623,11.418135643005371,8237900,FLRY3.SA
2025-04-17,11.42737452897944,11.464326392315595,11.187186976793473,11.353470802307129,3057600,FLRY3.SA
2025-04-22,11.38118484559788,11.510516811934927,11.177950031213593,11.436613082885742,2885900,FLRY3.SA
2025-04-23,11.528991233567293,11.722988724564908,11.528991233567293,11.630609512329102,2513200,FLRY3.SA
2025-04-24,11.704513841933972,12.01860511803984,11.602896438900505,12.000128746032715,3466200,FLRY3.SA
2025-04-25,12.083270600521594,12.120222463357976,11.935463149176066,11.990890502929688,2274200,FLRY3.SA
2025-04-28,11.99089030449653,12.129460448591239,11.824607364985521,11.935462951660156,2940900,FLRY3.SA
2025-04-29,11.824607364985521,12.064794909948173,11.81536917917883,11.935462951660156,2277900,FLRY3.SA
2025-04-30,11.916986834004467,12.01860511803984,11.732227518942752,12.000128746032715,3534700,FLRY3.SA
2025-05-02,11.898511188115554,12.00936677570957,11.806131091286261,11.963176727294922,3477100,FLRY3.SA
2025-05-05,11.972415615997745,12.129461261225494,11.88927370017106,11.89851188659668,2605600,FLRY3.SA
2025-05-06,11.907748960997187,11.99088998805766,11.852320728621674,11.86155891418457,1691700,FLRY3.SA
2025-05-07,11.972414439810574,11.972414439810574,11.778416948940885,11.852320671081543,1592400,FLRY3.SA
2025-05-08,12.027843146505232,12.323458046732073,11.953938540446625,12.175650596618652,2352400,FLRY3.SA
2025-05-09,12.138698709392843,12.157174200118483,11.455087932506306,11.510516166687012,5405000,FLRY3.SA
2025-05-12,11.510516879993805,11.68603801727295,11.427374964071388,11.68603801727295,1790500,FLRY3.SA
2025-05-13,11.686038059439282,12.000129351389761,11.64908619456287,11.907750129699707,2416000,FLRY3.SA
2025-05-14,11.907749231801033,11.907749231801033,11.593657963534469,11.704513549804688,4285100,FLRY3.SA
2025-05-15,11.5659451176094,11.732228068452287,11.427374964071388,11.68603801727295,3226100,FLRY3.SA
2025-05-16,11.621372124739029,11.63061031089747,11.455088297894768,11.593658447265625,2425300,FLRY3.SA
2025-05-19,11.547467750135548,12.037080136060771,11.482802212655388,11.889272689819336,3991700,FLRY3.SA
2025-05-20,11.870797685463629,11.916986853553396,11.68603748909692,11.778417587280273,2815700,FLRY3.SA
2025-05-21,11.81536931088427,11.81536931088427,11.464326175333921,11.519754409790039,2875100,FLRY3.SA
2025-05-22,11.630609997700375,11.695275537064264,11.408898821879703,11.519754409790039,3436400,FLRY3.SA
2025-05-23,11.39966016023679,11.649085002375518,11.23337634480973,11.630609512329102,2522100,FLRY3.SA
2025-05-26,11.630610717012752,11.82460822810438,11.621372530531733,11.695276260375977,1131500,FLRY3.SA
2025-05-27,11.824607693635208,11.889273234075567,11.722989408941027,11.7876558303833,4240100,FLRY3.SA
2025-05-28,11.833845280740677,11.953938169479562,11.72298881559393,11.880034446716309,1700200,FLRY3.SA
2025-05-29,11.88003555430174,12.009367521696092,11.824608197562696,11.916987419128418,1929900,FLRY3.SA
2025-05-30,11.6583232933204,11.870797157287598,11.492039476389714,11.870797157287598,5185700,FLRY3.SA
2025-06-02,11.88003524551907,12.184888342666,11.796894212571484,11.843083381652832,2571500,FLRY3.SA
2025-06-03,11.824607825882458,12.277268376031389,11.806131453548907,12.046319007873535,2432700,FLRY3.SA
2025-06-04,12.221840255387415,12.286506678163269,12.046319121571651,12.06479549407959,2257900,FLRY3.SA
2025-06-05,12.101747087606782,12.157174441887875,11.972415125947709,12.009366989135742,3712100,FLRY3.SA
2025-06-06,12.0740327835083,12.194126561646724,11.990890869335399,12.0740327835083,2844500,FLRY3.SA
2025-06-09,12.06479512524107,12.175650713893889,11.824607575992337,11.981653213500977,2233100,FLRY3.SA
2025-06-10,12.055557275717302,12.147936495005164,11.759941483391131,11.833846092224121,2600300,FLRY3.SA
2025-06-11,11.778417701270081,11.990890695745406,11.75070402394763,11.796894073486328,1537900,FLRY3.SA
2025-06-12,11.732227268922383,11.99089030449653,11.732227268922383,11.935462951660156,2437900,FLRY3.SA
2025-06-13,11.880035140185457,12.12022269368735,11.7507040583013,12.027843475341797,2528800,FLRY3.SA
2025-06-16,12.184887148656799,12.341932774949727,12.110983428166225,12.231077194213867,3008100,FLRY3.SA
2025-06-17,12.286506497565032,12.332696547154004,12.120222671445498,12.249554634094238,3201300,FLRY3.SA
2025-06-18,12.194126280445067,12.517455743438703,12.157174417331673,12.443552017211914,3401500,FLRY3.SA
2025-06-20,12.360410406191162,12.425075947965086,12.046319121571651,12.06479549407959,4495500,FLRY3.SA
2025-06-23,12.04631894450391,12.314220174917649,11.97241521756232,12.249554634094238,2321300,FLRY3.SA
2025-06-24,12.314219802933886,12.351171665288451,12.027843089936479,12.166412353515625,2869200,FLRY3.SA
2025-06-25,12.07403302367372,12.175651312351645,11.89851188659668,11.89851188659668,3454700,FLRY3.SA
2025-06-26,12.037080034870277,12.064794591558966,11.806130681809057,11.86155891418457,2426500,FLRY3.SA
2025-06-27,11.8153693356465,11.953938600574356,11.649085512931554,11.759941101074219,1785300,FLRY3.SA
2025-06-30,11.759941363434512,12.092509016283875,11.722989499895906,12.027843475341797,1455800,FLRY3.SA
2025-07-01,11.990890617040769,12.14793625584039,11.92622507671219,12.009366989135742,1703400,FLRY3.SA
2025-07-02,12.046319064766157,12.129460978655956,11.833846067938383,12.055557250976562,3336800,FLRY3.SA
2025-07-03,12.08327012481619,12.166412033175316,11.880034446716309,11.880034446716309,1531300,FLRY3.SA
2025-07-04,11.852321462781983,12.12946087982248,11.852321462781983,12.027843475341797,985600,FLRY3.SA
2025-07-07,12.055557038371262,12.166412627935362,11.843083164288636,12.009366989135742,2185300,FLRY3.SA
2025-07-08,11.99089030449653,12.064794909948173,11.90774927524197,11.935462951660156,2460100,FLRY3.SA
2025-07-09,11.935462694537588,12.037080093216414,11.870797157287598,11.870797157287598,2677900,FLRY3.SA
2025-07-10,11.796893745395922,11.87079747020169,11.686037277185374,11.732227325439453,5338500,FLRY3.SA
2025-07-11,11.713751520582585,11.769178872199435,11.528991332521437,11.658323287963867,2965700,FLRY3.SA
2025-07-14,11.676799649618298,11.953938169479562,11.575181370067423,11.880034446716309,2293400,FLRY3.SA
2025-07-15,11.935463341100503,11.972415204531078,11.66756211097836,11.796894073486328,2242300,FLRY3.SA
2025-07-16,11.898511617953151,11.95393897325154,11.722989603837082,11.843083381652832,3829900,FLRY3.SA
2025-07-17,11.843083226296544,11.907749647965616,11.732227636152027,11.806131362915039,2169900,FLRY3.SA
2025-07-18,11.667562484741211,11.870798180620854,11.63984880653097,11.667562484741211,2332300,FLRY3.SA
2025-07-21,13.764581117346088,14.032482332188334,13.219541383082245,13.404300689697266,18142600,FLRY3.SA
2025-07-22,13.28420740124242,13.515156763125628,13.1179235787659,13.293445587158203,10068600,FLRY3.SA
2025-07-23,13.191826826338591,13.50591808808506,13.191826826338591,13.404300689697266,3109600,FLRY3.SA
2025-07-24,13.274969159006965,13.404301118273548,13.071733474731445,13.071733474731445,3089000,FLRY3.SA
2025-07-25,13.044019212771444,13.45049056308265,13.044019212771444,13.376585960388184,2888900,FLRY3.SA
2025-07-28,13.37658671669534,13.570584217357446,13.321159362792969,13.321159362792969,4693900,FLRY3.SA
2025-07-29,13.284207556778167,13.533632412411391,13.284207556778167,13.330397605895996,3342000,FLRY3.SA
2025-07-30,13.219542419983792,13.552109197976376,13.210304233677958,13.432015419006348,2860300,FLRY3.SA
2025-07-31,13.3396345976779,13.3858246457111,13.145637100739977,13.25649356842041,3419000,FLRY3.SA
2025-08-01,13.339634105956103,13.478204244947767,13.154874801635742,13.154874801635742,6553100,FLRY3.SA
2025-08-04,13.302683480492277,13.330398039465534,12.979354888155068,13.210304260253906,2522400,FLRY3.SA
2025-08-05,13.14563661616926,13.311920430558514,13.06249558997649,13.154874801635742,2209200,FLRY3.SA
2025-08-06,13.265730802409804,13.468966484069824,13.10868516853641,13.468966484069824,2646200,FLRY3.SA
2025-08-07,13.450491848454245,13.746106763474579,13.413539984076705,13.441253662109375,3101000,FLRY3.SA
2025-08-08,13.459728370163463,13.533632094615825,13.062496071482485,13.25649356842041,2333700,FLRY3.SA
2025-08-11,13.173352282559991,13.274969688248044,13.080972182114904,13.191827774047852,1567400,FLRY3.SA
2025-08-12,13.21030361905085,13.432014794063829,13.1825899424247,13.284207344055176,2150000,FLRY3.SA
2025-08-13,13.322066659419653,13.397599213799,12.963286575908215,13.189885139465332,3072700,FLRY3.SA
2025-08-14,13.001054052164948,13.369275038117925,13.001054052164948,13.16156005859375,5629600,FLRY3.SA
2025-08-15,13.133235276670623,13.4259246002762,12.95384568508074,13.293742179870605,2576500,FLRY3.SA
2025-08-18,13.331508397418903,13.46369081723306,13.199325977604746,13.378716468811035,2542800,FLRY3.SA
2025-08-19,13.12379389593941,13.359833360977307,13.010495060771513,13.18044376373291,3611600,FLRY3.SA
2025-08-20,13.180443228644963,13.27485937099474,13.086027086295186,13.171001434326172,3144700,FLRY3.SA
2025-08-21,13.029378358340782,13.425924722756042,13.029378358340782,13.123793601989746,4593100,FLRY3.SA
2025-08-22,13.152118982667393,13.425924719903655,13.06714463310802,13.416482925415039,1835300,FLRY3.SA
2025-08-25,13.331508460266768,13.501457157911995,13.331508460266768,13.397599220275879,1227600,FLRY3.SA
2025-08-26,13.454248905633419,13.454248905633419,13.340950075531003,13.359832763671875,1105900,FLRY3.SA
2025-08-27,13.350392281630565,13.624198021262254,13.331508692488129,13.539223670959473,2129900,FLRY3.SA
2025-08-28,13.6430809423255,14.058510906342905,13.605314663816564,13.78470516204834,2381400,FLRY3.SA
2025-08-29,13.831912210892785,14.077393469210142,13.728055171028872,14.058510780334473,2978400,FLRY3.SA
2025-09-01,14.473939122262449,14.672212297927102,14.341756705012997,14.51170539855957,5288200,FLRY3.SA
2025-09-02,14.379523277282715,14.64388811722302,14.219017275030554,14.379523277282715,3332200,FLRY3.SA
2025-09-03,14.379523573454003,14.615563035135802,14.379523573454003,14.540030479431152,6990100,FLRY3.SA
2025-09-04,14.57779645425525,14.70053707982867,14.473939417425004,14.568355560302734,2739700,FLRY3.SA
2025-09-05,14.587238835487256,14.88936996459961,14.587238835487256,14.88936996459961,2782700,FLRY3.SA
2025-09-08,14.82327800829193,14.908252358534387,14.577796752129075,14.832719802856445,3189100,FLRY3.SA
2025-09-09,14.766628451261935,14.908251762390137,14.662770516043471,14.908251762390137,2608100,FLRY3.SA
2025-09-10,14.898810143539198,14.97434269708568,14.766628625042385,14.842161178588867,4661100,FLRY3.SA
2025-09-11,14.785511728994496,14.955460429462645,14.681654690052342,14.728862762451172,3339000,FLRY3.SA
2025-09-12,14.625004764433298,14.955460369480651,14.625004764433298,14.917694091796875,2643900,FLRY3.SA
2025-09-15,14.898810869403668,14.97434342663007,14.681654992482544,14.70053768157959,3894100,FLRY3.SA
2025-09-16,14.74774497877043,14.851602014385909,14.57779628374595,14.738303184509277,4084900,FLRY3.SA
2025-09-17,14.75718712933853,14.861044167461602,14.558913947162424,14.709979057312012,3837900,FLRY3.SA
2025-09-18,14.709979297773806,14.728862887060734,14.483381628845265,14.662771224975586,2276500,FLRY3.SA
2025-09-19,14.653330436532416,15.285916275505501,14.615563257685924,15.078201293945312,10260300,FLRY3.SA
2025-09-22,14.927135535129176,15.125408713408962,14.76662863364463,15.049875259399414,3093100,FLRY3.SA
2025-09-23,15.059317704358133,15.200941923773625,14.927136180073262,15.182058334350586,2689700,FLRY3.SA
2025-09-24,15.153732826583562,15.427539468469163,15.097083859614822,15.352006912231445,3773800,FLRY3.SA
2025-09-25,15.2670320306418,15.342564584253832,15.115966923417735,15.153732299804688,3099700,FLRY3.SA
2025-09-26,15.219825093436357,15.323681230722332,15.049875494573488,15.191499710083008,2989700,FLRY3.SA
2025-09-29,15.323680936334545,15.408655283923975,15.068758793985321,15.238706588745117,3584400,FLRY3.SA
2025-09-30,15.295357354363484,15.436980666733158,15.22926479447539,15.238706588745117,2809100,FLRY3.SA
2025-10-01,15.238706761221897,15.285915733104863,14.936576544523483,15.068758964538574,3132700,FLRY3.SA
2025-10-02,15.021551071581598,15.106525421142578,14.851602372459638,15.106525421142578,3356300,FLRY3.SA
2025-10-03,15.08764183216499,15.115967215631372,14.974342999556711,15.106525421142578,2797600,FLRY3.SA
2025-10-06,15.106525061207082,15.172615820215764,14.898810089498147,15.03099250793457,1586600,FLRY3.SA
2025-10-07,14.98378509433938,15.030993167310376,14.804395497552514,14.87048625946045,3127200,FLRY3.SA
2025-10-08,14.908251879533756,14.908251879533756,14.596679872268252,14.738303184509277,4686900,FLRY3.SA
2025-10-09,14.813835614706726,14.813835614706726,14.473939127900236,14.615562438964844,2006700,FLRY3.SA
2025-10-10,14.558913765931147,14.70053707982867,14.407848657662036,14.568355560302734,2347900,FLRY3.SA
2025-10-13,14.51170575730608,14.67221266064153,14.51170575730608,14.587238311767578,1236100,FLRY3.SA
2025-10-14,14.502264495108893,14.66277140433475,14.473940011251127,14.492823600769043,1579400,FLRY3.SA
2025-10-15,14.37952298691113,14.615562438964844,14.313432228470186,14.615562438964844,1986000,FLRY3.SA
2025-10-16,14.6250046494391,14.700537204212752,14.445615056956449,14.502264022827148,1465600,FLRY3.SA
2025-10-17,14.398407042523715,14.709979057312012,14.388965248034594,14.709979057312012,1408300,FLRY3.SA
2025-10-20,14.152926088476004,14.256784029220775,13.869678550728876,14.077393531799316,6329100,FLRY3.SA
2025-10-21,14.039627012365827,14.096276879110075,13.860237418444033,14.020744323730469,2576900,FLRY3.SA
2025-10-22,13.558106361053374,13.643080711364746,13.189885376929555,13.643080711364746,17859100,FLRY3.SA
2025-10-23,13.813029721182899,13.82247151596642,13.246534640039208,13.407041549682617,8209300,FLRY3.SA
2025-10-24,13.407041249574979,13.765821339545715,13.369274971705378,13.643080711364746,9597100,FLRY3.SA
2025-10-27,13.765820800183697,13.822470664978027,13.444807000660278,13.822470664978027,5788200,FLRY3.SA
2025-10-28,13.737496380999183,13.935769558060084,13.614755757064428,13.841353416442871,5137500,FLRY3.SA
2025-10-29,13.95465291120527,14.020744573654847,13.671405373273224,13.68084716796875,3444900,FLRY3.SA
2025-10-30,13.605314549008986,13.737496972884403,13.548665581933163,13.661964416503906,2262700,FLRY3.SA
2025-10-31,13.813028929136465,13.822470723378588,13.652522028696607,13.737496376037598,2847400,FLRY3.SA
2025-11-03,13.916885846201733,13.926327640363567,13.63363832428002,13.718612670898438,1587000,FLRY3.SA
2025-11-04,13.69028830524604,13.784704446829155,13.624197546389297,13.737496376037598,1384200,FLRY3.SA
2025-11-05,13.73749661507417,14.0962766987462,13.709172132274004,13.982977867126465,3381300,FLRY3.SA
2025-11-06,14.02074402969662,14.32287424487897,13.926327887242604,14.256783485412598,3117400,FLRY3.SA
2025-11-07,14.39840663798638,14.87992733837371,14.379523049538694,14.823277473449707,6201800,FLRY3.SA
2025-11-10,14.983785210856697,15.134851225622427,14.804395612674858,14.88936996459961,7412800,FLRY3.SA
2025-11-11,15.002668504800662,15.07820106048595,14.842161598864651,14.936576843261719,3786000,FLRY3.SA
2025-11-12,14.936576375466313,15.285915560093756,14.87048561641634,15.238706588745117,4280400,FLRY3.SA
2025-11-13,15.163174203480695,15.257590346386278,14.927135647054882,14.9649019241333,3419100,FLRY3.SA
2025-11-14,14.964901632681082,15.097083149671683,14.927135356338189,15.01210880279541,2447800,FLRY3.SA
2025-11-17,15.059317290667906,15.059317290667906,14.823277831878693,14.898810386657715,1684300,FLRY3.SA
2025-11-18,14.832719980962194,14.851602669898872,14.719421146084832,14.766629219055176,3873900,FLRY3.SA
2025-11-19,14.73830330097691,14.823277649160648,14.672212541464699,14.757186889648438,4812900,FLRY3.SA
2025-11-21,14.747745638518689,14.747745638518689,14.436173617314843,14.473939895629883,4665000,FLRY3.SA
2025-11-24,14.464497625805022,14.691096188670864,14.30399072313379,14.379523277282715,3119000,FLRY3.SA
2025-11-25,14.398406922876173,14.42673140568908,14.190691947937012,14.190691947937012,3445200,FLRY3.SA
2025-11-26,14.190691831525795,14.672212537490509,14.190691831525795,14.653329849243164,2111900,FLRY3.SA
2025-11-27,14.92713612690288,15.030993167102354,14.625005000144148,14.766629219055176,7615300,FLRY3.SA
2025-11-28,14.766628637857321,15.27647382494807,14.766628637857321,15.153732299804688,2927400,FLRY3.SA
2025-12-01,15.134850865686738,15.172616242956156,14.983784854513647,15.021551132202148,2423200,FLRY3.SA
2025-12-02,15.049876024212754,15.200942039489746,14.91769449892166,15.200942039489746,4429300,FLRY3.SA
2025-12-03,15.300000190734863,15.329999923706055,15.020000457763672,15.199999809265137,2692600,FLRY3.SA
2025-12-04,15.210000038146973,15.390000343322754,15.149999618530273,15.390000343322754,3095200,FLRY3.SA
2025-12-05,15.380000114440918,15.380000114440918,14.489999771118164,14.489999771118164,3775800,FLRY3.SA
2025-12-08,14.520000457763672,14.789999961853027,14.430000305175781,14.5,2133200,FLRY3.SA
2025-12-09,14.479999542236328,14.5600004196167,13.899999618530273,14.40999984741211,4846300,FLRY3.SA
2025-12-10,14.529999732971191,14.930000305175781,14.359999656677246,14.819999694824219,3787200,FLRY3.SA
2025-12-11,14.739999771118164,14.979999542236328,14.630000114440918,14.8100004196167,2242400,FLRY3.SA
2025-12-12,14.800000190734863,15.140000343322754,14.800000190734863,15.079999923706055,1537700,FLRY3.SA
2025-12-15,15.199999809265137,15.300000190734863,15.119999885559082,15.199999809265137,2080400,FLRY3.SA
2025-12-16,15.100000381469727,15.149999618530273,14.770000457763672,14.770000457763672,2363200,FLRY3.SA
2025-12-17,14.600000381469727,14.920000076293945,14.40999984741211,14.5600004196167,4128600,FLRY3.SA
2025-12-18,14.479999542236328,14.729999542236328,14.479999542236328,14.699999809265137,3414400,FLRY3.SA
2025-12-19,14.699999809265137,14.8100004196167,14.529999732971191,14.529999732971191,2290600,FLRY3.SA
2025-12-22,14.539999961853027,14.670000076293945,14.460000038146973,14.640000343322754,2558600,FLRY3.SA
2025-12-23,14.65999984741211,15.0,14.619999885559082,15.0,1475400,FLRY3.SA
2025-12-26,14.949999809265137,14.960000038146973,14.760000228881836,14.890000343322754,1007700,FLRY3.SA
2025-12-29,14.880000114440918,14.880000114440918,14.739999771118164,14.770000457763672,908700,FLRY3.SA
2025-12-30,14.770000457763672,15.050000190734863,14.770000457763672,15.0,2067200,FLRY3.SA
2026-01-02,15.09000015258789,15.100000381469727,14.819999694824219,14.829999923706055,2131600,FLRY3.SA
2026-01-05,14.8100004196167,15.0,14.670000076293945,15.0,1453400,FLRY3.SA
2026-01-06,15.010000228881836,15.739999771118164,15.010000228881836,15.59000015258789,4771400,FLRY3.SA
2026-01-07,15.640000343322754,15.640000343322754,15.220000267028809,15.350000381469727,2482100,FLRY3.SA
2026-01-08,15.350000381469727,15.529999732971191,15.140000343322754,15.149999618530273,9050800,FLRY3.SA
2026-01-09,15.59000015258789,15.869999885559082,15.329999923706055,15.5,3850800,FLRY3.SA
2026-01-12,15.5,15.640000343322754,15.369999885559082,15.5,2131700,FLRY3.SA
2026-01-13,15.5,15.5,15.09000015258789,15.130000114440918,5059100,FLRY3.SA
2026-01-14,15.279999732971191,15.5600004196167,15.210000038146973,15.5600004196167,2795900,FLRY3.SA
2026-01-15,15.739999771118164,15.829999923706055,15.489999771118164,15.729999542236328,2425600,FLRY3.SA
2026-01-16,15.6899995803833,16.020000457763672,15.430000305175781,15.430000305175781,2757400,FLRY3.SA
2026-01-19,15.380000114440918,15.680000305175781,15.359999656677246,15.600000381469727,1357900,FLRY3.SA
2026-01-20,15.550000190734863,15.640000343322754,15.430000305175781,15.640000343322754,1982000,FLRY3.SA
2026-01-21,15.890000343322754,16.3799991607666,15.859999656677246,16.020000457763672,4450800,FLRY3.SA
2026-01-22,16.110000610351562,16.729999542236328,16.110000610351562,16.469999313354492,5972500,FLRY3.SA
2026-01-23,16.459999084472656,16.899999618530273,16.290000915527344,16.770000457763672,2784500,FLRY3.SA
2026-01-26,16.799999237060547,16.920000076293945,16.559999465942383,16.780000686645508,2254100,FLRY3.SA
2026-01-27,16.93000030517578,17.18000030517578,16.889999389648438,17.040000915527344,1420600,FLRY3.SA
2021-01-27,15.749550539578472,16.181345940316472,15.734913076118287,16.1081600189209,3377400,SAPR11.SA
2021-01-28,15.917882132609533,16.452137151928007,15.888607196583752,16.1301212310791,2085100,SAPR11.SA
2021-01-29,16.01301954538827,16.32039933006482,15.954471081445378,16.159391403198242,2411800,SAPR11.SA
2021-02-01,16.034977479390957,16.210622890241716,15.800783598256615,15.932518005371094,1837200,SAPR11.SA
2021-02-02,16.078887890721063,16.539958298634186,16.078887890721063,16.2691707611084,1632700,SAPR11.SA
2021-02-03,16.342357671076428,16.5253218193849,16.122801251468534,16.195985794067383,1880500,SAPR11.SA
2021-02-04,16.37163489180951,16.37163489180951,15.895926923030855,15.954475402832031,2343500,SAPR11.SA
2021-02-05,15.998384366388862,16.342356436701767,15.85201250043561,16.32040023803711,2537700,SAPR11.SA
2021-02-08,16.261851620814834,16.291126552097637,16.04229521981602,16.04961395263672,1114100,SAPR11.SA
2021-02-09,16.115482217236973,16.679012118526312,16.005704009482002,16.496047973632812,2266700,SAPR11.SA
2021-02-10,16.393586480051137,16.437497482302657,16.07156920642694,16.078887939453125,949900,SAPR11.SA
2021-02-11,16.174031710703893,16.40090687386712,16.10084576893667,16.232580184936523,766600,SAPR11.SA
2021-02-12,16.313084715731225,16.32040205352786,15.976429944951304,16.005704879760742,1502500,SAPR11.SA
2021-02-17,16.152074436371162,16.181349369495525,15.84469461809358,15.859332084655762,1406400,SAPR11.SA
2021-02-18,15.866648220082494,15.932515412922196,15.551949720049565,15.588541984558105,3067800,SAPR11.SA
2021-02-19,15.61050137221948,15.669049844946048,15.317759008586634,15.34703254699707,2791300,SAPR11.SA
2021-02-22,14.995742200174815,15.456812659365713,14.563946676255735,15.288484573364258,4982600,SAPR11.SA
2021-02-23,15.29580144178545,15.639774909751347,15.17870450679021,15.200660705566406,2415500,SAPR11.SA
2021-02-24,15.259209432574515,15.676367445077783,15.142112495587828,15.149431228637695,2754800,SAPR11.SA
2021-02-25,15.178702890063596,15.29579981258651,14.790818461765545,14.812774658203125,1741200,SAPR11.SA
2021-02-26,14.761550348629715,14.951833266566108,14.402940717255493,14.44685173034668,3123100,SAPR11.SA
2021-03-01,14.717635262686308,14.724953995493829,14.24192740153632,14.293158531188965,1922300,SAPR11.SA
2021-03-02,14.161424080651516,14.490758680351686,13.810133282609115,14.454166412353516,3045300,SAPR11.SA
2021-03-03,14.432211337790271,14.812777096588789,14.073601779043626,14.607856750488281,2234400,SAPR11.SA
2021-03-04,14.871325718740714,15.186024276489993,14.732272575475893,14.96646785736084,1975400,SAPR11.SA
2021-03-05,15.017694256910936,15.134791173869257,14.717633232717068,14.761544227600098,1917400,SAPR11.SA
2021-03-08,14.695679987650164,14.856687931815719,14.483442306518555,14.483442306518555,1528000,SAPR11.SA
2021-03-09,14.571261408868683,14.629809867429419,14.359023770050523,14.42488956451416,1170200,SAPR11.SA
2021-03-10,14.3956190107695,14.834733238753884,14.263884602783621,14.798139572143555,2115700,SAPR11.SA
2021-03-11,14.893280171195265,15.427535085375503,14.798138043740671,15.31043815612793,1806700,SAPR11.SA
2021-03-12,15.361667877905605,15.442172540174003,15.105517821883389,15.281163215637207,1527200,SAPR11.SA
2021-03-15,15.551949513585804,15.712957429553457,15.383622865632523,15.58122444152832,3226300,SAPR11.SA
2021-03-16,15.639775583390257,15.639775583390257,15.076245687012229,15.368988037109375,2926700,SAPR11.SA
2021-03-17,15.332396315694421,15.873970031738283,15.098201031327141,15.873970031738281,2972200,SAPR11.SA
2021-03-18,15.83737558849321,16.152074134163833,15.698323846471094,16.027658462524414,2632600,SAPR11.SA
2021-03-19,16.02034011236995,16.488729273454148,15.910561904394436,16.34967613220215,2116800,SAPR11.SA
2021-03-22,16.269174005228052,16.335041219492606,15.917883126420996,15.954475402832031,1913300,SAPR11.SA
2021-03-23,15.954469692085588,16.181346191524554,15.903239965084973,16.056930541992188,1620800,SAPR11.SA
2021-03-24,16.108164837249753,16.356996206882776,15.917881943065339,15.991067886352539,1954900,SAPR11.SA
2021-03-25,15.99838505430963,16.59118848468991,15.691005239315109,16.40090560913086,2200800,SAPR11.SA
2021-03-26,16.496049527502755,16.518004333578425,16.042297791226567,16.17403221130371,1454500,SAPR11.SA
2021-03-29,16.122797732680226,16.247213382212593,15.932514892459821,16.056930541992188,1000600,SAPR11.SA
2021-03-30,16.05693240865478,16.305763736646842,16.020338745182105,16.247215270996094,1444700,SAPR11.SA
2021-03-31,16.254534554186236,16.371632895415214,15.83005777841291,16.100845336914062,3259300,SAPR11.SA
2021-04-01,15.859331044079168,16.261851576789102,15.859331044079168,16.239896774291992,2701500,SAPR11.SA
2021-04-05,16.254533644738018,16.313083510029465,15.859331825360076,15.910561561584473,1483400,SAPR11.SA
2021-04-06,15.881288039879298,16.01302104919291,15.81542083726968,15.83737564086914,1311400,SAPR11.SA
2021-04-07,15.844692019577812,15.991063869383478,15.588541980370604,15.661727905273438,1834700,SAPR11.SA
2021-04-08,15.749553501798427,15.749553501798427,15.347031556368,15.464128494262695,2568200,SAPR11.SA
2021-04-09,15.412899220675598,15.66173057014102,15.412899220675598,15.551952362060547,2001100,SAPR11.SA
2021-04-12,15.559272790727835,15.625140001934152,15.405582165944493,15.48608684539795,1425300,SAPR11.SA
2021-04-13,15.471447257986506,15.471447257986506,15.32507678328128,15.449492454528809,1309500,SAPR11.SA
2021-04-14,15.434854575556889,15.456810774333086,15.17138577386481,15.200660705566406,1934100,SAPR11.SA
2021-04-15,15.478763857827012,15.588542047702724,15.229932549625843,15.237251281738281,3377300,SAPR11.SA
2021-04-16,15.105516834337234,15.610498180806477,15.105516834337234,15.588541984558105,3296800,SAPR11.SA
2021-04-19,15.60318046099408,15.734914855219872,15.390942800445696,15.456809997558594,1970600,SAPR11.SA
2021-04-20,15.427533791301716,16.06424951209449,15.405577595444935,15.976426124572754,2839300,SAPR11.SA
2021-04-22,16.049612583444453,16.093523580717058,15.647090688078357,15.683684349060059,1540800,SAPR11.SA
2021-04-23,15.808102134770138,15.8812880706901,15.544633323820522,15.822739601135254,1564300,SAPR11.SA
2021-04-26,15.895922237922623,15.969108165079996,15.5958611928923,15.676365852355957,1176500,SAPR11.SA
2021-04-27,15.69832385029041,15.720278653822604,15.259209632873535,15.259209632873535,1548800,SAPR11.SA
2021-04-28,15.332394325693354,15.471446056478763,15.207978664107907,15.427535057067871,1166500,SAPR11.SA
2021-04-29,15.449493087518016,15.734916711407218,15.361669682372133,15.69100570678711,1575100,SAPR11.SA
2021-04-30,15.588542713302587,15.756870767265065,15.368986324176541,15.625136375427246,2324300,SAPR11.SA
2021-05-03,15.544632014623076,15.734914873626758,15.22993349380566,15.31043815612793,2155200,SAPR11.SA
2021-05-04,15.317758419970978,15.41289916103104,15.003059867693958,15.01769733428955,1626200,SAPR11.SA
2021-05-05,15.149429318607876,15.149429318607876,14.83473081666853,14.973782539367676,1533100,SAPR11.SA
2021-05-06,14.885961522531701,15.068925650000473,14.820094324970503,14.85668659210205,1433400,SAPR11.SA
2021-05-07,14.995741087426957,15.120156761288515,14.907919079939763,15.10551929473877,905600,SAPR11.SA
2021-05-10,15.207980906119186,15.215299639750869,14.864007404958551,15.039652824401855,1735700,SAPR11.SA
2021-05-11,15.00306083609445,15.171387525091793,14.915237426757814,14.915237426757812,1518900,SAPR11.SA
2021-05-12,14.798137753630941,14.87864241437496,14.446846972775095,14.47612190246582,4252100,SAPR11.SA
2021-05-13,14.541990932459054,14.805458353377773,14.541990932459054,14.710317611694336,2734900,SAPR11.SA
2021-05-14,14.82009449924331,15.259208689513109,14.724953766039196,15.186022758483887,2687200,SAPR11.SA
2021-05-17,15.156747147128906,15.317756467344521,14.951828224535165,15.09088134765625,1394300,SAPR11.SA
2021-05-18,15.186024751380511,15.186024751380511,14.878644917444051,14.922555923461914,1058100,SAPR11.SA
2021-05-19,14.915234073646284,15.273844968237555,14.864004344677651,15.046968460083008,1586700,SAPR11.SA
2021-05-20,14.988423803386494,15.134795691225404,14.959150263362178,15.076247215270996,1005900,SAPR11.SA
2021-05-21,15.04696846473352,15.061605928987776,14.893279277780124,14.973782539367676,1084700,SAPR11.SA
2021-05-24,15.003057458647184,15.178702841873916,14.951827729694234,15.12015438079834,1358100,SAPR11.SA
2021-05-25,15.215299619921533,15.229935691260119,15.054290272045723,15.112838745117188,932800,SAPR11.SA
2021-05-26,15.120157285527966,15.193343224908526,15.003060340881348,15.003060340881348,876300,SAPR11.SA
2021-05-27,15.025015328290587,15.061607597073424,14.907918393098818,15.054288864135742,1064100,SAPR11.SA
2021-05-28,15.105517917132023,15.105517917132023,14.732270929587067,14.85668659210205,2314200,SAPR11.SA
2021-05-31,14.842052234176188,14.893281972429678,14.666406819061791,14.746910095214844,1944700,SAPR11.SA
2021-06-01,14.834732312886805,14.981102782475874,14.69567918025746,14.783502578735352,2726900,SAPR11.SA
2021-06-02,14.76154491483543,15.032332420349121,14.7029964536305,15.032332420349121,3439300,SAPR11.SA
2021-06-04,15.025020231222056,15.025020231222056,14.805462359162666,14.849374771118164,2394000,SAPR11.SA
2021-06-07,14.871322395475586,15.010375507666483,14.827411400643593,14.951827049255371,1643700,SAPR11.SA
2021-06-08,15.010376708828474,15.068925171924755,14.842050051914848,14.871323585510254,1459500,SAPR11.SA
2021-06-09,14.92255355283073,14.937191017813248,14.84205028723787,14.864005088806152,1091500,SAPR11.SA
2021-06-10,14.915239811308426,15.003063234685696,14.864010062632502,14.929877281188965,1223800,SAPR11.SA
2021-06-11,14.959148406982422,15.12015634690006,14.812776537307764,14.959148406982422,1302700,SAPR11.SA
2021-06-14,14.981102343008239,15.537313461303711,14.944510075660789,15.537313461303711,2946800,SAPR11.SA
2021-06-15,15.544633415537369,15.617819351889146,15.281164603033227,15.515359878540039,2066800,SAPR11.SA
2021-06-16,15.588542282914126,15.617817211805594,15.251888976094882,15.303118705749512,1652000,SAPR11.SA
2021-06-17,15.303120174710848,15.471446844278312,15.142112238068787,15.200660705566406,1413600,SAPR11.SA
2021-06-18,15.222615929935703,15.39094400006957,15.164067460816936,15.376306533813477,1910200,SAPR11.SA
2021-06-21,15.368988029566816,15.368988029566816,14.995741009911518,15.339713096618652,2072300,SAPR11.SA
2021-06-22,15.398263951725449,15.442174958062978,15.090884115551287,15.325078010559082,1363100,SAPR11.SA
2021-06-23,15.33239580611714,15.500722483366308,15.24457240291004,15.251891136169434,1519900,SAPR11.SA
2021-06-24,15.332395508441671,15.515359648657416,15.273847039408857,15.420217514038086,1516000,SAPR11.SA
2021-06-25,15.508041398668015,15.544633669488892,15.222616381823684,15.434855461120605,1627000,SAPR11.SA
2021-06-28,15.44949373340195,15.478767272403946,15.12747642894563,15.178706169128418,2964200,SAPR11.SA
2021-06-29,15.193343726402386,15.25921093442843,14.856688952501967,14.915237426757812,2915000,SAPR11.SA
2021-06-30,15.025015303073546,15.207979438491806,14.878643436376707,15.200660705566406,2913500,SAPR11.SA
2021-07-01,15.317775276053748,15.37028456061318,15.017721199449358,15.070230484008789,1810800,SAPR11.SA
2021-07-02,15.077731469638522,15.257763909092127,15.01772065648732,15.212756156921387,1240600,SAPR11.SA
2021-07-05,15.16024969962427,15.182754297412972,15.047729572222856,15.10774040222168,832300,SAPR11.SA
2021-07-06,15.08523214539998,15.130239895020583,14.852689005690646,14.87519359588623,2278200,SAPR11.SA
2021-07-07,15.002721055771538,15.137745774196837,14.74017315114134,15.07773494720459,2892200,SAPR11.SA
2021-07-08,14.995217332061486,14.995217332061486,14.815184877395751,14.84519100189209,2043200,SAPR11.SA
2021-07-12,14.957711841841956,15.385289121519369,14.822687136518386,15.377787590026855,3497900,SAPR11.SA
2021-07-13,15.212754200141205,15.400288145962998,15.182748082039897,15.355278968811035,877300,SAPR11.SA
2021-07-14,15.415290096317596,15.557816298735712,15.332776131355942,15.43779468536377,1464900,SAPR11.SA
2021-07-15,15.377786091374627,15.392789152897521,15.070230484008789,15.070230484008789,1702600,SAPR11.SA
2021-07-16,15.160249130559215,15.415295506173392,15.1152413674423,15.302775382995605,1342500,SAPR11.SA
2021-07-19,15.115239407456647,15.280270235437527,15.00271929886929,15.09273624420166,1359100,SAPR11.SA
2021-07-20,15.0477294921875,15.257768111451762,14.97271559739519,15.0477294921875,1511600,SAPR11.SA
2021-07-21,15.055227861483655,15.100235616594027,14.815184593200684,14.815184593200684,2452900,SAPR11.SA
2021-07-22,14.830186017358354,15.085232319435121,14.830186017358354,14.942706108093262,1589600,SAPR11.SA
2021-07-23,14.942710573591862,15.017724466755908,14.70266726008372,14.807685852050781,1769100,SAPR11.SA
2021-07-26,14.84518882113703,14.84518882113703,14.6876595522138,14.717665672302246,1299300,SAPR11.SA
2021-07-27,14.695161082235911,14.84518882113703,14.650153332873797,14.717665672302246,1181200,SAPR11.SA
2021-07-28,14.770177142007777,14.897700309753418,14.710166323702225,14.897700309753418,916200,SAPR11.SA
2021-07-29,14.875193364460111,14.950207233174437,14.702662467956543,14.702662467956543,1080900,SAPR11.SA
2021-07-30,14.740170505088702,14.755173566836262,14.485124178463048,14.642653465270996,1981300,SAPR11.SA
2021-08-02,14.74767372754838,14.762676791016819,14.567641258239744,14.567641258239746,2756800,SAPR11.SA
2021-08-03,14.612648822850726,14.657658012655345,14.320096242975024,14.59764575958252,1737300,SAPR11.SA
2021-08-04,14.545134520143845,14.7101653324414,14.38010513861696,14.49262523651123,1495700,SAPR11.SA
2021-08-05,14.560140860302484,14.560140860302484,14.177571296691896,14.177571296691895,1938900,SAPR11.SA
2021-08-06,14.200075008892371,14.252584301078263,14.087554892669619,14.18507194519043,2114300,SAPR11.SA
2021-08-09,14.177571586825007,14.417614902840974,14.155068420180399,14.260087013244629,1453200,SAPR11.SA
2021-08-10,14.275087192187216,14.417611988025502,14.155065558444065,14.207574844360352,1402600,SAPR11.SA
2021-08-11,14.200075823644577,14.357603709240665,14.080054168684418,14.170069694519043,1088100,SAPR11.SA
2021-08-12,14.162564077927962,14.23757794833773,13.997534707642936,14.042542457580566,1198500,SAPR11.SA
2021-08-13,14.177568243777134,14.530133032966019,13.997535799216521,14.507628440856934,2153000,SAPR11.SA
2021-08-16,14.447618292414422,14.657656869475389,14.305092064024096,14.477622985839844,2642300,SAPR11.SA
2021-08-17,14.282588794698304,14.440116653236382,14.057547157224384,14.215076446533203,2934100,SAPR11.SA
2021-08-18,14.252585480772753,14.440119500256605,14.08755605870453,14.260087013244629,2298300,SAPR11.SA
2021-08-19,14.140063282208414,14.74017148426844,14.140063282208414,14.69516372680664,2219100,SAPR11.SA
2021-08-20,14.66515894678708,15.602828992765051,14.65015731343735,15.400293350219727,6023300,SAPR11.SA
2021-08-23,15.400290537562682,15.400290537562682,14.987714934221223,15.055227279663086,1866600,SAPR11.SA
2021-08-24,15.182749332824951,15.242760143200915,15.040223121643066,15.040223121643066,1993100,SAPR11.SA
2021-08-25,15.055228171266451,15.122740520706543,14.800181835775168,14.897700309753418,1747600,SAPR11.SA
2021-08-26,14.837690598375586,15.032726130111442,14.800182939904724,14.965213775634766,1381900,SAPR11.SA
2021-08-27,14.972712451472356,15.002718575393097,14.815184593200684,14.815184593200684,1291100,SAPR11.SA
2021-08-30,14.792680682307283,14.882697627449184,14.530134239749247,14.635152816772461,1505400,SAPR11.SA
2021-08-31,14.62764987868455,14.747671506817232,14.40260968362844,14.537632942199707,1267700,SAPR11.SA
2021-09-01,14.567640192912899,14.627651011627206,14.455120086669922,14.455120086669922,1893300,SAPR11.SA
2021-09-02,14.432616860318305,14.515132280406222,14.24508285522461,14.24508285522461,1495000,SAPR11.SA
2021-09-03,14.372606035919159,14.372606035919159,14.177570498929205,14.24508285522461,1351200,SAPR11.SA
2021-09-06,14.222574234008789,14.335095749833886,14.200071075460176,14.222574234008789,1002900,SAPR11.SA
2021-09-08,14.237580321786973,14.237580321786973,13.712486002924889,13.734989166259766,2633500,SAPR11.SA
2021-09-09,13.79500068880882,14.057548576992872,13.584963522878285,14.012540817260742,2017600,SAPR11.SA
2021-09-10,14.170067439776211,14.31259366890173,13.952528761314824,13.98253345489502,1461700,SAPR11.SA
2021-09-13,14.230077737909436,14.530133247375488,14.147563760499908,14.530133247375488,1277700,SAPR11.SA
2021-09-14,14.59014460058058,14.687661643209847,14.335098266601564,14.335098266601562,1339600,SAPR11.SA
2021-09-15,14.290087548110588,14.402609071628008,13.99753502081475,14.1250581741333,1438400,SAPR11.SA
2021-09-16,14.117559432983398,14.177570256355779,13.96753308993789,14.117559432983398,1578900,SAPR11.SA
2021-09-17,14.065049503242081,14.087554097524764,13.810003157788291,13.847509384155273,1795800,SAPR11.SA
2021-09-20,13.727488145388975,13.96753286579733,13.652475690455407,13.840009689331055,2092100,SAPR11.SA
2021-09-21,13.952529887090156,14.402611773274524,13.87001446923794,14.102556228637695,3028500,SAPR11.SA
2021-09-22,14.297590582343851,14.657656920087478,14.207575070986012,14.432615280151367,1883900,SAPR11.SA
2021-09-23,14.43261748041952,14.657659154663477,14.417614415982394,14.515132904052734,1645700,SAPR11.SA
2021-09-24,14.43261795288765,14.837692121324752,14.267588530989768,14.822689056396484,2687100,SAPR11.SA
2021-09-27,14.85268981474103,15.047725314748295,14.717666558524284,14.860191345214844,1972100,SAPR11.SA
2021-09-28,14.66515641256593,14.92770426622421,14.620148658752443,14.620148658752441,2159800,SAPR11.SA
2021-09-29,14.792680792187836,15.010220909947025,14.567640573817684,14.747673034667969,1595500,SAPR11.SA
2021-09-30,14.852693866257143,15.03272778519705,14.372607231140137,14.372607231140137,1754000,SAPR11.SA
2021-10-01,14.350099640198637,14.410110457070214,14.050045555840756,14.207574844360352,2583600,SAPR11.SA
2021-10-04,14.23758104669228,14.297591869925418,13.922523867025594,14.012540817260742,1353100,SAPR11.SA
2021-10-05,14.072551552946159,14.125060844102125,13.847509894143757,13.952529907226562,1001600,SAPR11.SA
2021-10-06,13.832506346798091,13.95252797590418,13.659974003033748,13.900018692016602,1596500,SAPR11.SA
2021-10-07,13.967531844407118,14.215076647590166,13.9450272511102,14.035042762756348,1497600,SAPR11.SA
2021-10-08,14.155065882905753,14.500127730134123,14.140062820651275,14.342599868774414,993500,SAPR11.SA
2021-10-11,14.38010528044683,14.657656193376122,14.357600688337747,14.507628440856934,1199300,SAPR11.SA
2021-10-13,14.500131052281604,14.927708409101742,14.500131052281604,14.852694511413574,1402400,SAPR11.SA
2021-10-14,14.920204233253422,14.972713523102184,14.725168706121703,14.927705764770508,1096000,SAPR11.SA
2021-10-15,14.95771311341554,15.00272087542595,14.867696158623763,14.905203819274902,1008100,SAPR11.SA
2021-10-18,14.785179182265697,15.152747064166306,14.755174487668778,15.09273624420166,1134000,SAPR11.SA
2021-10-19,14.965215017023873,15.085236672544873,14.717670173665434,14.74017333984375,1059800,SAPR11.SA
2021-10-20,14.88269771879675,15.040225585298453,14.55263749227833,14.69516372680664,764800,SAPR11.SA
2021-10-21,14.515131668308682,14.657657906785468,14.125060610777922,14.28258991241455,1161600,SAPR11.SA
2021-10-22,14.215077844266363,14.372605718293762,13.742491360642397,14.110057830810547,2020000,SAPR11.SA
2021-10-25,14.185070523194277,14.312593690335287,13.982533475834302,14.035042762756348,2291700,SAPR11.SA
2021-10-26,13.990034994105587,14.140062754405951,13.832507133483887,13.832507133483887,1708900,SAPR11.SA
2021-10-27,13.907522420559033,14.425115241337878,13.892519356857091,14.18507194519043,2030900,SAPR11.SA
2021-10-28,14.12506082371672,14.410111874196657,14.065050000943529,14.102556228637695,1861200,SAPR11.SA
2021-10-29,14.132563766604768,14.282591553904078,13.689983367919922,13.689983367919922,2140800,SAPR11.SA
2021-11-01,13.8325075460331,14.110057050864594,13.727487538382357,14.027543067932129,1005800,SAPR11.SA
2021-11-03,13.997540199886362,14.672662436932201,13.93752936616609,14.485128402709961,1721300,SAPR11.SA
2021-11-04,14.485124864834626,14.530134052210048,13.915021368349674,13.960030555725098,1605400,SAPR11.SA
2021-11-05,14.072548230659555,14.245079126803539,13.990032832168719,14.15506362915039,690400,SAPR11.SA
2021-11-08,14.065048937555655,14.365103028736023,13.975031994816161,13.990035057067871,641400,SAPR11.SA
2021-11-09,14.020043341204337,14.267588183406039,13.96753404600564,14.170069694519043,736900,SAPR11.SA
2021-11-10,14.102555018012172,14.642653807377302,14.095054917733881,14.477622985839844,993100,SAPR11.SA
2021-11-11,14.627653652783955,14.912704735452797,14.552639758153932,14.890201568603516,1485100,SAPR11.SA
2021-11-12,14.93520547962088,15.10023486061065,14.477622128133365,14.537632942199707,1054000,SAPR11.SA
2021-11-16,14.492623730149717,14.59014218742052,14.11005429245688,14.237577438354492,972300,SAPR11.SA
2021-11-17,14.342601077130334,14.440118128458657,13.90002071873149,14.06505012512207,1333700,SAPR11.SA
2021-11-18,14.065050108743375,14.350101161408052,13.952529994027605,14.012540817260742,861100,SAPR11.SA
2021-11-19,13.982534916207419,14.425115281242691,13.930025623876269,14.087554931640625,1784800,SAPR11.SA
2021-11-22,14.125060323891747,14.17006808168629,13.764995399993747,13.847509384155273,1183700,SAPR11.SA
2021-11-23,13.877515142974275,14.065049131392845,13.787498198994214,13.960030555725098,1251200,SAPR11.SA
2021-11-24,14.020041039019656,14.072550325595977,13.779997768516052,13.975031852722168,1452100,SAPR11.SA
2021-11-25,13.952527558139446,14.357600186551192,13.930022966816878,14.30509090423584,687900,SAPR11.SA
2021-11-26,13.892516458353803,14.22257520630838,13.877513397782067,14.1250581741333,1100800,SAPR11.SA
2021-11-29,14.132559039351833,14.230076066937835,13.982531302235866,14.15506362915039,679600,SAPR11.SA
2021-11-30,13.982532668207236,14.18506970386873,13.952527976315169,14.050045013427734,1681600,SAPR11.SA
2021-12-01,14.14006395773246,14.395110313485198,14.005039248125613,14.110057830810547,1170600,SAPR11.SA
2021-12-02,14.252583717126356,14.957711943747391,14.252583717126356,14.882698059082031,2321800,SAPR11.SA
2021-12-03,14.957711601746958,15.002719359208756,14.665157601318233,14.69516372680664,985500,SAPR11.SA
2021-12-06,14.980214332010384,15.115239031262991,14.800181876597163,15.002718925476074,1257000,SAPR11.SA
2021-12-07,15.0102227801515,15.0102227801515,14.687664044399686,14.74017333984375,561700,SAPR11.SA
2021-12-08,14.672657565726436,15.010219287567113,14.507628185476916,14.980213165283203,1177100,SAPR11.SA
2021-12-09,14.890198608912735,14.972712588910712,14.440116761365378,14.477622985839844,1031500,SAPR11.SA
2021-12-10,14.56013919497285,14.815185541542077,14.395109795157222,14.410111427307129,5324300,SAPR11.SA
2021-12-13,14.395107982970979,14.582641953559243,14.17756789031868,14.320094108581543,2848500,SAPR11.SA
2021-12-14,14.327596522039594,14.507628973206398,14.117557946959618,14.312593460083008,1422700,SAPR11.SA
2021-12-15,14.40261173248291,14.515131846017601,14.132562315382959,14.40261173248291,1455800,SAPR11.SA
2021-12-16,14.410112264629532,14.485126152821193,14.207576626514236,14.24508285522461,1113200,SAPR11.SA
2021-12-17,14.207574107899557,14.410109710110827,14.147563294138688,14.380105018615723,1548800,SAPR11.SA
2021-12-20,14.342600450127927,14.477623723578864,14.192572683043565,14.252583503723145,999400,SAPR11.SA
2021-12-21,14.327597297060628,14.342600359828772,14.110057179234989,14.192572593688965,1095200,SAPR11.SA
2021-12-22,14.252583485041269,14.357602063400174,14.140063375260898,14.200074195861816,719800,SAPR11.SA
2021-12-23,14.260086651124656,14.342602075448886,14.140064996164497,14.170069694519043,536100,SAPR11.SA
2021-12-27,14.245082254514948,14.342600734283064,14.125060610777922,14.28258991241455,670900,SAPR11.SA
2021-12-28,14.31259378536062,14.477623178321409,14.260084498089949,14.44761848449707,378400,SAPR11.SA
2021-12-29,14.395109155894318,14.470123036395936,14.260084457145558,14.342599868774414,378500,SAPR11.SA
2021-12-30,14.395109155894318,14.455119974141459,14.267585988272797,14.342599868774414,971100,SAPR11.SA
2022-01-03,14.594487968772558,14.594487968772558,14.014113333441337,14.045065879821777,1681700,SAPR11.SA
2022-01-04,14.052803413217834,14.09923296756095,13.758747601086217,13.882560729980469,2315700,SAPR11.SA
2022-01-05,13.890297764492495,14.13792399606527,13.743269136007873,13.836128234863281,1242900,SAPR11.SA
2022-01-06,13.8051778673996,13.836130413235008,13.364093388469797,13.371831893920898,2064100,SAPR11.SA
2022-01-07,13.379570189298324,13.580765423991991,13.162896467976486,13.557551383972168,1058900,SAPR11.SA
2022-01-10,13.480167107581057,13.611718739424186,13.325399960953058,13.333138465881348,1310300,SAPR11.SA
2022-01-11,13.286708167687303,13.503381865630228,13.255754149708823,13.433736801147461,637500,SAPR11.SA
2022-01-12,13.356353756746083,13.797438198481503,13.333138242350422,13.720054626464844,1020300,SAPR11.SA
2022-01-13,13.71231612166629,13.820653712877162,13.619457016021398,13.720054626464844,680200,SAPR11.SA
2022-01-14,13.720055749755875,13.83613037929971,13.634935141940526,13.735532760620117,725900,SAPR11.SA
2022-01-17,13.619458948233833,14.014113893137077,13.619458948233833,13.890300750732422,731700,SAPR11.SA
2022-01-18,13.898036315209495,13.913513325370404,13.735532136426714,13.843868255615234,683900,SAPR11.SA
2022-01-19,13.75100982949557,14.145664752384734,13.75100982949557,14.068281173706055,1144700,SAPR11.SA
2022-01-20,14.122450839576729,14.640918956835572,14.122450839576729,14.617703437805176,1376400,SAPR11.SA
2022-01-21,14.509364660112,14.532580174916983,14.370074523219902,14.431981086730957,1191700,SAPR11.SA
2022-01-24,14.501627314577611,14.718301042173751,14.370075672102994,14.695085525512695,1312300,SAPR11.SA
2022-01-25,14.50936584304159,14.842114202530386,14.447459274483371,14.780207633972168,1150800,SAPR11.SA
2022-01-26,14.84211610417998,15.089742410140023,14.749255501460357,14.942713737487793,1445500,SAPR11.SA
2022-01-27,14.942710426396118,15.167122638926616,14.865326853938399,15.066523551940918,1132500,SAPR11.SA
2022-01-28,15.08200366489864,15.28320040429939,14.996881570083541,15.128433227539062,1131400,SAPR11.SA
2022-01-31,15.11295249520131,15.685588490806568,15.035568933423587,15.654634475708008,2231700,SAPR11.SA
2022-02-01,15.515344972035564,15.654635093538998,15.275457249428946,15.345102310180664,1139800,SAPR11.SA
2022-02-02,15.368321323601718,15.43796640021984,15.112956534658293,15.236769676208496,828600,SAPR11.SA
2022-02-03,15.182602623780813,15.538565060483961,15.097480529799986,15.445704460144043,1304500,SAPR11.SA
2022-02-04,15.492135522436543,15.515349565580815,15.205816690580765,15.368322372436523,1138700,SAPR11.SA
2022-02-07,15.36832227672715,15.44570438801837,15.128433008623045,15.399274826049805,1300400,SAPR11.SA
2022-02-08,15.229031097324874,15.414750808759438,15.120694967980311,15.35284423828125,1064800,SAPR11.SA
2022-02-09,15.221293130309737,15.430228366557737,15.221293130309737,15.275461196899414,538900,SAPR11.SA
2022-02-10,15.368319703482168,15.461178811871127,15.252243604042592,15.259982109069824,621800,SAPR11.SA
2022-02-11,15.352845359694227,15.4689200033231,15.198078184209615,15.368322372436523,2431600,SAPR11.SA
2022-02-14,15.368319857973885,15.445701957086273,15.066524062753638,15.112955093383789,961400,SAPR11.SA
2022-02-15,15.198076052481557,15.391534256717703,15.120693951562272,15.306413650512695,778000,SAPR11.SA
2022-02-16,15.34510500159731,15.507610663843172,15.283198434067693,15.329627990722656,856200,SAPR11.SA
2022-02-17,15.391531906386316,15.461176967353843,15.182598199452473,15.22902774810791,925500,SAPR11.SA
2022-02-18,15.236769623426348,15.468918894036513,15.221292611793919,15.437966346740723,882700,SAPR11.SA
2022-02-21,15.244508256866814,15.53082559461841,15.213554233342816,15.283199310302734,1488600,SAPR11.SA
2022-02-22,15.360582012471962,15.515347693311504,15.229030371975403,15.329627990722656,667500,SAPR11.SA
2022-02-23,15.329627193336812,15.848095222917085,15.298674649166529,15.708805084228516,1695200,SAPR11.SA
2022-02-24,15.4302264336032,15.608207623236071,14.94271094342925,15.56177806854248,1772300,SAPR11.SA
2022-02-25,15.329628405281856,15.755237360030577,15.329628405281856,15.407011985778809,1087600,SAPR11.SA
2022-03-02,15.484393682184646,15.608206805526974,15.306412501876155,15.492132186889648,1013100,SAPR11.SA
2022-03-03,15.52308676390573,16.0338163336117,15.52308676390573,15.871312141418457,1878400,SAPR11.SA
2022-03-04,15.824878434347333,15.9641670728668,15.654634305097993,15.840353965759277,1508600,SAPR11.SA
2022-03-07,15.739761797912806,16.080248697866942,15.437967429754123,15.445704460144043,1891200,SAPR11.SA
2022-03-08,15.41474830020966,15.58499097232763,14.97366387283719,15.182599067687988,1246000,SAPR11.SA
2022-03-09,15.213552569752643,15.716543589263317,15.12843049033876,15.708805084228516,1525500,SAPR11.SA
2022-03-10,15.523083725011428,15.66237384874823,15.252241981741957,15.608205795288086,1040700,SAPR11.SA
2022-03-11,15.646899333808062,15.747498428524308,15.329627990722656,15.329627990722656,468800,SAPR11.SA
2022-03-14,15.42248725258094,15.615945443956075,15.051047879373204,15.136168479919434,1402900,SAPR11.SA
2022-03-15,15.167123062172893,15.298674696231366,14.996878902821384,15.14390754699707,966900,SAPR11.SA
2022-03-16,15.259982917755714,15.46891813665654,15.120694247790825,15.329627990722656,1606700,SAPR11.SA
2022-03-17,15.360583770404196,15.468919906987235,15.143910021268955,15.399274826049805,1207900,SAPR11.SA
2022-03-18,15.391536415580795,15.461181496951951,15.213555196951912,15.368322372436523,1148000,SAPR11.SA
2022-03-21,15.46891686136987,15.499870880567267,15.229029116465531,15.383794784545898,1647400,SAPR11.SA
2022-03-22,15.41475191067685,15.507612511016768,15.298677267228832,15.445704460144043,1119500,SAPR11.SA
2022-03-23,15.46117877710561,15.74749755859375,15.430226233035196,15.74749755859375,1311700,SAPR11.SA
2022-03-24,15.801664268448388,15.824879781495596,15.600467583278924,15.755234718322754,917100,SAPR11.SA
2022-03-25,15.762974397816725,15.910001563503714,15.623684261086824,15.732020378112793,898500,SAPR11.SA
2022-03-28,15.793929565638184,16.018341817870034,15.68559343061268,15.832620620727539,1770500,SAPR11.SA
2022-03-29,15.879051151844818,16.13441594481444,15.755238008342522,16.08024787902832,1469300,SAPR11.SA
2022-03-30,16.087985796636875,16.087985796636875,15.786189978914098,15.824882507324219,932700,SAPR11.SA
2022-03-31,15.817144712663461,15.917742339113815,15.708807104214111,15.76297664642334,1093800,SAPR11.SA
2022-04-01,15.87131151257716,16.118937781899817,15.793927934421584,15.979647636413574,1519100,SAPR11.SA
2022-04-04,15.97191209911905,16.01834314022224,15.623688146660728,15.701071739196777,1046000,SAPR11.SA
2022-04-05,15.670111828779378,15.925476555098516,15.63915781299829,15.685588836669922,957300,SAPR11.SA
2022-04-06,15.65464036486325,15.747500969123696,15.476659138997395,15.670117378234863,1120800,SAPR11.SA
2022-04-07,15.623685690035789,15.786189880437446,15.538563604033568,15.693330764770508,1058300,SAPR11.SA
2022-04-08,15.654637813191306,16.09572229060184,15.615946762038062,16.064769744873047,1408600,SAPR11.SA
2022-04-11,16.01060231774476,16.43620980118316,15.940957242132068,16.118938446044922,2237800,SAPR11.SA
2022-04-12,16.1963224023188,16.26596747954371,15.863574028015137,15.863574028015137,1276700,SAPR11.SA
2022-04-13,15.879049719502657,16.09572196310258,15.840357193167698,15.956433296203613,744300,SAPR11.SA
2022-04-14,15.971909687375554,15.971909687375554,15.701069368349915,15.824882507324219,1225600,SAPR11.SA
2022-04-18,15.84035898042238,15.948696590414947,15.6701162732471,15.739761352539062,800300,SAPR11.SA
2022-04-19,15.701069619701723,15.739760672762191,15.267722150385342,15.35284423828125,1507800,SAPR11.SA
2022-04-20,15.329625729654518,15.530822413442186,15.275457675551834,15.422486305236816,945800,SAPR11.SA
2022-04-22,15.275459238477533,15.461178932675471,15.252243723214443,15.314151763916016,910800,SAPR11.SA
2022-04-25,15.244507650438573,15.569517504666239,15.136170048383338,15.476656913757324,1355500,SAPR11.SA
2022-04-26,15.38379680602722,15.646900099902243,15.38379680602722,15.437966346740723,909300,SAPR11.SA
2022-04-27,15.60820863360749,15.685592213752058,15.399273410007865,15.523086547851562,733800,SAPR11.SA
2022-04-28,15.561779917553528,15.778452182514012,15.492134839253627,15.76297664642334,1379600,SAPR11.SA
2022-04-29,15.808995438095835,15.933170045539262,15.343339920043945,15.343339920043945,1146700,SAPR11.SA
2022-05-02,15.428705605604913,15.428705605604913,15.017377865046491,15.102746963500977,1329500,SAPR11.SA
2022-05-03,15.164840698242188,15.304536036066784,15.056186795118736,15.164840698242188,1007000,SAPR11.SA
2022-05-04,15.071707843123168,15.389905468851481,14.900968123064455,15.265730857849121,903700,SAPR11.SA
2022-05-05,15.172598768213197,15.219165356346897,14.838880434923544,14.932010650634766,1323100,SAPR11.SA
2022-05-06,14.924245590872612,15.141551836976898,14.838876495845463,14.90096378326416,1000000,SAPR11.SA
2022-05-09,14.800072676698734,15.094988435237266,14.70694247525973,14.963052749633789,1171600,SAPR11.SA
2022-05-10,15.01737896458101,15.296771049499513,15.009617867739127,15.296771049499512,1218800,SAPR11.SA
2022-05-11,15.327816722551757,15.4287080294032,15.226925415700313,15.389904022216797,936300,SAPR11.SA
2022-05-12,15.327816722551757,15.389904022216797,15.149315921049517,15.389904022216797,1234800,SAPR11.SA
2022-05-13,15.436470135487472,15.451992331487421,15.257969322322307,15.343339920043945,854900,SAPR11.SA
2022-05-16,15.289013101139133,15.389904410536277,15.20364250684138,15.273490905761719,967000,SAPR11.SA
2022-05-17,15.234685591252319,15.591688687618621,15.2036426804211,15.506318092346191,1184000,SAPR11.SA
2022-05-18,15.483037490486884,15.560645513775013,15.312296286585422,15.35886287689209,1025900,SAPR11.SA
2022-05-19,15.413187122786871,15.545122817967107,15.242445940625409,15.405426025390625,1318800,SAPR11.SA
2022-05-20,15.5218400096639,15.529601107302094,15.273490806353761,15.366621017456055,1212100,SAPR11.SA
2022-05-23,15.413185844961708,15.599447726195713,15.29677087394734,15.56064224243164,1574200,SAPR11.SA
2022-05-24,15.521838441514351,15.886601111989906,15.506316247806149,15.87108039855957,1430200,SAPR11.SA
2022-05-25,15.824515714237192,16.088387117794056,15.808994998946469,15.956451416015625,1894000,SAPR11.SA
2022-05-26,15.956449840945716,16.010776039795786,15.78571014737722,15.886601448059082,1173600,SAPR11.SA
2022-05-27,15.840037491229207,15.871081881546385,15.692579597778618,15.785711288452148,742800,SAPR11.SA
2022-05-30,15.85555858063546,15.894362585547773,15.545122100503258,15.591687202453613,599500,SAPR11.SA
2022-05-31,15.646014407708293,15.777950105284601,15.506317612594792,15.545123100280762,680900,SAPR11.SA
2022-06-01,15.59945006003068,15.770189773303436,15.475275453963572,15.646015167236328,875000,SAPR11.SA
2022-06-02,15.715862038007133,16.02629852294922,15.70810094084884,16.02629852294922,1369600,SAPR11.SA
2022-06-03,15.98749667624374,15.995257774450021,15.514080047607422,15.514080047607422,488500,SAPR11.SA
2022-06-06,15.53736033054668,15.622729433712037,15.327815160428571,15.483034133911133,709900,SAPR11.SA
2022-06-07,15.428708741359069,15.57616663997221,15.320056332000995,15.45199203491211,955300,SAPR11.SA
2022-06-08,15.374381780085796,15.498556379035097,15.242446083667417,15.351099967956543,873600,SAPR11.SA
2022-06-09,15.358860927178142,15.397664933896273,15.09498953671653,15.157076835632324,640500,SAPR11.SA
2022-06-10,14.963054606332031,15.13379431700844,14.885445108650739,15.00961971282959,794800,SAPR11.SA
2022-06-13,14.831119145532625,15.063946162084564,14.823358047610485,14.947532653808594,1601200,SAPR11.SA
2022-06-14,14.955291109813619,15.164836275860141,14.652614265431595,14.72246265411377,1243900,SAPR11.SA
2022-06-15,14.823356915645652,14.939770415031868,14.660376832282585,14.800073623657227,1287000,SAPR11.SA
2022-06-17,14.590529126665217,15.079467919601186,14.590529126665217,15.025141716003418,3157800,SAPR11.SA
2022-06-20,14.683661336979418,14.877684345406589,14.435312123037132,14.489638328552246,929100,SAPR11.SA
2022-06-21,14.55948592808059,14.59828993551749,14.163678835056608,14.186962127685547,1054200,SAPR11.SA
2022-06-22,14.218003284905345,14.489635744313114,14.093828700080847,14.380983352661133,1003400,SAPR11.SA
2022-06-23,14.412028607171859,14.5517254079325,14.29561509996401,14.303376197814941,2598600,SAPR11.SA
2022-06-24,14.466354600437484,14.637095790106619,14.357702192668423,14.56724739074707,740200,SAPR11.SA
2022-06-27,14.582770680732835,14.706945293296847,14.497400079490772,14.598291397094727,800300,SAPR11.SA
2022-06-28,14.62157346266962,14.792313170519767,14.357702063087924,14.373224258422852,1112700,SAPR11.SA
2022-06-29,14.458592943757413,14.51292062581977,14.186961934835518,14.287853240966797,936000,SAPR11.SA
2022-06-30,14.264571490323773,14.45083488839808,14.09383176908015,14.155919075012207,1082700,SAPR11.SA
2022-07-01,14.52059989854897,14.72826542295765,14.272999340894872,14.61644458770752,907900,SAPR11.SA
2022-07-04,14.57651171205653,14.648396001277584,14.273001453564145,14.320923805236816,709300,SAPR11.SA
2022-07-05,14.272999345411243,14.376831345936505,14.049359198264083,14.121243476867676,734600,SAPR11.SA
2022-07-06,14.097281299098489,14.376831097342698,14.009423922765162,14.26501178741455,1043300,SAPR11.SA
2022-07-07,14.336897660932024,14.44871698330925,14.137219429016113,14.137219429016113,1430400,SAPR11.SA
2022-07-08,14.137219429016113,14.217089503043269,14.049360519477428,14.137219429016113,1832600,SAPR11.SA
2022-07-11,14.073321870723401,14.169166564941406,14.001437588347923,14.169166564941406,1129200,SAPR11.SA
2022-07-12,14.137217933590481,14.42475352120574,14.05734634458808,14.304946899414062,1096900,SAPR11.SA
2022-07-13,14.22507691898249,14.472679025231152,14.22507691898249,14.312935829162598,610800,SAPR11.SA
2022-07-14,14.233062254631157,14.280984597427302,14.137217569038869,14.272998809814453,543500,SAPR11.SA
2022-07-15,14.217088997802477,14.336897151433542,14.113256991202705,14.19312858581543,462400,SAPR11.SA
2022-07-18,14.193127077401126,14.320921005830245,13.865654945373535,13.865654945373535,1113100,SAPR11.SA
2022-07-19,13.937539025286846,14.185139567721562,13.889615160229463,14.161177635192871,949700,SAPR11.SA
2022-07-20,14.129231850287944,14.432742086765852,14.12124453835116,14.296960830688477,826400,SAPR11.SA
2022-07-21,14.22507573014795,14.265012287539475,14.065334070853531,14.209102630615234,1174400,SAPR11.SA
2022-07-22,14.217089234744613,14.320922766498832,14.113257226414374,14.296960830688477,888400,SAPR11.SA
2022-07-25,14.352868713464625,14.624431191991007,14.296959060254569,14.45670223236084,1258500,SAPR11.SA
2022-07-26,14.45670223236084,14.568521538780951,14.336895614993033,14.45670223236084,747200,SAPR11.SA
2022-07-27,14.480663220315613,14.816122676402115,14.464690121205859,14.688328742980957,801000,SAPR11.SA
2022-07-28,14.720276950216416,14.911967836833263,14.568521093694173,14.648392677307129,1058800,SAPR11.SA
2022-07-29,14.648394333132748,14.84008524141796,14.552548117278183,14.792162895202637,723000,SAPR11.SA
2022-08-01,14.76021415061366,14.991841624806746,14.624432895533841,14.73625373840332,866900,SAPR11.SA
2022-08-02,14.7362542617831,14.903983246908503,14.664369975751063,14.832098960876465,769800,SAPR11.SA
2022-08-03,14.84008429489738,15.359247328818231,14.728264986385641,15.287363052368164,1271700,SAPR11.SA
2022-08-04,15.359247749255719,15.678732584766005,15.34327312662424,15.439119338989258,952100,SAPR11.SA
2022-08-05,15.17554475277496,15.319313315233288,14.512613121880168,14.696316719055176,2495000,SAPR11.SA
2022-08-08,14.816122973102008,14.84008490738227,14.432741165161133,14.432741165161133,1869700,SAPR11.SA
2022-08-09,14.512614243921817,14.688330543054196,14.129232396674421,14.1452054977417,1836500,SAPR11.SA
2022-08-10,14.296959717668384,14.552547586052018,14.241050061887448,14.464690208435059,1486900,SAPR11.SA
2022-08-11,14.496638226714744,14.584497129552206,14.193128007658624,14.209102630615234,2031500,SAPR11.SA
2022-08-12,14.20910274707055,14.384819030761719,14.12923115505678,14.384819030761719,1650300,SAPR11.SA
2022-08-15,14.296959751472576,14.776187767536925,14.265012029561014,14.61644458770752,1367600,SAPR11.SA
2022-08-16,14.672355854106549,14.840084822841206,14.560535018192903,14.640406608581543,1555800,SAPR11.SA
2022-08-17,14.688331620859351,14.864049456309653,14.616447328797712,14.824112892150879,1992600,SAPR11.SA
2022-08-18,14.824109253972752,15.031774766360016,14.808136155653562,14.87203311920166,1580600,SAPR11.SA
2022-08-19,14.81612334662914,14.95989190908747,14.680342095798935,14.696316719055176,1239900,SAPR11.SA
2022-08-22,14.656380977568501,14.736252566574162,14.448715455523319,14.552547454833984,1023400,SAPR11.SA
2022-08-23,14.55255038162658,14.63242198669593,14.336899028390738,14.440731048583984,1171100,SAPR11.SA
2022-08-24,14.456704022576206,14.488651746899365,14.288973518751693,14.296960830688477,1402500,SAPR11.SA
2022-08-25,14.344882306328275,14.392806175033916,13.985462431579307,14.08929443359375,2118200,SAPR11.SA
2022-08-26,14.089293600027672,14.161177875409349,13.94552504926432,14.017409324645996,1970600,SAPR11.SA
2022-08-29,13.969488341325956,14.280985882670395,13.913578682461463,14.169166564941406,1223400,SAPR11.SA
2022-08-30,14.169165177347795,14.344881448488785,13.72188642681013,13.769808769226074,2093500,SAPR11.SA
2022-08-31,13.857670036405365,14.041373649936082,13.761823811758347,13.82572078704834,1356700,SAPR11.SA
2022-09-01,13.817730792252762,14.025396302486838,13.721886109636273,13.873641967773438,1947100,SAPR11.SA
2022-09-02,13.969487776627863,14.049359367530128,13.857668463419023,13.937540054321289,1076100,SAPR11.SA
2022-09-05,13.977475088060478,14.057346678962743,13.881628874292982,13.937540054321289,689000,SAPR11.SA
2022-09-06,13.88961694218804,13.937540813393783,13.729875275107474,13.737862586975098,1102600,SAPR11.SA
2022-09-08,13.849681854248047,13.977475796802034,13.689938664343583,13.849681854248047,1553300,SAPR11.SA
2022-09-09,13.905591547250008,14.137219020828145,13.8177326402481,13.98546314239502,1631600,SAPR11.SA
2022-09-12,14.121242843941216,14.193127119322892,13.993448915134637,14.017409324645996,644500,SAPR11.SA
2022-09-13,13.985461854063775,14.00942378742711,13.809745579670787,13.857667922973633,1180300,SAPR11.SA
2022-09-14,13.865657115010272,13.873644427214884,13.71390122997068,13.721888542175293,1117300,SAPR11.SA
2022-09-15,13.761823150709008,13.825720122929708,13.705913490443894,13.817732810974121,860200,SAPR11.SA
2022-09-16,13.777798735984218,13.849683025176324,13.67396672016456,13.80176067352295,1096700,SAPR11.SA
2022-09-19,13.77779777462018,13.87364399466322,13.681951554577138,13.817732810974121,897700,SAPR11.SA
2022-09-20,13.825718678489185,13.945525298458215,13.78578364630745,13.857667922973633,972600,SAPR11.SA
2022-09-21,13.833708256336822,13.993451458086183,13.79377321761152,13.889617919921875,719300,SAPR11.SA
2022-09-22,14.025399051865419,14.344883928921476,13.977476701163026,14.328910827636719,836100,SAPR11.SA
2022-09-23,14.257024806493158,14.480663431530244,14.22507556095993,14.392806053161621,837600,SAPR11.SA
2022-09-26,14.36085688772407,14.36085688772407,13.945525834018921,13.953513145446777,428600,SAPR11.SA
2022-09-27,13.825717554890051,13.865654107250016,13.777795215481794,13.793769836425781,1091800,SAPR11.SA
2022-09-28,13.801757761576697,13.897602444661777,13.65798921352531,13.665976524353027,1133800,SAPR11.SA
2022-09-29,13.657990708872477,13.681951120555171,13.44233786318461,13.514222145080566,1386000,SAPR11.SA
2022-09-30,13.514221971112734,13.85766875276692,13.4742869365397,13.697925567626953,1012200,SAPR11.SA
2022-10-03,13.737863415916117,14.800151583624901,13.737863415916117,14.712292671203613,1871400,SAPR11.SA
2022-10-04,14.696316563849123,14.816123190157825,14.34488247304288,14.384819030761719,731800,SAPR11.SA
2022-10-05,14.408779081332383,14.456701420904862,14.225073986694419,14.288970947265625,938000,SAPR11.SA
2022-10-06,14.360857270761457,14.376831894043248,14.177153673292647,14.201115608215332,757900,SAPR11.SA
2022-10-07,14.320923036756989,14.352870761683048,14.137219429016113,14.137219429016113,878000,SAPR11.SA
2022-10-10,14.17715419848467,14.296960830688477,14.04936025434408,14.296960830688477,822200,SAPR11.SA
2022-10-11,14.2969603417228,14.2969603417228,14.07332170883735,14.105269432067871,621700,SAPR11.SA
2022-10-13,14.04935956324463,14.177153501098934,13.977475282773595,14.153191566467285,782300,SAPR11.SA
2022-10-14,14.153191369306354,14.169165992171584,13.937540054321287,13.937540054321289,438600,SAPR11.SA
2022-10-17,13.977474056077558,14.288971561831678,13.921564403601051,14.161177635192871,524900,SAPR11.SA
2022-10-18,14.288974555172308,14.320923805236816,14.121245562605907,14.320923805236816,518000,SAPR11.SA
2022-10-19,14.296959667117054,14.480663256440268,14.272999256680722,14.344882011413574,499000,SAPR11.SA
2022-10-20,14.384820068949363,14.48865207966434,14.312935783291296,14.408782005310059,1064000,SAPR11.SA
2022-10-21,14.336895176982718,14.76021198031102,14.304945934168037,14.648392677307129,1135400,SAPR11.SA
2022-10-24,14.576509085118877,15.135608673095703,14.520599431005959,15.135608673095703,1468200,SAPR11.SA
2022-10-25,15.111648792842827,15.175545766713078,14.832098960876465,14.832098960876465,919300,SAPR11.SA
2022-10-26,14.776187855215069,14.872034068366212,14.528587296091771,14.640406608581543,827400,SAPR11.SA
2022-10-27,14.680341200181514,15.215478859226572,14.544559957635041,15.063724517822266,1311500,SAPR11.SA
2022-10-28,14.951903971047951,15.343273083885885,14.927943560591336,15.303338050842285,1229000,SAPR11.SA
2022-10-31,14.800149262835708,15.335286918950755,14.752225396253115,15.287363052368164,1478700,SAPR11.SA
2022-11-01,15.463081397723933,16.134000319421798,15.359247873205236,15.846463203430176,3678600,SAPR11.SA
2022-11-03,15.742629305282957,15.942307514777204,15.598862274123125,15.830488204956055,1148600,SAPR11.SA
2022-11-04,15.9103630980133,15.9103630980133,15.095675468444824,15.095675468444824,1440600,SAPR11.SA
2022-11-07,15.095673642676164,15.12762289021038,14.480664338458222,14.504626274108887,1093800,SAPR11.SA
2022-11-08,14.504627653115111,14.544562692905677,14.23306511695174,14.424756050109863,880400,SAPR11.SA
2022-11-09,14.37683159289104,14.536574775514943,14.209102622217447,14.225075721740723,819900,SAPR11.SA
2022-11-10,14.536574775514943,15.015801276538863,14.193127999270278,14.225075721740723,2698100,SAPR11.SA
2022-11-11,14.217087999169035,14.448715454933616,14.05734634458808,14.304946899414062,1028400,SAPR11.SA
2022-11-14,14.376830457679773,14.512611695161477,14.01740908686827,14.161177635192871,752000,SAPR11.SA
2022-11-16,14.137219531098651,14.153192631965014,13.801760038120662,13.929553985595703,942100,SAPR11.SA
2022-11-17,13.78578389038876,13.88961588995394,13.338505123654066,13.466299057006836,3993400,SAPR11.SA
2022-11-18,13.825719555491368,13.90559114834513,13.50623470750024,13.586106300354004,913500,SAPR11.SA
2022-11-21,13.642016155847847,15.694708047763772,13.642016155847847,15.511004447937012,5176600,SAPR11.SA
2022-11-22,15.415158558307764,15.479055530190193,14.975867067044064,15.007816314697266,1096000,SAPR11.SA
2022-11-23,15.111648090029162,15.111648090029162,14.632420046578234,14.672356605529785,773100,SAPR11.SA
2022-11-24,14.776189182440781,15.271391868591309,14.648395235709808,15.271391868591309,745200,SAPR11.SA
2022-11-25,15.231454882355767,15.511004704299935,15.087686315445968,15.367236137390137,1753200,SAPR11.SA
2022-11-28,15.31931341152148,15.614836326499814,15.183532159837831,15.58288860321045,915000,SAPR11.SA
2022-11-29,15.646786396685537,15.646786396685537,15.247429932295246,15.271391868591309,720200,SAPR11.SA
2022-11-30,15.415158490378435,15.415158490378435,14.680342555256596,14.73625373840332,860100,SAPR11.SA
2022-12-01,15.159568938726679,15.327299422894052,14.720277497654072,14.728264808654785,997400,SAPR11.SA
2022-12-02,14.736252021834915,14.736252021834915,14.448714921413146,14.45670223236084,789900,SAPR11.SA
2022-12-05,14.440730822276986,14.488653175197921,14.280987614641692,14.336898803710938,417900,SAPR11.SA
2022-12-06,14.448714345273045,14.592482889751182,14.336895043311708,14.472676277160645,485300,SAPR11.SA
2022-12-07,14.472676412097622,14.784173912422032,14.472676412097622,14.648392677307129,256500,SAPR11.SA
2022-12-08,14.616445879246918,14.624433191286549,14.11325740814209,14.11325740814209,821900,SAPR11.SA
2022-12-09,14.169167444448565,14.28098676911839,14.017411558522342,14.129232406616211,329400,SAPR11.SA
2022-12-12,14.129230827970984,14.161178549982571,13.689937843776653,13.777796745300293,1205200,SAPR11.SA
2022-12-13,13.90559144454849,13.929553379942208,13.562144654358288,13.578119277954102,1377000,SAPR11.SA
2022-12-14,13.514221016362805,13.570130670184724,13.003045297506619,13.202723503112793,3059700,SAPR11.SA
2022-12-15,13.138827149873544,13.586105924693717,13.12285252705971,13.570131301879883,524400,SAPR11.SA
2022-12-16,13.665976764382695,13.84968034637548,13.482271658966113,13.522208213806152,1100400,SAPR11.SA
2022-12-19,13.466298323931383,13.78578313992126,13.43434908062051,13.665976524353027,647100,SAPR11.SA
2022-12-20,13.618054696111358,14.21708938696829,13.602081595490745,13.977476119995117,1393900,SAPR11.SA
2022-12-21,14.073321955608321,14.257025556820818,13.761822888961092,14.19312858581543,1711300,SAPR11.SA
2022-12-22,14.185140198855656,14.328908753576897,14.08130667670194,14.26501178741455,445700,SAPR11.SA
2022-12-23,14.272999506897712,14.536574690285049,14.217088326910435,14.432741165161133,381200,SAPR11.SA
2022-12-26,14.520600855080177,14.680342522008551,14.432741948043994,14.600472450256348,259700,SAPR11.SA
2022-12-27,14.432741337350095,14.544560651810933,14.129231116631864,14.249037742614746,462100,SAPR11.SA
2022-12-28,14.328911079508813,14.600473610635975,14.145205938976376,14.568524360656738,603200,SAPR11.SA
2022-12-29,14.520600649648545,14.744239284869112,14.312935114498057,14.416767120361328,678400,SAPR11.SA
2023-01-02,14.612747317834708,14.612747317834708,14.073716941438116,14.200053215026855,726200,SAPR11.SA
2023-01-03,14.275855004636858,14.435878174187867,13.947382926940918,13.947382926940918,808800,SAPR11.SA
2023-01-04,13.880003826612757,14.301120459263139,13.84631533134561,14.065296173095703,709300,SAPR11.SA
2023-01-05,14.08213824956721,14.267430578050767,13.981071167151006,14.22531795501709,502300,SAPR11.SA
2023-01-06,14.317965181176232,14.376921251363651,14.166362939875764,14.309542655944824,572000,SAPR11.SA
2023-01-09,14.149517206690499,14.52010026682941,14.048450121655021,14.511677742004395,561600,SAPR11.SA
2023-01-10,14.528524023276749,14.638013642418974,14.360076725361413,14.48641300201416,712600,SAPR11.SA
2023-01-11,14.419033633903108,14.680125485935715,14.368498483368485,14.629591941833496,414800,SAPR11.SA
2023-01-12,14.629592544676816,14.86541683115975,14.55379142218374,14.595902442932129,772700,SAPR11.SA
2023-01-13,14.52852374767299,14.629592445791431,14.242164310508606,14.25900936126709,560800,SAPR11.SA
2023-01-16,14.275854014281634,14.511678292600196,14.208475419557416,14.444299697875977,461700,SAPR11.SA
2023-01-17,14.486413630030125,14.579058202110653,14.40218997742119,14.477991104125977,419200,SAPR11.SA
2023-01-18,14.646434953077954,14.73065859504951,14.520100293336796,14.536945343017578,3533700,SAPR11.SA
2023-01-19,14.536945016106062,14.604323606881604,14.419032883856941,14.528522491455078,689800,SAPR11.SA
2023-01-20,14.696971296398106,14.696971296398106,14.351655782043462,14.461145401000977,593100,SAPR11.SA
2023-01-23,14.528524886158618,14.579058435961525,14.402190208435059,14.402190208435059,471900,SAPR11.SA
2023-01-24,14.461146284277214,14.528524886158618,14.292698976357414,14.402190208435059,513600,SAPR11.SA
2023-01-25,14.376922171502345,14.562214525587352,14.36007711996143,14.553791999816895,438100,SAPR11.SA
2023-01-26,14.612747592672765,14.722237211218856,14.520101418680511,14.680126190185547,434900,SAPR11.SA
2023-01-27,14.654858613706073,14.764349838684643,14.528523944173667,14.680126190185547,545300,SAPR11.SA
2023-01-30,14.74750353730107,14.88226072090097,14.435876546206087,14.45272159576416,746100,SAPR11.SA
2023-01-31,14.435876326726587,14.629591180834552,14.38534278525301,14.528522491455078,454500,SAPR11.SA
2023-02-01,14.646435058541746,14.730658701119767,14.452721805114955,14.621169090270996,723500,SAPR11.SA
2023-02-02,14.5537916179991,14.93279562913136,14.536946566900113,14.764349937438965,832800,SAPR11.SA
2023-02-03,14.730658568157736,14.747503617807766,14.50325521717938,14.511677742004395,789900,SAPR11.SA
2023-02-06,14.654859096197324,14.654859096197324,14.376922171502345,14.553791999816895,664700,SAPR11.SA
2023-02-07,14.570634816679917,14.696971091356982,14.469567724657221,14.562213897705078,1116500,SAPR11.SA
2023-02-08,14.612745830292301,14.654856846246782,14.427453504655103,14.545367240905762,665600,SAPR11.SA
2023-02-09,14.562214967125092,14.562214967125092,14.33481158372528,14.376922607421875,749800,SAPR11.SA
2023-02-10,14.25900891996354,14.671703012179119,14.250586394844968,14.663280487060547,1071500,SAPR11.SA
2023-02-13,14.696971567428175,14.7390825893963,14.486413244722513,14.688549041748047,377800,SAPR11.SA
2023-02-14,14.781192244093631,14.899105986275808,14.612746565369958,14.621169090270996,827200,SAPR11.SA
2023-02-15,14.722237358899704,14.907529708742908,14.6295927904106,14.798038482666016,620800,SAPR11.SA
2023-02-16,14.663280737525003,14.789615403596697,14.461144950523805,14.612747192382812,900600,SAPR11.SA
2023-02-17,14.604325116496772,14.814883435239306,14.595902590975173,14.713814735412598,577500,SAPR11.SA
2023-02-22,14.604324000331358,14.604324000331358,14.31796458021252,14.343232154846191,729600,SAPR11.SA
2023-02-23,14.351656960551253,14.41061303763368,14.23374319995378,14.385345458984375,659800,SAPR11.SA
2023-02-24,14.427454872684534,14.486412549616446,14.267431711738084,14.368498802185059,484100,SAPR11.SA
2023-02-27,14.452721436022268,14.452721436022268,14.301119204539912,14.334809303283691,754100,SAPR11.SA
2023-02-28,14.402188827057872,14.486412472939513,14.309542655944824,14.309542655944824,554900,SAPR11.SA
2023-03-01,14.326387584043028,14.511678318254086,14.317965058883559,14.46956729888916,1263200,SAPR11.SA
2023-03-02,14.477990024340459,14.621169741167373,14.36007627690907,14.368498802185059,542800,SAPR11.SA
2023-03-03,14.317965710886837,14.452722906709996,14.183208515063678,14.216897010803223,795300,SAPR11.SA
2023-03-06,14.275853887214586,14.39376602532435,14.216896211727306,14.351655006408691,532800,SAPR11.SA
2023-03-07,14.360076706798198,14.427455304590733,14.14109746879682,14.208476066589355,661700,SAPR11.SA
2023-03-08,14.275853342679921,14.461144067846496,14.233740718938197,14.41903305053711,636600,SAPR11.SA
2023-03-09,14.402188880119176,14.705391757404755,14.402188880119176,14.612747192382812,936100,SAPR11.SA
2023-03-10,14.553790999641786,14.823305380044562,14.402188759057116,14.772771835327148,1213500,SAPR11.SA
2023-03-13,14.772771961758353,15.075974839090197,14.570634568293876,14.865416526794434,1429800,SAPR11.SA
2023-03-14,14.88226231309345,14.941218386421834,14.553791843731025,14.688549041748047,1028700,SAPR11.SA
2023-03-15,14.46956740727845,15.126508310313875,14.46956740727845,15.05912971496582,1205500,SAPR11.SA
2023-03-16,15.059129587296415,15.160198282677863,14.899106428721709,14.966485023498535,959700,SAPR11.SA
2023-03-17,14.91595116525368,15.07597594412904,14.705392837524414,14.705392837524414,1131800,SAPR11.SA
2023-03-20,14.654859217124137,14.873840069665398,14.587480616837022,14.64643669128418,805900,SAPR11.SA
2023-03-21,14.638011797292075,14.730657960110674,14.486411175996576,14.545367240905762,871800,SAPR11.SA
2023-03-22,14.54536786785797,14.73065859504951,14.44429917620563,14.536945343017578,697200,SAPR11.SA
2023-03-23,14.562213339788464,14.646435377769789,14.200052793312121,14.360075950622559,1302000,SAPR11.SA
2023-03-24,14.376921304331862,14.688548313312316,14.326387759189673,14.612747192382812,1196800,SAPR11.SA
2023-03-27,14.72223608507041,14.81488225197588,14.604323950050619,14.7896146774292,688900,SAPR11.SA
2023-03-28,14.781192880589641,14.915950071944334,14.722236810176016,14.865416526794434,680800,SAPR11.SA
2023-03-29,14.82330560710295,15.017018870180628,14.67170336419609,14.949640274047852,1030400,SAPR11.SA
2023-03-30,14.949641033334373,15.345490104915404,14.949641033334373,15.328646659851074,2062700,SAPR11.SA
2023-03-31,15.261266381633517,15.471824682886322,15.210731232701551,15.252843856811523,1256100,SAPR11.SA
2023-04-03,15.379179978673331,15.412868474732376,15.05913043073364,15.404447555541992,853300,SAPR11.SA
2023-04-04,15.412866503296767,16.179298566188816,15.40444558518349,16.069808959960938,1814300,SAPR11.SA
2023-04-05,16.06981056453165,16.339324951171875,15.918208320438412,16.339324951171875,1564300,SAPR11.SA
2023-04-06,16.255100208112626,16.533037101405913,15.909784722700731,15.977163314819336,1378400,SAPR11.SA
2023-04-10,15.985584995463903,16.09507620589479,15.758181656660303,16.061386108398438,1135700,SAPR11.SA
2023-04-11,16.170878849134475,16.170878849134475,15.303378033695973,15.497091293334961,3002100,SAPR11.SA
2023-04-12,15.699226100297071,16.002430561842964,15.47182436056997,15.968740463256836,2225200,SAPR11.SA
2023-04-13,16.078233802309832,16.482505400182564,15.968742573865637,16.41512680053711,1505700,SAPR11.SA
2023-04-14,16.59199721433605,16.59199721433605,16.061389317768793,16.09507942199707,1276300,SAPR11.SA
2023-04-17,16.09507937616923,16.09507937616923,15.682385239143427,16.044544219970703,3602100,SAPR11.SA
2023-04-18,16.10350130755882,16.137189804014593,15.800296807294226,15.82556438446045,926500,SAPR11.SA
2023-04-19,15.791872216850091,15.884518381247284,15.62342493729743,15.690803527832031,1283800,SAPR11.SA
2023-04-20,15.690807148216003,15.833986886942332,15.623428542134947,15.817143440246582,657300,SAPR11.SA
2023-04-24,15.817138613813672,15.87609467534069,15.665536394782942,15.766603469848633,998300,SAPR11.SA
2023-04-25,15.758182252635486,15.800294876098631,15.623425070418074,15.800294876098633,834100,SAPR11.SA
2023-04-26,15.758183504237486,15.977164344341531,15.67396146348647,15.783451080322266,579500,SAPR11.SA
2023-04-27,15.766606203050108,15.926630973815918,15.74134023311983,15.926630973815918,537700,SAPR11.SA
2023-04-28,15.89294405716197,16.01085621236937,15.682385719187252,15.91821002960205,724200,SAPR11.SA
2023-05-02,15.89294095430268,16.08665420187597,15.79187226497661,15.968740463256836,1588200,SAPR11.SA
2023-05-03,16.002430370028637,16.26352220521227,15.943474304641908,16.069808959960938,1396300,SAPR11.SA
2023-05-04,16.145610847174027,16.423547744750977,16.09507730391432,16.423547744750977,1117300,SAPR11.SA
2023-05-05,16.423549861372752,16.499350989247542,16.221414055850843,16.322481155395508,1056000,SAPR11.SA
2023-05-08,16.373014526933236,16.507771715925905,16.24667986305666,16.431970596313477,1190200,SAPR11.SA
2023-05-09,16.431970922592644,16.558305588977763,16.271946155074186,16.440393447875977,1082500,SAPR11.SA
2023-05-10,16.330900574300156,16.617259979248047,16.179298347394532,16.617259979248047,831800,SAPR11.SA
2023-05-11,16.56672611278887,16.718328336708506,16.47407995229748,16.608837127685547,1285200,SAPR11.SA
2023-05-12,16.600416880278637,17.375271548252673,16.482504737249695,17.17313575744629,2415200,SAPR11.SA
2023-05-15,17.156291624919515,17.686897853700266,17.004689386287186,17.644786834716797,1400700,SAPR11.SA
2023-05-16,17.75427529455532,17.846921458019224,17.543717000451757,17.729007720947266,1967400,SAPR11.SA
2023-05-17,17.644789209721726,17.804812388544097,17.459496845816176,17.493186950683594,1235500,SAPR11.SA
2023-05-18,17.451072368289356,17.787966953562815,17.37527124724607,17.71216583251953,1170000,SAPR11.SA
2023-05-19,17.737432078875962,17.830078251916042,17.526873763008474,17.670053482055664,1132000,SAPR11.SA
2023-05-22,17.670052829121406,17.695320404407518,17.467917046129728,17.653207778930664,1197900,SAPR11.SA
2023-05-23,17.467918792731144,17.720589751559388,17.341584116533305,17.535297393798828,1358900,SAPR11.SA
2023-05-24,17.484761265026535,17.838499270051987,17.467916215636674,17.510028839111328,848500,SAPR11.SA
2023-05-25,17.518451286623044,17.838500827239386,17.459495215044367,17.72058868408203,863100,SAPR11.SA
2023-05-26,17.8300771578785,17.846922207658093,17.383692977313473,17.577407836914062,1075000,SAPR11.SA
2023-05-29,17.5689868350639,17.787967681884766,17.39211700991022,17.787967681884766,562800,SAPR11.SA
2023-05-30,17.754278176635957,17.81323425152622,17.31631646826176,17.476341247558594,827500,SAPR11.SA
2023-05-31,17.46791756838322,17.493185144424782,17.05522346496582,17.05522346496582,2718800,SAPR11.SA
2023-06-01,17.02153415862458,17.248937534322877,16.861510988850984,17.18998146057129,1193000,SAPR11.SA
2023-06-02,17.518451560805435,18.02379184949708,17.299472321923798,17.678476333618164,1559000,SAPR11.SA
2023-06-05,17.560563588715752,17.686898254964724,17.25735910457226,17.442649841308594,836700,SAPR11.SA
2023-06-06,17.442650581726323,17.83007872862576,17.43422966252705,17.796388626098633,738100,SAPR11.SA
2023-06-07,17.79638762138998,17.998525012275913,17.67005295691058,17.762699127197266,995600,SAPR11.SA
2023-06-09,17.813234003447096,17.939568677371465,17.695321855308688,17.804811477661133,739400,SAPR11.SA
2023-06-12,17.804810966448066,18.268040232780532,17.712166398327568,18.17539405822754,1624500,SAPR11.SA
2023-06-13,18.192238397824827,18.326995588395704,17.594251959038196,17.60267448425293,1547500,SAPR11.SA
2023-06-14,17.61109711476683,18.209083557128906,17.55214104434362,18.209083557128906,1359300,SAPR11.SA
2023-06-15,18.116436975982474,18.14170455120638,17.83850007424909,17.872188568115234,960200,SAPR11.SA
2023-06-16,17.914301646786964,18.15854845440216,17.77954445504773,17.990102767944336,658300,SAPR11.SA
2023-06-19,18.10801208546027,18.1753906708233,17.973254914734213,18.023788452148438,534400,SAPR11.SA
2023-06-20,17.94799095150478,18.40279769897461,17.931147506601558,18.40279769897461,1041100,SAPR11.SA
2023-06-21,18.44490897505506,18.48702160397472,18.040637376021518,18.352264404296875,865300,SAPR11.SA
2023-06-22,18.276463413380096,18.3606854589751,18.074326005940943,18.19223976135254,602100,SAPR11.SA
2023-06-23,18.352262900433345,18.663888296740236,18.12485954219919,18.419641494750977,1228900,SAPR11.SA
2023-06-26,18.444908244642285,18.444908244642285,18.192238906860084,18.27646255493164,542700,SAPR11.SA
2023-06-27,18.37752726021402,18.503861912694134,17.838498552868327,17.93114471435547,1145900,SAPR11.SA
2023-06-28,18.17539255632879,18.38595085823549,18.040635371623097,18.24277114868164,864900,SAPR11.SA
2023-06-29,18.24277345296941,18.39437570652065,18.12486130306625,18.310152053833008,1121800,SAPR11.SA
2023-06-30,18.38595106835526,18.63862039095793,18.38595106835526,18.411218643188477,1677800,SAPR11.SA
2023-07-03,18.552331026332617,18.70166329738292,18.32394039558143,18.63138771057129,1057300,SAPR11.SA
2023-07-04,18.631388794624527,18.631388794624527,18.39421537718434,18.44692039489746,495000,SAPR11.SA
2023-07-05,18.455703427231718,18.49962399271124,18.288802262577633,18.4732723236084,776100,SAPR11.SA
2023-07-06,18.376644442041925,18.473271693354842,18.236096626747933,18.35907554626465,714500,SAPR11.SA
2023-07-07,18.218529317033568,18.464488852941784,18.1306865059619,18.376646041870117,606100,SAPR11.SA
2023-07-10,18.41178321838379,18.578684401458624,18.367862648056793,18.41178321838379,652800,SAPR11.SA
2023-07-11,18.359076345796183,18.446919153045982,18.086765151237774,18.367860794067383,868600,SAPR11.SA
2023-07-12,18.446920630031226,18.50841009739069,18.1921766361565,18.297588348388672,604900,SAPR11.SA
2023-07-13,18.35907714456333,18.45570440428839,18.22731376568696,18.376646041870117,462500,SAPR11.SA
2023-07-14,18.315156677183797,18.35029279652776,18.10433493473318,18.13947105407715,636500,SAPR11.SA
2023-07-17,18.130687042347322,18.306372669688212,18.016492557399367,18.209745407104492,608200,SAPR11.SA
2023-07-18,18.13068745679199,18.27123529169252,18.051629090227646,18.10433578491211,398900,SAPR11.SA
2023-07-19,18.104334185983156,18.139470303873978,17.805669644331235,18.08676528930664,646300,SAPR11.SA
2023-07-20,18.077981331060602,18.174608589938778,17.946217953339065,18.11311912536621,291300,SAPR11.SA
2023-07-21,18.139469774469966,18.262450372154145,18.00770640416606,18.253665924072266,484000,SAPR11.SA
2023-07-24,18.26245112209195,18.35907670403621,18.139470519357637,18.306371688842773,907000,SAPR11.SA
2023-07-25,18.315156446358486,18.473273170069277,18.25366698168479,18.288803100585938,590100,SAPR11.SA
2023-07-26,18.29758811515837,18.44692039489746,18.139471386556707,18.44692039489746,592800,SAPR11.SA
2023-07-27,18.4205672831076,18.48205842592939,18.209745534105583,18.297588348388672,536600,SAPR11.SA
2023-07-28,18.297586932215648,18.420565857416413,18.200959676436646,18.32394027709961,340100,SAPR11.SA
2023-07-31,18.35029374974105,18.508410483658015,18.24488371077131,18.41178321838379,606200,SAPR11.SA
2023-08-01,18.315155472795166,18.394213830448123,18.069195951712395,18.38542938232422,895700,SAPR11.SA
2023-08-02,18.385428036395883,18.385428036395883,18.016489619511407,18.174606323242188,763900,SAPR11.SA
2023-08-03,18.350293109570224,18.420567024919247,18.121902465820312,18.121902465820312,449900,SAPR11.SA
2023-08-04,18.034061529438183,18.4381361283378,18.034061529438183,18.341508865356445,594900,SAPR11.SA
2023-08-07,18.341508167460585,18.359077064690936,18.157039772928663,18.244882583618164,608200,SAPR11.SA
2023-08-08,18.244881475990383,18.525977112761957,18.01649085224794,18.253665924072266,842000,SAPR11.SA
2023-08-09,18.29758661373794,18.306371061879698,17.955001513520255,18.192174911499023,639000,SAPR11.SA
2023-08-10,18.192176251720173,18.271234615358065,18.034061199906684,18.183393478393555,464800,SAPR11.SA
2023-08-11,18.446921410537534,19.588873018147755,18.446921410537534,19.50103187561035,2122300,SAPR11.SA
2023-08-14,19.50103019685856,19.518597418576324,18.97397500969385,19.35169792175293,977400,SAPR11.SA
2023-08-15,19.2989898046734,19.360480940261354,19.009109724464434,19.228715896606445,872400,SAPR11.SA
2023-08-16,19.325346185919944,19.624010761012062,19.14966055040844,19.544952392578125,1345100,SAPR11.SA
2023-08-17,19.571306668613268,19.571306668613268,19.167230357960506,19.31656265258789,716400,SAPR11.SA
2023-08-18,19.378047379150356,19.720634133189357,19.158441215865228,19.588869094848633,1730300,SAPR11.SA
2023-08-21,19.62400800297478,19.62400800297478,19.21114899564873,19.36048126220703,967100,SAPR11.SA
2023-08-22,19.421973215293043,19.799696154196166,19.421973215293043,19.694284439086914,985000,SAPR11.SA
2023-08-23,19.703068324143505,19.843616156623288,19.4658932285355,19.53616714477539,899900,SAPR11.SA
2023-08-24,19.746989512815485,19.878752900464956,19.58887277745117,19.65036392211914,774000,SAPR11.SA
2023-08-25,19.641579542981724,20.010518034994416,19.641579542981724,19.782127380371094,1032600,SAPR11.SA
2023-08-28,19.843613957113206,20.159847382871867,19.71185058820114,20.098356246948242,1171400,SAPR11.SA
2023-08-29,20.115926158293984,20.414590703149802,20.089574488458734,20.32674789428711,1262400,SAPR11.SA
2023-08-30,20.24768829345703,20.555137267910613,20.24768829345703,20.24768829345703,728300,SAPR11.SA
2023-08-31,20.353101617208747,20.405806633319344,19.659145257326518,19.896320343017578,1022800,SAPR11.SA
2023-09-01,20.107140604968563,20.3970206854629,19.571302683728813,19.96659278869629,1302600,SAPR11.SA
2023-09-04,20.001730454263864,20.449727244102718,20.001730454263864,20.24768829345703,566100,SAPR11.SA
2023-09-05,20.212554002655395,20.212554002655395,19.992947811851398,20.11592674255371,804400,SAPR11.SA
2023-09-06,20.1949833174419,20.291610568989288,19.834829330444336,19.834829330444336,662900,SAPR11.SA
2023-09-08,19.83483411808016,20.159852067351277,19.82604966804986,20.06322479248047,570900,SAPR11.SA
2023-09-11,20.203770626224873,20.62541413283512,20.063222790688126,20.47608184814453,1286000,SAPR11.SA
2023-09-12,20.511217291284947,20.774744033813477,20.47607949870132,20.774744033813477,921500,SAPR11.SA
2023-09-13,20.73082506313009,21.047056843395964,20.66055114801964,20.792314529418945,1331800,SAPR11.SA
2023-09-14,20.8450218277945,20.968002449291323,20.520005563143037,20.73082733154297,918200,SAPR11.SA
2023-09-15,20.73082733154297,20.888944076708537,20.590279485943014,20.73082733154297,1094600,SAPR11.SA
2023-09-18,20.678120899872305,20.722041470332325,20.405808001540606,20.607845306396484,2484100,SAPR11.SA
2023-09-19,20.60784523452744,20.60784523452744,20.344318461761624,20.47608184814453,535300,SAPR11.SA
2023-09-20,20.476081356205572,20.651766984136835,20.423376338011124,20.599061965942383,965400,SAPR11.SA
2023-09-21,20.546353321825897,20.827448959461723,20.300395476625628,20.642980575561523,959900,SAPR11.SA
2023-09-22,20.695687190860372,20.90650893540751,20.520003241468903,20.660551071166992,877100,SAPR11.SA
2023-09-25,20.66055041761894,20.66055041761894,20.30039640597742,20.370670318603516,511600,SAPR11.SA
2023-09-26,20.440943113749366,20.440943113749366,20.00173076498189,20.010515213012695,760900,SAPR11.SA
2023-09-27,20.0105149377192,20.09835606589451,19.509811459624473,19.834829330444336,973800,SAPR11.SA
2023-09-28,19.74698847693784,19.93145855034016,19.63279399375529,19.790910720825195,652000,SAPR11.SA
2023-09-29,20.07200702432915,20.142280941342992,19.87875249594432,20.080791473388672,809900,SAPR11.SA
2023-10-02,20.063220040681777,20.291610660989758,19.711850500001088,19.96659278869629,1056200,SAPR11.SA
2023-10-03,19.746985703693657,19.913886856101627,19.351695616995265,19.45710563659668,769800,SAPR11.SA
2023-10-04,19.562521345571493,19.667931386801335,19.334130688956968,19.50103187561035,872200,SAPR11.SA
2023-10-05,19.509811941250444,19.817260923840188,19.430755259033468,19.492244720458984,758500,SAPR11.SA
2023-10-06,19.395620833174117,19.536168676674748,19.176014618271573,19.421974182128906,824000,SAPR11.SA
2023-10-09,19.211152014316195,20.405808659038023,19.211152014316195,20.353103637695312,2060100,SAPR11.SA
2023-10-10,20.414589775729148,20.67811819034531,20.344315866923935,20.379453659057617,1125300,SAPR11.SA
2023-10-11,20.37945410175321,20.69568586051499,20.36188520530473,20.44972801208496,1016900,SAPR11.SA
2023-10-13,20.440944297242726,21.16125232285197,20.2301225586836,20.87137222290039,2254100,SAPR11.SA
2023-10-16,20.950433053849,21.363292131094074,20.704473492139467,21.029491424560547,3030500,SAPR11.SA
2023-10-17,20.994349070662608,20.994349070662608,20.230120553565435,20.414588928222656,1865200,SAPR11.SA
2023-10-18,20.42337475997719,20.47607977409933,19.84361457824707,19.84361457824707,1736900,SAPR11.SA
2023-10-19,19.81726199903638,20.02808373913161,19.527381896972656,19.527381896972656,1385100,SAPR11.SA
2023-10-20,19.45710688281651,20.115925411639612,19.45710688281651,19.90510368347168,5467200,SAPR11.SA
2023-10-23,19.799694533508085,20.41459084901603,19.799694533508085,20.045652389526367,799800,SAPR11.SA
2023-10-24,20.10714389362442,20.52000463747969,20.10714389362442,20.458515167236328,918900,SAPR11.SA
2023-10-25,20.449730658937938,20.528789027726624,20.080792163078204,20.177417755126953,856900,SAPR11.SA
2023-10-26,20.15984998470064,20.62541405997307,20.045653821566468,20.344318389892578,770200,SAPR11.SA
2023-10-27,20.33553379426548,20.634198360439907,20.01051755637483,20.080791473388672,721300,SAPR11.SA
2023-10-30,20.115927948599175,20.317965254141004,19.51859880572562,19.694284439086914,1897300,SAPR11.SA
2023-10-31,19.878752688131627,19.878752688131627,19.026681226668156,19.10573959350586,1622500,SAPR11.SA
2023-11-01,19.096952372887255,19.764555331817434,19.096952372887255,19.703065872192383,1280300,SAPR11.SA
2023-11-03,20.080792163078204,20.30918282008303,19.852401506073377,20.177417755126953,1226900,SAPR11.SA
2023-11-06,20.15984801017959,20.265258038404397,19.99294684411776,20.212553024291992,461300,SAPR11.SA
2023-11-07,20.09835613383419,20.56392182186288,20.04565112165842,20.528785705566406,561100,SAPR11.SA
2023-11-08,20.59027436307949,20.59027436307949,20.33553040914586,20.520000457763672,393000,SAPR11.SA
2023-11-09,20.642980881104105,21.08219324027653,20.590275867132824,20.99435043334961,788200,SAPR11.SA
2023-11-10,21.08219438178122,21.688307939386867,21.003136018812558,21.310585021972656,997000,SAPR11.SA
2023-11-13,21.451133833311378,22.0923835396932,21.39842881407157,22.083599090576172,810100,SAPR11.SA
2023-11-14,22.118736267089844,22.434969724589877,21.92548174285658,22.118736267089844,1019400,SAPR11.SA
2023-11-16,22.02211109400144,22.6282247198853,21.951837171831023,22.514028549194336,1199600,SAPR11.SA
2023-11-17,22.59308692106886,22.654578068997626,22.162658938342265,22.514028549194336,646400,SAPR11.SA
2023-11-20,22.680926690206267,22.953237892535665,22.443751606502158,22.891748428344727,926200,SAPR11.SA
2023-11-21,22.882964127672825,22.970806937996972,22.452536200092965,22.610652923583984,666300,SAPR11.SA
2023-11-22,22.601867280348024,23.01472796441045,22.197792719862083,22.487672805786133,1023500,SAPR11.SA
2023-11-23,22.48767404469391,22.62822187134194,22.31198842365275,22.56673240661621,347800,SAPR11.SA
2023-11-24,22.443751406939608,22.470104752270927,22.118735191831092,22.303203582763672,504800,SAPR11.SA
2023-11-27,22.2329300795303,22.50524295990834,22.08359780416443,22.19779396057129,631200,SAPR11.SA
2023-11-28,22.048459970164487,22.66335624554659,22.048459970164487,22.461318969726562,1162100,SAPR11.SA
2023-11-29,22.47010501678485,22.71606454971924,22.32955719095441,22.47888946533203,1189300,SAPR11.SA
2023-11-30,22.47888917870035,23.34852946823561,22.25928299420774,23.041080474853516,1670200,SAPR11.SA
2023-12-01,23.041080333265022,23.322175979614258,23.005944215202472,23.322175979614258,906200,SAPR11.SA
2023-12-04,23.27825628910922,23.585705292171042,23.1552773580694,23.462724685668945,683900,SAPR11.SA
2023-12-05,23.453941012997905,24.183033473490084,23.436372116248165,24.0600528717041,1448700,SAPR11.SA
2023-12-06,24.060052255618036,24.253306763992263,23.96342667689309,24.095190048217773,932500,SAPR11.SA
2023-12-07,24.08640755407032,24.692521121889254,23.937075274331228,24.59589385986328,1625300,SAPR11.SA
2023-12-08,24.516836219561615,24.657384054588608,24.21817165126366,24.472915649414062,626700,SAPR11.SA
2023-12-11,24.47291474704113,24.736441509134316,24.18303463855371,24.701305389404297,942900,SAPR11.SA
2023-12-12,24.710086913676616,25.114163160651227,24.648597450660574,24.99118423461914,1668500,SAPR11.SA
2023-12-13,24.98240107340054,25.69392467211426,24.98240107340054,25.570945739746094,1532000,SAPR11.SA
2023-12-14,25.650004308179515,26.027725557104112,25.57094594375145,25.790552139282227,1350900,SAPR11.SA
2023-12-15,25.729062363851977,25.931099659204836,25.140517699873698,25.65878677368164,1843300,SAPR11.SA
2023-12-18,25.65878610574176,25.895961190005735,25.491886609818735,25.737844467163086,971900,SAPR11.SA
2023-12-19,25.737844385708925,26.106782846020092,25.37769037391258,25.606081008911133,924900,SAPR11.SA
2023-12-20,25.60607940923773,25.667568869537824,25.342552672105292,25.588510513305664,825900,SAPR11.SA
2023-12-21,25.597297720591808,25.816903917029176,25.2986331594,25.553377151489258,749200,SAPR11.SA
2023-12-22,25.553376739350707,25.799336278560027,25.360123892769142,25.65878677368164,698600,SAPR11.SA
2023-12-26,25.6587876631853,25.790552723860248,25.237144160320042,25.25471305847168,701900,SAPR11.SA
2023-12-27,25.26349732434175,25.439181278197076,25.10538059304832,25.360124588012695,980000,SAPR11.SA
2023-12-28,25.351338093266264,25.641218185424805,25.33376919665976,25.641218185424805,798000,SAPR11.SA
2024-01-02,25.7890930046597,25.7890930046597,25.1250734127051,25.394269943237305,1132000,SAPR11.SA
2024-01-03,25.430164495172992,25.546815872192383,25.151994510349944,25.546815872192383,665600,SAPR11.SA
2024-01-04,25.537843179226204,25.537843179226204,24.523867694734392,24.56873321533203,876100,SAPR11.SA
2024-01-05,24.46105137928322,24.99047265312997,24.33542657244149,24.81998062133789,591200,SAPR11.SA
2024-01-08,24.811009652744325,25.394269943237305,24.676411387478222,25.394269943237305,576600,SAPR11.SA
2024-01-09,25.14301860587855,25.932662963867188,25.134045160599058,25.932662963867188,828800,SAPR11.SA
2024-01-10,25.932663723597667,26.18391506425508,25.78011857239669,26.11212921142578,662200,SAPR11.SA
2024-01-11,26.19288812744344,26.19288812744344,25.627573047093957,26.022396087646484,825000,SAPR11.SA
2024-01-12,26.022396087646484,26.067261603193714,25.51092167976533,26.022396087646484,577600,SAPR11.SA
2024-01-15,25.86087817866072,26.41721982834373,25.86087817866072,26.372352600097656,617400,SAPR11.SA
2024-01-16,26.291594294041445,26.41722082636677,25.98650397648109,26.076236724853516,999400,SAPR11.SA
2024-01-17,26.06726324023606,26.34543493092934,25.986503937971538,26.130077362060547,1261000,SAPR11.SA
2024-01-18,26.130077102277614,26.174942620196383,25.376324762975678,25.394269943237305,1220600,SAPR11.SA
2024-01-19,25.430162845592488,25.851904518548334,25.26864424826607,25.466054916381836,2243300,SAPR11.SA
2024-01-22,25.528869521445536,25.654494338864616,25.044313720240897,25.331457138061523,798400,SAPR11.SA
2024-01-23,25.367351948715616,25.798067092895508,25.367351948715616,25.798067092895508,833300,SAPR11.SA
2024-01-24,25.798067865179917,26.013425443716752,25.519897873508572,25.555789947509766,512600,SAPR11.SA
2024-01-25,25.555787727802784,25.690385988758724,25.295564651489258,25.295564651489258,415900,SAPR11.SA
2024-01-26,25.28659187293992,25.367351173945828,24.96355466891628,25.25069808959961,702500,SAPR11.SA
2024-01-29,25.25069754602066,25.25069754602066,24.784090353209937,25.044313430786133,562400,SAPR11.SA
2024-01-30,25.044314588692203,25.044314588692203,24.71230564214033,24.864849090576172,729700,SAPR11.SA
2024-01-31,24.775117670640626,25.69936035059656,24.775117670640626,25.19685935974121,1021400,SAPR11.SA
2024-02-01,25.241724624889653,25.358377709148645,24.52386607371813,25.277618408203125,784200,SAPR11.SA
2024-02-02,25.277616212416028,25.277616212416028,24.389265690693314,24.398239135742188,975500,SAPR11.SA
2024-02-05,24.380293833485446,24.730249655635223,24.0752035279924,24.649490356445312,1060000,SAPR11.SA
2024-02-06,24.416186918771796,24.927663072058166,24.416186918771796,24.721277236938477,1396300,SAPR11.SA
2024-02-07,24.604624244549004,25.03533935546875,24.56873046288417,25.03533935546875,917800,SAPR11.SA
2024-02-08,24.784092725065463,24.918690999555665,24.272616543586825,24.54181480407715,1975100,SAPR11.SA
2024-02-09,24.281590104821685,25.37632662193727,24.111099755033134,25.080209732055664,1246300,SAPR11.SA
2024-02-14,24.95458252732495,24.95458252732495,23.482971563654704,23.572704315185547,996200,SAPR11.SA
2024-02-15,23.45604909640766,23.797033178982964,23.070199497892844,23.626541137695312,1035200,SAPR11.SA
2024-02-16,23.62654182343391,24.08417728764023,23.384263922705312,23.976497650146484,752200,SAPR11.SA
2024-02-19,23.70730045354176,23.87779249495848,23.3573446367214,23.599620819091797,523700,SAPR11.SA
2024-02-20,23.563729520970135,23.80600742279147,23.42913125712821,23.752166748046875,1018000,SAPR11.SA
2024-02-21,23.752166692617546,23.761140138387372,23.258639155845614,23.411184310913086,1047400,SAPR11.SA
2024-02-22,23.42015685990859,23.617567524756414,23.19582585878209,23.509889602661133,592400,SAPR11.SA
2024-02-23,23.509891928764546,23.509891928764546,23.088148509552592,23.15096092224121,842900,SAPR11.SA
2024-02-26,23.150959265969725,23.34837164773621,22.96252204138509,23.070199966430664,470900,SAPR11.SA
2024-02-27,23.133014820302332,23.375291015098817,22.998414842458956,23.276586532592773,578600,SAPR11.SA
2024-02-28,23.204800462252717,23.653462486896366,23.19582701637867,23.303504943847656,884700,SAPR11.SA
2024-02-29,23.30350414842521,23.38426344702528,23.13301381716705,23.177879333496094,835200,SAPR11.SA
2024-03-01,23.186853673741535,23.500917434692383,23.115067817939323,23.500917434692383,1533400,SAPR11.SA
2024-03-04,23.50091731089952,23.689354539571536,23.20480044333649,23.330425262451172,821700,SAPR11.SA
2024-03-05,23.240694172051725,23.554757953736868,22.827925901815764,23.0163631439209,903600,SAPR11.SA
2024-03-06,23.01635982309148,23.195825304306602,22.72921642235502,22.854841232299805,808000,SAPR11.SA
2024-03-07,22.792029243087693,23.375289500411867,22.729216836969513,23.339397430419922,911600,SAPR11.SA
2024-03-08,23.168906533092155,23.72524819321684,23.124041015513782,23.581676483154297,894000,SAPR11.SA
2024-03-11,23.572703259096695,23.635515668901242,23.052255377346434,23.133014678955078,597500,SAPR11.SA
2024-03-12,23.222744468000624,23.28555858594214,22.99841346702434,23.088146209716797,745800,SAPR11.SA
2024-03-13,23.115066610087375,23.133013500977583,22.729217013496452,22.91765594482422,802200,SAPR11.SA
2024-03-14,22.87278961635261,22.890736507948017,22.45104793291924,22.818950653076172,698500,SAPR11.SA
2024-03-15,22.980468190225114,23.85984529956006,22.88176200253109,23.312477111816406,1560200,SAPR11.SA
2024-03-18,23.33042572635381,23.465023994011574,22.765112317587253,22.827924728393555,774000,SAPR11.SA
2024-03-19,22.980469417417115,22.98944286327847,22.585646357066572,22.93560218811035,795500,SAPR11.SA
2024-03-20,23.043283448726974,23.67140929964111,23.043283448726974,23.438106536865234,811700,SAPR11.SA
2024-03-21,23.50091745385282,23.63551571965298,23.231719210742696,23.473997116088867,669200,SAPR11.SA
2024-03-22,23.465022475320104,23.581675554847415,23.133013550686382,23.285558700561523,615300,SAPR11.SA
2024-03-25,23.27658667307353,23.599622171921727,23.186853924472988,23.42015838623047,428000,SAPR11.SA
2024-03-26,23.527835449026103,23.734221276660975,23.312477887220368,23.465023040771484,737100,SAPR11.SA
2024-03-27,23.482969515818738,23.572702259524423,23.204799550689874,23.42913055419922,459400,SAPR11.SA
2024-03-28,23.429131436420377,23.662435894236314,23.15095974930726,23.357345581054688,873100,SAPR11.SA
2024-04-01,23.357346764445094,23.4919450361364,23.043282989492116,23.15096092224121,983600,SAPR11.SA
2024-04-02,23.159934112494113,23.231719970703125,22.89073757208779,23.231719970703125,751900,SAPR11.SA
2024-04-03,23.231718890711832,23.231718890711832,22.72921790660892,22.818950653076172,1013100,SAPR11.SA
2024-04-04,22.836898099532494,23.24069290118133,22.836898099532494,22.998414993286133,520100,SAPR11.SA
2024-04-05,23.106094328851892,23.106094328851892,22.612566785072566,22.738191604614258,831800,SAPR11.SA
2024-04-08,22.729218458853577,23.097121187949323,22.648459156221843,22.998414993286133,589700,SAPR11.SA
2024-04-09,22.998416340789642,23.303506677160705,22.890738405311577,23.213775634765625,583700,SAPR11.SA
2024-04-10,23.213773454959615,23.213773454959615,22.74716454767676,22.899709701538086,830300,SAPR11.SA
2024-04-11,22.82792565627072,22.872791176810328,22.594621184142973,22.702299118041992,494700,SAPR11.SA
2024-04-12,22.79202901788226,22.79202901788226,22.343367022603044,22.406179428100586,1110000,SAPR11.SA
2024-04-15,22.522832102430087,22.612564842182728,22.2177418141769,22.343366622924805,1173000,SAPR11.SA
2024-04-16,22.244664812585672,22.34336929777134,22.002386899702028,22.101091384887695,922200,SAPR11.SA
2024-04-17,22.16390546827902,22.468995792505453,22.09211961031455,22.154932022094727,698000,SAPR11.SA
2024-04-18,22.271583677911583,22.316450909393968,21.939574722491333,22.047252655029297,846100,SAPR11.SA
2024-04-19,22.110063147645757,23.007387161254883,22.002385224458113,23.007387161254883,2705700,SAPR11.SA
2024-04-22,23.00738803857588,23.716274857883132,22.72024461711312,23.357345581054688,1611700,SAPR11.SA
2024-04-23,23.420158779783318,23.680381872436875,23.168907421781732,23.48297119140625,739400,SAPR11.SA
2024-04-24,23.509890502871382,23.832925993036195,23.393237419373435,23.411184310913086,760200,SAPR11.SA
2024-04-25,23.3842656104876,23.473998362957307,22.989444238036715,23.124042510986328,784300,SAPR11.SA
2024-04-26,23.150960000706277,23.644489259275755,23.150960000706277,23.276586532592773,596000,SAPR11.SA
2024-04-29,23.28555976360936,23.44707665481284,23.150959787008425,23.303504943847656,500500,SAPR11.SA
2024-04-30,23.357344437794165,23.357344437794165,22.9714948422734,23.088146209716797,1645400,SAPR11.SA
2024-05-02,23.11507005540222,23.76114282015984,22.89971246714968,23.590652465820312,1415800,SAPR11.SA
2024-05-03,23.6983276216057,24.05725689321554,23.402210758588854,23.635515213012695,1351800,SAPR11.SA
2024-05-06,24.281588859177308,24.55976055321251,23.76114096694768,24.299535751342773,1483300,SAPR11.SA
2024-05-07,24.496944525482995,24.496944525482995,24.09314975222255,24.272613525390625,800500,SAPR11.SA
2024-05-08,24.22775003229679,24.44310760498047,24.003419013479228,24.44310760498047,479300,SAPR11.SA
2024-05-09,24.371321231534722,24.371321231534722,23.770114045369425,24.209802627563477,1219900,SAPR11.SA
2024-05-10,24.003418763662612,24.793063188617843,24.003418763662612,24.523866653442383,966500,SAPR11.SA
2024-05-13,24.595650799132795,25.358376544413414,24.595650799132795,25.03533935546875,1023100,SAPR11.SA
2024-05-14,24.999447546087698,25.55578747561823,24.97252720955826,25.376323699951172,850600,SAPR11.SA
2024-05-15,25.34043233648393,25.555789914744654,25.1250747582232,25.214807510375977,673300,SAPR11.SA
2024-05-16,25.259670973202656,25.466055088286357,25.035339966848262,25.07123374938965,819500,SAPR11.SA
2024-05-17,25.07123384933986,25.860878241791063,24.972527658467296,25.780118942260742,1403600,SAPR11.SA
2024-05-20,25.762174306649595,26.103158425969625,25.609630851413158,25.896774291992188,537500,SAPR11.SA
2024-05-21,25.959586447718774,26.04931919988552,25.744228869424518,25.9775333404541,642000,SAPR11.SA
2024-05-22,26.022396674224257,26.031370119837916,25.510922254813824,25.663467407226562,561300,SAPR11.SA
2024-05-23,25.654495239257812,25.654495239257812,25.160967686496047,25.654495239257812,781800,SAPR11.SA
2024-05-24,25.448113250007466,25.726283255189486,25.232755661010742,25.232755661010742,662700,SAPR11.SA
2024-05-27,25.214805388958087,25.31350986766285,25.053286790974244,25.241724014282227,302300,SAPR11.SA
2024-05-28,25.250699969382822,25.510924783443087,24.676413085263498,24.909717559814453,760200,SAPR11.SA
2024-05-29,24.900744224214115,25.19686111409572,24.604627334332505,25.080209732055664,625700,SAPR11.SA
2024-05-31,25.071233593756887,25.071233593756887,24.505918502807617,24.505918502807617,1017800,SAPR11.SA
2024-06-03,24.42516047796756,24.775118027786284,24.30850910236787,24.496946334838867,829200,SAPR11.SA
2024-06-04,24.461054287079854,25.035341142635417,24.335429465304536,24.864849090576172,1561200,SAPR11.SA
2024-06-05,24.954583080820054,25.116101694856095,24.59565377824548,24.909717559814453,892500,SAPR11.SA
2024-06-06,24.855876707903697,25.232752874912315,24.631545696863085,24.882795333862305,778100,SAPR11.SA
2024-06-07,24.784089355296114,24.819981424908804,24.31748046976331,24.40721321105957,581100,SAPR11.SA
2024-06-10,24.40721446965064,24.4610534326008,23.77908695969626,24.00341796875,697900,SAPR11.SA
2024-06-11,24.09315052204609,24.694357689963784,23.95855225999193,24.425159454345703,943900,SAPR11.SA
2024-06-12,24.658465032719118,24.676411924881393,23.77011440880457,23.904712677001953,563100,SAPR11.SA
2024-06-13,24.16493757643334,24.16493757643334,23.54578348641265,23.70730209350586,365100,SAPR11.SA
2024-06-14,23.707301067334665,23.8239524387917,23.42015765004679,23.635515213012695,321000,SAPR11.SA
2024-06-17,23.626541239277223,23.626541239277223,23.24966508463188,23.402210235595703,707300,SAPR11.SA
2024-06-18,23.40221165320428,23.563730259480657,23.25863993907191,23.53680992126465,485100,SAPR11.SA
2024-06-19,23.54578144184316,23.56372833251953,23.195825631202425,23.56372833251953,358500,SAPR11.SA
2024-06-20,23.563728197709043,23.89573711577395,23.240691013421294,23.39323616027832,868100,SAPR11.SA
2024-06-21,23.465022362976104,24.048282623291016,23.34837099551701,24.048282623291016,3961400,SAPR11.SA
2024-06-24,24.048284014930655,24.712305322464346,23.94957953260252,24.631546020507812,639500,SAPR11.SA
2024-06-25,24.631545011204487,24.88279464120977,24.514891930265115,24.532838821411133,483700,SAPR11.SA
2024-06-26,24.550787087303934,24.685385355416553,24.20082953639932,24.32645606994629,432200,SAPR11.SA
2024-06-27,24.335429169512118,24.76614430594353,24.290561939773546,24.604625701904297,439200,SAPR11.SA
2024-06-28,24.67641044316305,24.82895559436299,24.514891846420788,24.730249404907227,632000,SAPR11.SA
2024-07-01,25.044304949739676,25.044304949739676,24.195658069878814,24.24178123474121,818200,SAPR11.SA
2024-07-02,24.241781905579888,24.334024719019624,23.909702147056404,24.0849666595459,1163400,SAPR11.SA
2024-07-03,24.24178200146816,24.887490495194836,24.16798669477314,24.675329208374023,639400,SAPR11.SA
2024-07-04,24.693777209862315,25.311813531553717,24.693777209862315,25.28413963317871,655600,SAPR11.SA
2024-07-05,25.09964959558798,25.357934026230858,24.924386857091243,25.173446655273438,541000,SAPR11.SA
2024-07-08,25.274916187620484,25.321039353745363,24.92438892216583,25.145774841308594,468500,SAPR11.SA
2024-07-09,25.14577481671908,25.302590062552554,24.98895957088561,24.998184204101562,684100,SAPR11.SA
2024-07-10,24.998181935014266,25.228792466223958,24.832142071036294,24.878263473510742,553100,SAPR11.SA
2024-07-11,24.97051024212803,25.127325487570094,24.629207611083984,24.629207611083984,718200,SAPR11.SA
2024-07-12,24.804469351938998,24.86904002223737,24.5923080754104,24.739898681640625,419100,SAPR11.SA
2024-07-15,24.81369570780618,24.998184858114197,24.53696374176308,24.69377899169922,959000,SAPR11.SA
2024-07-16,24.75834780203409,25.118099682682498,24.638429335538756,24.915163040161133,2279900,SAPR11.SA
2024-07-17,24.91516321733232,25.33948577091766,24.878264686019435,24.887489318847656,596900,SAPR11.SA
2024-07-18,24.905938506304906,24.98895844207943,24.269452918506516,24.518512725830078,2075400,SAPR11.SA
2024-07-19,24.601531874486007,24.629205771998365,24.112636908280187,24.15876007080078,1715800,SAPR11.SA
2024-07-22,24.18643163242789,24.69377585154976,24.18643163242789,24.610755920410156,532200,SAPR11.SA
2024-07-23,24.398596861146807,24.69377808324513,24.24178161697971,24.33402442932129,935900,SAPR11.SA
2024-07-24,24.352472823048192,24.610757262839755,24.324800684104712,24.370922088623047,1037900,SAPR11.SA
2024-07-25,24.407818876053117,24.573858747496004,24.37092210429848,24.444717407226562,1004000,SAPR11.SA
2024-07-26,24.564635882716033,24.887491016045598,24.444719166609072,24.69377899169922,529900,SAPR11.SA
2024-07-29,24.638428912732248,24.712225973566863,24.435492273693363,24.500062942504883,678200,SAPR11.SA
2024-07-30,24.54618829227535,25.404059847296583,24.472392984285293,25.385610580444336,1414500,SAPR11.SA
2024-07-31,25.385607597242558,25.61621812753854,25.090426399970692,25.20111846923828,1877300,SAPR11.SA
2024-08-01,25.210344407355038,25.975971337216755,25.210344407355038,25.65311622619629,1020600,SAPR11.SA
2024-08-02,25.690015211133485,26.42796825556702,25.690015211133485,26.289602279663086,1600300,SAPR11.SA
2024-08-05,25.81915769073471,26.28037880366549,25.52397645996604,25.929851531982422,1577700,SAPR11.SA
2024-08-06,25.828381200910215,26.474091434700508,25.745361263439495,26.3633975982666,1322300,SAPR11.SA
2024-08-07,26.47408959664267,26.981432059811816,26.372620400241352,26.65857696533203,863500,SAPR11.SA
2024-08-08,26.658577589846047,26.879963493110782,26.28960108440482,26.354171752929688,1014300,SAPR11.SA
2024-08-09,26.10511175957857,26.464865389223778,24.979732986422245,26.30805015563965,2147500,SAPR11.SA
2024-08-12,26.363396402965538,26.630905469224448,26.18813190298276,26.427967071533203,686500,SAPR11.SA
2024-08-13,26.538663134999407,26.61245844234316,26.326501846313477,26.326501846313477,554600,SAPR11.SA
2024-08-14,26.418743149027865,26.6032322865387,26.169685100632694,26.492538452148438,912100,SAPR11.SA
2024-08-15,26.289602116816937,26.52943729462693,26.280377483891304,26.391071319580078,763400,SAPR11.SA
2024-08-16,26.381845456184017,26.474090021719167,26.2619269931627,26.30805015563965,674600,SAPR11.SA
2024-08-19,26.308050262201064,26.750822067260742,26.27115173207005,26.750822067260742,698200,SAPR11.SA
2024-08-20,26.43719395010779,26.66780450568055,26.234257294594567,26.474092483520508,826600,SAPR11.SA
2024-08-21,26.474090039841457,26.62168064103123,26.298825541146577,26.381845474243164,664900,SAPR11.SA
2024-08-22,26.501762195967846,26.658577429766066,26.289600926540476,26.45564079284668,992900,SAPR11.SA
2024-08-23,26.45564206289567,26.92608778687489,26.40951889814153,26.760047912597656,790900,SAPR11.SA
2024-08-26,26.76004800527153,26.889189348192687,26.25270374773199,26.289602279663086,749900,SAPR11.SA
2024-08-27,26.298826379067336,26.400295580400297,26.049766571842145,26.197357177734375,1196600,SAPR11.SA
2024-08-28,26.19735655281799,26.50176239013672,26.05899058302198,26.50176239013672,724800,SAPR11.SA
2024-08-29,26.48331378820249,26.48331378820249,26.261927879100995,26.344947814941406,422000,SAPR11.SA
2024-08-30,26.34494644566888,26.46486490650288,26.17890658261794,26.437191009521484,1469600,SAPR11.SA
2024-09-02,26.381846701225864,26.547886575141323,26.289602131337404,26.464866638183594,435600,SAPR11.SA
2024-09-03,26.47409189114762,27.30428952074963,26.47409189114762,27.073678970336914,1068700,SAPR11.SA
2024-09-04,27.165922800368055,27.165922800368055,26.750823117195765,26.86151695251465,1198800,SAPR11.SA
2024-09-05,26.86151725645845,27.498001098632812,26.760048052886226,27.498001098632812,2034000,SAPR11.SA
2024-09-06,27.507225406610434,28.263627709417854,27.44265473579792,27.700939178466797,2003100,SAPR11.SA
2024-09-09,27.673264314286758,28.162159283896578,27.516449079462383,27.95922088623047,1027400,SAPR11.SA
2024-09-10,27.92232574965692,29.711862346606722,27.67326593399048,29.518150329589844,2856200,SAPR11.SA
2024-09-11,29.86867807349387,30.19153142139049,29.287538528442383,29.287538528442383,1776000,SAPR11.SA
2024-09-12,29.27831656488121,30.03472068161888,28.92778928688678,29.794883728027344,1670100,SAPR11.SA
2024-09-13,29.684191120453733,30.154635107524403,29.61962044612713,29.95170021057129,1875300,SAPR11.SA
2024-09-16,29.804109293378904,30.126962661743164,29.527373813252048,30.126962661743164,1023900,SAPR11.SA
2024-09-17,30.00704115162344,30.12695961295371,29.711859953608503,29.822555541992188,798800,SAPR11.SA
2024-09-18,29.87790257882181,29.924023985492408,29.370560067769674,29.63806915283203,943400,SAPR11.SA
2024-09-19,29.647290211375534,29.74875941114072,28.99235712777531,29.241416931152344,1460400,SAPR11.SA
2024-09-20,29.241418525191627,29.40745664374212,28.890889502940997,29.342885971069336,1820800,SAPR11.SA
2024-09-23,29.278313449487904,29.278313449487904,28.678726407565676,28.798643112182617,1255700,SAPR11.SA
2024-09-24,28.770972854197147,29.112275484625595,28.521913036693874,28.65105438232422,1725800,SAPR11.SA
2024-09-25,28.540360532077866,28.678726502298705,27.599469119506132,27.63636589050293,1176700,SAPR11.SA
2024-09-26,27.682490239778883,27.857754747925764,27.40575652805978,27.498001098632812,713500,SAPR11.SA
2024-09-27,27.53489832851769,27.67326429812456,27.0921265220082,27.11979866027832,764500,SAPR11.SA
2024-09-30,27.212045152662295,27.414981805155758,26.879965394564916,27.19359588623047,867500,SAPR11.SA
2024-10-01,27.35040930459257,27.71016293830006,26.79694366455078,26.79694366455078,985000,SAPR11.SA
2024-10-02,26.94453515938694,27.433430146836987,26.898413754280956,27.00910758972168,713700,SAPR11.SA
2024-10-03,27.1013494851913,27.1013494851913,26.575557743287096,26.723148345947266,746300,SAPR11.SA
2024-10-04,26.88919049774317,26.88919049774317,25.708465576171875,25.708465576171875,2195900,SAPR11.SA
2024-10-07,25.736135342152814,26.0313165453086,25.25646500731529,25.911399841308594,1848800,SAPR11.SA
2024-10-08,26.031318321027072,26.188133565828032,26.022093687871852,26.16046142578125,919800,SAPR11.SA
2024-10-09,26.142011525903097,26.142011525903097,25.41328135907196,25.55164909362793,834600,SAPR11.SA
2024-10-10,25.50552621533329,25.62544468537234,25.1273250579834,25.1273250579834,813300,SAPR11.SA
2024-10-11,25.099652201380767,25.32103988458366,25.071980060544597,25.238019943237305,637800,SAPR11.SA
2024-10-14,25.182669654138078,25.800705956741815,25.127323618516193,25.690013885498047,1160400,SAPR11.SA
2024-10-15,25.59776996394489,25.966746476406286,25.30258875397578,25.45940399169922,1359000,SAPR11.SA
2024-10-16,25.459404168794894,25.77303464642339,25.071978388160797,25.431730270385742,3176800,SAPR11.SA
2024-10-17,25.431729151666627,25.791481018066406,25.191893987593865,25.791481018066406,685100,SAPR11.SA
2024-10-18,25.782259294993594,25.94829740729363,25.505525588989258,25.505525588989258,1573700,SAPR11.SA
2024-10-21,25.496301416506974,25.680790557174085,25.22879409790039,25.22879409790039,609200,SAPR11.SA
2024-10-22,25.25646695767831,25.551649943047565,25.18267165119072,25.36716079711914,743000,SAPR11.SA
2024-10-23,25.357934726049248,25.37638399147977,25.062753516836086,25.164222717285156,519900,SAPR11.SA
2024-10-24,25.16422154371684,25.302587509155273,24.91516175027644,25.302587509155273,818500,SAPR11.SA
2024-10-25,25.450179440676997,25.450179440676997,24.98895835876465,24.98895835876465,451700,SAPR11.SA
2024-10-28,24.90593843904189,25.23801818124313,24.90593843904189,25.062753677368164,559800,SAPR11.SA
2024-10-29,25.228794040345225,25.228794040345225,24.73067441733171,24.933612823486328,1134700,SAPR11.SA
2024-10-30,24.933611804549333,25.201119111613693,24.896713274240447,24.970508575439453,396200,SAPR11.SA
2024-10-31,24.970509773893692,25.265690992856875,24.90593910217285,24.90593910217285,911700,SAPR11.SA
2024-11-01,24.91516234195106,24.988957642565264,24.15876007080078,24.15876007080078,1644200,SAPR11.SA
2024-11-04,24.287903336756276,24.407820050000012,24.204883397041808,24.23255729675293,828200,SAPR11.SA
2024-11-05,24.4170443679638,24.4170443679638,23.835906556885078,24.33402442932129,971800,SAPR11.SA
2024-11-06,24.324802048985916,24.324802048985916,23.771336366616545,24.204883575439453,715300,SAPR11.SA
2024-11-07,24.269454213994884,24.68455391502525,23.835907005800088,23.983497619628906,820300,SAPR11.SA
2024-11-08,23.983495888844683,24.26022782994846,23.660640784611097,23.955821990966797,904500,SAPR11.SA
2024-11-11,23.946597302176652,24.60153214173371,23.909700531178114,24.500062942504883,859300,SAPR11.SA
2024-11-12,24.509286361463055,24.832141448952342,24.435491063701388,24.49083709716797,863500,SAPR11.SA
2024-11-13,24.490839047153433,24.675328185956147,23.799007415771484,23.799007415771484,830200,SAPR11.SA
2024-11-14,23.78978559876067,24.2141081736638,23.725213165719023,23.983497619628906,1265700,SAPR11.SA
2024-11-18,23.706763086922212,24.19565628241455,23.679089190049197,23.992719650268555,1045200,SAPR11.SA
2024-11-19,23.992720878757808,24.075740814208984,23.77133497069427,24.075740814208984,655400,SAPR11.SA
2024-11-21,24.057292914782057,24.06651754806921,23.780560953843032,23.90970230102539,685400,SAPR11.SA
2024-11-22,23.909701134502253,24.121862411499023,23.706764490342575,24.121862411499023,779300,SAPR11.SA
2024-11-25,24.112638295719506,24.29712743757988,24.04806762389403,24.14031219482422,827900,SAPR11.SA
2024-11-26,24.22333257208981,25.182671552675536,24.177209406078692,24.776798248291016,1124500,SAPR11.SA
2024-11-27,24.822918454785686,26.197357065927946,24.822918454785686,25.680789947509766,2244300,SAPR11.SA
2024-11-28,25.616218775907242,26.677026890235005,25.311812938588517,26.50176239013672,3496600,SAPR11.SA
2024-11-29,26.640126996145685,27.903873443603516,25.69001276194515,27.903873443603516,2873900,SAPR11.SA
2024-12-02,27.9499979473555,28.97390935204434,27.313514096339233,28.826318740844727,3428300,SAPR11.SA
2024-12-03,28.595707733969416,29.51814991893617,28.337423288787942,29.103050231933594,2660200,SAPR11.SA
2024-12-04,29.056928754741353,29.24141789504693,28.595707663396254,28.734073638916016,2878500,SAPR11.SA
2024-12-05,28.623381557269173,29.64729118347168,28.623381557269173,29.64729118347168,1485500,SAPR11.SA
2024-12-06,29.50892513840766,29.545821910724044,28.365097045898438,28.365097045898438,1371700,SAPR11.SA
2024-12-09,28.26362781588464,28.69717676626264,27.1935950284553,27.304288864135742,1879000,SAPR11.SA
2024-12-10,27.47955477061255,28.291303155748533,27.27661635476436,27.28584098815918,1406100,SAPR11.SA
2024-12-11,27.285837889597044,27.664039018741764,26.455640331948118,26.65857696533203,2840200,SAPR11.SA
2024-12-12,26.474089657564907,26.69547555615283,25.726910270484616,26.18813133239746,2479800,SAPR11.SA
2024-12-13,26.31727737016291,26.31727737016291,25.920626931038917,26.15123748779297,1004000,SAPR11.SA
2024-12-16,25.985197741858297,26.36339891616717,25.74536255044456,25.82838249206543,994000,SAPR11.SA
2024-12-17,25.71768607710089,26.27115171272736,25.514749439785977,25.911399841308594,919000,SAPR11.SA
2024-12-18,25.773036387246865,26.16046219404939,25.385610580444336,25.385610580444336,1196000,SAPR11.SA
2024-12-19,25.41327979268575,25.736134887718627,25.18266926186494,25.422504425048828,1088800,SAPR11.SA
2024-12-20,25.422504960821442,25.791481466027076,25.413280328263955,25.51474952697754,3078500,SAPR11.SA
2024-12-23,25.64389201077631,25.64389201077631,24.952060372794012,25.154998779296875,1123900,SAPR11.SA
2024-12-26,25.551648791274697,25.551648791274697,24.638429495454297,24.81369400024414,1092400,SAPR11.SA
2024-12-27,24.887488743929726,25.61621888575579,24.85981660550312,25.413280487060547,871100,SAPR11.SA
2024-12-30,25.43172994994724,25.736135790937187,25.330260749810996,25.634668350219727,929400,SAPR11.SA
2025-01-02,26.214171221576212,26.309150463816742,25.26438242232764,25.435344696044922,1615500,SAPR11.SA
2025-01-03,25.435343636945106,26.08119847181562,24.7135039621834,25.112415313720703,2552000,SAPR11.SA
2025-01-06,24.92245818327214,25.09342045910483,24.267103396439623,24.798986434936523,1163300,SAPR11.SA
2025-01-07,25.112416222925635,25.23588796906258,24.817980392421973,25.017436981201172,708400,SAPR11.SA
2025-01-08,25.007940340247032,25.46383855332619,24.87497048099356,25.311872482299805,881400,SAPR11.SA
2025-01-09,25.435344040316913,25.435344040316913,24.91295912725036,24.931955337524414,499900,SAPR11.SA
2025-01-10,24.808485350210162,24.93195710257602,24.324092823399273,24.362083435058594,625800,SAPR11.SA
2025-01-13,24.400073853672637,24.45706067226901,23.773213414377636,23.982166290283203,1153400,SAPR11.SA
2025-01-14,24.16262903578051,24.16262903578051,23.773215749232698,24.0296573638916,828400,SAPR11.SA
2025-01-15,24.124634392307915,24.542541958291352,24.01066075440772,24.400074005126953,885900,SAPR11.SA
2025-01-16,24.40007578120641,24.40007578120641,23.73522286927355,23.906185150146484,1005800,SAPR11.SA
2025-01-17,23.93467866368171,24.533044815063477,23.763716388550236,24.533044815063477,861400,SAPR11.SA
2025-01-20,24.533044935129148,25.150407300453228,24.466560008158947,25.14090919494629,715800,SAPR11.SA
2025-01-21,25.064925261179248,25.387853590489772,24.69450821762001,25.045930862426758,948000,SAPR11.SA
2025-01-22,25.13140998112508,25.13140998112508,24.172124917748256,24.400074005126953,1233000,SAPR11.SA
2025-01-23,24.4570607293375,24.60902678700129,24.086643690229288,24.210115432739258,777300,SAPR11.SA
2025-01-24,24.17212537053215,24.514048102215824,24.06764802418468,24.257606506347656,461200,SAPR11.SA
2025-01-27,24.257607960483192,24.51404957172389,24.15313060787277,24.476058959960938,878500,SAPR11.SA
2025-01-28,24.47605840032514,24.55204143369218,24.17212626685697,24.352584838867188,731600,SAPR11.SA
2025-01-29,24.352584838867188,24.514049011219452,24.17212626685697,24.352584838867188,498800,SAPR11.SA
2025-01-30,24.352584035981774,24.77998971681667,24.20061797425789,24.713504791259766,1293700,SAPR11.SA
2025-01-31,24.694509892075295,25.18840052469563,24.352585329249152,24.362083435058594,1214400,SAPR11.SA
2025-02-03,24.26710296431413,25.017436981201172,24.153129323507468,25.017436981201172,917900,SAPR11.SA
2025-02-04,24.87497006557315,25.69178723080424,24.77999081987323,25.416349411010742,1156300,SAPR11.SA
2025-02-05,25.67279048954398,25.843750942317964,25.13140938190243,25.71078109741211,986500,SAPR11.SA
2025-02-06,25.729779761066748,25.92923454744817,25.549319374641815,25.75827407836914,661200,SAPR11.SA
2025-02-07,25.891242949317895,26.195175075981023,25.682290065131586,25.739276885986328,909600,SAPR11.SA
2025-02-10,25.81525991765211,26.13818825512628,25.63479953810399,25.739276885986328,550300,SAPR11.SA
2025-02-11,25.644296720337728,26.12868920911128,25.549317481280074,25.94822883605957,880000,SAPR11.SA
2025-02-12,25.76776984110296,25.853250979668662,25.454339603554846,25.786766052246094,624300,SAPR11.SA
2025-02-13,25.786765561445478,25.853250487602637,25.568314572192424,25.777267456054688,377500,SAPR11.SA
2025-02-14,25.65379441635165,26.204671820208333,25.65379441635165,26.052705764770508,745300,SAPR11.SA
2025-02-17,26.043208718457723,26.64157485961914,26.00521629726482,26.64157485961914,885300,SAPR11.SA
2025-02-18,26.4991068866663,26.717557873653295,26.34714082514679,26.56559181213379,799500,SAPR11.SA
2025-02-19,26.461117637364445,26.60358560091555,26.25216293334961,26.25216293334961,927000,SAPR11.SA
2025-02-20,26.413625666258298,26.442119982044087,25.86274824211481,26.18567657470703,1071800,SAPR11.SA
2025-02-21,26.96450453619548,26.96450453619548,25.986223192281358,26.100196838378906,1528800,SAPR11.SA
2025-02-24,26.185675610384035,26.527600140908277,25.872245394596238,26.052705764770508,531700,SAPR11.SA
2025-02-25,26.05270706149716,26.10969388222819,25.672791903993005,25.701284408569336,490900,SAPR11.SA
2025-02-26,25.70128455749207,26.25216199195967,25.454339250788884,26.195175170898438,877000,SAPR11.SA
2025-02-27,26.195175577706692,26.41362657148259,25.52082638520412,26.01471519470215,710000,SAPR11.SA
2025-02-28,26.01471472822292,26.14768639248431,25.653795780264005,25.89124298095703,987400,SAPR11.SA
2025-03-05,25.815261002627906,26.613083774439072,25.739277967768672,26.366138458251953,1093800,SAPR11.SA
2025-03-06,26.366137156403866,27.05948254170721,25.88174465375159,26.907516479492188,1322000,SAPR11.SA
2025-03-07,26.974000381787466,27.059481514987294,26.43262107924074,26.736553192138672,1040400,SAPR11.SA
2025-03-10,26.575089392011147,26.736553555630614,25.900740233798157,26.214170455932617,1114600,SAPR11.SA
2025-03-11,26.109692522711526,26.261658577800404,25.739275489879674,25.824756622314453,1113500,SAPR11.SA
2025-03-12,25.862748247551348,26.090697339150537,25.64429726121609,25.99571990966797,744600,SAPR11.SA
2025-03-13,25.99572039139493,26.451618583041554,25.558816599049795,26.195175170898438,900500,SAPR11.SA
2025-03-14,26.19517385109632,26.52760027843177,25.986220976680638,26.394630432128906,937500,SAPR11.SA
2025-03-17,26.309148870888592,26.622579083200367,26.23316584401235,26.613080978393555,493800,SAPR11.SA
2025-03-18,26.622579083200367,26.80303763979503,26.432620610220635,26.613080978393555,386000,SAPR11.SA
2025-03-19,26.613082388433952,27.002495648254243,26.470614431939904,26.793540954589844,1260300,SAPR11.SA
2025-03-20,26.822034011865398,27.410903832406646,26.803037802136714,27.220945358276367,773100,SAPR11.SA
2025-03-21,27.543874038720865,28.560147722021142,26.850528678731852,26.888519287109375,1546500,SAPR11.SA
2025-03-24,26.40412712097168,26.89801771689125,26.309149693091875,26.40412712097168,403300,SAPR11.SA
2025-03-25,26.641575853976747,26.85053055517994,26.347141825055836,26.47061538696289,477900,SAPR11.SA
2025-03-26,26.546596332232294,26.61308125499272,26.03370953680336,26.16667938232422,716600,SAPR11.SA
2025-03-27,26.309151033177567,26.309151033177567,25.910239656397124,26.01471519470215,820000,SAPR11.SA
2025-03-28,26.03371140587703,26.166681260944372,25.81526041210113,26.01471519470215,591000,SAPR11.SA
2025-03-31,26.03371083448808,26.043208939867053,25.625301361083984,25.625301361083984,535700,SAPR11.SA
2025-04-01,25.91973663972884,27.078478297549974,25.644297024354103,26.860027313232422,1743500,SAPR11.SA
2025-04-02,26.68906586235937,26.917014958849343,26.508605481629584,26.575090408325195,504400,SAPR11.SA
2025-04-03,26.53709847925798,27.135464601360745,26.337641897504863,26.964502334594727,632600,SAPR11.SA
2025-04-04,26.765048538858146,27.382410893428695,26.337642856382498,26.98349952697754,910300,SAPR11.SA
2025-04-07,26.461116070052196,26.65107273967624,25.65379524230957,25.65379524230957,1158900,SAPR11.SA
2025-04-08,26.024211940597155,26.34714026738438,25.82475716841709,26.062204360961914,872100,SAPR11.SA
2025-04-09,26.043208652491924,26.77454645439772,25.786765244824434,26.337642669677734,931600,SAPR11.SA
2025-04-10,26.166680352569802,26.58458792601749,25.786765200152967,25.919736862182617,589700,SAPR11.SA
2025-04-11,25.938732244526335,26.28065680045393,25.88174542239787,26.204673767089844,316100,SAPR11.SA
2025-04-14,26.470613029447886,26.92651119070533,26.01471305661218,26.613080978393555,1143000,SAPR11.SA
2025-04-15,26.73655396651175,27.581867218017578,26.575089800410936,27.581867218017578,985200,SAPR11.SA
2025-04-16,27.53437744113758,27.58186796868228,26.917015075683594,26.917015075683594,731500,SAPR11.SA
2025-04-17,27.10697264851092,27.277933107170952,26.679566972915012,27.011993408203125,742600,SAPR11.SA
2025-04-22,26.879021143612288,26.974000381787466,26.613081450615745,26.736553192138672,744500,SAPR11.SA
2025-04-23,26.736553894992653,27.467891693115234,26.698563285670854,27.467891693115234,2025600,SAPR11.SA
2025-04-24,27.372912074634403,27.75282722050038,27.334921465836963,27.724334716796875,1051100,SAPR11.SA
2025-04-25,27.866803709570377,28.493664176527716,27.771824466666274,28.237220764160156,1602700,SAPR11.SA
2025-04-28,28.265714154331363,28.42717831850418,28.113748095295577,28.256216049194336,577000,SAPR11.SA
2025-04-29,28.227723120675705,28.484166537240117,27.847807954420137,28.09475326538086,625600,SAPR11.SA
2025-04-30,28.094751201947425,29.187007904052734,28.009270069370828,29.187007904052734,1231400,SAPR11.SA
2025-05-02,29.13952092746033,29.1490190329324,28.218224624031926,28.3511962890625,1096100,SAPR11.SA
2025-05-05,28.3511962890625,28.626634101438945,27.99977363290951,28.3511962890625,991500,SAPR11.SA
2025-05-06,28.54115245283136,28.54115245283136,28.037765552871946,28.265714645385742,483900,SAPR11.SA
2025-05-07,28.921069112640232,29.766380548216873,28.645629496530166,29.092029571533203,1945400,SAPR11.SA
2025-05-08,29.25349527136556,29.832867038004363,29.044542380705245,29.158517837524414,1200300,SAPR11.SA
2025-05-09,29.1680133200999,29.547930291207702,27.76232632405184,27.81931495666504,1755200,SAPR11.SA
2025-05-12,27.819315489610442,28.322702406288617,27.73383435063143,28.0567626953125,742000,SAPR11.SA
2025-05-13,28.303704034639885,28.84508514404297,27.971279421293612,28.84508514404297,1003200,SAPR11.SA
2025-05-14,28.598141067754966,28.91157129622363,28.170735387307538,28.18973159790039,1043100,SAPR11.SA
2025-05-15,28.208727143383786,29.08253288269043,28.208727143383786,29.08253288269043,1177400,SAPR11.SA
2025-05-16,29.120523887137868,29.158516307944083,28.503161541663523,29.092029571533203,1400300,SAPR11.SA
2025-05-19,29.063537557855767,29.158516799895427,28.598141264597633,29.10152816772461,983700,SAPR11.SA
2025-05-20,29.101527972742307,30.003828048706055,28.959060016426545,30.003828048706055,1456800,SAPR11.SA
2025-05-21,29.94684077398612,30.250772892601134,29.671401159254813,30.14629554748535,854100,SAPR11.SA
2025-05-22,30.203282808400566,30.421733795401554,29.83286575987034,29.927845001220703,879500,SAPR11.SA
2025-05-23,29.96583619372268,30.39324188232422,29.45295117897922,30.39324188232422,837200,SAPR11.SA
2025-05-26,30.383742809051565,30.697173033516393,30.241274854581793,30.64018440246582,884100,SAPR11.SA
2025-05-27,30.678178446912405,31.238554000854492,30.564204801935478,31.238554000854492,993100,SAPR11.SA
2025-05-28,31.267047013997832,31.267047013997832,30.53571279229398,31.058095932006836,740600,SAPR11.SA
2025-05-29,30.963113899269377,31.532989361786743,30.91562518318213,31.305038452148438,882800,SAPR11.SA
2025-05-30,31.343029458612165,31.42851059297101,30.89662757660969,31.12457847595215,1125800,SAPR11.SA
2025-06-02,30.96311195363849,31.18156655559502,30.611691128886946,30.887130737304688,1062200,SAPR11.SA
2025-06-03,30.887133148529536,31.513993630635103,30.754163292197575,31.504493713378906,1061400,SAPR11.SA
2025-06-04,31.50449041506437,31.70394880183717,30.887129914848618,31.096084594726562,642100,SAPR11.SA
2025-06-05,31.24805302369336,31.51399272874644,30.972613401655956,31.409515380859375,1236400,SAPR11.SA
2025-06-06,31.36202568472804,31.675454095431693,31.143574701957217,31.390518188476562,817100,SAPR11.SA
2025-06-09,31.39051857112758,31.4759997065718,30.716169404376895,31.134075164794922,4151500,SAPR11.SA
2025-06-10,31.048596141079578,31.580479200369666,31.048596141079578,31.551986694335938,581100,SAPR11.SA
2025-06-11,31.580476923002195,32.29281850773157,31.362025938463987,32.07436752319336,1568300,SAPR11.SA
2025-06-12,32.12185729066761,33.024157385538295,31.89391000504863,32.929176330566406,1371500,SAPR11.SA
2025-06-13,32.938677896411605,34.078425251027745,32.4637834672513,33.831478118896484,2610000,SAPR11.SA
2025-06-16,33.90746172724915,34.629299638998226,33.90746172724915,34.296875,1716900,SAPR11.SA
2025-06-17,34.00243680153015,34.524819893641535,33.764989612101644,34.36335754394531,1432000,SAPR11.SA
2025-06-18,34.363361380339505,34.51532745361328,33.67951223902904,34.51532745361328,1491000,SAPR11.SA
2025-06-20,34.59130493205783,34.81925582885742,34.20189168502416,34.81925582885742,1963100,SAPR11.SA
2025-06-23,34.81926017665175,35.028214889546646,34.353862031519576,34.790767669677734,1095300,SAPR11.SA
2025-06-24,34.85724821048454,34.90473692384485,34.35385770402683,34.66728973388672,1115200,SAPR11.SA
2025-06-25,34.676786628838244,35.08519609250347,34.116411105889895,34.94272994995117,1048400,SAPR11.SA
2025-06-26,35.12318868865573,36.06348117608967,34.809760274948864,35.70256042480469,2614100,SAPR11.SA
2025-06-27,35.83552834438656,36.08247544312845,35.51260003129396,35.816532135009766,1572300,SAPR11.SA
2025-06-30,35.959004910673386,36.64285401298628,35.24666330348305,36.17745590209961,3386900,SAPR11.SA
2025-07-01,36.31378049235196,36.718143463134766,35.89955666180658,36.718143463134766,1545600,SAPR11.SA
2025-07-02,36.639247008474676,36.81677259049496,36.333507670050594,36.34336853027344,1077500,SAPR11.SA
2025-07-03,36.49130759391044,37.41838270269668,36.4025448033271,37.30003356933594,996500,SAPR11.SA
2025-07-04,37.30003427060211,37.33948523654777,36.60965741555781,37.102783203125,621300,SAPR11.SA
2025-07-07,37.02388214573765,37.2112685759872,36.29405438167198,36.67869186401367,1448100,SAPR11.SA
2025-07-08,36.59979519694629,36.60965605694116,35.62340451840745,36.04749298095703,1487900,SAPR11.SA
2025-07-09,35.9488702130084,36.04749386437834,35.54450722278983,35.860107421875,815100,SAPR11.SA
2025-07-10,35.50505492401944,35.652994157769925,35.090831089119696,35.53464126586914,772800,SAPR11.SA
2025-07-11,35.49519596608331,36.599796680587836,35.159870278898744,36.38282012939453,1186100,SAPR11.SA
2025-07-14,36.38281973399045,36.66883359159123,35.150005274246936,35.3867073059082,1627500,SAPR11.SA
2025-07-15,35.70230560832304,35.810793876972305,35.209179850645235,35.751617431640625,1189600,SAPR11.SA
2025-07-16,35.741757902261114,35.89955800010163,35.18945567869378,35.59381866455078,1640200,SAPR11.SA
2025-07-17,35.59381817617177,36.303920487836386,35.17959057361707,36.04749298095703,1312400,SAPR11.SA
2025-07-18,35.93900416314749,36.017906090910635,35.26835282616468,35.28807830810547,1076000,SAPR11.SA
2025-07-21,35.21904111110823,35.25849207511153,34.5089425703038,35.0513801574707,2089900,SAPR11.SA
2025-07-22,35.002069730477295,35.15986983053709,34.410316533564696,34.65687942504883,1539400,SAPR11.SA
2025-07-23,34.508943315951086,34.76536706301119,34.380729561295496,34.617427825927734,1041900,SAPR11.SA
2025-07-24,34.42017994698725,34.577980041503906,33.976366005455695,34.577980041503906,705400,SAPR11.SA
2025-07-25,34.262378876241264,34.439900685544785,33.69035119851012,34.03553771972656,837400,SAPR11.SA
2025-07-28,33.82842724114208,34.035539162652384,33.4437897405512,33.64104080200195,1144100,SAPR11.SA
2025-07-29,33.69035359010787,33.94677734375,33.41420435353154,33.94677734375,927500,SAPR11.SA
2025-07-30,33.89746234440462,34.27223896056914,33.37475026345865,33.98622512817383,693000,SAPR11.SA
2025-07-31,33.98622715108302,33.996091773339444,33.43392869675733,33.63117599487305,807600,SAPR11.SA
2025-08-01,33.384612294001776,34.01581642419797,33.28598864735444,33.818565368652344,1133400,SAPR11.SA
2025-08-04,33.76925564212859,33.96650294767073,33.15777695574413,33.710079193115234,974300,SAPR11.SA
2025-08-05,33.71993878392554,33.887603502025165,33.266263978657705,33.63117599487305,737200,SAPR11.SA
2025-08-06,33.68048999223592,33.85801556196329,33.414201637644865,33.76925277709961,553800,SAPR11.SA
2025-08-07,33.57200369675937,34.09471581483444,33.53255273178171,33.897464752197266,1160900,SAPR11.SA
2025-08-08,33.384614564934324,33.48324198054158,32.457539431733395,32.753414154052734,2811300,SAPR11.SA
2025-08-11,32.55616198626526,32.80272487358468,31.58963591944328,31.836198806762695,2345200,SAPR11.SA
2025-08-12,31.84606162504616,33.22681145846517,31.757298840149513,33.049285888671875,3050400,SAPR11.SA
2025-08-13,33.16764051187079,33.64104080200195,32.81258935370965,33.64104080200195,1283400,SAPR11.SA
2025-08-14,33.729802079755565,34.22292783015477,33.44378824158381,33.78897476196289,969300,SAPR11.SA
2025-08-15,33.81856728336509,33.98622824460824,33.41420428961558,33.70021438598633,941100,SAPR11.SA
2025-08-18,33.70021184389717,33.77911376953125,33.236676198675084,33.77911376953125,859500,SAPR11.SA
2025-08-19,33.97636465083342,33.97636465083342,33.20708592876585,33.285987854003906,866000,SAPR11.SA
2025-08-20,33.48324025744401,33.611454010009766,33.069012657712726,33.611454010009766,783600,SAPR11.SA
2025-08-21,33.562140276200296,33.75939134590073,33.03942813940767,33.24654006958008,1034500,SAPR11.SA
2025-08-22,33.207086012714115,33.808700026297146,32.91121131682517,33.53255081176758,1613600,SAPR11.SA
2025-08-25,33.532551367454346,33.79883972684248,33.07887657542313,33.325439453125,1323900,SAPR11.SA
2025-08-26,33.34516608023724,33.34516608023724,33.009840404554026,33.15777587890625,1097900,SAPR11.SA
2025-08-27,33.128189292768,33.51282679040558,32.861900926191744,33.384613037109375,1030100,SAPR11.SA
2025-08-28,33.38461179712558,34.39058877941006,33.38461179712558,33.78897476196289,1306700,SAPR11.SA
2025-08-29,33.83829016469489,34.134164860891914,33.71007641685086,34.01581573486328,1316400,SAPR11.SA
2025-09-01,34.00595112740899,34.03553746836592,33.088736935235254,33.29584884643555,703800,SAPR11.SA
2025-09-02,33.77911638218614,34.400455926734054,33.5818653150954,33.94677734375,1795000,SAPR11.SA
2025-09-03,34.01581655760016,34.045402899260196,33.700212610138855,33.828426361083984,665800,SAPR11.SA
2025-09-04,33.83829074567336,35.08096599593702,33.641039690738396,35.02178955078125,1136500,SAPR11.SA
2025-09-05,35.52478148889453,35.751618895242494,35.05138119361387,35.60367965698242,1219000,SAPR11.SA
2025-09-08,35.554366270430364,35.554366270430364,34.83440311783106,35.02178955078125,1900400,SAPR11.SA
2025-09-09,34.85412987091335,35.69244218215213,34.73578073853576,35.58395767211914,1266700,SAPR11.SA
2025-09-10,35.70230465470959,35.948867526962765,35.49519274495714,35.692440032958984,920300,SAPR11.SA
2025-09-11,35.69244175221609,35.94886925857164,35.60367896343933,35.80093002319336,897100,SAPR11.SA
2025-09-12,35.93900275884678,36.16584014892578,35.505053459858814,36.16584014892578,901500,SAPR11.SA
2025-09-15,36.0080414038813,36.737869185370364,35.9094177566062,36.49130630493164,900900,SAPR11.SA
2025-09-16,36.58993000799761,36.688557417674076,36.1066688684614,36.25460433959961,818000,SAPR11.SA
2025-09-17,36.11652983668628,36.68855752777341,35.86996695513169,36.017906188964844,1621200,SAPR11.SA
2025-09-18,35.86996903893081,36.658969553290824,35.63327076574842,36.39268493652344,1181000,SAPR11.SA
2025-09-19,36.392681972635565,36.68855667114258,36.32364466839229,36.68855667114258,3710000,SAPR11.SA
2025-09-22,36.668831587141426,36.668831587141426,35.69244093300706,35.988319396972656,729300,SAPR11.SA
2025-09-23,35.91928036939539,36.84635925292969,35.78120575157143,36.84635925292969,1638400,SAPR11.SA
2025-09-24,36.6786935104716,36.9548465006971,36.48144621177617,36.540618896484375,729300,SAPR11.SA
2025-09-25,36.40254548435987,36.78718299666659,35.80093142162324,35.88969421386719,1259300,SAPR11.SA
2025-09-26,35.8502431803766,36.195433488342076,35.74175866761723,36.12639617919922,776100,SAPR11.SA
2025-09-29,36.62938193302533,36.76745654794447,36.215158088267884,36.31378173828125,655000,SAPR11.SA
2025-09-30,36.29405601086403,36.7181444751111,36.0573577475291,36.540618896484375,868400,SAPR11.SA
2025-10-01,36.48144483156979,36.6293802999945,35.919278012352954,35.96859359741211,613200,SAPR11.SA
2025-10-02,35.968593109525465,36.11652857594354,35.04151429940169,35.45574188232422,984900,SAPR11.SA
2025-10-03,35.30780487397843,35.712167860550835,35.29794401383081,35.35711669921875,802600,SAPR11.SA
2025-10-06,35.534642849359535,35.88969401638163,35.13027985630684,35.633270263671875,990600,SAPR11.SA
2025-10-07,35.633268801223686,35.643129661124625,34.331417083740234,34.331417083740234,1011600,SAPR11.SA
2025-10-08,34.27224024220566,34.70618955561029,33.927053715889585,34.065128326416016,749900,SAPR11.SA
2025-10-09,34.065128404176534,34.459626754831,34.065128404176534,34.31169128417969,536400,SAPR11.SA
2025-10-10,34.5188049264463,34.70619137020802,34.09471645065558,34.42018127441406,1248800,SAPR11.SA
2025-10-13,34.45962667180066,35.2289054138876,34.45962667180066,35.031654357910156,915200,SAPR11.SA
2025-10-14,35.04151411616564,35.840379174749025,34.92316499119986,35.44587707519531,959100,SAPR11.SA
2025-10-15,35.59381647364725,36.04749125673232,35.071104387147095,35.939002990722656,3507700,SAPR11.SA
2025-10-16,35.93900482191099,36.26446963652328,35.692441936508125,35.810794830322266,884100,SAPR11.SA
2025-10-17,35.60367836084616,35.62340384271281,35.11055260093277,35.27821731567383,2136100,SAPR11.SA
2025-10-20,35.080964946947645,35.45574156389243,34.9231648601684,35.43601608276367,721900,SAPR11.SA
2025-10-21,35.23876756619176,35.613544210070195,35.110553810766035,35.35711669921875,550400,SAPR11.SA
2025-10-22,35.0020697841419,35.33739546756448,33.69035339355469,33.69035339355469,1998600,SAPR11.SA
2025-10-23,33.749528622503185,34.24265438840884,33.48324025744401,33.611454010009766,770000,SAPR11.SA
2025-10-24,33.532553983501685,33.97636795043945,33.522693123014726,33.97636795043945,992600,SAPR11.SA
2025-10-27,33.97636511093507,34.114439719720586,33.13804907405732,33.315574645996094,1101500,SAPR11.SA
2025-10-28,33.28598946091949,33.68049158165303,33.01970109376201,33.63117599487305,1394300,SAPR11.SA
2025-10-29,33.96650320429315,33.96650320429315,33.29585182607964,33.48324203491211,916100,SAPR11.SA
2025-10-30,33.502964603575066,33.818564782073636,33.24653710713817,33.54241180419922,1248000,SAPR11.SA
2025-10-31,33.54241152345951,34.05526274979001,33.463513360620674,34.005950927734375,1451500,SAPR11.SA
2025-11-03,34.035537586897945,34.06512769020881,33.35502540676237,34.02567672729492,1627500,SAPR11.SA
2025-11-04,33.710077697047105,34.518803653082095,33.66076587285005,34.341278076171875,1470300,SAPR11.SA
2025-11-05,34.341278596439764,34.68646513329973,34.21306484178417,34.617427825927734,1019700,SAPR11.SA
2025-11-06,34.72591448401988,35.48532859206367,34.56811439418292,35.238765716552734,1443300,SAPR11.SA
2025-11-07,34.63715185132373,35.30780317665553,33.97636514791644,34.76536560058594,1676200,SAPR11.SA
2025-11-10,34.765368080582434,35.51491762352504,34.71605625419497,34.92316818237305,1878600,SAPR11.SA
2025-11-11,34.85412849538529,35.86996634622566,34.81467753206601,35.49519348144531,1933600,SAPR11.SA
2025-11-12,35.2486297876693,35.6727144656509,35.15986700338226,35.44587707519531,876500,SAPR11.SA
2025-11-13,35.65299458805879,35.662855448044034,34.61742746380937,35.31766891479492,1087700,SAPR11.SA
2025-11-14,35.31766817273975,35.79106844935671,35.10069163511287,35.514915466308594,885500,SAPR11.SA
2025-11-17,35.50505343195041,35.69243985954206,34.98234134923363,35.19931411743164,1202300,SAPR11.SA
2025-11-18,35.11055300909075,35.11055300909075,34.577980041503906,34.577980041503906,1151200,SAPR11.SA
2025-11-19,34.577981762618236,34.962619277007185,33.6213165257269,34.20320510864258,1529600,SAPR11.SA
2025-11-21,34.430041934052575,34.449767416794295,33.35502757926143,33.68049240112305,2320000,SAPR11.SA
2025-11-24,33.631174784249325,34.518802642822266,33.46351383443606,34.518802642822266,1793900,SAPR11.SA
2025-11-25,34.68646514243135,35.337394775969074,34.51880418512697,35.10069274902344,2084800,SAPR11.SA
2025-11-26,35.10069105821191,35.48532854150075,34.95275182821578,35.475467681884766,1942900,SAPR11.SA
2025-11-27,35.47547029452778,35.87983328907941,35.24863288414527,35.643131256103516,776100,SAPR11.SA
2025-11-28,35.5050566432031,36.85622024536133,35.219042783970345,36.85622024536133,1527500,SAPR11.SA
2025-12-01,37.309896713583605,37.309896713583605,35.69244106456339,35.9981803894043,1877300,SAPR11.SA
2025-12-02,36.14612064682024,38.00027084350586,35.998181410097494,38.00027084350586,2416600,SAPR11.SA
2025-12-03,38.0101347738967,38.680786113596305,37.57618169394343,38.1975212097168,3054600,SAPR11.SA
2025-12-04,38.07917092805043,39.06542242574766,38.06930630621296,38.848445892333984,1122400,SAPR11.SA
2025-12-05,38.85831224896602,39.15418695903408,37.22113484018833,37.507144927978516,1736400,SAPR11.SA
2025-12-08,37.78329824809406,37.84247093327401,35.613544084886755,35.83052062988281,2918900,SAPR11.SA
2025-12-09,35.81079629044947,36.244745632041706,34.666744606023364,36.146121978759766,1583600,SAPR11.SA
2025-12-10,36.29405440058726,36.49130545278221,35.82065413266992,36.195430755615234,1370100,SAPR11.SA
2025-12-11,36.26446888419577,36.26446888419577,35.78120398344131,36.00804138183594,963000,SAPR11.SA
2025-12-12,35.9784542032249,36.84635657507981,35.968593343633195,36.67869186401367,938800,SAPR11.SA
2025-12-15,36.89566927836111,37.09292033516229,36.41240437731077,36.49130630493164,807400,SAPR11.SA
2025-12-16,36.49130852749777,36.76745776648818,35.781206184663915,36.146121978759766,1470400,SAPR11.SA
2025-12-17,36.04749221283,36.38281787927613,35.426152703363435,35.9981803894043,1601500,SAPR11.SA
2025-12-18,35.71216661757627,37.4282459168689,35.70230575777187,37.21126937866211,1967400,SAPR11.SA
2025-12-19,37.270446073300675,39.292260949303476,37.004157709790405,38.43422317504883,2884500,SAPR11.SA
2025-12-22,38.51312035217976,38.83858515331059,37.17181770918769,37.891780853271484,1168100,SAPR11.SA
2025-12-23,38.355319866101105,39.31198501586914,37.83260778002209,39.31198501586914,1069900,SAPR11.SA
2025-12-26,39.154187394891196,39.26267566764907,38.68078710106229,38.98652267456055,473400,SAPR11.SA
2025-12-29,38.95693741256781,39.3119885833514,38.51312344908831,39.05556106567383,692600,SAPR11.SA
2025-12-30,39.10487426319612,39.805111939282114,38.77940945579642,39.627586364746094,801900,SAPR11.SA
2026-01-02,40.650001525878906,41.43000030517578,39.970001220703125,40.189998626708984,1763700,SAPR11.SA
2026-01-05,40.4900016784668,41.0,40.060001373291016,40.349998474121094,1508300,SAPR11.SA
2026-01-06,40.400001525878906,41.54999923706055,40.040000915527344,40.93000030517578,1406200,SAPR11.SA
2026-01-07,40.5099983215332,41.16999816894531,40.45000076293945,41.029998779296875,1001200,SAPR11.SA
2026-01-08,41.029998779296875,42.70000076293945,40.939998626708984,42.66999816894531,1716300,SAPR11.SA
2026-01-09,42.65999984741211,43.70000076293945,42.16999816894531,43.599998474121094,3720200,SAPR11.SA
2026-01-12,43.599998474121094,44.33000183105469,43.34000015258789,43.97999954223633,1858000,SAPR11.SA
2026-01-13,43.5099983215332,43.75,43.09000015258789,43.31999969482422,1660100,SAPR11.SA
2026-01-14,43.5,43.68000030517578,42.56999969482422,43.099998474121094,1225200,SAPR11.SA
2026-01-15,42.849998474121094,44.13999938964844,42.83000183105469,44.0,1557400,SAPR11.SA
2026-01-16,43.93000030517578,44.43000030517578,43.4900016784668,43.810001373291016,2383400,SAPR11.SA
2026-01-19,43.849998474121094,43.90999984741211,43.040000915527344,43.599998474121094,726100,SAPR11.SA
2026-01-20,43.59000015258789,43.59000015258789,42.79999923706055,43.220001220703125,1021000,SAPR11.SA
2026-01-21,43.2400016784668,44.459999084472656,43.2400016784668,44.15999984741211,2051900,SAPR11.SA
2026-01-22,44.11000061035156,45.63999938964844,43.939998626708984,45.16999816894531,1506300,SAPR11.SA
2026-01-23,45.189998626708984,47.0,44.540000915527344,46.66999816894531,1595700,SAPR11.SA
2026-01-26,46.38999938964844,47.09000015258789,45.83000183105469,46.709999084472656,1371000,SAPR11.SA
2026-01-27,46.959999084472656,48.63999938964844,46.959999084472656,47.81999969482422,1765300,SAPR11.SA
2025-10-16,58.5833922651546,59.40646324092682,58.389727419722995,58.961036682128906,75890,PSEC11.SA
2025-10-17,58.95135437355176,59.12565236290121,58.48656096656977,58.92230224609375,39402,PSEC11.SA
2025-10-20,58.79642741356434,59.00945543157079,58.48656512023685,58.5156135559082,35524,PSEC11.SA
2025-10-21,58.63180636586145,58.64149163955425,58.157331382703454,58.26384353637695,32331,PSEC11.SA
2025-10-22,58.46719632742718,58.641494323378474,57.90556863072863,58.409095764160156,27199,PSEC11.SA
2025-10-23,58.05082236658727,58.51561582459886,57.68285949380098,58.00240707397461,31765,PSEC11.SA
2025-10-24,57.73127322191187,58.321949379789245,57.421410924967994,57.91525650024414,19362,PSEC11.SA
2025-10-27,57.9152539551953,58.09923353159275,57.17932826190591,57.779685974121094,44292,PSEC11.SA
2025-10-28,57.615073430678045,58.196064290254206,57.37299329021301,57.57633972167969,41812,PSEC11.SA
2025-10-29,57.51824411961141,58.1960655727714,57.42140984498149,57.857154846191406,21559,PSEC11.SA
2025-10-30,57.537607641652905,58.15733592162261,57.537607641652905,57.876522064208984,17364,PSEC11.SA
2025-10-31,57.808737932320454,58.58339363835519,57.808737932320454,58.3994140625,23116,PSEC11.SA
2025-11-03,58.58339430844897,59.49361431171993,58.11860087951169,58.65117645263672,30263,PSEC11.SA
2025-11-04,58.39941751470663,58.96104154958783,58.09923679481409,58.38005065917969,29859,PSEC11.SA
2025-11-05,58.389728248742564,58.854521668067754,58.18638182038462,58.58339309692383,16934,PSEC11.SA
2025-11-06,58.58339582288116,58.825475970909594,58.34131567485272,58.52529525756836,19784,PSEC11.SA
2025-11-07,58.52529495216748,58.87389095452534,58.43814595157801,58.71895980834961,34890,PSEC11.SA
2025-11-10,58.43814643312254,58.9126251499861,58.09923570239852,58.748008728027344,41435,PSEC11.SA
2025-11-11,58.74801254272461,59.54150505169949,58.3855492184861,58.74801254272461,28291,PSEC11.SA
2025-11-12,58.67944071396314,59.06149322615665,58.63045655642731,58.875362396240234,15799,PSEC11.SA
2025-11-13,59.01251153370031,59.45333904628925,58.80678779259681,59.149658203125,22727,PSEC11.SA
2025-11-14,59.18883949381383,59.98233573225186,59.04189823726588,59.874576568603516,35678,PSEC11.SA
2025-11-17,59.874577818409904,60.09989073939301,59.61987739289705,60.07050323486328,30746,PSEC11.SA
2025-11-18,59.98233635525196,60.69746094138551,59.7668180257168,60.09009552001953,30997,PSEC11.SA
2025-11-19,59.84518802038593,60.45255342484502,59.786409276612595,60.432960510253906,20777,PSEC11.SA
2025-11-21,60.432961861352766,60.432961861352766,59.698244364108554,59.92355728149414,30310,PSEC11.SA
2025-11-24,59.92355502276389,60.246832503109765,59.72763335379023,60.168460845947266,34959,PSEC11.SA
2025-11-25,60.09009451412021,60.39377908820279,60.02152118077356,60.295814514160156,25908,PSEC11.SA
2025-11-26,60.29581430149364,61.58891677856445,59.75702222554187,61.58891677856445,49165,PSEC11.SA
2025-11-27,61.569327968475974,62.01015923708597,60.44276332310222,61.637901306152344,37660,PSEC11.SA
2025-11-28,61.63789782149109,61.81423031896624,60.7366461561438,61.80443572998047,31759,PSEC11.SA
2025-12-01,61.71626927493741,62.539153014748564,61.22645761402521,61.28523635864258,36433,PSEC11.SA
2025-12-02,61.902396101324484,62.695892333984375,61.28523610177763,62.695892333984375,26695,PSEC11.SA
2025-12-03,62.69589465320698,62.69589465320698,61.81423213985964,62.33343505859375,30679,PSEC11.SA
2025-12-04,62.607725838070316,62.607725838070316,61.89260126740268,62.05913543701172,27508,PSEC11.SA
2025-12-05,62.06893317264288,62.84283648008985,61.716268185099125,61.96117401123047,58446,PSEC11.SA
2025-12-08,62.25506293250623,62.63711543978688,61.23625375511349,61.2950325012207,65330,PSEC11.SA
2025-12-09,61.146544928744476,61.304929869425614,60.87926963330852,61.29502868652344,25396,PSEC11.SA
2025-12-10,61.27523577949649,61.27523577949649,60.493208458467784,61.17624282836914,39452,PSEC11.SA
2025-12-11,60.89907067354894,62.40372955866595,60.60209936984578,61.97806930541992,26914,PSEC11.SA
2025-12-12,62.41362773368324,62.59181127333644,61.16634673230594,61.809783935546875,22383,PSEC11.SA
2025-12-15,61.968168086305496,62.4730227008846,61.433621250426754,61.50291442871094,72506,PSEC11.SA
2025-12-16,61.50291296878544,62.35423345457726,61.25543625901781,61.47321319580078,35254,PSEC11.SA
2025-12-17,61.47321559023158,62.195850933951796,61.41382359433873,61.443519592285156,31102,PSEC11.SA
2025-12-18,62.0473602665347,62.868980969960035,61.47321249385627,62.11665344238281,51216,PSEC11.SA
2025-12-19,62.11665498447917,63.78959998170242,62.06716039710104,63.3342399597168,99882,PSEC11.SA
2025-12-22,62.83928780913487,63.5817217396574,62.83928780913487,63.25505065917969,41696,PSEC11.SA
2025-12-23,63.25504839986436,63.60151428236425,63.00757169059445,63.15605545043945,48735,PSEC11.SA
2025-12-26,63.60151592609354,63.81929664426179,63.16595826595205,63.532222747802734,31615,PSEC11.SA
2025-12-29,63.69060302876173,64.62111788342942,62.908579488091895,64.54192352294922,60431,PSEC11.SA
2025-12-30,64.54192432357279,64.73991022722926,63.49262546755843,63.89849090576172,31271,PSEC11.SA
2026-01-02,64.54192581607424,64.80920490409368,63.37383539085446,64.64092254638672,27638,PSEC11.SA
2026-01-05,64.64091925424215,64.64091925424215,63.42333052587759,63.6510124206543,36903,PSEC11.SA
2026-01-06,63.99748080605663,64.20536034295732,63.354039828569704,63.730201721191406,26391,PSEC11.SA
2026-01-07,63.73019851981538,63.74009970271045,63.32434064979402,63.453025817871094,28780,PSEC11.SA
2026-01-08,63.453027321335504,64.32415017938914,63.35403814720846,63.957881927490234,27159,PSEC11.SA
2026-01-09,63.95788335070683,64.34394642506602,63.66090826932743,63.750003814697266,27717,PSEC11.SA
2026-01-12,64.30000305175781,64.30000305175781,63.75,63.91999816894531,23526,PSEC11.SA
2026-01-13,64.06999969482422,64.4000015258789,63.95000076293945,64.16999816894531,23468,PSEC11.SA
2026-01-14,64.0,64.5999984741211,64.0,64.5999984741211,23150,PSEC11.SA
2026-01-15,64.5999984741211,65.70999908447266,64.37999725341797,64.93000030517578,48871,PSEC11.SA
2026-01-16,65.48999786376953,65.58000183105469,64.5999984741211,64.80000305175781,36121,PSEC11.SA
2026-01-19,64.8499984741211,64.97000122070312,64.51000213623047,64.69999694824219,31152,PSEC11.SA
2026-01-20,64.72000122070312,64.7300033569336,64.20999908447266,64.4000015258789,25205,PSEC11.SA
2026-01-21,64.4000015258789,64.5999984741211,64.1500015258789,64.30000305175781,26039,PSEC11.SA
2026-01-22,64.4000015258789,64.4800033569336,64.19999694824219,64.30000305175781,26770,PSEC11.SA
2026-01-23,64.30000305175781,64.4000015258789,64.25,64.30000305175781,48848,PSEC11.SA
2026-01-26,64.3499984741211,64.4000015258789,64.1500015258789,64.16000366210938,83657,PSEC11.SA
2026-01-27,64.27999877929688,64.66999816894531,64.25,64.3499984741211,133750,PSEC11.SA
2021-01-27,67.50693603255446,68.11285074027211,66.71661293768376,67.63207244873047,8677,KFOF11.SA
2021-01-28,67.63205390325521,68.25113831540168,67.63205390325521,68.23796844482422,3865,KFOF11.SA
2021-01-29,68.165533087749,68.4816653071624,66.93394145396815,67.42789459228516,3149,KFOF11.SA
2021-02-01,67.11836322075824,67.66500094322221,67.04591634945245,67.1776351928711,2196,KFOF11.SA
2021-02-02,66.92076297897526,67.69791601768652,66.71659731596867,66.81538391113281,6457,KFOF11.SA
2021-02-03,67.0458965425083,67.06565386070913,66.79562377929688,66.79562377929688,9627,KFOF11.SA
2021-02-04,66.9932164010537,67.0261435944203,66.83515280854137,66.98004150390625,7594,KFOF11.SA
2021-02-05,66.84834981148589,67.53988647460938,66.18974537984563,67.53988647460938,15833,KFOF11.SA
2021-02-08,67.53987917642658,67.53987917642658,66.39390397138143,66.76272583007812,10149,KFOF11.SA
2021-02-09,66.71659202621441,67.1776128495959,66.2555661780828,66.26215362548828,6214,KFOF11.SA
2021-02-10,66.18971828314227,66.78905048246214,65.86700365068211,66.11727142333984,10946,KFOF11.SA
2021-02-11,66.14361815269869,68.17870266176587,66.14361815269869,67.82964324951172,13785,KFOF11.SA
2021-02-12,67.83622741699219,67.98770858230888,67.01955967831982,67.83622741699219,4426,KFOF11.SA
2021-02-17,67.83624169861741,67.91527602212845,66.84833526611328,66.84833526611328,3293,KFOF11.SA
2021-02-18,67.01955388801152,67.32909861557721,67.01955388801152,67.24347686767578,773,KFOF11.SA
2021-02-19,66.91418413239565,67.50034145455174,66.91418413239565,67.42789459228516,2932,KFOF11.SA
2021-02-22,67.42790259129345,67.42790259129345,66.53878784179688,66.53878784179688,4718,KFOF11.SA
2021-02-23,66.56513302394602,67.1776351928711,65.94604340542448,67.1776351928711,7193,KFOF11.SA
2021-02-24,67.1776351928711,67.1776351928711,66.41365183173797,67.1776351928711,6819,KFOF11.SA
2021-02-25,66.87467783320679,67.1776351928711,66.86150293401386,67.1776351928711,2847,KFOF11.SA
2021-02-26,66.87465702357052,67.17761428896247,66.84831225813423,66.96027374267578,3835,KFOF11.SA
2021-03-01,66.59804274628985,66.59804274628985,66.1765365600586,66.1765365600586,6998,KFOF11.SA
2021-03-02,66.22922681485987,66.48608201237153,65.87357999720902,65.92626953125,10706,KFOF11.SA
2021-03-03,66.31487561239683,66.40049237157193,65.30721173042171,66.15680694580078,10561,KFOF11.SA
2021-03-04,66.1567714863423,66.47290362533774,65.34010391233309,65.86698913574219,4358,KFOF11.SA
2021-03-05,66.4268045016393,66.43339194903132,65.30059218560854,65.77478790283203,1787,KFOF11.SA
2021-03-08,65.72869478202585,66.16337089891098,65.2083969116211,65.2083969116211,5978,KFOF11.SA
2021-03-09,65.22156678345061,65.7682094222652,65.2083969116211,65.2083969116211,4669,KFOF11.SA
2021-03-10,65.27427600197895,65.42575218507052,64.55639466441802,65.03717803955078,5538,KFOF11.SA
2021-03-11,65.11619949940567,65.11619949940567,61.98782952843518,63.78581619262695,33752,KFOF11.SA
2021-03-12,63.88460802239884,63.88460802239884,62.330301693275835,62.554229736328125,16277,KFOF11.SA
2021-03-15,62.573958342458354,63.884578704833984,62.573958342458354,63.884578704833984,5786,KFOF11.SA
2021-03-16,63.87801054498843,63.87801054498843,62.20515552034733,62.850589752197266,7571,KFOF11.SA
2021-03-17,62.58714732399312,63.568466033980265,61.974645305061436,63.22599411010742,3889,KFOF11.SA
2021-03-18,63.22601382606908,63.22601382606908,62.09980105776248,62.56740951538086,9862,KFOF11.SA
2021-03-19,62.79129954928756,62.99547019506583,62.31710891574483,62.666168212890625,9676,KFOF11.SA
2021-03-22,62.3236980211157,62.5673833229678,62.17222190693064,62.39614486694336,3025,KFOF11.SA
2021-03-23,62.38957817323762,62.69911792692456,61.915382344545115,62.369815826416016,11868,KFOF11.SA
2021-03-24,62.251263074780915,62.560807834351166,61.91537857055663,61.91537857055664,12432,KFOF11.SA
2021-03-25,61.935113594988614,61.935113594988614,61.171130631527326,61.48726272583008,7394,KFOF11.SA
2021-03-26,61.487280604961974,62.429084690809155,61.34238689563923,61.763893127441406,8166,KFOF11.SA
2021-03-29,62.23149348338108,62.48176623100558,61.57288945236921,62.1327018737793,6442,KFOF11.SA
2021-03-30,62.13272825844561,63.805583810563945,61.76391145238089,62.56740951538086,3915,KFOF11.SA
2021-03-31,62.04050939253355,62.95596876602464,62.04050939253355,62.54104995727539,7907,KFOF11.SA
2021-04-01,62.55422541056315,62.55422541056315,61.60583381098639,61.91537857055664,4794,KFOF11.SA
2021-04-05,62.396160658963126,62.402748107910156,61.92855227875,62.402748107910156,6996,KFOF11.SA
2021-04-06,62.080030838826644,62.962558019973294,62.080030838826644,62.758392333984375,9050,KFOF11.SA
2021-04-07,62.56740951538086,63.160154399950684,62.4686178638272,62.56740951538086,4906,KFOF11.SA
2021-04-08,62.567391859856045,64.06900846053247,62.567391859856045,63.1206169128418,6036,KFOF11.SA
2021-04-09,63.120638746742024,63.878034757247775,62.57400095284878,63.87145233154297,2928,KFOF11.SA
2021-04-12,63.85165526827219,64.49050194701118,63.067919931507106,63.607975006103516,5227,KFOF11.SA
2021-04-13,63.831908649681765,63.84508354564188,62.172228515997446,62.59373474121094,7224,KFOF11.SA
2021-04-14,62.59373674674974,63.07451494493647,62.3698087310081,62.37639617919922,4259,KFOF11.SA
2021-04-15,62.56082101055148,62.936225260324264,62.42251471060909,62.764991760253906,3460,KFOF11.SA
2021-04-16,62.83743194353719,63.219418577806024,62.6003340189557,63.19966125488281,3219,KFOF11.SA
2021-04-19,63.199634985909974,63.39063073603263,62.804473617440436,63.31818389892578,2332,KFOF11.SA
2021-04-20,63.22600098996898,63.81874575420016,63.219413541268885,63.47626876831055,1956,KFOF11.SA
2021-04-22,63.66066808825906,63.88459104705947,62.593727748460026,63.232574462890625,6520,KFOF11.SA
2021-04-23,63.85166078638039,63.85166078638039,63.12719733464235,63.16012954711914,3111,KFOF11.SA
2021-04-26,63.028423692183914,63.35114338726755,62.73205379439449,63.14697265625,3604,KFOF11.SA
2021-04-27,63.35112208992781,63.35770451228691,62.57396914781328,62.699100494384766,3904,KFOF11.SA
2021-04-28,62.699128367617654,63.2194263760316,62.17883538395583,62.56740951538086,5731,KFOF11.SA
2021-04-29,62.56739915832681,63.2260033599934,62.25126693063627,62.402748107910156,3614,KFOF11.SA
2021-04-30,62.40273069622875,63.081092030707985,62.33687129938851,62.699100494384766,3011,KFOF11.SA
2021-05-03,62.69912306137161,62.75840005718802,62.55423434607396,62.61350631713867,2142,KFOF11.SA
2021-05-04,62.61347835976825,62.63982312117334,62.08659318116534,62.4356575012207,2483,KFOF11.SA
2021-05-05,62.567376283496706,62.98229496994062,62.43565750122071,62.4356575012207,3234,KFOF11.SA
2021-05-06,62.42249232366173,62.43566721878956,61.92853927612305,61.92853927612305,2779,KFOF11.SA
2021-05-07,61.92196628736129,62.0075880514342,61.612426526082935,61.86928176879883,13469,KFOF11.SA
2021-05-10,62.23808426879373,62.24467171638716,61.28969280534916,61.38189697265625,5774,KFOF11.SA
2021-05-11,60.861612554015416,61.770484481671964,60.861612554015416,60.98674392700195,8588,KFOF11.SA
2021-05-12,61.2501834306458,61.862685465942285,60.6771960348037,60.88136672973633,9785,KFOF11.SA
2021-05-13,61.25018122789476,61.25676867581714,60.927466626204804,61.177734375,2521,KFOF11.SA
2021-05-14,61.2238446298779,61.803414505615784,61.11847057281246,61.184329986572266,5247,KFOF11.SA
2021-05-17,61.18432750907302,61.48069737136698,61.18432750907302,61.250186920166016,6022,KFOF11.SA
2021-05-18,61.25018940033206,61.25018940033206,61.184329986572266,61.184329986572266,4191,KFOF11.SA
2021-05-19,61.1843174927061,61.44776011870137,61.1843174927061,61.348968505859375,4102,KFOF11.SA
2021-05-20,61.36213949720222,61.618994680434454,58.688208602656296,59.34022521972656,13364,KFOF11.SA
2021-05-21,59.346822900964085,61.111882299571235,59.34023545225162,60.45986557006836,7168,KFOF11.SA
2021-05-24,61.13823037543308,61.566324119370435,60.58500022294829,61.118473052978516,7696,KFOF11.SA
2021-05-25,61.125072634214106,61.84295404165433,61.125072634214106,61.566341400146484,1904,KFOF11.SA
2021-05-26,61.770475984664884,61.77706343225832,61.04601251664485,61.38189697265625,2118,KFOF11.SA
2021-05-27,61.39507035168955,61.6124108941534,59.603666531533165,60.051517486572266,25075,KFOF11.SA
2021-05-28,61.24359020070326,61.24359020070326,60.32813095826334,60.95380783081055,4837,KFOF11.SA
2021-05-31,60.953812174875864,61.441177807622445,60.39399466355483,60.78257369995117,7321,KFOF11.SA
2021-06-01,61.11188420904439,61.11847165796268,60.400590468406804,61.01968002319336,3231,KFOF11.SA
2021-06-02,61.144808569476666,61.842932404664104,60.861613600885406,61.45435333251953,5444,KFOF11.SA
2021-06-04,61.447767762838524,61.447767762838524,60.61133769810744,61.17115020751953,12927,KFOF11.SA
2021-06-07,60.631095080994754,60.907712636600316,59.70246586319636,59.76173782348633,15013,KFOF11.SA
2021-06-08,59.73539450732675,60.58499446539304,59.722224635192404,60.52572250366211,8123,KFOF11.SA
2021-06-09,60.52572250366211,61.085535027263674,59.60367568697965,60.52572250366211,13385,KFOF11.SA
2021-06-10,60.59155429022073,60.59155429022073,59.25458927668977,59.85391616821289,11813,KFOF11.SA
2021-06-11,59.99882644795828,60.479609603311765,59.860520203890836,60.24251174926758,5769,KFOF11.SA
2021-06-14,60.519124961328444,60.72329060623925,60.242512469884744,60.59157180786133,7719,KFOF11.SA
2021-06-15,60.72329325483137,60.72329325483137,60.26227241565001,60.26885986328125,4700,KFOF11.SA
2021-06-16,60.268851300809274,60.57839597374662,59.93296186584007,59.99882125854492,12530,KFOF11.SA
2021-06-17,60.058105150774345,60.492781212520825,59.36656888580249,59.6497688293457,4276,KFOF11.SA
2021-06-18,59.64977248499902,60.242517173479975,59.307300567626946,59.30730056762695,15175,KFOF11.SA
2021-06-21,59.52463719189118,60.196416192748806,59.37316106162465,59.597084045410156,4117,KFOF11.SA
2021-06-22,59.93299431061305,59.93299431061305,59.373181632442396,59.92640686035156,4923,KFOF11.SA
2021-06-23,59.86711370145574,59.86711370145574,59.00433891353164,59.02410125732422,11043,KFOF11.SA
2021-06-24,58.74748678336683,59.27437210083008,58.63552528644989,59.27437210083008,5436,KFOF11.SA
2021-06-25,59.2677905967173,59.27437804565273,56.639961243623716,57.305152893066406,7298,KFOF11.SA
2021-06-28,57.95714231979015,58.03617659549947,55.98791809562697,56.63993453979492,13555,KFOF11.SA
2021-06-29,56.376510431910944,57.825442479017056,56.24479162069701,56.633365631103516,16623,KFOF11.SA
2021-06-30,56.639974482396184,57.100995520607725,56.52142549760572,56.67948913574219,9449,KFOF11.SA
2021-07-01,56.106473042242364,56.11305546403237,55.33590258910765,55.94182205200195,9237,KFOF11.SA
2021-07-02,55.974749235200356,56.047196072886095,55.45445150307072,55.94182205200195,7351,KFOF11.SA
2021-07-05,55.994521025300855,56.52140634017591,55.34250434232482,56.15917205810547,9943,KFOF11.SA
2021-07-06,56.43578698346065,57.95716084779511,56.08672761413288,57.291969299316406,4995,KFOF11.SA
2021-07-07,56.41602908081471,57.75299458712708,56.41602908081471,57.430274963378906,7587,KFOF11.SA
2021-07-08,57.706899331076166,57.71348175497215,56.70581817626953,56.70581817626953,4465,KFOF11.SA
2021-07-12,57.43026809840971,58.53672304460567,57.29854930530895,57.9571533203125,7367,KFOF11.SA
2021-07-13,57.95716383192274,59.27437210083008,57.95716383192274,59.27437210083008,5106,KFOF11.SA
2021-07-14,59.27436698509291,59.69587319278465,58.299630739336784,59.662940979003906,8718,KFOF11.SA
2021-07-15,59.662939804473424,60.59157394750553,58.94506378588853,59.34022521972656,8715,KFOF11.SA
2021-07-16,59.93296097257671,60.40715663258339,59.340216397568355,59.9066162109375,6465,KFOF11.SA
2021-07-19,59.93297206825741,60.92746564906741,59.45877632046058,60.59816360473633,16407,KFOF11.SA
2021-07-20,60.01197328664793,60.861572695656754,60.01197328664793,60.69033432006836,6547,KFOF11.SA
2021-07-21,60.690358777967035,60.85500977572346,60.492775570759456,60.53229522705078,6781,KFOF11.SA
2021-07-22,60.47304640342489,60.789178677157416,60.275463104248054,60.27546310424805,7646,KFOF11.SA
2021-07-23,60.420338144401555,60.75622763909252,60.1634829498586,60.39399337768555,3708,KFOF11.SA
2021-07-26,60.39399752287127,60.45986195655717,59.623431886354076,60.203006744384766,5306,KFOF11.SA
2021-07-27,60.32814395303043,60.32814395303043,58.81335730190571,58.83311462402344,8483,KFOF11.SA
2021-07-28,59.096545186679414,59.900037928225785,59.07678284386452,59.893455505371094,6788,KFOF11.SA
2021-07-29,59.9395636835585,60.18324399746585,59.27437210083008,59.27437210083008,7664,KFOF11.SA
2021-07-30,58.892357471580404,59.900020599365234,58.892357471580404,59.900020599365234,8482,KFOF11.SA
2021-08-02,59.280979912482394,59.52466031009545,57.957183740568254,58.444549560546875,6512,KFOF11.SA
2021-08-03,58.4511285223618,59.91323079471243,58.4511285223618,59.05046081542969,2985,KFOF11.SA
2021-08-04,58.6552821938339,58.6552821938339,57.37100615058552,57.89130401611328,9110,KFOF11.SA
2021-08-05,57.3446698147614,57.83862298476041,57.31832504272462,57.31832504272461,3501,KFOF11.SA
2021-08-06,57.32489149142058,59.254601369606796,57.11413841708538,57.390750885009766,4059,KFOF11.SA
2021-08-09,57.42369485377073,59.06361770629883,57.4171074056379,59.06361770629883,2965,KFOF11.SA
2021-08-10,58.71456707290165,59.2743796535684,57.634456556750074,58.26671600341797,7391,KFOF11.SA
2021-08-11,57.976912089743394,58.167907861850885,56.84411235158857,56.98900604248047,3425,KFOF11.SA
2021-08-12,57.298562461489155,58.43794987994715,53.425971773002324,53.68282699584961,16893,KFOF11.SA
2021-08-13,54.88147723703216,55.68497498996534,54.07139203660358,54.993438720703125,5025,KFOF11.SA
2021-08-16,55.013203734757816,55.645463114514506,54.644387019420805,55.0263786315918,3708,KFOF11.SA
2021-08-17,55.05929752200559,55.05929752200559,53.68281747071177,54.53241729736328,3991,KFOF11.SA
2021-08-18,54.525832183436094,54.525832183436094,53.68940219108584,54.40069580078125,2836,KFOF11.SA
2021-08-19,54.40071268062335,54.40071268062335,53.6828364252249,53.72235107421875,5726,KFOF11.SA
2021-08-20,53.68281697010937,53.99894409699679,53.39302958317083,53.78160858154297,7350,KFOF11.SA
2021-08-23,53.77502457696639,54.49948806594426,53.76843712918238,54.117496490478516,2380,KFOF11.SA
2021-08-24,54.17017581737722,55.90230242670088,54.11748629453291,55.79692840576172,13164,KFOF11.SA
2021-08-25,55.816692042063515,55.948410839342415,54.66413497924805,54.66413497924805,5197,KFOF11.SA
2021-08-26,55.15809149491523,55.15809149491523,53.38644491838232,54.40069580078125,9485,KFOF11.SA
2021-08-27,54.33483466416776,55.32274074897081,54.321664793927134,54.993438720703125,2212,KFOF11.SA
2021-08-30,55.01979277735483,55.513745903172264,54.367776058206104,55.322750091552734,6005,KFOF11.SA
2021-08-31,55.32275257273818,55.487403622061805,54.80904210280867,55.256893157958984,3338,KFOF11.SA
2021-09-01,54.0187058319543,56.07355242376712,53.834297488730805,55.65204620361328,10270,KFOF11.SA
2021-09-02,55.961609851007225,55.961609851007225,55.263490880019255,55.38862228393555,1468,KFOF11.SA
2021-09-03,55.487395092346176,56.23820335986495,54.170186900243,54.20970153808594,7428,KFOF11.SA
2021-09-06,54.664141608884464,55.05930307339615,54.664141608884464,54.861724853515625,4910,KFOF11.SA
2021-09-08,54.97369519374435,55.29640985547327,53.880409773752454,53.88699722290039,4956,KFOF11.SA
2021-09-09,53.386453651627455,53.88040679059441,53.23497750287158,53.4918327331543,4918,KFOF11.SA
2021-09-10,54.00554405844866,54.09116079499673,52.90567625734495,52.918846130371094,8395,KFOF11.SA
2021-09-13,53.14936062425212,53.67624603077387,53.14936062425212,53.327186584472656,5449,KFOF11.SA
2021-09-14,53.38644650387989,53.68940378558079,53.313999651217664,53.46548080444336,7716,KFOF11.SA
2021-09-15,53.69600350664748,53.69600350664748,52.91885029343471,53.21522521972656,5012,KFOF11.SA
2021-09-16,53.66307443304572,53.93968700144637,53.20863591013646,53.63014221191406,2145,KFOF11.SA
2021-09-17,53.722339973631826,53.722339973631826,53.017633738593354,53.175697326660156,7971,KFOF11.SA
2021-09-20,53.10986295624896,53.43257773291841,52.918867060943676,53.36671829223633,3451,KFOF11.SA
2021-09-21,53.34035926657358,53.36670404076174,52.872750830425545,53.346946716308594,9111,KFOF11.SA
2021-09-22,53.281073370811875,53.8408858579629,52.95835876464844,52.95835876464844,11203,KFOF11.SA
2021-09-23,52.96494012736698,53.64330154142862,52.96494012736698,53.123008728027344,1164,KFOF11.SA
2021-09-24,52.88592529296874,53.86724425579877,52.88592529296874,52.88592529296875,8477,KFOF11.SA
2021-09-27,52.88592381245402,53.24156568922019,52.87274891346166,52.93202590942383,2122,KFOF11.SA
2021-09-28,52.95177888361783,53.29425085801217,52.885919468320985,52.92543411254883,3370,KFOF11.SA
2021-09-29,53.34692839538179,53.66964297504109,52.93200965010555,52.95176696777344,3015,KFOF11.SA
2021-09-30,53.02423202581948,53.61038943343828,52.91885292906685,53.346946716308594,2552,KFOF11.SA
2021-10-01,53.02420464083687,53.02420464083687,51.70040931389523,52.964927673339844,7339,KFOF11.SA
2021-10-04,52.57636240709088,52.945179066396754,51.70700526390553,52.05606460571289,11254,KFOF11.SA
2021-10-05,52.121926589670984,52.266820291510285,51.70042037963868,51.70042037963867,7141,KFOF11.SA
2021-10-06,52.0297266631812,53.202041219480094,51.56870577859763,52.629058837890625,13418,KFOF11.SA
2021-10-07,52.66197492372447,53.60377883911133,52.629047738770225,53.60377883911133,1327,KFOF11.SA
2021-10-08,53.59721445478857,54.3282656069863,52.76737668047107,54.01213836669922,7185,KFOF11.SA
2021-10-11,54.00553435920058,54.66413843675181,54.00553435920058,54.40069580078125,11137,KFOF11.SA
2021-10-13,54.65097212259896,54.861725240140466,53.82771697208515,54.170188903808594,2529,KFOF11.SA
2021-10-14,54.611456165811965,55.764013454772005,54.15043526012836,54.28215408325195,2393,KFOF11.SA
2021-10-15,54.15702050416937,55.507155972855564,54.01870921334343,54.124088287353516,3081,KFOF11.SA
2021-10-18,54.124089688883736,54.24263863783947,53.88699179097227,54.22288131713867,2868,KFOF11.SA
2021-10-19,54.176780103803665,54.71683531895071,53.80795835400131,54.13726043701172,5362,KFOF11.SA
2021-10-20,54.17679501003377,54.99346299366775,53.063752055295055,54.01872634887695,5087,KFOF11.SA
2021-10-21,54.06480737961182,54.20311866040322,53.21521252461034,53.458892822265625,3805,KFOF11.SA
2021-10-22,53.017619485566115,54.43361902336033,53.017619485566115,54.3348274230957,4522,KFOF11.SA
2021-10-25,53.4852470665329,54.26898768106222,53.4852470665329,53.70917510986328,1354,KFOF11.SA
2021-10-26,53.70258587145682,53.70258587145682,52.72784946633819,53.4918327331543,1560,KFOF11.SA
2021-10-27,53.33376046299204,53.56427088540966,53.27448348308445,53.4786491394043,6915,KFOF11.SA
2021-10-28,53.37987894023176,53.46549568777936,52.68834243586034,53.346946716308594,5137,KFOF11.SA
2021-10-29,53.327177816119196,53.636722564697266,53.25473095901578,53.636722564697266,5204,KFOF11.SA
2021-11-01,53.25474058821254,53.56428539276062,52.6883405255824,52.93202590942383,11720,KFOF11.SA
2021-11-03,52.694899976513625,53.452295474089624,51.83212544199705,52.68831253051758,22915,KFOF11.SA
2021-11-04,52.68833657874947,53.99237511996411,52.6224771629763,53.70917510986328,4336,KFOF11.SA
2021-11-05,53.23498061421446,53.281082708889116,52.39196801173412,52.62247848510742,2442,KFOF11.SA
2021-11-08,52.98469879464791,53.65647780267406,51.60163116455078,51.60163116455078,4874,KFOF11.SA
2021-11-09,51.60163303662069,51.60163303662069,50.71910590650101,51.04182052612305,4111,KFOF11.SA
2021-11-10,51.469912453900605,51.68066556914428,49.98805319913235,50.67958450317383,7850,KFOF11.SA
2021-11-11,50.70592779280328,51.041817287691124,47.47218430396303,48.539119720458984,15792,KFOF11.SA
2021-11-12,48.74330201726133,48.835506210409505,48.57206350509257,48.60499572753906,4675,KFOF11.SA
2021-11-16,48.604988575666766,48.611570999386174,48.08469069103059,48.40081787109375,3759,KFOF11.SA
2021-11-17,48.40082723956074,49.882686872906845,48.097869873046875,48.097869873046875,4849,KFOF11.SA
2021-11-18,48.08468412022617,48.11761130857648,46.240590731100916,46.681854248046875,12831,KFOF11.SA
2021-11-19,47.06385302883477,47.077027925995594,46.26694259213957,46.70820617675781,5241,KFOF11.SA
2021-11-22,47.04410449462095,47.04410449462095,45.542487521884105,45.71372604370117,11752,KFOF11.SA
2021-11-23,46.306452956855566,46.431589344569616,45.54247480887903,46.10228729248047,3711,KFOF11.SA
2021-11-24,46.09571367414697,46.75431797591976,46.08913124895072,46.18133544921875,8026,KFOF11.SA
2021-11-25,46.240593551387846,46.899197655566134,45.54247480887903,46.10228729248047,6770,KFOF11.SA
2021-11-26,45.740057764523854,45.97057324467098,45.54247952764912,45.59516906738281,4976,KFOF11.SA
2021-11-29,45.56882905606518,47.41950536589704,45.542484283447266,45.542484283447266,7432,KFOF11.SA
2021-11-30,45.5424752457922,46.662100223736225,45.44368362426758,45.44368362426758,13226,KFOF11.SA
2021-12-01,45.12097248318318,45.89153814571785,44.14623611388004,45.18024444580078,6064,KFOF11.SA
2021-12-02,45.18022870342026,46.08251789863417,44.45576538360033,45.35146713256836,9757,KFOF11.SA
2021-12-03,45.351486163045735,49.37555827574485,45.351486163045735,47.6236686706543,11843,KFOF11.SA
2021-12-06,47.7553874908728,48.591812535900345,46.35914490830428,48.078102111816406,12702,KFOF11.SA
2021-12-07,48.33497184970916,49.3953252333656,46.76090788758609,48.32838439941406,12390,KFOF11.SA
2021-12-08,47.51827436157982,48.32835437833225,46.78063615406407,47.15604019165039,9280,KFOF11.SA
2021-12-09,47.13628900060962,47.617072140899694,47.03749739372812,47.347042083740234,2661,KFOF11.SA
2021-12-10,48.71693896673994,49.02648365249667,47.53803719692697,47.7751350402832,1662,KFOF11.SA
2021-12-13,47.84098784938936,48.986957251344286,47.261418214725175,47.3206901550293,11257,KFOF11.SA
2021-12-14,48.038599869108715,48.229595721540775,46.984828955724616,47.195587158203125,13658,KFOF11.SA
2021-12-15,47.19557665437157,47.71586952049983,47.09019757658545,47.142887115478516,5090,KFOF11.SA
2021-12-16,47.10996426463504,47.992496629944455,46.83335166757244,46.83993911743164,7360,KFOF11.SA
2021-12-17,46.839937604474706,47.37340545654297,46.80700538099442,47.37340545654297,4505,KFOF11.SA
2021-12-20,47.33387595968325,47.37339059566252,46.833335463361394,47.31411361694336,7358,KFOF11.SA
2021-12-21,46.932146327439824,48.60500194160984,46.932146327439824,47.0902099609375,11381,KFOF11.SA
2021-12-22,47.14948193921701,47.729056969962336,46.899214100783,47.0902099609375,10027,KFOF11.SA
2021-12-23,47.096799992688844,48.532557722932935,47.096799992688844,48.29545974731445,7156,KFOF11.SA
2021-12-27,48.954055176564545,49.05284681915236,47.99249357319664,48.60499572753906,3901,KFOF11.SA
2021-12-28,48.82231474364358,51.35794426900583,48.67083863119724,50.837646484375,7416,KFOF11.SA
2021-12-29,50.83104660811981,52.55659054694229,50.119753226490815,50.71249771118164,3380,KFOF11.SA
2021-12-30,51.127450043562334,52.50393564460381,51.10769271850587,51.10769271850586,4535,KFOF11.SA
2022-01-03,50.77837445622105,52.391957495453546,50.06049840827408,51.75969314575195,2289,KFOF11.SA
2022-01-04,52.023139420366846,53.320590375355906,50.119773864746094,50.119773864746094,5050,KFOF11.SA
2022-01-05,50.71251552152318,51.75311120180105,49.39530732615894,49.724609375,3923,KFOF11.SA
2022-01-06,49.849765521446805,51.548960948201,48.802581978168504,49.0330924987793,3514,KFOF11.SA
2022-01-07,49.000144880354334,50.91009772991023,48.73670224166552,50.52151870727539,8232,KFOF11.SA
2022-01-10,50.71250953551084,51.65431348501747,49.559952500612866,50.9759521484375,11706,KFOF11.SA
2022-01-11,51.62797492269801,51.62797492269801,49.5270262388023,50.389801025390625,5926,KFOF11.SA
2022-01-12,50.30418843654892,51.34478430847284,50.297606012180175,50.86400604248047,3548,KFOF11.SA
2022-01-13,51.061575969299895,51.061575969299895,50.38321453829988,50.9693717956543,2314,KFOF11.SA
2022-01-14,50.936445496152054,50.94303294496344,50.39639026289609,50.60714340209961,2394,KFOF11.SA
2022-01-17,50.95620164556749,52.359026586716475,50.738861083984375,50.738861083984375,4890,KFOF11.SA
2022-01-18,51.371120858372265,51.832141727970225,51.04181880158782,51.48966979980469,6907,KFOF11.SA
2022-01-19,51.489661023922125,51.82555047152353,50.79154239044645,51.766273498535156,7931,KFOF11.SA
2022-01-20,51.76627104007497,51.832130432128906,51.08790975489525,51.832130432128906,7889,KFOF11.SA
2022-01-21,51.37110593660985,52.02312241272167,51.37110593660985,52.009952545166016,3248,KFOF11.SA
2022-01-24,52.009980269838,52.03632504374193,51.17355002883167,51.29209899902344,3942,KFOF11.SA
2022-01-25,51.37772012958393,52.03632439471216,51.07476277059516,51.12086486816406,13012,KFOF11.SA
2022-01-26,51.041824009980836,52.04290015386673,50.73886668979495,50.956207275390625,13410,KFOF11.SA
2022-01-27,50.96278499308047,52.108759779619795,49.41506631614022,50.05391311645508,20077,KFOF11.SA
2022-01-28,50.05391920769908,50.87717445782571,49.89585560660513,50.06708908081055,4097,KFOF11.SA
2022-01-31,50.08026232596673,50.41615186386401,49.73778533935547,49.73778533935547,5125,KFOF11.SA
2022-02-01,49.40188904160483,50.64665023980529,48.1505403962618,48.875003814697266,8095,KFOF11.SA
2022-02-02,48.86841390958595,51.32500899621276,48.81572940934504,49.263580322265625,13695,KFOF11.SA
2022-02-03,49.57971224887922,49.57971224887922,49.00672993926806,49.066001892089844,7471,KFOF11.SA
2022-02-04,49.88928139966132,50.692779541015625,49.052856054412935,50.692779541015625,3870,KFOF11.SA
2022-02-07,50.60715792957386,50.64667760903563,49.53363460370381,50.58081817626953,6271,KFOF11.SA
2022-02-08,50.5808031704782,50.81131362915039,49.08576886398069,50.81131362915039,6458,KFOF11.SA
2022-02-09,50.804721411221855,50.804721411221855,49.895849534596465,50.05391311645508,4029,KFOF11.SA
2022-02-10,50.06708582527995,52.62247317135394,50.060503401527875,51.371124267578125,12023,KFOF11.SA
2022-02-11,51.371103830377116,51.54892467120811,50.44905737206158,51.30524444580078,3727,KFOF11.SA
2022-02-14,51.23940377676965,52.12851835517776,50.18563313965551,51.04182052612305,6440,KFOF11.SA
2022-02-15,50.20538148364696,51.937508068904194,50.20538148364696,50.87715530395508,6123,KFOF11.SA
2022-02-16,50.87715530395508,51.70041024414853,50.87715530395508,50.87715530395508,10189,KFOF11.SA
2022-02-17,51.3645163844948,51.674061019227416,51.2064528565618,51.30524444580078,4000,KFOF11.SA
2022-02-18,51.29867015172036,51.674074267274314,51.21305343229586,51.634559631347656,5703,KFOF11.SA
2022-02-21,51.542371701143594,51.62140099789258,50.877179979912604,51.61481857299805,14024,KFOF11.SA
2022-02-22,51.6082187147089,51.6082187147089,49.599474159456136,50.67958450317383,18917,KFOF11.SA
2022-02-23,50.679593463587786,51.36454246541992,49.770721435546875,49.770721435546875,4276,KFOF11.SA
2022-02-24,49.6126601415354,49.6192425663181,47.75539632821009,48.80916213989258,6740,KFOF11.SA
2022-02-25,49.38871647075878,49.395303918211255,48.80914671369516,49.066001892089844,4920,KFOF11.SA
2022-03-02,49.38215103340746,49.38215103340746,48.387657165527344,48.387657165527344,3901,KFOF11.SA
2022-03-03,48.3744766258097,50.62031936645508,47.913455694321556,50.62031936645508,16874,KFOF11.SA
2022-03-04,50.60713808099751,50.60713808099751,48.4271600555051,49.38872146606445,11594,KFOF11.SA
2022-03-07,49.23066196366201,49.72461509373219,48.64450465129214,49.16480255126953,5262,KFOF11.SA
2022-03-08,49.16479119197142,49.70484628841421,48.57204656788789,48.875003814697266,4937,KFOF11.SA
2022-03-09,49.06599462301457,49.06599462301457,48.40739066834323,48.44032287597656,8866,KFOF11.SA
2022-03-10,48.44032287597656,48.98037791781708,48.44032287597656,48.44032287597656,5292,KFOF11.SA
2022-03-11,48.44033005235923,49.066001892089844,48.44033005235923,49.066001892089844,3214,KFOF11.SA
2022-03-14,48.479833502648894,49.03305836701665,48.242735696563,48.664241790771484,5487,KFOF11.SA
2022-03-15,49.03965137334623,49.06599613531501,48.24932861328126,48.24932861328125,5989,KFOF11.SA
2022-03-16,48.275685363272146,49.03966355108264,47.74880004255739,48.078102111816406,7524,KFOF11.SA
2022-03-17,48.00564768197059,48.71694124530759,47.788307144603735,47.93320083618164,11941,KFOF11.SA
2022-03-18,48.01225966670086,48.776238124441726,48.01225966670086,48.29545974731445,6230,KFOF11.SA
2022-03-21,48.776213196544,48.967208969555784,47.93320083618164,47.93320083618164,4137,KFOF11.SA
2022-03-22,48.031997065670204,48.94745635986328,47.93320544602516,48.94745635986328,3710,KFOF11.SA
2022-03-23,48.92111358511901,48.92111358511901,48.10444587731498,48.27568435668945,2509,KFOF11.SA
2022-03-24,48.30203190920007,48.604994277363964,48.275692161730746,48.473270416259766,7534,KFOF11.SA
2022-03-25,48.407393232412055,50.040733337402344,48.17688284101717,50.040733337402344,9782,KFOF11.SA
2022-03-28,49.65875304241926,50.29101241234001,49.197727130669186,50.152706146240234,3802,KFOF11.SA
2022-03-29,50.23174462418035,50.686183170821224,49.39531942612211,50.4490852355957,4290,KFOF11.SA
2022-03-30,50.45566484655291,50.7059326171875,49.4414138422691,50.7059326171875,2829,KFOF11.SA
2022-03-31,51.20646708485358,51.35136078603123,50.5478630065918,50.5478630065918,1191,KFOF11.SA
2022-04-01,50.99973284662018,51.810413450247665,49.69068351810715,50.86683654785156,10082,KFOF11.SA
2022-04-04,50.614298583303835,51.82367248628118,49.83684501774683,50.002967834472656,10763,KFOF11.SA
2022-04-05,49.87008950283668,50.8136662236841,49.87008950283668,50.0096321105957,5429,KFOF11.SA
2022-04-06,50.501357043154584,51.1592022482886,49.96976178325413,50.640899658203125,2168,KFOF11.SA
2022-04-07,50.667476654052734,51.145911343113255,50.667476654052734,50.667476654052734,6974,KFOF11.SA
2022-04-08,50.64089759148643,51.01301121642946,50.494708647496545,50.72727966308594,7775,KFOF11.SA
2022-04-11,50.72728283298003,51.15920335730369,49.916607395077015,50.820316314697266,14452,KFOF11.SA
2022-04-12,50.80702274652568,51.16584878794417,50.80702274652568,51.15256118774414,5567,KFOF11.SA
2022-04-13,51.16586048912188,52.12273015173211,50.67413805457799,51.86357879638672,10812,KFOF11.SA
2022-04-14,51.50474775294383,53.059655736484366,51.49810141712467,51.61771011352539,7329,KFOF11.SA
2022-04-18,51.55126002589097,52.05626999644326,51.18578761461228,51.96324157714844,12316,KFOF11.SA
2022-04-19,51.82369910004903,53.09288050505496,51.17250016307725,52.47490310668945,9177,KFOF11.SA
2022-04-20,53.066300170964844,54.049744910873265,52.827082786734444,53.2922248840332,5979,KFOF11.SA
2022-04-22,53.21910903139344,54.13611032594223,52.14263630428534,53.797218322753906,5189,KFOF11.SA
2022-04-25,53.8238046169281,55.139499849328786,53.1593132019043,53.1593132019043,10523,KFOF11.SA
2022-04-26,53.2124657490561,53.81050894679436,52.83370590209961,52.83370590209961,5748,KFOF11.SA
2022-04-27,52.866951462399776,53.68427838252326,51.8635727702047,52.827083587646484,4456,KFOF11.SA
2022-04-28,52.52804383090002,54.63448021716059,51.8369722108366,52.315406799316406,13401,KFOF11.SA
2022-04-29,52.36192186169261,53.22575759887695,52.2954686691142,53.22575759887695,2050,KFOF11.SA
2022-05-02,53.61447525024414,53.61447525024414,52.17358520527887,53.61447525024414,7866,KFOF11.SA
2022-05-03,54.95482999972766,54.95482999972766,52.6360048596495,53.88254165649414,8633,KFOF11.SA
2022-05-04,52.95769741945505,54.07020027174275,52.95769741945505,53.47373962402344,3397,KFOF11.SA
2022-05-05,53.058216891886936,53.61446822687859,52.58238909994228,52.97779846191406,7161,KFOF11.SA
2022-05-06,52.97780516369881,53.58766715812961,51.97253375727625,52.50197219848633,4779,KFOF11.SA
2022-05-09,52.501968006971296,52.92418523632875,50.93374719242752,51.53691101074219,4842,KFOF11.SA
2022-05-10,51.469885872339816,52.38803026720114,50.93373920391132,51.603919982910156,7910,KFOF11.SA
2022-05-11,51.60393455798354,51.60393455798354,51.27554731518465,51.55702209472656,6095,KFOF11.SA
2022-05-12,51.288961553503015,51.885422355886675,51.268856937502086,51.59724426269531,2382,KFOF11.SA
2022-05-13,51.59722955651873,52.81026054462672,51.34926587907981,51.697757720947266,2039,KFOF11.SA
2022-05-16,51.469896291713226,51.91221303659515,51.275543212890625,51.275543212890625,10438,KFOF11.SA
2022-05-17,51.44310262997993,51.56373543241462,51.24874949755318,51.46320724487305,3594,KFOF11.SA
2022-05-18,51.31573456589946,52.53546320142055,50.25684786224027,50.41099166870117,20993,KFOF11.SA
2022-05-19,50.61876801669247,51.918920739060546,50.59866340561668,50.76620864868164,3935,KFOF11.SA
2022-05-20,50.62546515223057,51.1348040613786,50.33058392381732,50.80641174316406,4428,KFOF11.SA
2022-05-23,50.793016576470876,51.32915828722884,50.65227918565659,50.933753967285156,8979,KFOF11.SA
2022-05-24,50.93373920391132,52.260699396081385,50.93373920391132,51.603919982910156,8286,KFOF11.SA
2022-05-25,52.18700234769288,52.19370047705353,51.476606928623255,51.93903350830078,18552,KFOF11.SA
2022-05-26,51.811675665231384,52.877265788901646,51.53020095825195,51.53020095825195,8584,KFOF11.SA
2022-05-27,52.274120488802126,52.46177035964421,51.26884894094055,51.8317985534668,5003,KFOF11.SA
2022-05-30,51.872005960738065,53.044822609855835,51.872005960738065,52.87727737426758,2185,KFOF11.SA
2022-05-31,52.84376915978094,53.467037674635314,52.84376915978094,53.400020599365234,3170,KFOF11.SA
2022-06-01,52.87952062338284,54.07594871968884,52.43339157104492,52.43339157104492,2348,KFOF11.SA
2022-06-02,52.72406135678447,53.12963002811187,52.4874800616006,52.65646743774414,1689,KFOF11.SA
2022-06-03,53.11612138953702,53.11612138953702,51.642551039056535,52.149513244628906,1637,KFOF11.SA
2022-06-06,52.142749814014266,52.64971199537201,51.78449736432189,52.1157112121582,2956,KFOF11.SA
2022-06-07,52.1157112121582,52.1157112121582,51.92644615625174,52.1157112121582,2987,KFOF11.SA
2022-06-08,52.115715622371475,52.64295551046664,51.372172058209415,51.38568878173828,10707,KFOF11.SA
2022-06-09,51.405953693473094,52.22385184481457,50.85167539433736,51.541141510009766,5422,KFOF11.SA
2022-06-10,51.54113794878076,52.271164484640764,50.69620126109582,50.86518859863281,5413,KFOF11.SA
2022-06-13,51.02068309753401,51.27754211425781,50.439365971765724,51.27754211425781,12856,KFOF11.SA
2022-06-14,51.967000280441184,51.967000280441184,50.101383209228516,50.101383209228516,29077,KFOF11.SA
2022-06-15,50.17572530371342,51.34511485613205,50.13516483364554,50.19600296020508,8321,KFOF11.SA
2022-06-17,50.561035478946664,51.85885755887872,50.20953877578599,51.79801940917969,5528,KFOF11.SA
2022-06-20,51.17612969811447,52.507750873590396,50.68944529316035,51.08149719238281,17891,KFOF11.SA
2022-06-21,51.08150388215346,51.84532496618671,50.2906441990723,50.527225494384766,20328,KFOF11.SA
2022-06-22,50.784082928714774,51.09501907282503,50.54750164048798,50.89899826049805,2960,KFOF11.SA
2022-06-23,50.82463080975108,51.027412510657534,50.50693380553854,50.628604888916016,9964,KFOF11.SA
2022-06-24,50.696217135272214,51.703380538375576,50.628623210509026,51.696624755859375,7661,KFOF11.SA
2022-06-27,51.669576217933155,51.669576217933155,50.628613474093356,51.236968994140625,3735,KFOF11.SA
2022-06-28,51.2369626586573,51.372150465469566,50.750278302798314,51.230201721191406,7157,KFOF11.SA
2022-06-29,51.23696634425995,52.10218074709772,50.90574742670125,51.541141510009766,9192,KFOF11.SA
2022-06-30,51.60875471650556,51.62227659746628,50.95308273124748,51.31809616088867,4960,KFOF11.SA
2022-07-01,51.584175872604874,51.78202613194915,50.47894500474069,50.799598693847656,10543,KFOF11.SA
2022-07-04,50.908756828448325,52.280055646575406,50.58810315687036,50.758663177490234,6828,KFOF11.SA
2022-07-05,50.7381921215294,51.49547895954314,50.58809848443431,50.6972541809082,10385,KFOF11.SA
2022-07-06,50.963328932947405,51.256692358505845,50.485762986725966,50.63585662841797,12061,KFOF11.SA
2022-07-07,50.65631448204869,51.19528464794848,50.24697156765371,50.57444381713867,9243,KFOF11.SA
2022-07-08,51.09978321872998,51.14071595805355,50.24698311563061,50.758663177490234,9766,KFOF11.SA
2022-07-11,50.75864872975184,51.16116776540554,50.24696881353474,50.40388107299805,10069,KFOF11.SA
2022-07-12,50.485761649894535,50.67678802332485,49.264551385375526,50.09006118774414,11255,KFOF11.SA
2022-07-13,50.069596654769036,50.069596654769036,49.66707752530109,49.953617095947266,8309,KFOF11.SA
2022-07-14,49.9536147534327,49.9536147534327,49.121281101948284,49.73529815673828,14405,KFOF11.SA
2022-07-15,49.73529890192028,50.48576188898411,49.32595592761986,50.1446418762207,8962,KFOF11.SA
2022-07-18,50.56078601026399,51.03153308217304,50.0763964342033,50.09686279296875,7922,KFOF11.SA
2022-07-19,50.096883175731335,50.71771886620976,49.837633850762494,49.98090362548828,7255,KFOF11.SA
2022-07-20,49.97408287401458,50.608566318706906,49.803522864205654,49.81716537475586,10799,KFOF11.SA
2022-07-21,49.87174423830304,50.43118084445068,49.61249490548085,49.63296127319336,6339,KFOF11.SA
2022-07-22,49.632959633979624,49.632959633979624,49.114455780381476,49.16221237182617,24345,KFOF11.SA
2022-07-25,49.223622537574826,49.680722139398135,49.01894843268863,49.45558166503906,11159,KFOF11.SA
2022-07-26,49.4555635777042,50.07640431840847,49.17584795541047,50.02182388305664,7182,KFOF11.SA
2022-07-27,50.117353299291295,50.85417380031809,49.939969429397024,50.48576354980469,4472,KFOF11.SA
2022-07-28,50.48575314818236,51.16116919909447,50.18556592329813,51.07930374145508,7021,KFOF11.SA
2022-07-29,51.08612978448638,51.08612978448638,50.84734682335979,51.02473068237305,4737,KFOF11.SA
2022-08-01,50.955861900975776,51.10048529138892,50.39802807305995,50.52199172973633,6924,KFOF11.SA
2022-08-02,50.515097870918225,51.286427789612766,50.280947241857774,50.95585632324219,8992,KFOF11.SA
2022-08-03,50.618403134177406,50.9627460126412,50.370475841343044,50.948974609375,10207,KFOF11.SA
2022-08-04,50.886988356682174,50.96274420760145,50.577081878743414,50.804344177246094,4519,KFOF11.SA
2022-08-05,50.95586093744205,50.962749266642646,50.61840636619236,50.886993408203125,9170,KFOF11.SA
2022-08-08,50.9076504434624,50.96274656563573,50.68727120902446,50.85255432128906,8187,KFOF11.SA
2022-08-09,50.82500130904385,53.366247696517995,50.82500130904385,52.86351013183594,25724,KFOF11.SA
2022-08-10,52.856648068692685,55.060441065619436,52.856648068692685,54.530155181884766,7695,KFOF11.SA
2022-08-11,54.53013797961851,56.2862887465403,53.46956129246541,54.88825225830078,14587,KFOF11.SA
2022-08-12,54.888254525528446,57.07139243982062,54.8469350601194,56.644405364990234,23583,KFOF11.SA
2022-08-15,56.671940318719706,57.33307788362396,56.272501397968924,56.82345199584961,19237,KFOF11.SA
2022-08-16,57.1608927186922,58.18703257462004,57.12645634426888,58.12505340576172,20219,KFOF11.SA
2022-08-17,58.111306439820446,58.875748105098104,58.02177917654004,58.40055847167969,9264,KFOF11.SA
2022-08-18,58.731115232284566,58.73800356042633,57.47081914934118,58.0011100769043,9716,KFOF11.SA
2022-08-19,58.60716108615219,58.60716108615219,57.216018068803244,58.19395065307617,4004,KFOF11.SA
2022-08-22,58.19394236566212,58.77932416701009,57.71186447143555,57.71186447143555,7800,KFOF11.SA
2022-08-23,57.70497076143095,58.77931868508486,57.58100713529746,57.84959411621094,8850,KFOF11.SA
2022-08-24,58.43495975855944,58.848169980374074,57.86334957035178,58.12505340576172,11107,KFOF11.SA
2022-08-25,58.40056301959745,58.744905949537866,56.830354845493986,58.58650588989258,19084,KFOF11.SA
2022-08-26,58.586502176107736,60.260008919705214,58.33168653257233,59.330284118652344,7549,KFOF11.SA
2022-08-29,59.46802693934153,59.46802693934153,58.800000769760814,59.28896713256836,5382,KFOF11.SA
2022-08-30,59.28895288844329,59.295841217041016,59.08923864740637,59.295841217041016,8113,KFOF11.SA
2022-08-31,59.22697334443813,59.516220092773445,59.096121373129456,59.51622009277344,10437,KFOF11.SA
2022-09-01,59.78007264299933,60.918740289748776,59.29405790249532,59.84950256347656,4924,KFOF11.SA
2022-09-02,59.85643658379074,60.71737909956586,58.93994802256884,59.44679641723633,9133,KFOF11.SA
2022-09-05,59.918906192943275,61.619962185104455,59.446775566568164,60.05776596069336,10759,KFOF11.SA
2022-09-06,60.06472417657848,61.25199294105394,58.252575721020726,60.29384231567383,10171,KFOF11.SA
2022-09-08,60.29383987190318,60.73820286534372,59.77310769996737,60.397987365722656,3498,KFOF11.SA
2022-09-09,60.3910687795621,60.74516296386719,60.252203641161024,60.74516296386719,7585,KFOF11.SA
2022-09-12,60.75210595991697,60.75210595991697,60.161943704310424,60.69655990600586,9769,KFOF11.SA
2022-09-13,60.73820117757194,60.75208503768666,60.14109454657147,60.70348358154297,45322,KFOF11.SA
2022-09-14,60.404943237304686,60.752098083496094,60.37022563382052,60.752098083496094,2635,KFOF11.SA
2022-09-15,60.752098083496094,60.752098083496094,60.42577168053016,60.752098083496094,3010,KFOF11.SA
2022-09-16,60.78681568698026,60.78681568698026,60.404943237304686,60.752098083496094,14340,KFOF11.SA
2022-09-19,60.78682515396921,61.418644317913056,60.404952644820504,60.74516296386719,6752,KFOF11.SA
2022-09-20,60.78680597129278,61.4463979547674,60.488252639400095,61.0992431640625,7943,KFOF11.SA
2022-09-21,61.099238895233256,61.932408215849165,60.703482673366494,61.210330963134766,9406,KFOF11.SA
2022-09-22,61.210343827277484,62.480926513671875,61.09925173602854,62.480926513671875,8287,KFOF11.SA
2022-09-23,62.00185643735758,62.480926513671875,61.27282915573317,62.480926513671875,9626,KFOF11.SA
2022-09-26,62.418424337943975,64.50829739031838,62.21012937165405,62.432308197021484,4909,KFOF11.SA
2022-09-27,62.79336136820016,63.18217304569728,62.682269290537086,63.16828918457031,8819,KFOF11.SA
2022-09-28,63.15441934445696,63.16830850699428,62.001867820540944,63.112762451171875,5964,KFOF11.SA
2022-09-29,63.112732147844554,63.52931677216427,63.07801455533421,63.37656784057617,18380,KFOF11.SA
2022-09-30,63.52238662038667,64.1889232301032,63.52238662038667,64.1819839477539,16453,KFOF11.SA
2022-10-03,64.59484043179565,64.59484043179565,64.16798642755904,64.22396850585938,8924,KFOF11.SA
2022-10-04,64.22395844892854,64.36391362276359,63.60817170028636,64.16797637939453,11508,KFOF11.SA
2022-10-05,64.16798105871692,64.36391831637431,62.64950334839675,62.698486328125,13743,KFOF11.SA
2022-10-06,62.747467141151766,63.398244042923665,62.01971622550136,62.278629302978516,11998,KFOF11.SA
2022-10-07,62.4745488760585,63.67813648581343,62.46055603027344,62.46055603027344,16738,KFOF11.SA
2022-10-10,63.43323089139109,63.43323089139109,62.89441282211143,62.97838592529297,9721,KFOF11.SA
2022-10-11,62.63549953480196,64.13998413272493,62.63549953480196,63.62215805053711,22697,KFOF11.SA
2022-10-13,64.02804098715329,64.02804098715329,62.628520965576165,62.62852096557617,13013,KFOF11.SA
2022-10-14,63.272291849544686,63.99304372621006,62.8104530699923,63.4332389831543,11385,KFOF11.SA
2022-10-17,63.81811687158892,63.81811687158892,62.64251972896117,63.293296813964844,12797,KFOF11.SA
2022-10-18,63.251314003349734,63.56620390783042,62.95041695159774,63.26531219482422,3432,KFOF11.SA
2022-10-19,63.81111947051878,64.0630335108914,63.482231398990905,63.64317321777344,9217,KFOF11.SA
2022-10-20,63.81110173039723,63.944052470093915,63.33526482406362,63.7761116027832,9849,KFOF11.SA
2022-10-21,63.78312186595934,63.951062762680394,63.07636280658865,63.61518096923828,8779,KFOF11.SA
2022-10-24,63.6151960133802,63.77613785366455,63.37027569675825,63.65018081665039,8772,KFOF11.SA
2022-10-25,63.63616218482972,63.65015503272024,63.20230915780836,63.32826614379883,9565,KFOF11.SA
2022-10-26,63.09735475133567,63.671157708982065,63.09735475133567,63.61518096923828,11392,KFOF11.SA
2022-10-27,63.61518096923828,63.61518096923828,63.55919889074964,63.61518096923828,7405,KFOF11.SA
2022-10-28,63.55919577955454,63.61517785530288,63.02037764327982,63.468223571777344,11647,KFOF11.SA
2022-10-31,63.076368702650164,63.87409471007366,62.978402725510115,63.84610366821289,5446,KFOF11.SA
2022-11-01,64.53024136743265,64.5372961305785,63.077272269430104,63.26770782470703,3963,KFOF11.SA
2022-11-03,63.47931792299705,63.51458636321543,62.38606085072871,63.465213775634766,2815,KFOF11.SA
2022-11-04,63.47933262926369,64.18465854736662,63.33121483220724,63.62039566040039,4196,KFOF11.SA
2022-11-07,63.62038874653611,63.62038874653611,63.16193125455925,63.47227096557617,5090,KFOF11.SA
2022-11-08,63.4722756813881,63.60628932320784,62.56240463256835,62.56240463256836,5244,KFOF11.SA
2022-11-09,62.54829535377446,62.54829535377446,61.71601065201887,62.06161880493164,5422,KFOF11.SA
2022-11-10,61.786540854770415,62.0616174945145,59.987963239613585,60.03028106689453,7878,KFOF11.SA
2022-11-11,60.05848343089167,61.05298985309873,59.33199883298548,59.45895767211914,12905,KFOF11.SA
2022-11-14,59.98088365697632,61.62429343172286,59.98088365697632,60.474609375,3030,KFOF11.SA
2022-11-16,60.48168476237807,60.9613065011065,59.95974519944697,60.658016204833984,11421,KFOF11.SA
2022-11-17,60.735597374347876,60.735597374347876,58.61962024240555,58.82416534423828,6059,KFOF11.SA
2022-11-18,60.531066593552104,60.58749395524399,58.61257934570312,58.612579345703125,6430,KFOF11.SA
2022-11-21,59.24737363867829,60.30536245365469,57.48405894705096,58.097694396972656,6714,KFOF11.SA
2022-11-22,59.9386191192589,59.9386191192589,58.75367096164091,59.035797119140625,4668,KFOF11.SA
2022-11-23,59.035761040370666,59.035761040370666,57.7591231998834,58.08357238769531,4207,KFOF11.SA
2022-11-24,58.118854943081786,59.035775379730964,57.773246760563765,57.808509826660156,6417,KFOF11.SA
2022-11-25,57.80850229607593,58.97934571462746,56.990327161013745,58.54204177856445,10550,KFOF11.SA
2022-11-28,59.03576970138388,59.03576970138388,57.47700026592171,57.871986389160156,3893,KFOF11.SA
2022-11-29,57.48405520647154,57.87903594970703,56.5671294740074,57.87903594970703,9420,KFOF11.SA
2022-11-30,57.87904748821393,57.99190222661316,57.152562598701735,57.589866638183594,7814,KFOF11.SA
2022-12-01,57.89585003238697,58.216068267822266,57.28387282010631,58.216068267822266,7433,KFOF11.SA
2022-12-02,58.21605704066882,59.04863406458673,57.78198013825069,58.173362731933594,2258,KFOF11.SA
2022-12-05,59.760242518526724,59.760242518526724,57.3265634550133,57.55427551269531,3305,KFOF11.SA
2022-12-06,57.63967303161051,58.813815605108275,56.920954600825915,57.48311996459961,9338,KFOF11.SA
2022-12-07,57.48311065463349,57.732169844047746,56.714580502369685,57.63966369628906,9173,KFOF11.SA
2022-12-08,57.63967961112365,57.63967961112365,56.72171369175263,57.02770233154297,3400,KFOF11.SA
2022-12-09,57.02769843667262,57.46177544089342,57.02769843667262,57.290992736816406,2916,KFOF11.SA
2022-12-12,57.29099011272744,57.58986118844415,56.5722716819081,56.84267807006836,3968,KFOF11.SA
2022-12-13,56.928067060829775,56.999226058839106,56.64342563970892,56.91383743286133,4253,KFOF11.SA
2022-12-14,56.92094795784442,56.92094795784442,55.17041059563459,55.483516693115234,5550,KFOF11.SA
2022-12-15,55.48351621592937,56.173769872666035,54.7932625591927,55.4337043762207,4081,KFOF11.SA
2022-12-16,55.4621732649258,56.11684475903846,53.085423548008976,54.06743621826172,8597,KFOF11.SA
2022-12-19,53.55507808253158,54.529967710369405,51.69779954791481,52.38093566894531,15716,KFOF11.SA
2022-12-20,53.09254332028748,53.96069728263978,52.0180244464675,52.65846633911133,11255,KFOF11.SA
2022-12-21,53.00004193983381,55.50487493261087,53.00004193983381,54.01763153076172,11107,KFOF11.SA
2022-12-22,54.793273420618,55.38390351501531,53.54085422228881,54.36631393432617,6607,KFOF11.SA
2022-12-23,54.36631118937115,55.34831850116925,53.76145149524006,53.80414581298828,5661,KFOF11.SA
2022-12-26,53.83973104584894,55.50487468029733,53.8326135161309,55.07791519165039,5103,KFOF11.SA
2022-12-27,55.07790792451067,55.50486735682333,54.31649521767657,55.14906692504883,4286,KFOF11.SA
2022-12-28,55.141959577006155,57.63968058935527,54.68653537457753,55.35544204711914,19122,KFOF11.SA
2022-12-29,57.43330424673313,57.4831160893254,55.50486658482725,55.80373764038086,2926,KFOF11.SA
2023-01-02,56.342369441321516,57.77875877549813,53.21822373536548,53.33313751220703,11119,KFOF11.SA
2023-01-03,53.376234877249594,54.518167406340844,53.376234877249594,54.25961685180664,5678,KFOF11.SA
2023-01-04,54.56845786875109,54.89882690733603,53.75689402149035,54.28835678100586,8539,KFOF11.SA
2023-01-05,54.34580617186585,57.455591369810996,54.34580617186585,55.26509475708008,4226,KFOF11.SA
2023-01-06,55.19327042370927,57.197034614608405,55.19327042370927,56.019195556640625,7848,KFOF11.SA
2023-01-09,56.651203810839206,56.651203810839206,54.604349728183685,54.94190216064453,6469,KFOF11.SA
2023-01-10,55.27227330275928,55.846831356889,54.61871885859363,55.7750129699707,6130,KFOF11.SA
2023-01-11,55.76781840748219,56.995930661775574,55.01371179618719,56.08382034301758,8014,KFOF11.SA
2023-01-12,56.29928666691414,56.95284652709961,55.87555438960888,56.95284652709961,9705,KFOF11.SA
2023-01-13,56.952870707724024,57.01750563330793,54.62591475762084,54.69773864746094,15377,KFOF11.SA
2023-01-16,54.89880757282984,55.437453626788084,54.712075406561496,55.300994873046875,4924,KFOF11.SA
2023-01-17,55.30100244208564,55.85401005557412,54.834174702215655,54.84135818481445,4496,KFOF11.SA
2023-01-18,55.29380398385659,55.29380398385659,54.79825340658858,54.83415985107422,3957,KFOF11.SA
2023-01-19,54.83416960337696,55.17172202203961,53.92206465624684,54.10879135131836,7162,KFOF11.SA
2023-01-20,54.10878494671364,54.75516125919833,52.952496544712346,53.39777374267578,15424,KFOF11.SA
2023-01-23,53.505515106097164,54.21652645716998,52.07630892138547,53.00278091430664,15523,KFOF11.SA
2023-01-24,53.4265165374424,53.54143034803356,52.22713240620566,52.46413803100586,15331,KFOF11.SA
2023-01-25,52.5144007378494,53.505507494700694,52.5144007378494,53.43368911743164,6738,KFOF11.SA
2023-01-26,53.426516574414144,54.69054109483115,52.42822613162901,53.785614013671875,19138,KFOF11.SA
2023-01-27,53.785617095188776,55.782198095148324,52.96687532512468,55.23637390136719,14848,KFOF11.SA
2023-01-30,55.315359632965865,55.66727902088938,52.78731641426262,54.81980895996094,6895,KFOF11.SA
2023-01-31,54.89881222608067,56.012010877648386,53.87897144647367,54.94190216064453,11260,KFOF11.SA
2023-02-01,54.94190944096346,55.99318974548708,54.01388650417917,54.99266052246094,9050,KFOF11.SA
2023-02-02,54.38362578343347,55.101392372106,54.23861880042587,54.5576286315918,7965,KFOF11.SA
2023-02-03,54.55763195014275,55.10139572373221,54.01386817655329,54.05012130737305,9302,KFOF11.SA
2023-02-06,55.06514619283113,55.06514619283113,53.310602962893036,54.3691291809082,7678,KFOF11.SA
2023-02-07,54.51414903782937,54.58664978985476,53.28886586222488,53.30336380004883,23136,KFOF11.SA
2023-02-08,53.41210630016399,54.08637365992854,53.41210630016399,53.60061264038086,15222,KFOF11.SA
2023-02-09,53.600612585689795,54.02112460134005,53.31060410829474,53.32510757446289,6695,KFOF11.SA
2023-02-10,53.68764777414928,53.68764777414928,53.12212842768641,53.542640686035156,15940,KFOF11.SA
2023-02-13,53.528142742951154,53.542640686035156,52.382611638396234,53.542640686035156,18206,KFOF11.SA
2023-02-14,53.54261920136238,54.57939595667524,53.40486943724637,53.905128479003906,16410,KFOF11.SA
2023-02-15,54.550397710665735,54.789655175317385,54.05738484325609,54.593902587890625,5962,KFOF11.SA
2023-02-16,54.593905696239894,54.999914363769136,54.02838651174144,54.68815612792969,25337,KFOF11.SA
2023-02-17,54.68089130261851,55.28265795611551,54.27488273228411,55.22465515136719,6664,KFOF11.SA
2023-02-22,55.24640274679612,55.652416833344056,55.24640274679612,55.25365447998047,3734,KFOF11.SA
2023-02-23,55.6234140866573,56.870446654520556,54.88389220038882,55.46390914916992,14497,KFOF11.SA
2023-02-24,55.46392232608628,56.75445453570001,55.115910967848045,56.63845443725586,5477,KFOF11.SA
2023-02-27,56.63843885274578,56.63843885274578,55.463907064757834,55.4784049987793,7196,KFOF11.SA
2023-02-28,55.826430589789496,56.63120165509359,55.826430589789496,56.50069808959961,4501,KFOF11.SA
2023-03-01,56.34701498323621,57.21783427409342,55.981125275552856,56.16407012939453,15765,KFOF11.SA
2023-03-02,56.112854048692,57.38614885550156,55.61524374971527,56.12748718261719,10606,KFOF11.SA
2023-03-03,56.12749769030546,57.21053404367051,55.59330166499101,56.93977355957031,20148,KFOF11.SA
2023-03-06,57.20320802506474,57.20320802506474,56.03236182193287,56.93245315551758,4491,KFOF11.SA
2023-03-07,56.8592685532411,57.38615072022356,55.981135330293576,57.042213439941406,7544,KFOF11.SA
2023-03-08,57.042210680256254,57.36419545184242,56.34702237764204,56.38361358642578,6402,KFOF11.SA
2023-03-09,57.21782820426703,57.21782820426703,55.47618980731044,56.13479232788086,7974,KFOF11.SA
2023-03-10,56.33971573520058,57.21785469689559,55.981145256935605,56.31044387817383,8986,KFOF11.SA
2023-03-13,57.086113098381,57.10074622998486,55.98112463065712,56.33969497680664,9225,KFOF11.SA
2023-03-14,56.47142095206563,56.47142095206563,55.76891332346406,56.29579544067383,8971,KFOF11.SA
2023-03-15,56.30312060996487,57.80326534420887,55.98113581998463,57.64227294921875,13701,KFOF11.SA
2023-03-16,57.58374741819084,57.58374741819084,56.36167105404125,57.12272262573242,5243,KFOF11.SA
2023-03-17,56.786097000494735,57.78131772341667,56.786097000494735,57.10808181762695,6471,KFOF11.SA
2023-03-20,57.0421930727428,57.3568583888359,56.347004984715944,56.35432434082031,4589,KFOF11.SA
2023-03-21,56.36164992557979,57.064163099969285,56.36164992557979,56.67631530761719,3041,KFOF11.SA
2023-03-22,56.676320808515065,56.99830557944198,55.98113250732422,55.98113250732422,6425,KFOF11.SA
2023-03-23,55.98113250732422,56.57387212377188,55.91527503128985,55.98113250732422,15215,KFOF11.SA
2023-03-24,56.8519590638356,57.569099947269144,55.995772686420636,56.57387924194336,4953,KFOF11.SA
2023-03-27,57.77400652824573,57.803278386942914,55.98114845157321,56.76415252685547,9316,KFOF11.SA
2023-03-28,56.77877888172125,56.77877888172125,55.98114176389664,56.47875213623047,12114,KFOF11.SA
2023-03-29,56.493378462538395,56.77877203754513,56.061631212207374,56.72023391723633,15385,KFOF11.SA
2023-03-30,56.77876842823316,56.77876842823316,56.427517396569264,56.486061096191406,4692,KFOF11.SA
2023-03-31,56.77876045267429,57.51785920323982,56.34701329043493,56.969024658203125,12070,KFOF11.SA
2023-04-03,57.46391549452984,57.50084264893992,56.05316633349603,57.249717712402344,5602,KFOF11.SA
2023-04-04,56.8730062342294,57.44173381710539,56.56279118902431,57.29401397705078,4347,KFOF11.SA
2023-04-05,57.316182244918686,57.316182244918686,56.23042374591341,56.50371170043945,6289,KFOF11.SA
2023-04-06,57.301409249290614,57.31617898119208,56.14179088230094,56.23780822753906,7694,KFOF11.SA
2023-04-10,56.22303979924376,56.22303979924376,55.18159616877286,55.39579391479492,12017,KFOF11.SA
2023-04-11,55.40318584658511,56.03839144965855,54.878772966866705,54.952632904052734,15095,KFOF11.SA
2023-04-12,54.952632904052734,55.277617754701666,54.77536792777587,54.952632904052734,8021,KFOF11.SA
2023-04-13,54.93786112280864,54.93786112280864,54.679348508201414,54.87877655029297,12222,KFOF11.SA
2023-04-14,54.82707178557993,55.31455189102808,54.77536926477252,55.06342697143555,13774,KFOF11.SA
2023-04-17,55.078196720304724,56.644053348998476,55.078196720304724,55.65431213378906,7874,KFOF11.SA
2023-04-18,55.98670152037547,56.79178459650827,55.661710961490826,56.71053695678711,16604,KFOF11.SA
2023-04-19,56.71053281001952,57.087225872532,56.20088958633515,56.843482971191406,5597,KFOF11.SA
2023-04-20,56.84348427999188,57.59687042236328,56.14918835175803,57.59687042236328,14572,KFOF11.SA
2023-04-24,57.59685530757144,58.512730845744024,57.10198193797723,57.98093032836914,39406,KFOF11.SA
2023-04-25,58.10651503370545,58.10651503370545,56.31907810402126,57.32358932495117,5486,KFOF11.SA
2023-04-26,57.23492839820266,57.23492839820266,56.81392062146203,57.20538330078125,7603,KFOF11.SA
2023-04-27,57.877540742086666,57.884928427674694,56.30430182101721,56.54065704345703,13723,KFOF11.SA
2023-04-28,57.05027614570137,58.12864685058594,56.754830804670384,58.12864685058594,14311,KFOF11.SA
2023-05-02,57.94222649669975,60.552236801764984,57.94222649669975,58.66557312011719,11010,KFOF11.SA
2023-05-03,58.83709332336543,59.776698669921934,57.84528799585419,57.94968795776367,8756,KFOF11.SA
2023-05-04,58.8818283864637,58.8818283864637,57.50971149366218,57.65139389038086,5901,KFOF11.SA
2023-05-05,57.793109336384454,60.21669134081348,57.606679951428376,59.79909133911133,12464,KFOF11.SA
2023-05-08,59.87364235515256,60.701389008538605,59.62009551613854,60.485130310058594,11960,KFOF11.SA
2023-05-09,60.55225321820322,61.87217625923083,59.67230642064231,60.99222946166992,14170,KFOF11.SA
2023-05-10,60.0376876580829,62.64023884567106,60.0376876580829,61.9765510559082,10233,KFOF11.SA
2023-05-11,61.9691037613191,63.66933822009504,61.73047446340969,62.86396789550781,44363,KFOF11.SA
2023-05-12,63.60966463275203,63.60966463275203,62.34194227414906,62.88631820678711,19776,KFOF11.SA
2023-05-15,62.65516232926212,63.42325589407025,61.603703940270925,62.535850524902344,15275,KFOF11.SA
2023-05-16,62.118238627730534,63.221896783831326,61.97655055374822,62.595497131347656,21522,KFOF11.SA
2023-05-17,62.975813432533165,65.83937035571634,62.55821363327813,63.423248291015625,28616,KFOF11.SA
2023-05-18,63.43817752289181,64.9072416772071,62.66263076210809,62.685001373291016,20325,KFOF11.SA
2023-05-19,63.37104347897742,64.43741919013878,62.826667477040445,64.16896057128906,28771,KFOF11.SA
2023-05-22,64.72079942527115,64.72079942527115,63.147335606291854,64.154052734375,18535,KFOF11.SA
2023-05-23,64.58655750541884,64.77298677758795,63.385952537500124,63.83338165283203,13223,KFOF11.SA
2023-05-24,63.83340217135553,64.43743707611516,63.579861010605136,64.35540771484375,9786,KFOF11.SA
2023-05-25,64.50452423095703,64.50452423095703,64.1391244728456,64.50452423095703,6642,KFOF11.SA
2023-05-26,64.50454179210776,64.56420053724894,62.073501976629856,63.01310729980469,29530,KFOF11.SA
2023-05-29,63.38596828841529,64.01982683342518,62.41653355649101,62.57313919067383,9174,KFOF11.SA
2023-05-30,63.41577841051816,63.66931947580433,62.655143835920526,63.311378479003906,9535,KFOF11.SA
2023-05-31,63.23682102577055,64.8624847542304,63.20699165495643,63.900508880615234,26538,KFOF11.SA
2023-06-01,64.23903391753693,65.82639077130486,63.02030324499869,63.94563674926758,10068,KFOF11.SA
2023-06-02,64.32931726458774,64.9612479109602,63.373890931649946,63.426551818847656,11671,KFOF11.SA
2023-06-05,63.5017789873668,64.69041111913133,63.5017789873668,64.54747772216797,14354,KFOF11.SA
2023-06-06,64.84839071520503,64.84839071520503,63.712419517712924,63.938106536865234,13329,KFOF11.SA
2023-06-07,64.03592475354519,66.1423661350209,63.93060297145173,65.71355438232422,10772,KFOF11.SA
2023-06-09,64.72050999793944,66.92475406089216,64.62271284974784,66.20254516601562,8552,KFOF11.SA
2023-06-12,66.20254680045667,67.69962551305908,64.85592612564918,66.33043670654297,36720,KFOF11.SA
2023-06-13,67.13541406127949,67.13541406127949,65.09667677982529,65.70603942871094,11626,KFOF11.SA
2023-06-14,65.9618205905708,66.69907886364581,65.45777977325601,65.63080596923828,13938,KFOF11.SA
2023-06-15,65.63079796814422,66.27777788208923,64.76564987488229,64.98381805419922,11961,KFOF11.SA
2023-06-16,65.21702825503496,66.94731851022445,65.21702825503496,65.74363708496094,8328,KFOF11.SA
2023-06-19,65.74367050325183,66.16495778133795,64.92366408846152,65.57816314697266,7622,KFOF11.SA
2023-06-20,65.90161577135801,67.66952329649978,65.60069399823473,66.08969116210938,10370,KFOF11.SA
2023-06-21,66.94733015267023,68.0983508951089,66.57870390761627,67.63192749023438,7296,KFOF11.SA
2023-06-22,67.93284013662367,69.46753042569502,67.7221908569336,67.7221908569336,22131,KFOF11.SA
2023-06-23,68.23377278699337,69.23433558522872,67.69212029779344,69.19672393798828,19734,KFOF11.SA
2023-06-26,69.19670307741465,70.63359613602799,68.87321316271024,69.3020248413086,13479,KFOF11.SA
2023-06-27,70.12955998215247,70.61855719734979,68.17357686096919,69.15156555175781,12697,KFOF11.SA
2023-06-28,68.84311964381081,69.94147926905238,68.33155433647585,69.46000671386719,10796,KFOF11.SA
2023-06-29,69.48258935867855,69.48258935867855,67.8726640897727,68.94845581054688,5954,KFOF11.SA
2023-06-30,69.2117617519209,70.65617975010751,69.06882258119381,69.97158813476562,14599,KFOF11.SA
2023-07-03,69.99440723656544,73.11997279069341,69.99440723656544,70.55715942382812,13643,KFOF11.SA
2023-07-04,71.25677780549869,71.25677780549869,70.72444558959718,71.0894775390625,11638,KFOF11.SA
2023-07-05,71.10470510746731,71.28721823398875,70.75488586413968,70.82332611083984,9624,KFOF11.SA
2023-07-06,70.82332345679447,70.99823597289742,70.04763834665575,70.19213104248047,20729,KFOF11.SA
2023-07-07,70.47351171777211,70.92219686208603,70.34423181933803,70.89177703857422,6570,KFOF11.SA
2023-07-10,70.8917705294631,70.8917705294631,70.49631866210726,70.7244644165039,3969,KFOF11.SA
2023-07-11,70.72446451716417,70.86135080959947,70.6103916398035,70.73207092285156,3893,KFOF11.SA
2023-07-12,70.5723634006261,70.98301643047147,70.49631095614882,70.71685028076172,5538,KFOF11.SA
2023-07-13,70.72445394667064,70.96780667440767,70.59517407924491,70.78529357910156,3920,KFOF11.SA
2023-07-14,70.87654132717995,72.23019692717234,70.77007488027965,72.16935729980469,6956,KFOF11.SA
2023-07-17,72.24539346604796,72.24539346604796,71.13509653638694,72.23018646240234,8125,KFOF11.SA
2023-07-18,72.23021762774486,73.46218852408823,72.01727887093162,73.3329086303711,14319,KFOF11.SA
2023-07-19,73.61426647941013,74.50402427149523,73.53821404426888,74.13899230957031,7780,KFOF11.SA
2023-07-20,74.13139266138876,74.13139266138876,73.40893513215546,73.85001373291016,4165,KFOF11.SA
2023-07-21,73.97929112299038,74.16180419921875,73.62947197605845,74.16180419921875,6515,KFOF11.SA
2023-07-24,74.16181757762953,74.21505080954856,71.52296359308657,71.9336166381836,20441,KFOF11.SA
2023-07-25,72.54200272921024,72.60284236736776,70.72446060366221,71.78152465820312,16385,KFOF11.SA
2023-07-26,71.78152071331225,72.37469264778095,71.07427591406413,72.0096664428711,7656,KFOF11.SA
2023-07-27,72.0096572613573,72.20737734631217,70.80810073592615,71.4468994140625,8904,KFOF11.SA
2023-07-28,71.44691324942866,72.24541755371199,71.18074708199666,71.47733306884766,11226,KFOF11.SA
2023-07-31,71.86516490691301,74.2074383408002,71.86516490691301,74.13899230957031,16333,KFOF11.SA
2023-08-01,74.13900585840773,76.43812744706472,73.67151733428999,75.14295959472656,13848,KFOF11.SA
2023-08-02,75.18124771319245,76.63735869784479,75.1429325420234,75.97061157226562,21411,KFOF11.SA
2023-08-03,76.53777304373176,77.16619948623062,75.98598283139725,76.68338012695312,8150,KFOF11.SA
2023-08-04,76.89794888858248,78.1624669036704,76.89794888858248,78.08583068847656,25448,KFOF11.SA
2023-08-07,78.08583812202153,82.84501945633114,77.87891973660328,81.6264877319336,71892,KFOF11.SA
2023-08-08,81.66479432295327,82.22424979747377,79.79484613378929,80.15503692626953,18641,KFOF11.SA
2023-08-09,80.18569258143201,81.37357436936232,80.15503692626953,80.15503692626953,11100,KFOF11.SA
2023-08-10,80.62252456678743,80.62252456678743,79.1740784960322,79.68755340576172,10415,KFOF11.SA
2023-08-11,79.68755050520731,80.08606230958426,78.76789843461975,79.01313781738281,12723,KFOF11.SA
2023-08-14,79.15874975874748,79.44996969509857,76.98224514680511,77.25048065185547,15575,KFOF11.SA
2023-08-15,77.55702787151672,78.00152608824736,76.63738163073518,76.91327667236328,9120,KFOF11.SA
2023-08-16,77.43442030768364,77.63367916076498,74.49920683897997,74.60649871826172,33976,KFOF11.SA
2023-08-17,74.66015816863532,76.33085382303105,73.83247279556515,74.10836791992188,24652,KFOF11.SA
2023-08-18,74.10833719953663,74.64480231761195,72.26904492889993,74.59881591796875,27517,KFOF11.SA
2023-08-21,74.7214573475776,75.27324750658244,74.18499794130567,74.19265747070312,12461,KFOF11.SA
2023-08-22,74.42256270642751,74.66780209685497,72.0851201984718,72.46064758300781,32431,KFOF11.SA
2023-08-23,73.22703486393753,73.3113364680401,72.04681825347096,73.1580581665039,15868,KFOF11.SA
2023-08-24,73.5718730370603,76.98223356301217,73.55654813617646,76.25418090820312,23477,KFOF11.SA
2023-08-25,76.27719093398572,78.17013534300284,76.25420065322335,77.21983337402344,8331,KFOF11.SA
2023-08-28,77.02055569064713,77.46505383322847,74.04702788431443,74.2999267578125,21179,KFOF11.SA
2023-08-29,74.59881681919671,77.120187117799,74.59881681919671,75.86333465576172,9248,KFOF11.SA
2023-08-30,76.40745662980797,77.0818692373873,72.8974694779549,74.3075942993164,41807,KFOF11.SA
2023-08-31,74.33827197139554,74.79042978818153,73.9857406616211,73.9857406616211,3511,KFOF11.SA
2023-09-01,74.77355142289679,75.18290884441559,74.20199611130911,74.88168334960938,8806,KFOF11.SA
2023-09-04,74.9125809852584,75.66951038477472,74.60363008968544,75.08250427246094,9838,KFOF11.SA
2023-09-05,75.22926403870066,75.22926403870066,74.19427932937273,74.6654281616211,9302,KFOF11.SA
2023-09-06,74.68859167439597,74.71948735320372,73.97028334717321,74.42598724365234,9637,KFOF11.SA
2023-09-08,74.45686329382664,75.2292373821594,73.83123627520939,74.61133575439453,9321,KFOF11.SA
2023-09-11,74.6190808517032,75.0438890695742,74.1479320619729,74.60363006591797,12186,KFOF11.SA
2023-09-12,74.61134873059453,75.03615691015767,74.1479253755469,74.84306335449219,10885,KFOF11.SA
2023-09-13,74.87394600865593,75.11338009036015,74.14791247994421,74.61133575439453,10131,KFOF11.SA
2023-09-14,74.61134646838217,75.92438614274478,74.26378043582154,75.8857650756836,6006,KFOF11.SA
2023-09-15,75.77765036712505,77.84761392686404,74.5650228346538,74.95121002197266,16478,KFOF11.SA
2023-09-18,75.03614826502375,76.7739900657913,74.6036147430981,75.69266510009766,9985,KFOF11.SA
2023-09-19,75.80852892069917,77.17562866210938,75.80852892069917,77.17562866210938,13989,KFOF11.SA
2023-09-20,77.16791604775192,78.75127976362374,75.80081029162203,77.08295440673828,9306,KFOF11.SA
2023-09-21,77.12155469916334,77.98661583490413,76.1251913772891,77.12928009033203,14071,KFOF11.SA
2023-09-22,77.16018714160835,77.52320397436429,76.63497242687062,77.20652770996094,9527,KFOF11.SA
2023-09-25,77.19880477614639,77.19880477614639,74.24061584472656,74.24061584472656,28706,KFOF11.SA
2023-09-26,75.03616632209116,75.53821080834338,74.53412183583893,74.5418472290039,6806,KFOF11.SA
2023-09-27,74.54184602955806,74.9125823970338,71.15112329274672,72.30968475341797,38835,KFOF11.SA
2023-09-28,72.97392462708808,73.69995244381512,69.59864689932917,72.21699523925781,54566,KFOF11.SA
2023-09-29,72.62634823860915,76.6813129647881,72.21699083766312,75.91666412353516,27449,KFOF11.SA
2023-10-02,75.14575423840152,75.72978859776734,73.2690543119091,74.34368133544922,13380,KFOF11.SA
2023-10-03,74.28915818222062,77.84787332678381,73.97767205901457,76.2359390258789,21936,KFOF11.SA
2023-10-04,76.54740119375029,77.0535593018175,74.75636100164516,75.20801544189453,12287,KFOF11.SA
2023-10-05,75.20801987586891,75.83877480785459,75.02112468475289,75.83098602294922,5548,KFOF11.SA
2023-10-06,75.8854903888483,76.77322169141988,74.79529822155108,75.53507232666016,19391,KFOF11.SA
2023-10-09,75.45724228945612,75.45724228945612,74.75639985261687,74.88099670410156,13710,KFOF11.SA
2023-10-10,75.07563504774228,75.8854903888483,74.94324947791186,75.53507232666016,7573,KFOF11.SA
2023-10-11,75.53507232666016,75.8854903888483,75.13014465610715,75.53507232666016,9185,KFOF11.SA
2023-10-13,75.53510051193634,75.88551870488003,75.14574432373047,75.14574432373047,10661,KFOF11.SA
2023-10-16,75.53509121477991,75.76870727539062,75.16130670602342,75.76870727539062,7583,KFOF11.SA
2023-10-17,75.76871247456474,75.87773172603633,75.35598994701812,75.4104995727539,15537,KFOF11.SA
2023-10-18,75.76093905911908,75.86995833270998,75.36379402469231,75.39494323730469,7879,KFOF11.SA
2023-10-19,75.41050315347547,76.2203647322218,75.41050315347547,75.96339416503906,14985,KFOF11.SA
2023-10-20,76.1347034546869,76.1347034546869,75.56624676912234,75.92445373535156,9872,KFOF11.SA
2023-10-23,75.9244597959732,75.95560900523226,75.39493512077765,75.87773895263672,8687,KFOF11.SA
2023-10-24,75.89331025275108,76.18143598130132,73.51824098296524,73.84529876708984,30027,KFOF11.SA
2023-10-25,74.18791846986676,74.42932332367268,73.55716340578418,73.97766876220703,23642,KFOF11.SA
2023-10-26,73.97768039134117,75.48059560956733,73.60389581317271,74.06333923339844,9689,KFOF11.SA
2023-10-27,74.06333520266601,75.36378345606423,74.06333520266601,74.29695129394531,8262,KFOF11.SA
2023-10-30,74.28915320354886,75.35598523207088,74.28915320354886,74.6162109375,8335,KFOF11.SA
2023-10-31,74.6240032255142,75.49615722364213,74.421536358333,75.2158203125,6219,KFOF11.SA
2023-11-01,75.84398012332414,76.165921429655,73.8102743751296,74.28140258789062,16082,KFOF11.SA
2023-11-03,74.37562239308171,74.96453409151842,73.88878656571498,74.74467468261719,20063,KFOF11.SA
2023-11-06,74.59550341662612,75.03522236184067,74.31282524021067,74.51698303222656,7189,KFOF11.SA
2023-11-07,74.51699001791951,75.06663875096524,74.51699001791951,74.8310775756836,9294,KFOF11.SA
2023-11-08,74.67402539058276,75.06663331165913,74.67402539058276,74.94100189208984,9786,KFOF11.SA
2023-11-09,74.94099474492049,76.16592942482514,74.75253864745756,74.98810577392578,12999,KFOF11.SA
2023-11-10,76.07954861464903,76.07954861464903,73.6453811453237,74.35992431640625,16913,KFOF11.SA
2023-11-13,74.35992422676928,74.72897656345599,73.73960909699585,74.50911712646484,12554,KFOF11.SA
2023-11-14,74.54839719667245,74.73684732954122,73.77102916598558,74.07726287841797,16682,KFOF11.SA
2023-11-16,74.04587004115508,74.40706867663359,73.61399885160333,74.36780548095703,26763,KFOF11.SA
2023-11-17,74.33636917671942,74.50126375548844,73.81812992783397,74.13221740722656,10346,KFOF11.SA
2023-11-20,74.13221694611443,74.76038591027192,73.97517021203478,74.50911712646484,8114,KFOF11.SA
2023-11-21,74.00658562927549,74.47771388871823,73.51190185546875,73.51190185546875,14515,KFOF11.SA
2023-11-22,73.95948039921635,74.37564382753136,73.52760929961322,73.81028747558594,17856,KFOF11.SA
2023-11-23,73.81028747558594,74.30497128817753,73.22922944307372,73.81028747558594,10848,KFOF11.SA
2023-11-24,73.80243430768996,73.86525301196811,71.85510240083813,72.21630096435547,41070,KFOF11.SA
2023-11-27,72.20060543157167,73.30776281540862,72.20060543157167,72.9936752319336,20900,KFOF11.SA
2023-11-28,73.20566288680548,73.62967409609863,72.67171596723882,73.26062774658203,5033,KFOF11.SA
2023-11-29,73.65324670703279,74.32853279510968,73.02507165137757,73.81028747558594,11914,KFOF11.SA
2023-11-30,73.91236963718364,74.46202435512349,73.57472656454348,73.94377899169922,3657,KFOF11.SA
2023-12-01,73.7299374730775,74.83865956391575,73.54779385451188,73.77745819091797,7035,KFOF11.SA
2023-12-04,73.77745137466201,75.31381748977525,73.65865865411,75.21878814697266,6178,KFOF11.SA
2023-12-05,75.20296355975044,75.35343477726411,74.5377338356798,75.2346420288086,8635,KFOF11.SA
2023-12-06,75.23465411028188,76.54928359807766,75.23465411028188,76.09786987304688,6458,KFOF11.SA
2023-12-07,76.38297202542321,76.39881428392108,75.93156433105469,75.93156433105469,4117,KFOF11.SA
2023-12-08,76.30375840143161,76.3750364614592,75.4722213147742,75.63060760498047,3537,KFOF11.SA
2023-12-11,75.63060142256057,76.10576629638672,75.59892295869894,76.10576629638672,9134,KFOF11.SA
2023-12-12,75.23463664124938,76.10577333079074,75.23463664124938,76.08201599121094,8130,KFOF11.SA
2023-12-13,76.08201945096509,76.81852722167969,75.8761124284938,76.81852722167969,8371,KFOF11.SA
2023-12-14,76.8106167660886,76.8185378947592,76.43048717861146,76.77893829345703,8915,KFOF11.SA
2023-12-15,76.42256346238678,76.75517835068014,75.89987774473951,76.41464233398438,8500,KFOF11.SA
2023-12-18,75.79691663244247,76.73141026542983,75.79691663244247,76.5334243774414,8297,KFOF11.SA
2023-12-19,76.53341342694452,77.60253586070068,76.22455596923828,76.22455596923828,13592,KFOF11.SA
2023-12-20,76.43047353816911,77.26201063865383,76.43047353816911,76.85812377929688,8330,KFOF11.SA
2023-12-21,76.85811734357956,77.36496068868679,76.69180389535912,76.90563201904297,7159,KFOF11.SA
2023-12-22,76.93732000143508,77.29369219559666,76.04241988916931,76.73933410644531,21276,KFOF11.SA
2023-12-26,76.73933301779104,77.50751924618156,76.20081114937653,77.35704803466797,8894,KFOF11.SA
2023-12-27,77.3570651111434,77.61048686739571,77.07988600931296,77.3491439819336,7376,KFOF11.SA
2023-12-28,77.34120753843771,78.00643719913998,77.25409326733867,77.50751495361328,10748,KFOF11.SA
2024-01-02,78.33190041001372,79.98865943109581,78.02775711993061,79.47642517089844,7870,KFOF11.SA
2024-01-03,79.67650301407804,80.04467094292684,78.98018182537592,79.63648223876953,7135,KFOF11.SA
2024-01-04,79.63650039270162,82.26170264471706,79.6044849864192,81.005126953125,12368,KFOF11.SA
2024-01-05,80.917073429853,83.6383214741997,80.87705875800746,82.75791931152344,12437,KFOF11.SA
2024-01-08,82.67790615575684,83.52629314593763,82.08563023212587,83.39823150634766,11306,KFOF11.SA
2024-01-09,83.38220766067586,83.38220766067586,82.27770375187771,82.43777465820312,14754,KFOF11.SA
2024-01-10,82.43775805961795,82.66986510147534,80.9410703509427,82.0375747680664,11495,KFOF11.SA
2024-01-11,82.1256449329895,82.1336503114492,81.38130350041833,81.63742065429688,6088,KFOF11.SA
2024-01-12,81.63740411767819,81.63740411767819,81.14917993788112,81.23722076416016,9193,KFOF11.SA
2024-01-15,81.25321671466956,81.55735993883017,80.93307495117188,80.93307495117188,12907,KFOF11.SA
2024-01-16,81.46132869612184,82.00557834278871,80.94108907549243,81.07715606689453,7231,KFOF11.SA
2024-01-17,82.20568354043984,82.20568354043984,81.09317403829421,81.55738830566406,7073,KFOF11.SA
2024-01-18,81.55737490658558,82.32572627135403,81.07715606689453,81.07715606689453,7840,KFOF11.SA
2024-01-19,81.07716841144129,81.71745825974654,80.07670979879427,80.9170913696289,8103,KFOF11.SA
2024-01-22,80.9090770427438,81.60539835840913,80.15673640153311,80.63695526123047,26436,KFOF11.SA
2024-01-23,80.63694456595618,81.48533130910629,78.72406865235072,79.14826202392578,19918,KFOF11.SA
2024-01-24,79.15628664173731,80.03668899946851,78.98821032759619,79.49243927001953,6233,KFOF11.SA
2024-01-25,79.55644951414368,80.5088817146528,79.48441333738839,80.19673919677734,8945,KFOF11.SA
2024-01-26,79.88461926817634,80.99712878366728,79.88461926817634,80.43687438964844,7775,KFOF11.SA
2024-01-29,80.83704440558446,81.18120236364298,80.5088910962737,80.78902435302734,7541,KFOF11.SA
2024-01-30,80.78901369598286,80.95708996407542,80.43685040684811,80.74899291992188,8402,KFOF11.SA
2024-01-31,80.69297020755724,83.62231525179556,80.69297020755724,81.30924987792969,13249,KFOF11.SA
2024-02-01,81.71262244994382,83.25345356151895,81.15598400118728,82.09178161621094,9896,KFOF11.SA
2024-02-02,82.09177715842402,83.89882709560601,81.4786686216943,82.29345703125,30830,KFOF11.SA
2024-02-05,82.29347380942777,83.40674471868206,81.688434067593,82.08372497558594,31182,KFOF11.SA
2024-02-06,82.09176529246854,82.85007731943271,81.34151602780945,81.80134582519531,14077,KFOF11.SA
2024-02-07,81.80136985457777,82.285400390625,81.4948124630815,82.285400390625,24747,KFOF11.SA
2024-02-08,82.36605825581802,82.59193872704024,81.50286865234375,81.50286865234375,7835,KFOF11.SA
2024-02-09,81.51901212712025,82.12405178322025,81.51901212712025,81.56741333007812,7627,KFOF11.SA
2024-02-14,81.5674383996866,81.77718726827274,81.29315047079955,81.47869873046875,2661,KFOF11.SA
2024-02-15,81.53514080567092,82.26925851565211,80.30892985592543,81.3415298461914,6892,KFOF11.SA
2024-02-16,81.78523038206842,83.06791773949419,81.47867915147748,81.65615844726562,10512,KFOF11.SA
2024-02-19,81.66424699013794,82.17247824174453,81.07533883576346,81.47869873046875,4218,KFOF11.SA
2024-02-20,81.47866474346648,81.92236290447696,80.26858556410807,80.43799591064453,18558,KFOF11.SA
2024-02-21,80.72034187742328,80.99462967622985,80.50253034568388,80.66387176513672,6964,KFOF11.SA
2024-02-22,80.655799822076,81.01882105191527,79.84908050707328,79.98622131347656,17427,KFOF11.SA
2024-02-23,80.06691709056003,81.46254465072116,80.05884817154447,80.76069641113281,6730,KFOF11.SA
2024-02-26,81.15598428066318,81.64001477244017,80.75262451171875,80.75262451171875,18537,KFOF11.SA
2024-02-27,80.76877225149487,81.64002478159732,79.4618842241676,81.28507232666016,12480,KFOF11.SA
2024-02-28,81.29312514549942,81.6319520291324,80.5590135663215,81.39800262451172,8332,KFOF11.SA
2024-02-29,81.64001545904756,82.04337523138432,81.40607220730011,81.51901245117188,8680,KFOF11.SA
2024-03-01,82.169538148294,82.44600862046484,81.32385390958186,81.54340362548828,8240,KFOF11.SA
2024-03-04,81.54342429128033,82.12889862060547,81.34826824947152,82.12889862060547,7258,KFOF11.SA
2024-03-05,82.12887256197641,82.12887256197641,81.42955691315676,81.84426879882812,5989,KFOF11.SA
2024-03-06,81.84427083454425,82.12074129593732,80.9091388433145,81.33197784423828,9647,KFOF11.SA
2024-03-07,81.3319639301892,82.11260014340186,81.3319639301892,81.73041534423828,3541,KFOF11.SA
2024-03-08,81.81176772620414,82.12889862060547,81.39705570894904,82.12889862060547,7332,KFOF11.SA
2024-03-11,82.12888353061689,82.12888353061689,81.27506592324451,81.80361938476562,9294,KFOF11.SA
2024-03-12,81.7629488640045,82.10447335697518,81.32384328565807,81.90118408203125,10130,KFOF11.SA
2024-03-13,81.90121425780943,82.12076402592565,81.34013366699219,81.34013366699219,8870,KFOF11.SA
2024-03-14,81.34010154071584,82.5110497185849,81.32384112886595,81.91744232177734,11483,KFOF11.SA
2024-03-15,81.91746288548549,82.12888551598434,81.42956975686315,81.47023010253906,8474,KFOF11.SA
2024-03-18,81.48648656348213,82.1044878051542,81.23440980343977,81.42143249511719,14446,KFOF11.SA
2024-03-19,81.3401320016153,82.29152465047092,81.3401320016153,82.23460388183594,5843,KFOF11.SA
2024-03-20,82.12887217329985,82.2915011217873,81.87679544197529,81.92558288574219,5937,KFOF11.SA
2024-03-21,82.12888063356442,83.20224793428284,81.80361649918669,82.55171966552734,10005,KFOF11.SA
2024-03-22,82.93390077879229,82.93390077879229,81.74669201572793,81.95811462402344,9127,KFOF11.SA
2024-03-25,82.13702409341528,82.25086562393132,81.41331456203552,81.88494110107422,9098,KFOF11.SA
2024-03-26,81.88491416923573,82.16139079805484,81.41328778531431,82.01502227783203,8405,KFOF11.SA
2024-03-27,82.00688897007073,82.56796933157416,81.59217712879011,82.01502227783203,8924,KFOF11.SA
2024-03-28,82.01502748225487,82.42160604157444,81.43768667248865,81.64097595214844,10222,KFOF11.SA
2024-04-01,82.0508396916371,82.70659316969105,81.55082907170988,81.9688720703125,14556,KFOF11.SA
2024-04-02,81.73936531710034,81.95248614879318,81.31312365371463,81.37870025634766,13084,KFOF11.SA
2024-04-03,81.37869519080967,82.29674880933948,81.32951586876065,81.9688720703125,7277,KFOF11.SA
2024-04-04,81.96886768767261,82.43608998334321,81.96886768767261,82.19837951660156,4476,KFOF11.SA
2024-04-05,82.19017064230493,82.76395639689272,81.73114704161674,82.11640167236328,7654,KFOF11.SA
2024-04-08,82.11638995080096,82.54262519720814,81.8622885300809,82.29672241210938,2973,KFOF11.SA
2024-04-09,82.44427945111745,82.75575886234347,82.05082617833884,82.4606704711914,3578,KFOF11.SA
2024-04-10,82.37868922618357,82.7065658569336,82.0590112309771,82.7065658569336,10886,KFOF11.SA
2024-04-11,82.70656757229956,85.23120955159226,82.07540395061304,83.22296905517578,10201,KFOF11.SA
2024-04-12,82.90331549977067,85.19024774755043,82.5672463811338,83.4443130493164,11297,KFOF11.SA
2024-04-15,83.92789608119064,86.05089232215123,83.30493113645716,85.28858184814453,44152,KFOF11.SA
2024-04-16,85.25580608606282,85.87876486858848,84.0754525971052,85.23121643066406,28287,KFOF11.SA
2024-04-17,85.48532328733967,85.48532328733967,82.94428992436991,82.99346923828125,17786,KFOF11.SA
2024-04-18,83.12461044151938,83.60822363526789,82.29672333879336,83.22296905517578,15183,KFOF11.SA
2024-04-19,82.96066313064638,83.19837351972132,81.58358635327436,82.35409545898438,9207,KFOF11.SA
2024-04-22,82.2967394050908,83.19839564408406,82.13279792744699,82.7885513305664,10007,KFOF11.SA
2024-04-23,83.1819832520224,83.1819832520224,82.53442865258725,83.03443908691406,7389,KFOF11.SA
2024-04-24,83.03444901923194,83.14920491096224,81.89508248439033,82.3623046875,9963,KFOF11.SA
2024-04-25,82.2967472717906,82.772168221811,81.7147690414119,81.72296142578125,7747,KFOF11.SA
2024-04-26,81.72296142578125,81.72296142578125,81.72296142578125,81.72296142578125,0,KFOF11.SA
2024-04-29,81.40327106271988,81.55901389446495,78.96060259088264,79.08355712890625,23218,KFOF11.SA
2024-04-30,79.25569025064148,79.25569025064148,77.92779250892717,78.42780303955078,23589,KFOF11.SA
2024-05-02,78.6427206769371,78.98162969189025,77.72519420530455,77.74172973632812,19434,KFOF11.SA
2024-05-03,77.6177413084381,78.58486179547575,77.6177413084381,77.87398529052734,28021,KFOF11.SA
2024-05-06,78.52700141330753,79.92395745651596,78.08890441445598,79.27094268798828,15201,KFOF11.SA
2024-05-07,79.34533005034129,82.19710375572538,79.33706859121808,81.7176742553711,38717,KFOF11.SA
2024-05-08,81.7011391424457,81.83339816658214,81.44489516625306,81.6598129272461,22760,KFOF11.SA
2024-05-09,81.64327448035195,81.64327448035195,80.69268958076246,80.99852752685547,4939,KFOF11.SA
2024-05-10,80.9902663520969,81.2299747893242,78.78323967971126,79.18827819824219,21753,KFOF11.SA
2024-05-13,79.18827027567848,79.18827027567848,77.86570543505444,78.32860565185547,25790,KFOF11.SA
2024-05-14,78.17155184778558,78.51872229026873,77.9731696387176,78.01449584960938,24713,KFOF11.SA
2024-05-15,78.01449404031388,78.5021912465973,77.78304708402611,77.9153060913086,17461,KFOF11.SA
2024-05-16,77.86570988129321,78.17982188678309,77.21270149467951,77.51853942871094,14113,KFOF11.SA
2024-05-17,77.22098295213279,77.51029173754402,77.0721946758558,77.38630676269531,11538,KFOF11.SA
2024-05-20,77.36975618574341,77.40282094142728,76.87379746340002,77.17964172363281,12850,KFOF11.SA
2024-05-21,77.17136442023121,78.97335239031572,76.7084705107823,78.89069366455078,41125,KFOF11.SA
2024-05-22,78.32861565919518,80.97373306547293,77.85745392412517,79.94048309326172,28174,KFOF11.SA
2024-05-23,79.79995531799058,79.80822308282077,77.95663476117828,78.46086120605469,13145,KFOF11.SA
2024-05-24,78.03104617557388,79.27921401998978,77.62601391587363,78.42781066894531,8560,KFOF11.SA
2024-05-27,78.4195591651493,78.4195591651493,77.28711467973078,77.4276351928711,9357,KFOF11.SA
2024-05-28,77.36148549402533,77.3697532592479,76.31170634321383,76.87379455566406,20480,KFOF11.SA
2024-05-29,76.87379843171732,77.2044396862635,76.47702766497044,77.03911590576172,16488,KFOF11.SA
2024-05-31,76.97298881896366,77.64253275347899,76.47702380892275,76.87379455566406,15141,KFOF11.SA
2024-06-03,77.54082266146183,77.54916216545843,75.94831454053318,76.54029846191406,26626,KFOF11.SA
2024-06-04,76.29017022021397,76.87380832223612,75.98167215990041,76.14009094238281,14472,KFOF11.SA
2024-06-05,76.14008761110779,79.55855283305502,75.47306721411313,78.56636810302734,35044,KFOF11.SA
2024-06-06,77.66587150360742,78.52465573904857,76.70703232728115,77.52413177490234,17426,KFOF11.SA
2024-06-07,77.50746401985943,77.50746401985943,75.68150084104684,76.12340545654297,36919,KFOF11.SA
2024-06-10,76.13173836590683,76.4569090185128,74.88941955566406,74.88941955566406,22269,KFOF11.SA
2024-06-11,74.9727947972962,75.59812394813011,74.43918109747878,74.62261199951172,8376,KFOF11.SA
2024-06-12,74.25575239536754,74.53923825995628,72.5381836457686,73.37195587158203,24912,KFOF11.SA
2024-06-13,73.36359913813538,74.28074709889478,71.82946165630885,73.53035736083984,21531,KFOF11.SA
2024-06-14,73.53036051155134,75.548087383915,73.37194178348793,74.11399841308594,29498,KFOF11.SA
2024-06-17,74.11402055768481,74.11402055768481,72.26304500094027,72.96341705322266,32946,KFOF11.SA
2024-06-18,72.62157111019737,74.8227296264423,72.57988630900397,74.01396942138672,32970,KFOF11.SA
2024-06-19,73.38863106333685,76.6153319792063,73.38863106333685,75.8816146850586,40395,KFOF11.SA
2024-06-20,75.87326146009795,77.32402313985396,75.74819437226911,77.09890747070312,47090,KFOF11.SA
2024-06-21,77.00719210291649,77.51579359570356,75.93162532445743,77.02386474609375,24575,KFOF11.SA
2024-06-24,77.04054314328204,79.20834932629269,76.77373632631421,78.12444305419922,31807,KFOF11.SA
2024-06-25,77.44909731318772,79.12498117659074,77.12392667179,77.79094696044922,19647,KFOF11.SA
2024-06-26,77.79095147379614,78.79147560365737,77.37406535949107,77.54081726074219,20202,KFOF11.SA
2024-06-27,77.54915676415793,78.37458948935232,77.54081726074219,77.54081726074219,6829,KFOF11.SA
2024-06-28,77.59083840445359,78.96656379796613,77.58250526255391,78.65806579589844,4243,KFOF11.SA
2024-07-01,78.65805259227913,79.12871098796599,76.69139416495078,77.83441162109375,12489,KFOF11.SA
2024-07-02,77.50664751432184,77.87644922414722,75.9602092468139,76.90151977539062,6810,KFOF11.SA
2024-07-03,77.06119978211015,77.32173837038236,75.03570334044402,75.70806884765625,23673,KFOF11.SA
2024-07-04,75.7080731998366,78.12017129040633,74.83400055507454,76.8678970336914,9966,KFOF11.SA
2024-07-05,76.87630850220994,78.9690366249867,76.48970053176367,76.98556518554688,2188,KFOF11.SA
2024-07-08,76.85108362944047,78.00250102348927,75.65763457597576,77.77558135986328,7976,KFOF11.SA
2024-07-09,77.89325646988736,78.002513152748,75.86775978529607,76.07787322998047,3343,KFOF11.SA
2024-07-10,76.29639418144218,77.599100123385,75.21220802073536,75.80892944335938,30847,KFOF11.SA
2024-07-11,75.80052315366456,76.48128861582856,75.38029629313802,75.81732940673828,11000,KFOF11.SA
2024-07-12,75.80892584095199,76.70821109881419,75.58200614933301,76.39724731445312,15794,KFOF11.SA
2024-07-15,76.39724214741275,76.60735557113382,76.11148455683262,76.21234130859375,5726,KFOF11.SA
2024-07-16,76.21236038607833,76.43928011915241,76.17874146040913,76.31321716308594,8951,KFOF11.SA
2024-07-17,76.31320070422242,76.48969521680444,76.16191877741599,76.38043212890625,8584,KFOF11.SA
2024-07-18,76.47289250993738,76.48129884367494,75.59881975369406,75.76691436767578,7244,KFOF11.SA
2024-07-19,75.94341051334318,76.88472113513625,75.7837222297134,76.76705169677734,11228,KFOF11.SA
2024-07-22,76.76704650946218,77.99411469209002,76.07787465447927,76.57374572753906,26025,KFOF11.SA
2024-07-23,76.57373420753196,76.9603421253692,76.01903170879639,76.4644775390625,8775,KFOF11.SA
2024-07-24,76.4644774085624,76.77544116142651,76.11988832742338,76.18712615966797,5548,KFOF11.SA
2024-07-25,76.15350986900407,76.59894930171426,75.64083260173122,76.28797912597656,10732,KFOF11.SA
2024-07-26,76.27118035221879,76.27118035221879,75.73329044728011,75.93499755859375,4265,KFOF11.SA
2024-07-29,75.75850037497602,75.91818863907618,75.47274917832652,75.63243103027344,7160,KFOF11.SA
2024-07-30,75.61561320194812,75.64082578459862,75.05251081557931,75.38868713378906,3936,KFOF11.SA
2024-07-31,75.90978339945835,75.90978339945835,74.90964137247435,75.22061157226562,11824,KFOF11.SA
2024-08-01,75.53421259143872,75.85628162688808,74.61037294991013,74.89006805419922,10173,KFOF11.SA
2024-08-02,74.74597716724668,75.26298692380767,74.37305040085118,74.53408813476562,11782,KFOF11.SA
2024-08-05,74.38152924652572,75.44944533562511,73.5254957277655,74.25439453125,19094,KFOF11.SA
2024-08-06,74.39000540486883,75.39012198726712,74.34763147434508,74.49171447753906,16169,KFOF11.SA
2024-08-07,74.58494741501043,76.05122252188184,74.58494741501043,75.47488403320312,6430,KFOF11.SA
2024-08-08,75.4324994754143,75.4324994754143,74.50866634972735,74.82225799560547,13669,KFOF11.SA
2024-08-09,74.83921675027058,75.4240261444723,74.55952164598149,74.89006805419922,7614,KFOF11.SA
2024-08-12,74.76291201663987,75.40705637026406,74.6018743116491,75.01718139648438,13132,KFOF11.SA
2024-08-13,75.01719214949037,75.25450682264795,74.66969104498115,75.04261779785156,8032,KFOF11.SA
2024-08-14,74.92395759258523,76.26309772994702,74.83072590793728,76.00035095214844,12394,KFOF11.SA
2024-08-15,76.00035109877113,76.28004615325457,75.25450408648824,76.17833709716797,8859,KFOF11.SA
2024-08-16,76.17835027745791,76.17835027745791,75.18671105781483,75.568115234375,22470,KFOF11.SA
2024-08-19,75.87324508059457,76.161417615286,75.27148082050438,75.51727294921875,10494,KFOF11.SA
2024-08-20,75.56812658297436,76.1105621247366,75.39861143471008,75.67830657958984,10606,KFOF11.SA
2024-08-21,75.59352971958792,75.72065795998793,74.9832883003087,75.40706634521484,8056,KFOF11.SA
2024-08-22,75.40707447067018,75.70371784080119,75.05110242651295,75.3138427734375,11273,KFOF11.SA
2024-08-23,75.31383652691405,75.68676328491424,75.05109620178116,75.26298522949219,8037,KFOF11.SA
2024-08-26,75.26299625716324,75.26299625716324,74.61885170796529,74.83921813964844,7822,KFOF11.SA
2024-08-27,74.94092427564547,75.13586506406497,74.58495219210505,74.59342956542969,7685,KFOF11.SA
2024-08-28,74.59340519137504,74.66968212734902,74.04249249943071,74.2374267578125,10970,KFOF11.SA
2024-08-29,74.17810487331752,74.50018032042475,73.77975894960755,74.20353698730469,10901,KFOF11.SA
2024-08-30,74.07639964313317,74.20353434318001,73.84755588978098,74.08487701416016,15113,KFOF11.SA
2024-09-02,74.39263674128875,74.58926460662667,73.09320485806968,73.59758758544922,19668,KFOF11.SA
2024-09-03,73.6488921298517,73.87116571018376,72.83674142268991,72.8965835571289,14536,KFOF11.SA
2024-09-04,72.89657373601335,73.1444929802317,72.49478032880009,72.92222595214844,32228,KFOF11.SA
2024-09-05,72.66574904252897,72.7939840217703,72.40927908404632,72.58026123046875,16122,KFOF11.SA
2024-09-06,72.32380857402264,72.73415930130277,72.15283290899964,72.33235931396484,13763,KFOF11.SA
2024-09-09,72.29816241048215,72.57172738613772,72.02459743482659,72.4178466796875,9274,KFOF11.SA
2024-09-10,72.40928786915175,72.7170492477495,72.06733657942338,72.15282440185547,18621,KFOF11.SA
2024-09-11,72.15283730056412,72.44349725325486,71.81087942740142,72.00750732421875,17116,KFOF11.SA
2024-09-12,71.70828172232974,71.94765677116098,71.12695536263165,71.40052032470703,16648,KFOF11.SA
2024-09-13,71.40052898252198,72.4093011254275,71.40052898252198,71.75103759765625,23722,KFOF11.SA
2024-09-16,71.60571044440924,72.18703689752147,71.37488609794914,71.81088256835938,13794,KFOF11.SA
2024-09-17,71.81086776768194,71.98184341535051,71.51165712311051,71.72537994384766,11950,KFOF11.SA
2024-09-18,71.72539087705186,72.66577012717809,71.50311728335893,71.69974517822266,33337,KFOF11.SA
2024-09-19,71.63133924552798,72.0074934859487,71.51165499126732,71.67407989501953,14170,KFOF11.SA
2024-09-20,71.67409006351369,72.56317788008788,71.14406158296434,71.99040222167969,35736,KFOF11.SA
2024-09-23,71.97330762236797,71.97330762236797,71.00727618529746,71.38343048095703,21957,KFOF11.SA
2024-09-24,71.38344346120091,71.99041567082915,71.36634850024588,71.98186492919922,16765,KFOF11.SA
2024-09-25,71.7681377796788,72.47769927978516,71.20391278942509,72.47769927978516,34736,KFOF11.SA
2024-09-26,71.92202290791555,72.62303370978188,71.47748217695597,71.63136291503906,12239,KFOF11.SA
2024-09-27,71.72537243589687,73.67452331342119,71.63988462101113,72.72559356689453,15688,KFOF11.SA
2024-09-30,72.72560268470204,73.1957955089762,72.3494484252827,72.69140625,19476,KFOF11.SA
2024-10-01,72.6224151830716,72.69141668426916,71.0699208881983,71.63054656982422,13158,KFOF11.SA
2024-10-02,71.58743135690369,71.71680754891919,70.8456815417177,71.31143188476562,14917,KFOF11.SA
2024-10-03,71.61329374900856,71.61329374900856,70.310918365011,70.68179321289062,15621,KFOF11.SA
2024-10-04,70.68178328526636,71.19928789732039,70.59553471003886,71.05265808105469,16296,KFOF11.SA
2024-10-07,71.05265579475878,71.70815679001554,71.05265579475878,71.42353057861328,15113,KFOF11.SA
2024-10-08,71.0957851165265,71.32865692589888,69.96591365487242,70.47478485107422,17877,KFOF11.SA
2024-10-09,70.20740792254034,70.8197813182872,67.70615993375941,68.46515655517578,46943,KFOF11.SA
2024-10-10,68.44792934032544,68.65492728254803,66.86955440255662,67.49055480957031,32685,KFOF11.SA
2024-10-11,67.7061593960493,67.7061593960493,66.41241112733499,67.27490997314453,30019,KFOF11.SA
2024-10-14,68.12879118302229,68.43066450372925,67.3266668849467,68.16329193115234,22611,KFOF11.SA
2024-10-15,68.13742717581731,68.69805289270015,67.70617763672986,68.43930053710938,34000,KFOF11.SA
2024-10-16,68.4392855598424,68.81016034550912,68.02528977791098,68.36166381835938,15526,KFOF11.SA
2024-10-17,68.36166892438817,68.36166892438817,67.42154164291594,67.7751693725586,23931,KFOF11.SA
2024-10-18,67.7320442991389,68.54279545146686,67.30079480625724,67.63716888427734,29257,KFOF11.SA
2024-10-21,67.31804829718912,68.30991686398048,66.62804647822163,66.67979431152344,25572,KFOF11.SA
2024-10-22,66.67979287509398,66.89541761633315,66.16229481218892,66.51592254638672,33248,KFOF11.SA
2024-10-23,66.46416633567168,67.0161651318821,64.8599177778274,65.28254699707031,23244,KFOF11.SA
2024-10-24,65.12728854213015,65.52403721457114,64.81678843668173,65.20491027832031,16761,KFOF11.SA
2024-10-25,65.20492209199563,65.5499230028163,64.86854801354035,65.03242492675781,21383,KFOF11.SA
2024-10-28,65.18766082529882,67.14553020420612,65.15316008368828,66.3779067993164,22621,KFOF11.SA
2024-10-29,66.3089129509421,66.52453767557746,65.3429183959961,65.3429183959961,30112,KFOF11.SA
2024-10-30,65.42053226437591,66.49002892734775,65.36015761195839,66.33478546142578,40181,KFOF11.SA
2024-10-31,66.3348102908798,67.0420593040734,65.54993293532493,65.80868530273438,39985,KFOF11.SA
2024-11-01,65.80867797319468,66.41841817026032,65.46896462830529,65.90449523925781,26344,KFOF11.SA
2024-11-04,66.15708864075789,66.36614809202219,65.47766203832114,65.59090423583984,44711,KFOF11.SA
2024-11-05,65.59961780495438,66.88007885099165,65.59961780495438,65.82609558105469,22220,KFOF11.SA
2024-11-06,65.74769775664772,67.02815204980043,65.68672374268806,66.8713607788086,26832,KFOF11.SA
2024-11-07,66.97589245304435,67.5246585946177,66.9236309097524,67.50724029541016,26640,KFOF11.SA
2024-11-08,67.42013449172158,67.50723927778489,66.89749912967257,67.24591827392578,20253,KFOF11.SA
2024-11-11,67.37656024724598,68.90091684399665,65.94802088251589,66.0612564086914,37140,KFOF11.SA
2024-11-12,66.0612869362658,67.07172125153541,65.8783648576057,65.88707733154297,24539,KFOF11.SA
2024-11-13,66.06999814820715,66.44455477231025,65.33830984754266,65.35572814941406,22884,KFOF11.SA
2024-11-14,65.76511390897181,65.76511390897181,65.36442659521862,65.6518783569336,16786,KFOF11.SA
2024-11-18,65.67801797443178,66.9323416247295,65.66930550135707,66.4706802368164,31211,KFOF11.SA
2024-11-19,66.28776473894182,66.46198098933509,65.83481577926021,65.88707733154297,27815,KFOF11.SA
2024-11-21,66.20063911877803,67.07170015981458,65.96545556179223,66.67101287841797,18972,KFOF11.SA
2024-11-22,66.73200255555133,67.07171590967401,66.73200255555133,66.82781982421875,8933,KFOF11.SA
2024-11-25,67.0717239464863,67.50725462146347,66.88880186047636,66.984619140625,13491,KFOF11.SA
2024-11-26,67.20235576312527,68.81381724284309,67.20235576312527,67.96017456054688,28705,KFOF11.SA
2024-11-27,68.02987620317434,69.50197171044924,67.26334476426536,67.89921569824219,31877,KFOF11.SA
2024-11-28,68.70931492310648,68.70931492310648,66.19194822552667,66.28776550292969,25164,KFOF11.SA
2024-11-29,66.9584866283566,66.98461740487079,65.33831202777095,66.49681854248047,63507,KFOF11.SA
2024-12-02,66.6815518890981,67.05982479816815,64.21837852144094,64.61424255371094,46752,KFOF11.SA
2024-12-03,64.65823291600044,64.92214675540272,63.4266461848027,63.6729621887207,51541,KFOF11.SA
2024-12-04,63.69054226213751,63.69054226213751,62.50294373924112,63.25069046020508,44595,KFOF11.SA
2024-12-05,63.25070429724619,63.25070429724619,61.764002733762396,62.28303146362305,46916,KFOF11.SA
2024-12-06,62.28304203197412,63.42665313426794,61.78161105145571,63.33868408203125,51307,KFOF11.SA
2024-12-09,63.33867562466469,63.77852753872486,62.10708892297469,62.599727630615234,26838,KFOF11.SA
2024-12-10,62.60851775320377,63.338673517033115,61.42091896708087,62.71408462524414,26036,KFOF11.SA
2024-12-11,63.338676570628,63.49702353051888,60.989868925253056,61.37693405151367,32892,KFOF11.SA
2024-12-12,60.831524686034925,61.91355670067643,60.699567761622845,61.895965576171875,29965,KFOF11.SA
2024-12-13,61.92235038831325,62.71408515630198,61.59685756380471,62.318214416503906,22577,KFOF11.SA
2024-12-16,62.31821370926112,62.925211476431635,61.57926574192949,62.28303146362305,31249,KFOF11.SA
2024-12-17,62.283035508288656,62.951605604546465,60.54121892536742,60.69956588745117,42003,KFOF11.SA
2024-12-18,60.787533487277365,60.787533487277365,58.68504186439785,59.380008697509766,46398,KFOF11.SA
2024-12-19,59.38000992333729,60.242122650146484,58.23639223276325,60.242122650146484,27060,KFOF11.SA
2024-12-20,60.24213416585978,60.71716842983785,59.81987328369046,60.673187255859375,35342,KFOF11.SA
2024-12-23,60.68195889762481,62.819638971035104,60.62037991244863,61.676021575927734,39549,KFOF11.SA
2024-12-26,61.75519130133413,63.10114347467494,61.75519130133413,63.05715560913086,31950,KFOF11.SA
2024-12-27,63.0659629113407,63.95445885135456,62.65250108202392,63.6905517578125,22418,KFOF11.SA
2024-12-30,63.77851534625421,64.20956826037913,62.423770904541016,62.423770904541016,17022,KFOF11.SA
2025-01-02,63.090611956229466,63.11728390335741,61.970342693735475,62.48602294921875,19300,KFOF11.SA
2025-01-03,62.45934428451183,62.81498603567483,62.00590088219645,62.16593933105469,12103,KFOF11.SA
2025-01-06,62.16595881520336,62.57494458306998,62.06815713339783,62.192630767822266,14773,KFOF11.SA
2025-01-07,62.80608956842246,64.01526738389349,62.36153910047875,63.13505935668945,21037,KFOF11.SA
2025-01-08,63.12616386408369,64.6198536465659,63.01058318913801,63.58849334716797,40483,KFOF11.SA
2025-01-09,64.01527733993181,64.25533164530329,62.68162572868323,62.8950080871582,17131,KFOF11.SA
2025-01-10,63.45515101982543,63.472930058032475,62.210408062926966,62.32598876953125,16885,KFOF11.SA
2025-01-13,62.95724403955595,63.58850497967982,62.23707434987853,62.903900146484375,14447,KFOF11.SA
2025-01-14,62.3437699424027,62.89500826866239,62.014800102022996,62.272640228271484,11773,KFOF11.SA
2025-01-15,62.27263841290539,63.41068667261698,62.23707355687657,62.72608184814453,15659,KFOF11.SA
2025-01-16,62.72607639223536,63.072825229227846,61.97033513813688,62.42377853393555,13089,KFOF11.SA
2025-01-17,61.970340327722774,62.361546959470864,60.90342178352228,61.881431579589844,24924,KFOF11.SA
2025-01-20,61.88142654005982,62.01479304304938,61.56134964620572,61.61470031738281,16147,KFOF11.SA
2025-01-21,61.52578832085608,61.80141425171848,60.912313225213026,61.01900100708008,18668,KFOF11.SA
2025-01-22,61.18793041702415,61.55246508222497,59.92540862773297,60.192134857177734,17356,KFOF11.SA
2025-01-23,60.28104363298967,61.267946173011204,59.569760200852905,59.74757766723633,12465,KFOF11.SA
2025-01-24,60.352165648966825,61.1612507105315,59.75646968383984,60.31660079956055,12914,KFOF11.SA
2025-01-27,60.1921297649499,60.72559574531302,59.99653325989203,60.23658752441406,23347,KFOF11.SA
2025-01-28,59.74757770725791,60.28104367336859,58.787353891522066,59.311920166015625,29683,KFOF11.SA
2025-01-29,60.18325141642209,60.281053073239555,59.125219010834535,59.614227294921875,16554,KFOF11.SA
2025-01-30,60.27216089257909,60.770055309088576,59.391952753877625,60.10322952270508,26268,KFOF11.SA
2025-01-31,60.68114343283418,60.90341868350391,59.551988144085016,60.72560119628906,29034,KFOF11.SA
2025-02-03,60.68065302373975,60.860444807770726,60.21319027008905,60.671661376953125,17813,KFOF11.SA
2025-02-04,60.67166001222033,60.67166001222033,59.32320108646911,59.422088623046875,26759,KFOF11.SA
2025-02-05,59.511981969979345,60.20419469644412,59.24229431152344,59.24229431152344,14263,KFOF11.SA
2025-02-06,59.242294817759564,59.494006044582584,58.97260029838259,59.062496185302734,20809,KFOF11.SA
2025-02-07,59.062497942163944,60.31206932578813,59.062497942163944,59.64683151245117,24228,KFOF11.SA
2025-02-10,59.51198095952848,60.16823394866668,58.79280702390705,60.141265869140625,49557,KFOF11.SA
2025-02-11,60.141269278735734,60.39298051340434,59.485016252392505,60.15026092529297,19599,KFOF11.SA
2025-02-12,60.58176575548272,60.8784283732139,60.150262728434605,60.44691848754883,18780,KFOF11.SA
2025-02-13,60.44690877250831,61.08517842228782,60.05136553772216,60.374996185302734,24066,KFOF11.SA
2025-02-14,60.374993338498875,61.93021184401439,60.374993338498875,61.570621490478516,23927,KFOF11.SA
2025-02-17,61.912240491783045,62.91908533394296,61.795369673592276,62.77525329589844,18816,KFOF11.SA
2025-02-18,63.332619002422824,63.332619002422824,62.5954617206055,62.83818817138672,15190,KFOF11.SA
2025-02-19,62.838174783365396,63.59330833909523,62.7932234180225,63.422508239746094,18589,KFOF11.SA
2025-02-20,64.06078989152911,66.4700367524945,63.17080207244655,64.1866455078125,27648,KFOF11.SA
2025-02-21,64.19564320297063,65.10360068333416,63.84503754329858,64.5911865234375,14177,KFOF11.SA
2025-02-24,64.59118248947183,66.40711105402193,64.56421440778531,65.58904266357422,30654,KFOF11.SA
2025-02-25,65.62499687951177,65.62499687951177,64.38441721582288,64.564208984375,19987,KFOF11.SA
2025-02-26,64.6361219207947,65.27439155102704,64.6361219207947,64.99571228027344,17511,KFOF11.SA
2025-02-27,64.99571940451345,66.02953237073551,64.72602489068902,65.44520568847656,27665,KFOF11.SA
2025-02-28,66.09245771856502,67.32405255993027,64.53723907470703,64.53723907470703,36674,KFOF11.SA
2025-03-05,64.54632718102147,66.5631101019172,64.53724060635699,65.72732543945312,10433,KFOF11.SA
2025-03-06,66.18156379922512,67.23538477354536,65.73641863022327,66.22698974609375,18109,KFOF11.SA
2025-03-07,66.89016355362644,67.66236305663676,65.73641798339521,65.8454360961914,14736,KFOF11.SA
2025-03-10,66.31782621932743,67.22628959219493,66.31782621932743,67.13544464111328,12813,KFOF11.SA
2025-03-11,67.13544932006701,67.44432356147648,66.79022877846117,67.28079986572266,11787,KFOF11.SA
2025-03-12,67.34438865863547,68.13475430372793,67.18995154565982,67.49883270263672,25785,KFOF11.SA
2025-03-13,68.04390271324671,68.04390271324671,67.27171029266952,67.40797424316406,14907,KFOF11.SA
2025-03-14,67.68053030569018,68.04391708950992,67.31714352187046,67.90764617919922,34574,KFOF11.SA
2025-03-17,67.90763939026976,68.71617126464844,67.68052353946618,68.71617126464844,7648,KFOF11.SA
2025-03-18,68.71617701225888,69.4611167879624,68.22560590176735,68.38004302978516,13723,KFOF11.SA
2025-03-19,68.40729694618717,69.35209278500842,67.68052345214313,68.30736541748047,27230,KFOF11.SA
2025-03-20,68.99780620388412,69.11591090527034,68.22561354624688,68.3891372680664,15848,KFOF11.SA
2025-03-21,68.37095915411048,68.37095915411048,67.2262933004693,67.78045654296875,17915,KFOF11.SA
2025-03-24,68.36185715318648,68.36185715318648,67.46248050807057,67.77135467529297,18597,KFOF11.SA
2025-03-25,67.77137291661144,68.16201248272931,67.47157831053876,68.02574157714844,16605,KFOF11.SA
2025-03-26,67.74411791320694,68.18018341064453,67.3171389907855,68.18018341064453,12740,KFOF11.SA
2025-03-27,68.13475743273725,68.21651581476407,67.61693355348947,68.17109680175781,8968,KFOF11.SA
2025-03-28,68.15292590741694,68.16201248272931,67.98940220692512,68.02574157714844,13471,KFOF11.SA
2025-03-31,68.0439161307681,69.12498296034083,67.91673179787719,68.81610870361328,12465,KFOF11.SA
2025-04-01,68.34814872987148,69.0546646118164,67.90772960896426,69.0546646118164,23517,KFOF11.SA
2025-04-02,69.05467398815156,70.30254000071847,68.35733545163791,68.83445739746094,14905,KFOF11.SA
2025-04-03,68.90786181506247,70.30253886557048,68.88033649175475,69.45838928222656,21750,KFOF11.SA
2025-04-04,69.3299310336123,69.3299310336123,67.17369443482777,67.35720825195312,26488,KFOF11.SA
2025-04-07,67.29297342683087,67.43060704012488,66.08181023044904,66.98101043701172,10527,KFOF11.SA
2025-04-08,67.33883980742705,67.77926587948582,66.65985632165741,67.13697814941406,11151,KFOF11.SA
2025-04-09,67.13697814941406,67.40306788040073,66.4488172245525,67.13697814941406,17040,KFOF11.SA
2025-04-10,67.89854846330319,67.89854846330319,66.99017795071235,67.07275390625,11123,KFOF11.SA
2025-04-11,67.35721711868206,68.09125148280086,67.18288071954787,67.89856719970703,13389,KFOF11.SA
2025-04-14,67.8985540047112,69.17394520234039,67.81597804243427,68.44908142089844,11450,KFOF11.SA
2025-04-15,69.50425930781307,71.98163604736328,69.27487231339784,71.98163604736328,26248,KFOF11.SA
2025-04-16,71.98164544090417,71.99082288197238,70.97234393383134,71.49534606933594,13292,KFOF11.SA
2025-04-17,71.14667828508517,71.14667828508517,70.42181446875406,70.94481658935547,11699,KFOF11.SA
2025-04-22,71.14667720777558,71.5687484741211,70.89893531210001,71.5687484741211,14640,KFOF11.SA
2025-04-23,71.66050958514359,71.69721235142484,70.84389228631218,71.44029998779297,19491,KFOF11.SA
2025-04-24,71.29347535283341,71.44028639001475,70.66954244548386,71.08244323730469,14111,KFOF11.SA
2025-04-25,71.10997144032893,74.11035038095375,70.84388167489901,71.65132141113281,23350,KFOF11.SA
2025-04-28,71.68803324428393,73.86262484365307,71.67886280317933,72.95425415039062,14020,KFOF11.SA
2025-04-29,74.08281852193913,74.78015691461096,73.42218288681163,74.1011734008789,12819,KFOF11.SA
2025-04-30,74.10118796082887,75.67019440237907,73.60571113712828,75.37657928466797,20625,KFOF11.SA
2025-05-02,75.19136379686366,75.19136379686366,74.57094411758077,74.82096862792969,11131,KFOF11.SA
2025-05-05,75.37658410079723,75.37658410079723,73.83016204833984,73.83016204833984,7323,KFOF11.SA
2025-05-06,73.83015652298954,74.47835521957019,73.16343382660034,73.50605010986328,12838,KFOF11.SA
2025-05-07,73.78384360220149,74.11720490527807,72.41335746012716,73.80236053466797,13678,KFOF11.SA
2025-05-08,73.83942216480389,73.93202098276572,73.0801005537778,73.15418243408203,5038,KFOF11.SA
2025-05-09,73.88571175530915,74.86727176504651,73.17268614968675,73.89497375488281,9009,KFOF11.SA
2025-05-12,74.63576463337044,74.81170728554203,73.24676154317805,73.70976257324219,8291,KFOF11.SA
2025-05-13,73.96906192291785,74.58948883941969,72.96898479815837,73.15418243408203,10033,KFOF11.SA
2025-05-14,73.04303689159529,74.08016169871786,72.968962099171,73.10785675048828,7334,KFOF11.SA
2025-05-15,73.83015570888044,75.4691764320675,73.14490902023874,73.6634750366211,18830,KFOF11.SA
2025-05-16,75.22841208756849,75.74697809151894,73.78385100584265,74.8487548828125,15553,KFOF11.SA
2025-05-19,74.85801017869382,75.68215858924242,74.43205003881806,74.76541137695312,9904,KFOF11.SA
2025-05-20,74.76541101626296,75.84883889239302,74.63577128148425,74.8487548828125,16525,KFOF11.SA
2025-05-21,75.76549309547474,76.39517481900053,75.76549309547474,76.01551055908203,10376,KFOF11.SA
2025-05-22,76.26553283349047,76.58037015353057,75.92290951623923,76.32109069824219,5955,KFOF11.SA
2025-05-23,76.40443712774066,78.22866243996728,75.60807473697335,75.98773193359375,12911,KFOF11.SA
2025-05-26,76.22849623469573,77.7841801196828,75.42287182582959,75.81179809570312,10609,KFOF11.SA
2025-05-27,76.34886383094515,77.72861192937572,75.50620566526855,77.08966827392578,15548,KFOF11.SA
2025-05-28,76.85818566375133,77.784187900664,75.9507003630489,76.76558685302734,11516,KFOF11.SA
2025-05-29,76.80261274378934,77.83047559057944,76.39516957862281,76.72853088378906,18180,KFOF11.SA
2025-05-30,76.84891240750832,77.77491450879357,76.84891240750832,77.22857666015625,14573,KFOF11.SA
2025-06-02,78.40592327581346,78.40592327581346,77.41544917482253,77.5088882446289,16905,KFOF11.SA
2025-06-03,78.25641953750008,78.49002078985082,77.58364679009881,78.48067474365234,18614,KFOF11.SA
2025-06-04,78.47133832302258,79.42442832620132,77.5649642944336,77.5649642944336,14923,KFOF11.SA
2025-06-05,77.57429756006103,78.08822314571769,76.86415491490077,77.04168701171875,13946,KFOF11.SA
2025-06-06,77.55560930299886,77.55560930299886,76.63055041705533,76.82677459716797,10901,KFOF11.SA
2025-06-09,76.82678228917062,77.75184126773233,75.2196045056851,76.01384735107422,25260,KFOF11.SA
2025-06-10,76.0605704913472,76.38761082443968,74.75240203003271,74.80846405029297,10414,KFOF11.SA
2025-06-11,74.80847307679498,75.61206206589566,73.43489638312418,73.9394760131836,19672,KFOF11.SA
2025-06-12,73.93946895392568,74.71502685546875,72.67802356368448,74.71502685546875,12057,KFOF11.SA
2025-06-13,73.46292186407473,75.02337646484375,73.46292186407473,75.02337646484375,21545,KFOF11.SA
2025-06-16,75.20092777345087,75.44386797368111,73.4442415717978,75.19158172607422,17170,KFOF11.SA
2025-06-17,75.17288457245873,75.17288457245873,73.55636780340517,74.65896606445312,17460,KFOF11.SA
2025-06-18,74.64026641845703,75.02337587795414,74.33191819643194,74.64026641845703,9870,KFOF11.SA
2025-06-20,74.63092874255163,76.97628012282168,74.36928935835365,75.78958892822266,10043,KFOF11.SA
2025-06-23,75.99515973963594,76.9669417871643,74.42535906731233,74.96731567382812,12383,KFOF11.SA
2025-06-24,74.8925584675562,74.96731257480147,74.21978576023677,74.30387878417969,12509,KFOF11.SA
2025-06-25,74.30389267259761,74.92060347922681,74.28520770676585,74.78044128417969,6904,KFOF11.SA
2025-06-26,74.78043999984769,75.35977373591808,74.06095120008268,75.23829650878906,12474,KFOF11.SA
2025-06-27,75.31304286926044,76.06056973369233,74.78043229525969,75.66812133789062,5313,KFOF11.SA
2025-06-30,75.81762626049472,76.60253022066266,75.07009935832954,75.86434936523438,15191,KFOF11.SA
2025-07-01,75.73231081256401,75.91149818005105,75.10041684696368,75.40221405029297,6255,KFOF11.SA
2025-07-02,75.44937647787305,75.9115018940843,75.25132272806822,75.39279174804688,5740,KFOF11.SA
2025-07-03,75.57196656910374,75.92092246768865,75.26074341135184,75.7040023803711,8055,KFOF11.SA
2025-07-04,75.71344059302852,76.24158387316723,75.44936895295918,75.96808624267578,6900,KFOF11.SA
2025-07-07,75.99638060284259,76.19443433810179,74.72317390736913,75.60027313232422,19333,KFOF11.SA
2025-07-08,74.97781003945268,75.97751187078005,74.97781003945268,75.8832015991211,10960,KFOF11.SA
2025-07-09,75.88321021859912,75.90207659232142,75.12872076421351,75.41165161132812,6870,KFOF11.SA
2025-07-10,75.34562690475667,75.40221162999809,74.92122707462063,75.26074981689453,6851,KFOF11.SA
2025-07-11,75.26075564188373,75.64742995331552,75.11928662241816,75.22303009033203,4677,KFOF11.SA
2025-07-14,75.22303058392362,75.4210843343097,74.8929409999468,74.98725128173828,7301,KFOF11.SA
2025-07-15,74.96837588536455,75.75116480130701,74.43079942889818,75.694580078125,20258,KFOF11.SA
2025-07-16,75.61914286377333,76.08126831054688,75.47767383443873,76.08126831054688,17015,KFOF11.SA
2025-07-17,76.09068676995052,76.09068676995052,75.4493668637918,75.7605972290039,4447,KFOF11.SA
2025-07-18,76.09068358783479,76.09068358783479,75.22301763208598,75.4493637084961,4567,KFOF11.SA
2025-07-21,75.96808482840346,75.96808482840346,75.44936754834364,75.77945709228516,10598,KFOF11.SA
2025-07-22,75.21359529718728,75.80775653175681,75.03440072999723,75.43994140625,8138,KFOF11.SA
2025-07-23,75.43993988077338,75.85491373517469,75.18530141265353,75.57197570800781,14849,KFOF11.SA
2025-07-24,75.2796023523355,75.95864777697788,75.2796023523355,75.4493637084961,3690,KFOF11.SA
2025-07-25,75.35506543168839,75.93979348839386,75.35506543168839,75.45880889892578,11902,KFOF11.SA
2025-07-28,75.89263997792374,75.89263997792374,74.53454894778642,74.93065643310547,7606,KFOF11.SA
2025-07-29,74.94008767998956,75.18530015306526,73.77062443175694,74.55341339111328,6958,KFOF11.SA
2025-07-30,74.81748410721971,74.88350201890682,73.5442774130181,74.1290054321289,11443,KFOF11.SA
2025-07-31,74.68544770599237,75.07212198705008,73.61029475517073,73.78948211669922,15268,KFOF11.SA
2025-08-01,73.56094569022905,74.40844338299625,72.37063912566224,72.92294311523438,11278,KFOF11.SA
2025-08-04,72.96103733791476,73.79901058461704,72.42777503087234,73.07530212402344,27204,KFOF11.SA
2025-08-05,73.06578467093168,73.17052496951521,71.7135908307942,72.56108856201172,11862,KFOF11.SA
2025-08-06,72.61822737916339,73.6276050552066,72.38968328020438,72.75154113769531,6832,KFOF11.SA
2025-08-07,72.7515381646469,72.90389362600514,71.40886888208811,71.89451599121094,23146,KFOF11.SA
2025-08-08,72.3135122182444,72.32302944064314,71.40887480155051,71.66598510742188,13284,KFOF11.SA
2025-08-11,71.54219122446268,72.84676998204479,71.52314951390227,72.82772827148438,12370,KFOF11.SA
2025-08-12,72.84676118242027,72.84676118242027,72.04687866450621,72.15161895751953,12985,KFOF11.SA
2025-08-13,72.1897163452539,72.83724346207494,72.1897163452539,72.59918212890625,5030,KFOF11.SA
2025-08-14,72.59918140183854,73.12291923558664,72.37064455850084,72.74201965332031,6551,KFOF11.SA
2025-08-15,72.72297928611863,73.49429568728317,72.39921209244541,73.32289123535156,7955,KFOF11.SA
2025-08-18,73.63712959660032,74.07516155567919,72.35159991549088,73.57047271728516,11120,KFOF11.SA
2025-08-19,73.22766245189527,73.29431932995266,72.72297362302434,72.9896011352539,7146,KFOF11.SA
2025-08-20,73.63712845382705,74.03706972351131,72.8562876232295,73.50381469726562,10953,KFOF11.SA
2025-08-21,73.89423074438805,74.08468415547607,72.67535797364384,73.0372085571289,8461,KFOF11.SA
2025-08-22,73.03720626814602,73.24670138124989,72.30398063733705,72.90389251708984,16987,KFOF11.SA
2025-08-25,72.90390156584598,73.60856835466778,72.46586957728555,73.22766876220703,13988,KFOF11.SA
2025-08-26,73.7799637508204,73.7799637508204,72.60869891917237,73.72282409667969,10894,KFOF11.SA
2025-08-27,74.08469001142159,74.08469001142159,73.18957707119158,73.93232727050781,12813,KFOF11.SA
2025-08-28,73.32288607037914,74.37987890532536,73.26575367877822,74.2275161743164,20448,KFOF11.SA
2025-08-29,74.26561760842786,76.17010843142167,73.88471799081792,75.5511474609375,18643,KFOF11.SA
2025-09-01,74.92588120315892,75.9744048699165,74.69501650203277,74.83930969238281,22214,KFOF11.SA
2025-09-02,74.83930497578746,74.83930497578746,74.05051056918343,74.64691162109375,12898,KFOF11.SA
2025-09-03,74.93550109863281,75.01245844370936,74.48338587012852,74.93550109863281,7936,KFOF11.SA
2025-09-04,74.95473837341763,75.01246005299157,74.08898657037388,74.83930969238281,8116,KFOF11.SA
2025-09-05,74.74310298856602,75.01245367922591,74.30060929106577,74.98358917236328,9070,KFOF11.SA
2025-09-08,74.98358429252592,76.27259397010117,74.98358429252592,75.43569946289062,8968,KFOF11.SA
2025-09-09,75.90706397870692,76.65737971176563,75.041312233233,76.08982849121094,14552,KFOF11.SA
2025-09-10,76.08982041376343,76.28221374736492,75.18559743252986,75.9359130859375,13137,KFOF11.SA
2025-09-11,75.9359272176581,76.48423547711612,75.58000498854946,75.94554138183594,6561,KFOF11.SA
2025-09-12,75.9455312158592,76.87861875017065,75.9455312158592,76.21488189697266,9992,KFOF11.SA
2025-09-15,76.33031661287534,78.14839165489384,76.22450210024516,78.07144165039062,13645,KFOF11.SA
2025-09-16,78.01371438355676,78.22534339365401,77.78284970847598,78.129150390625,6148,KFOF11.SA
2025-09-17,78.12916394438743,79.84142464813445,77.89829922925648,79.74523162841797,8140,KFOF11.SA
2025-09-18,79.73560553596062,79.73560553596062,78.11953794493445,78.75442504882812,12973,KFOF11.SA
2025-09-19,79.1103285725134,79.64902258485337,78.8698424020749,79.27386474609375,5354,KFOF11.SA
2025-09-22,79.45664746088066,79.45664746088066,78.04258728027344,78.04258728027344,12761,KFOF11.SA
2025-09-23,78.42736023995512,78.61975360797683,77.82133764356401,78.10991668701172,7662,KFOF11.SA
2025-09-24,78.10990913252981,78.23496664441299,77.62893676757812,77.62893676757812,8474,KFOF11.SA
2025-09-25,77.91752822273475,77.98486406467363,75.78200960830708,76.13793182373047,25897,KFOF11.SA
2025-09-26,75.98401708119962,77.10949806576025,75.96478141454034,76.37841796875,13648,KFOF11.SA
2025-09-29,76.82091612598744,76.85939480058302,75.78201392907698,76.57080841064453,20139,KFOF11.SA
2025-09-30,76.57079472145223,77.05176705932449,76.50345888771234,76.715087890625,12792,KFOF11.SA
2025-10-01,76.08349467237434,77.04546777911844,75.32556860434008,75.59764862060547,26345,KFOF11.SA
2025-10-02,76.18067061049449,76.18067061049449,75.16039082644917,76.07378387451172,20969,KFOF11.SA
2025-10-03,76.07377140978468,76.89970816879332,75.82112940127337,76.763671875,8757,KFOF11.SA
2025-10-06,76.76368708645235,77.0163291450271,76.14180464490181,76.48189544677734,10112,KFOF11.SA
2025-10-07,76.48188821029538,76.48188821029538,75.4033093310966,75.54906463623047,17199,KFOF11.SA
2025-10-08,75.7628349121141,76.29726112392059,75.75311591526744,76.2583999633789,11616,KFOF11.SA
2025-10-09,75.69481298912893,76.44301261374392,75.66566341346397,76.30697631835938,9040,KFOF11.SA
2025-10-10,76.30698463333484,76.51103909864695,75.95717486039327,76.50132751464844,11185,KFOF11.SA
2025-10-13,76.5110361448501,77.04546978105142,75.72396789282868,75.81141662597656,10712,KFOF11.SA
2025-10-14,76.58877797177335,76.76368286217347,76.13208145720515,76.61792755126953,11084,KFOF11.SA
2025-10-15,76.802552755213,77.10377496639856,76.579060286208,76.82198333740234,7875,KFOF11.SA
2025-10-16,76.93859048759093,78.00745044984386,76.8997219090733,77.5896224975586,18108,KFOF11.SA
2025-10-17,77.73537644067922,77.73537644067922,76.73453465515318,77.10377502441406,11839,KFOF11.SA
2025-10-20,77.10377490983036,77.72565732735777,77.05519474768104,77.5701904296875,9544,KFOF11.SA
2025-10-21,77.57018623050716,78.55158996582031,77.31754419536841,78.55158996582031,20499,KFOF11.SA
2025-10-22,77.74509080623656,78.51272849246118,77.48272977486444,78.1726303100586,12843,KFOF11.SA
2025-10-23,78.4252765083022,78.70706813568272,77.22038025704529,77.75480651855469,11968,KFOF11.SA
2025-10-24,78.62932618097621,79.00828552246094,77.75480177238735,79.00828552246094,11645,KFOF11.SA
2025-10-27,79.09574057842835,79.09574057842835,78.61961351220984,78.90139770507812,7385,KFOF11.SA
2025-10-28,78.2309414994163,78.97914123535156,78.20179191941435,78.97914123535156,4949,KFOF11.SA
2025-10-29,78.97914079453186,80.30064277901472,78.38640795972309,79.9119644165039,10574,KFOF11.SA
2025-10-30,79.91195792134818,80.11601237706081,78.51272630882967,78.70706176757812,12606,KFOF11.SA
2025-10-31,78.52244192277216,79.17348131118341,78.46414276483976,78.75565338134766,5288,KFOF11.SA
2025-11-03,79.76647564759338,80.3258613200734,78.84397708734231,79.344482421875,7413,KFOF11.SA
2025-11-04,78.8537858823386,79.3444752873156,78.16682371030124,78.33365631103516,13161,KFOF11.SA
2025-11-05,78.33365661218741,78.91267400569588,77.77427098785614,78.11775207519531,10527,KFOF11.SA
2025-11-06,78.1177562608799,78.77527830434981,77.61725094260993,78.58882141113281,13231,KFOF11.SA
2025-11-07,78.51030412011839,79.29541015625,78.33365563635509,79.29541015625,9602,KFOF11.SA
2025-11-10,79.29541663178188,79.38373713721306,78.64770297597991,79.3641128540039,10933,KFOF11.SA
2025-11-11,79.3641046654702,79.37391306239944,78.7065751922421,79.00099182128906,5574,KFOF11.SA
2025-11-12,79.00099488053996,79.58000478947456,79.00099488053996,79.54075622558594,11508,KFOF11.SA
2025-11-13,79.09913063778453,79.70758819580078,79.00099425418865,79.70758819580078,7710,KFOF11.SA
2025-11-14,79.70759134161767,80.34548909115595,79.00099737211842,79.7174072265625,10159,KFOF11.SA
2025-11-17,79.71739906947845,83.39756937794155,79.41316656593072,80.9931869506836,17513,KFOF11.SA
2025-11-18,80.99319146538686,81.44462481657627,79.78609972982791,81.24835205078125,8400,KFOF11.SA
2025-11-19,81.24835052071293,81.24835052071293,79.30521723170052,80.15901947021484,13508,KFOF11.SA
2025-11-21,80.15902574576766,80.55157878802373,79.2267188218202,79.91368103027344,10119,KFOF11.SA
2025-11-24,79.49168511258331,80.85580108528228,79.32485250868804,80.53194427490234,8081,KFOF11.SA
2025-11-25,80.53195024507731,81.0422714666585,80.37493351427858,80.76748657226562,10427,KFOF11.SA
2025-11-26,80.47306282130376,81.16984088139931,80.47306282130376,80.86561584472656,8772,KFOF11.SA
2025-11-27,80.86561551457638,81.23853676727613,80.38474199369294,80.81654357910156,9462,KFOF11.SA
2025-11-28,81.00300934312898,82.43582153320312,80.787104803046,82.43582153320312,8840,KFOF11.SA
2025-12-01,82.47545099132033,82.73306504699833,81.61344664855572,82.55471801757812,6867,KFOF11.SA
2025-12-02,83.06003553239285,83.06003553239285,81.05858470355561,82.28720092773438,16292,KFOF11.SA
2025-12-03,82.83214274454515,83.3077373295342,82.31692220684988,82.73306274414062,9914,KFOF11.SA
2025-12-04,82.72315917366085,85.09120690385052,81.93051154693147,84.23910522460938,40247,KFOF11.SA
2025-12-05,85.0515675765134,85.0515675765134,83.27801513671875,83.27801513671875,9935,KFOF11.SA
2025-12-08,84.12021111972797,84.45708465576172,83.2780197203236,84.45708465576172,9567,KFOF11.SA
2025-12-09,84.45708267122637,84.53634969877878,83.2879204724476,83.3671875,5015,KFOF11.SA
2025-12-10,83.68424917302117,84.57598434664368,82.74297777600401,83.14920806884766,14186,KFOF11.SA
2025-12-11,83.23838210234295,84.15984048573861,82.3763702084181,83.04021453857422,14784,KFOF11.SA
2025-12-12,83.62479740739495,83.62479740739495,83.05012282515582,83.22846984863281,7045,KFOF11.SA
2025-12-15,83.22846995519582,84.14001804999225,83.07984617555479,83.74369049072266,23600,KFOF11.SA
2025-12-16,83.19874788102082,84.13011652450275,83.19874788102082,83.52571868896484,9733,KFOF11.SA
2025-12-17,83.72388004076534,83.72388004076534,82.89159894457319,83.0600357055664,5515,KFOF11.SA
2025-12-18,83.06994236344269,83.96167755126953,82.96095964651055,83.96167755126953,7973,KFOF11.SA
2025-12-19,83.3770966560926,83.8031474743539,82.9510458378313,83.58516693115234,7210,KFOF11.SA
2025-12-22,83.58516471859411,84.60570308991456,83.28791715676586,84.02112579345703,13664,KFOF11.SA
2025-12-23,84.36791442895145,84.99212527351247,84.36791442895145,84.69488525390625,7919,KFOF11.SA
2025-12-26,85.2101024837829,86.3891749255059,84.6948819344002,85.60643005371094,9893,KFOF11.SA
2025-12-29,85.60643164303305,86.44862302019101,85.34881758389916,86.17119598388672,8241,KFOF11.SA
2025-12-30,86.32971866646605,86.90439325018437,85.95321164229858,86.29999542236328,10035,KFOF11.SA
2026-01-02,86.68000030517578,87.0,85.8499984741211,86.5,10346,KFOF11.SA
2026-01-05,86.9000015258789,86.94000244140625,86.12000274658203,86.9000015258789,6541,KFOF11.SA
2026-01-06,86.93000030517578,86.94999694824219,86.22000122070312,86.27999877929688,7309,KFOF11.SA
2026-01-07,86.91999816894531,86.91999816894531,86.1500015258789,86.45999908447266,6455,KFOF11.SA
2026-01-08,86.91999816894531,86.91999816894531,85.87000274658203,85.94999694824219,10766,KFOF11.SA
2026-01-09,85.94999694824219,86.4000015258789,85.76000213623047,86.30999755859375,4635,KFOF11.SA
2026-01-12,86.30999755859375,86.56999969482422,84.83999633789062,85.0999984741211,17963,KFOF11.SA
2026-01-13,85.11000061035156,85.47000122070312,84.5199966430664,84.80000305175781,9457,KFOF11.SA
2026-01-14,84.80000305175781,84.83000183105469,84.55999755859375,84.69000244140625,9969,KFOF11.SA
2026-01-15,84.69000244140625,84.70999908447266,84.3499984741211,84.3499984741211,7330,KFOF11.SA
2026-01-16,84.5,84.54000091552734,84.18000030517578,84.44000244140625,14777,KFOF11.SA
2026-01-19,84.44000244140625,84.48999786376953,84.02999877929688,84.4000015258789,7670,KFOF11.SA
2026-01-20,84.44000244140625,84.44999694824219,83.9000015258789,84.04000091552734,10203,KFOF11.SA
2026-01-21,84.19999694824219,85.0,84.08999633789062,84.9000015258789,15031,KFOF11.SA
2026-01-22,85.0,85.01000213623047,84.51000213623047,85.0,16225,KFOF11.SA
2026-01-23,85.0,85.33999633789062,84.7699966430664,85.23999786376953,10633,KFOF11.SA
2026-01-26,85.33999633789062,86.4000015258789,85.23999786376953,85.88999938964844,12935,KFOF11.SA
2026-01-27,85.8499984741211,86.23999786376953,85.41000366210938,85.55999755859375,10961,KFOF11.SA
2021-01-27,52.241016618202316,52.697598665277596,50.97530188529006,51.553253173828125,32419700,VALE3.SA
2021-01-28,50.97530738793002,52.79585502523157,50.91751313472117,52.6513671875,35900800,VALE3.SA
2021-01-29,52.00983552624191,52.50687399005612,50.73834444776087,50.830814361572266,31481600,VALE3.SA
2021-02-01,52.02139546954975,52.7496109008789,51.19492497036528,52.749610900878906,27135500,VALE3.SA
2021-02-02,52.11965497109331,52.35083640207766,50.576525864107786,50.6632194519043,34426700,VALE3.SA
2021-02-03,51.35097688580922,52.836311688194094,51.206489047408276,52.26414108276367,34346400,VALE3.SA
2021-02-04,53.14261849959331,53.67433702902522,51.48967748394467,51.60527038574219,29939700,VALE3.SA
2021-02-05,52.13121787586862,53.616552893215406,51.75555296919401,53.57032012939453,27114800,VALE3.SA
2021-02-08,53.73213625990492,54.85336325955539,53.431599096769105,54.33320617675781,28164400,VALE3.SA
2021-02-09,54.674190637046614,55.03252202086151,53.356462413767495,54.47190856933594,32303400,VALE3.SA
2021-02-10,54.708884266782874,55.292612034022454,54.54705416310216,54.731998443603516,40318300,VALE3.SA
2021-02-11,55.1770241668381,55.1770241668381,53.80727767944337,53.80727767944336,19775900,VALE3.SA
2021-02-12,53.818838139252435,54.40834665102905,53.28711947851772,54.263858795166016,14760700,VALE3.SA
2021-02-17,55.48910277978156,55.8994476531829,55.01518291379793,55.685604095458984,29262900,VALE3.SA
2021-02-18,56.26933518627325,56.8704050275117,55.49487820277476,56.29245376586914,33088500,VALE3.SA
2021-02-19,56.182654325851495,57.13049425663021,55.674058687932416,56.50630569458008,24966600,VALE3.SA
2021-02-22,55.772295575631226,56.93975515945384,54.35053603101992,55.10765075683594,50160600,VALE3.SA
2021-02-23,55.824304919205815,56.263549070781934,53.93440641409831,56.03236770629883,35756200,VALE3.SA
2021-02-24,56.13640356119257,56.76059197207796,55.402407410749696,56.5987663269043,21856100,VALE3.SA
2021-02-25,57.04379279467507,57.18828062283729,54.91693178775052,55.31571960449219,24471000,VALE3.SA
2021-02-26,55.80120905778231,56.4658496357686,54.338988321722496,54.62796401977539,42856000,VALE3.SA
2021-03-01,55.48333495487961,57.40791419438763,55.11344640793396,56.96866989135742,32798000,VALE3.SA
2021-03-02,56.35025294897504,59.05506526690258,54.8706990005082,58.719852447509766,47565800,VALE3.SA
2021-03-03,58.951038065243296,60.106940772404926,57.59285326621215,57.99741744995117,41473300,VALE3.SA
2021-03-04,57.44836286184666,58.656279020357104,56.36181154361819,57.136268615722656,48492500,VALE3.SA
2021-03-05,57.20973484287644,60.7611820494814,56.732583847094254,60.52562713623047,46503300,VALE3.SA
2021-03-08,59.91560307430915,61.56449221299439,59.73440945330727,60.19947814941406,39677300,VALE3.SA
2021-03-09,58.88882848081563,59.9820452580333,57.91036628715492,59.59549331665039,40537000,VALE3.SA
2021-03-10,58.888824056269826,59.09417774367308,57.813726262070965,58.67742919921875,31311800,VALE3.SA
2021-03-11,59.78877084895279,60.45919789781322,59.31766094609146,60.21760177612305,26203200,VALE3.SA
2021-03-12,59.79480226748108,60.06055841880528,58.41166941963959,58.82842254638672,21115500,VALE3.SA
2021-03-15,58.284842917763534,58.798231804234895,57.83789308098335,58.478118896484375,20059000,VALE3.SA
2021-03-16,58.61099117184014,59.09417876659772,57.994920882841605,58.29087829589844,19174300,VALE3.SA
2021-03-17,58.22443876811575,59.2632987698869,58.01908047080497,59.13042068481445,21424300,VALE3.SA
2021-03-18,59.00962816447722,59.35390115420169,57.698975256935206,58.079490661621094,19156100,VALE3.SA
2021-03-19,58.0432471164626,58.07948953071833,56.43664139838598,57.2459831237793,38643000,VALE3.SA
2021-03-22,56.48495284394087,56.67822880973466,55.476294041456434,56.2977180480957,21120800,VALE3.SA
2021-03-23,56.37622958264829,56.64198573892505,54.99913787841797,54.99913787841797,20518500,VALE3.SA
2021-03-24,55.566891360454115,57.161419178674336,55.45213217545583,56.261478424072266,24726000,VALE3.SA
2021-03-25,56.19504109010856,56.34603808209357,54.727350143691766,55.83264923095703,23644400,VALE3.SA
2021-03-26,56.61783176120963,57.81977115510195,56.40643689054549,57.698970794677734,26712800,VALE3.SA
2021-03-29,57.9828395471731,59.46260808822508,57.90432277752198,59.17873764038086,25960500,VALE3.SA
2021-03-30,59.13646453620315,59.49281522772765,58.333159427700856,58.629112243652344,18118600,VALE3.SA
2021-03-31,58.689502997833614,59.52904580819697,58.405627948217145,59.17269515991211,18792000,VALE3.SA
2021-04-01,59.49281084867164,59.71024687117978,58.06135780183674,58.822383880615234,17193400,VALE3.SA
2021-04-05,60.29611270296883,62.70602311532758,60.27799380339696,62.44630813598633,35908700,VALE3.SA
2021-04-06,62.69395328484037,63.15298082537473,61.6369743347168,61.6369743347168,22227800,VALE3.SA
2021-04-07,61.83025775037898,63.612020637737466,61.697379643350445,63.15298843383789,32822700,VALE3.SA
2021-04-08,63.38249352394768,63.59992954284777,62.88722361602239,63.116737365722656,25936300,VALE3.SA
2021-04-09,62.814750004740596,63.21338428394842,62.174524219656924,62.21076202392578,18854800,VALE3.SA
2021-04-12,62.15036425492003,62.59127290116216,61.73361107285718,62.45235824584961,14787500,VALE3.SA
2021-04-13,62.75434543745671,62.98990035621482,62.12015628199283,62.56106948852539,17605600,VALE3.SA
2021-04-14,62.79662628033173,65.0978188359431,62.6758259286077,64.626708984375,38030200,VALE3.SA
2021-04-15,65.62933366157972,66.36619509881986,64.95890666023477,65.35753631591797,19378200,VALE3.SA
2021-04-16,65.61725707354266,65.90113217568754,64.92871111041215,65.6353759765625,17401500,VALE3.SA
2021-04-19,65.83468965829336,66.3661974204853,65.01326563886597,65.067626953125,23297500,VALE3.SA
2021-04-20,65.2005039922266,65.44210011841703,63.43081893437121,64.11936950683594,20895800,VALE3.SA
2021-04-22,64.77166851289006,64.77166851289006,63.02010248097237,64.1616439819336,19799100,VALE3.SA
2021-04-23,64.71730750296328,65.29109419219088,64.3005543574442,65.22465515136719,12795400,VALE3.SA
2021-04-26,66.40848353046577,66.85543800039972,65.32130781715315,65.57498168945312,16807500,VALE3.SA
2021-04-27,65.76221334854283,66.80107347059415,65.5447772947152,66.51116180419922,24113300,VALE3.SA
2021-04-28,66.77690368792716,67.90636276953114,66.03400111875057,67.59832763671875,20570600,VALE3.SA
2021-04-29,67.76140022511728,68.22042768590637,66.97621415535102,67.61643981933594,19724300,VALE3.SA
2021-04-30,67.03662836477017,67.38090134833094,65.84677124023438,65.84677124023438,36888200,VALE3.SA
2021-05-03,66.2574733983486,66.65006647043526,65.38773392154951,65.50852966308594,19641000,VALE3.SA
2021-05-04,65.80447463305109,67.08493053821032,65.62932221106298,66.49906158447266,20775600,VALE3.SA
2021-05-05,67.64060408507873,68.14191515138089,66.67422436020004,66.86750030517578,25990600,VALE3.SA
2021-05-06,67.61041241942192,69.57940981342857,67.3325785161215,69.48881530761719,38194400,VALE3.SA
2021-05-07,70.38875698343372,70.39479815325448,68.96938620767538,69.73040771484375,21678700,VALE3.SA
2021-05-10,72.35776424143997,72.75035275498009,69.2713851928711,69.2713851928711,38889400,VALE3.SA
2021-05-11,68.84254297577716,71.7054443359375,68.44390874929228,71.7054443359375,28693600,VALE3.SA
2021-05-12,71.2705664997182,71.54840035852936,68.830455025913,69.0539321899414,31737900,VALE3.SA
2021-05-13,67.64665125595408,68.98750525921031,66.87354740746174,67.9426040649414,34338500,VALE3.SA
2021-05-14,67.16346080890052,67.51981610945235,66.20916331291332,66.77690887451172,25644200,VALE3.SA
2021-05-17,67.3446570601924,68.74590893308647,67.14533992887749,68.52847290039062,26097500,VALE3.SA
2021-05-18,69.19286568321273,69.70021801317417,68.36540504991683,69.21702575683594,27081500,VALE3.SA
2021-05-19,67.70705407636473,68.11776610188817,66.34203990211581,67.79765319824219,32914300,VALE3.SA
2021-05-20,67.46545868422002,67.70705480915379,66.55947667176552,67.1091079711914,20951000,VALE3.SA
2021-05-21,67.10909746607882,67.19365540535969,65.53268864253059,66.07627868652344,27775000,VALE3.SA
2021-05-24,65.2306959914891,66.52322978415697,64.93474319808142,66.30579376220703,19332500,VALE3.SA
2021-05-25,66.60779231162978,66.97622534041118,64.49383442560132,64.65691375732422,23310100,VALE3.SA
2021-05-26,64.24619338905377,66.63194370653314,64.0408351106744,66.55946350097656,28241800,VALE3.SA
2021-05-27,66.92187413338604,67.70101462029709,66.29976260504223,67.03662872314453,55448700,VALE3.SA
2021-05-28,67.10909048725573,68.09963019416226,66.08834954457727,67.39900207519531,25153500,VALE3.SA
2021-05-31,67.94864519419926,69.39217604345771,67.94864519419926,69.32573699951172,17812600,VALE3.SA
2021-06-01,70.6665932258793,71.27058120216886,68.3714370727539,68.3714370727539,31468400,VALE3.SA
2021-06-02,68.98750782604738,69.8814074561028,68.55263574307442,69.33782196044922,20338300,VALE3.SA
2021-06-04,69.15661872942674,69.32573461435722,67.8822038147635,68.19023895263672,18455100,VALE3.SA
2021-06-07,67.76745517319029,68.03925255173027,66.86147312751628,67.52586364746094,22746100,VALE3.SA
2021-06-08,67.9365703408225,68.11172280075984,66.25747987766988,66.3903579711914,22676500,VALE3.SA
2021-06-09,66.43868421363992,68.45600204971109,65.95549193977004,67.7674560546875,22517600,VALE3.SA
2021-06-10,67.77953076986928,68.47411785738329,67.06682478053482,67.54397583007812,30750900,VALE3.SA
2021-06-11,68.46202793623637,69.31365309199292,68.26271082215777,69.05997467041016,18359200,VALE3.SA
2021-06-14,69.40426355472405,69.62773616641024,68.32312447766193,68.68551635742188,19212700,VALE3.SA
2021-06-15,68.71570076216993,68.77006206889281,67.19365329485838,67.34465026855469,20587900,VALE3.SA
2021-06-16,67.34465537111836,67.4231721444872,65.24881648012632,65.32129669189453,38217700,VALE3.SA
2021-06-17,65.03743164170616,65.93133595897275,63.35834564560539,63.96233367919922,33680600,VALE3.SA
2021-06-18,64.63276171844932,65.88905334472656,64.33680425981768,65.88905334472656,59819400,VALE3.SA
2021-06-21,65.0796998033167,66.85542580153235,64.71126679541396,66.50511169433594,22673600,VALE3.SA
2021-06-22,66.85542510629355,67.69496795607917,66.54738997330261,67.28425598144531,18576100,VALE3.SA
2021-06-23,67.89427812011473,69.00561357990395,67.74328115385673,68.29290771484375,29491400,VALE3.SA
2021-06-24,68.81007686576353,68.93325807979053,67.91699661735049,68.38509368896484,23136700,VALE3.SA
2021-06-25,68.7361704332199,70.19589189328816,68.61298921002582,69.2289047241211,26139200,VALE3.SA
2021-06-28,69.74627108827995,70.02959165920214,67.75686662098259,68.12025451660156,18866400,VALE3.SA
2021-06-29,68.12025289504149,69.62924867917502,68.12025289504149,69.2966537475586,19589500,VALE3.SA
2021-06-30,68.87783485197588,70.38682602094507,68.7854465826576,69.75243377685547,18903100,VALE3.SA
2021-07-01,69.85098081316659,70.43609867280388,68.21880375856982,68.53907775878906,22129200,VALE3.SA
2021-07-02,68.98253326793468,69.98031803007969,68.72384989595484,69.95568084716797,19688800,VALE3.SA
2021-07-05,70.15276821839913,70.18972164039484,69.15498353295892,69.7031478881836,13732900,VALE3.SA
2021-07-06,69.90640539225262,70.42993259854958,69.39519442768857,70.07270050048828,19028000,VALE3.SA
2021-07-07,70.71326230318063,71.1875199048787,70.21437221482797,70.27596282958984,21460000,VALE3.SA
2021-07-08,68.99486086644401,70.5284940364658,68.67458683399872,70.00496673583984,21824500,VALE3.SA
2021-07-12,71.0212085890868,71.63096826407612,70.83027630448757,70.8733901977539,22333300,VALE3.SA
2021-07-13,70.8918826301561,71.39077744751437,70.73790373447851,71.29222869873047,12698500,VALE3.SA
2021-07-14,71.60634102300392,71.71104553560595,70.48537494340042,70.9041976928711,19483600,VALE3.SA
2021-07-15,70.82412877904515,71.54475355401055,70.5223314710203,71.12593078613281,18236100,VALE3.SA
2021-07-16,71.03969098089775,71.36613014065836,69.59845097727228,69.84481811523438,19576800,VALE3.SA
2021-07-19,68.98253646885838,69.08108520507812,67.88004715247753,69.08108520507812,18644300,VALE3.SA
2021-07-20,69.08109956891744,69.67237801199161,67.88006126658833,69.6600570678711,13066600,VALE3.SA
2021-07-21,69.4506305000251,70.7502125323783,69.29049116027284,70.46073150634766,19607100,VALE3.SA
2021-07-22,70.01728361525426,70.64551544189453,69.4075285042412,70.64551544189453,12083800,VALE3.SA
2021-07-23,69.98032652656462,70.51617004800063,69.4752759632103,70.28828430175781,13163300,VALE3.SA
2021-07-26,70.48537501589448,71.9697290051361,70.48537501589448,71.81575012207031,16419900,VALE3.SA
2021-07-27,71.26143070256671,71.47700491474505,70.1466250068393,70.32524108886719,22106500,VALE3.SA
2021-07-28,71.13824498303907,72.4316666792818,70.9842660977944,72.24689483642578,25209200,VALE3.SA
2021-07-29,71.67408496382696,72.40702117805375,70.67630021037112,71.18135070800781,30576800,VALE3.SA
2021-07-30,69.91256752735518,69.91256752735518,66.98696899414062,66.98696899414062,41956700,VALE3.SA
2021-08-02,68.30502907710066,68.59451011050632,67.0916748046875,67.0916748046875,23109400,VALE3.SA
2021-08-03,67.61519803302811,69.61692326577408,67.40578903345983,69.37671661376953,36641400,VALE3.SA
2021-08-04,68.98253667340624,69.75243105592193,68.74849047278393,69.30281066894531,18828200,VALE3.SA
2021-08-05,67.52897029511064,67.74453976513827,66.45727871621463,67.1840591430664,32215200,VALE3.SA
2021-08-06,67.65832913868319,68.29888194000033,67.44275961397628,67.5659408569336,19273100,VALE3.SA
2021-08-09,66.64205071791416,67.41194504089867,66.32177674713991,67.14094543457031,21502300,VALE3.SA
2021-08-10,67.10399966025648,68.20648909753906,67.03624857144125,67.78766632080078,17440500,VALE3.SA
2021-08-11,67.8677322722943,68.05866457872467,67.29493065394074,67.30108642578125,14680600,VALE3.SA
2021-08-12,67.25798034667969,67.73839845265194,67.03009458646342,67.25798034667969,14849500,VALE3.SA
2021-08-13,67.56592938058894,67.68911530168585,66.49423771188911,66.70365142822266,11855200,VALE3.SA
2021-08-16,66.05078051065252,67.07320255202696,65.23777219422453,67.01161193847656,21856700,VALE3.SA
2021-08-17,66.58662063685881,67.33187777823203,65.07762964219552,65.9029541015625,23402600,VALE3.SA
2021-08-18,65.12689764868361,65.12689764868361,63.69181823730469,63.69181823730469,35379200,VALE3.SA
2021-08-19,60.76621841629853,61.76399840282167,59.9285730578212,60.05791473388672,60456900,VALE3.SA
2021-08-20,60.1071977950674,61.037231614918454,60.014814219471965,60.08256530761719,31351100,VALE3.SA
2021-08-23,60.08872129278871,60.31661174454463,59.22644325709144,59.251075744628906,19773500,VALE3.SA
2021-08-24,61.20968010879206,62.373760016655154,61.037224522303056,61.412933349609375,29779200,VALE3.SA
2021-08-25,61.64698395073465,61.87487439148627,60.69847815726877,61.28359603881836,15088600,VALE3.SA
2021-08-26,61.2774349215785,61.46837193173217,60.501384735107415,60.50138473510742,18032300,VALE3.SA
2021-08-27,60.981794675004714,62.207465198323334,60.914043594408284,62.01653289794922,19572800,VALE3.SA
2021-08-30,62.09660934962679,62.60165994346176,61.56076109678872,61.62235641479492,13031600,VALE3.SA
2021-08-31,60.97564581765299,61.135785193113826,60.17495363941206,60.7785530090332,20433600,VALE3.SA
2021-09-01,59.96553833623472,61.33902738154155,58.95543720995239,60.88325119018555,20847500,VALE3.SA
2021-09-02,60.833972081973926,61.59155021723334,60.3042890732431,60.69231414794922,24448600,VALE3.SA
2021-09-03,61.69009488681274,62.13355007193397,60.67383343540304,60.73542404174805,38716500,VALE3.SA
2021-09-06,59.67606481916294,60.082571389180856,59.2264490422122,59.78076934814453,11916100,VALE3.SA
2021-09-08,59.41736900210568,59.57750834774949,58.32719593626824,58.5366096496582,22635100,VALE3.SA
2021-09-09,58.61051947050979,58.95543063642293,57.38484427909578,58.32719421386719,28997700,VALE3.SA
2021-09-10,58.82609840716869,59.24492118985609,58.394954681396484,58.394954681396484,18022000,VALE3.SA
2021-09-13,58.32720050213722,58.51197704611847,57.85910806909342,58.364158630371094,18832800,VALE3.SA
2021-09-14,58.60436599317859,58.86920986976903,57.32326051111029,57.95149230957031,25571600,VALE3.SA
2021-09-15,57.82214821255422,58.16706410440549,56.50408935546874,56.50408935546875,35084400,VALE3.SA
2021-09-16,55.69723649988906,55.69723649988906,54.151287344464215,54.157447814941406,39726500,VALE3.SA
2021-09-17,54.37918563829473,54.687143419891775,52.402097244329205,53.061126708984375,74648800,VALE3.SA
2021-09-20,50.9978081544079,51.699951488063235,49.97538611122331,50.967010498046875,49636100,VALE3.SA
2021-09-21,52.1680413249492,52.1680413249492,50.81918956614376,51.810813903808594,32380300,VALE3.SA
2021-09-22,54.26214444136052,55.112110679475165,53.28284123543369,53.65238952636719,62161000,VALE3.SA
2021-09-23,53.847689151137835,54.622769140173595,52.77345884924532,53.6505241394043,47485400,VALE3.SA
2021-09-24,53.228996266568544,53.56894386935374,52.35193082892009,52.82106018066406,26631600,VALE3.SA
2021-09-27,53.43975486454752,53.93608057958774,52.011976164145835,53.57573699951172,38386300,VALE3.SA
2021-09-28,52.67827957829343,52.89584582324133,50.692981757556836,50.89015197753906,35896000,VALE3.SA
2021-09-29,51.51564767962125,52.21594396586576,50.89014545397716,51.536048889160156,39704900,VALE3.SA
2021-09-30,52.623882073718356,53.262979944028764,51.488458495250846,51.835201263427734,39151000,VALE3.SA
2021-10-01,52.18195836352885,52.56269802849584,51.4544706824304,51.808013916015625,23191700,VALE3.SA
2021-10-04,52.07315893213415,52.351918390034996,51.29128378125378,51.32527542114258,25090000,VALE3.SA
2021-10-05,51.66522519660045,51.74001406968037,50.958133697509766,50.958133697509766,21889400,VALE3.SA
2021-10-06,50.35303379272697,52.535496629661246,50.25784888548536,52.39271926879883,27318400,VALE3.SA
2021-10-07,53.26297841339861,54.64316979174433,52.834646377683775,53.95647430419922,33115300,VALE3.SA
2021-10-08,55.38425868943574,55.642616980880746,54.11285288252853,54.28962707519531,37172600,VALE3.SA
2021-10-11,55.6834041417466,56.49927610503,54.894723415010205,55.49303436279297,28327900,VALE3.SA
2021-10-13,54.935526906917744,54.935526906917744,53.82729455894625,53.84769058227539,32052800,VALE3.SA
2021-10-14,54.384808341090846,54.55478211841771,53.800098132111394,53.84769058227539,24030000,VALE3.SA
2021-10-15,54.04485843689689,55.03750463086902,53.915681899032144,54.85393524169922,26927200,VALE3.SA
2021-10-18,54.330420207324735,54.66356735560742,53.35817000188967,54.337215423583984,20912800,VALE3.SA
2021-10-19,54.20124102569527,54.55478421375126,53.582533962612004,53.71171569824219,20804500,VALE3.SA
2021-10-20,53.28338062449388,53.28338062449388,51.86239717428705,52.12755584716797,27576600,VALE3.SA
2021-10-21,50.65218456373386,51.1009178161621,49.598345091895105,51.10091781616211,37556500,VALE3.SA
2021-10-22,50.76777050260922,52.419915953789115,50.74737447769896,51.72642517089844,35142600,VALE3.SA
2021-10-25,52.487894197858644,52.739457226138754,51.923585265686256,52.3519172668457,17950000,VALE3.SA
2021-10-26,52.35872490288596,52.39951695038776,51.719621827021015,51.794410705566406,16674100,VALE3.SA
2021-10-27,51.65842689379622,52.168348168586625,50.61818313598633,50.61818313598633,20087300,VALE3.SA
2021-10-28,50.618190082562315,50.77456824398771,50.00628861858962,50.10826873779297,22719000,VALE3.SA
2021-10-29,49.645939618109686,49.74112970757922,48.28614937158894,48.68729019165039,30268500,VALE3.SA
2021-11-01,48.95245100102572,49.53716124740193,48.374541158590176,49.17001724243164,19649600,VALE3.SA
2021-11-03,48.000595569097264,48.20456618479353,45.287815428591074,45.43739318847656,77316900,VALE3.SA
2021-11-04,45.47818333645843,45.97450904741357,44.614718832091896,44.92066955566406,30122100,VALE3.SA
2021-11-05,45.16543405179552,45.32181221529925,43.51328866529748,43.588077545166016,35954600,VALE3.SA
2021-11-08,43.78524477233326,46.334851356275166,43.73765232358719,45.960906982421875,27722000,VALE3.SA
2021-11-09,45.72294002016456,45.75693684598385,44.34955436437483,44.832279205322266,20961500,VALE3.SA
2021-11-10,43.92802734026765,45.063451029025096,43.78524997705759,44.662315368652344,22492600,VALE3.SA
2021-11-11,46.54561669717116,47.0895348377154,45.96090651160185,46.23966598510742,28795100,VALE3.SA
2021-11-12,45.67535188234619,47.31389633499973,45.559770963164006,46.43683624267578,24542500,VALE3.SA
2021-11-16,46.23287009463762,46.280462547541624,45.00226153584238,45.09744644165039,17207900,VALE3.SA
2021-11-17,45.546169837471545,46.0356951237392,44.193180084228516,44.193180084228516,25487600,VALE3.SA
2021-11-18,43.65606974863217,43.95522529364829,42.051516677127196,42.37786865234375,51343900,VALE3.SA
2021-11-19,43.016968395387,44.057209785532756,42.70421723471843,43.533687591552734,26849500,VALE3.SA
2021-11-22,44.567131395659494,46.926363327408424,44.29517228456329,45.9541130065918,44693500,VALE3.SA
2021-11-23,48.007394199278856,48.9320519651483,47.055540006508785,47.16432571411133,30391600,VALE3.SA
2021-11-24,47.66744629953601,48.25895690917969,47.25951027334878,48.25895690917969,20764100,VALE3.SA
2021-11-25,48.46971579335658,48.46971579335658,47.45667368279199,47.93259811401367,17199200,VALE3.SA
2021-11-26,45.892923019586334,47.15752842443445,45.892923019586334,46.66800308227539,22664200,VALE3.SA
2021-11-29,47.78303348673708,48.00059974170457,47.02155418794521,47.252716064453125,18164000,VALE3.SA
2021-11-30,46.91276411394422,48.578505112680006,46.70199828289774,47.55866241455078,42668700,VALE3.SA
2021-12-01,48.4765224269332,48.91845008964903,47.57226070419271,47.7490348815918,28194700,VALE3.SA
2021-12-02,48.25215878281813,50.01308470071651,47.667448549053915,49.965492248535156,24888400,VALE3.SA
2021-12-03,49.69353093718299,50.54339982189761,48.27255265179039,48.86406326293945,34451500,VALE3.SA
2021-12-06,49.54395997620002,51.66522946138784,48.92525291822811,51.51565170288086,28848800,VALE3.SA
2021-12-07,53.22219006863122,54.26242878996917,51.74001847434109,51.89639663696289,37125100,VALE3.SA
2021-12-08,52.345114222135926,52.345114222135926,50.9785290167127,51.508846282958984,24281000,VALE3.SA
2021-12-09,50.91734319740626,51.638030337467725,50.61818769601263,51.1145133972168,16925200,VALE3.SA
2021-12-10,51.33208527434102,51.808009817903226,50.88335197282081,51.4340705871582,16827100,VALE3.SA
2021-12-13,52.69187140736949,53.52814468110081,52.61708252975173,52.9366340637207,31699100,VALE3.SA
2021-12-14,53.38536477776235,53.6369278500947,52.50830460092464,52.92983627319336,21063500,VALE3.SA
2021-12-15,53.08621238587094,53.154200860652765,51.808006236344895,52.63068389892578,22112200,VALE3.SA
2021-12-16,53.711710996950515,54.704357185317704,53.34456703349617,54.69076156616211,30125700,VALE3.SA
2021-12-17,54.32363064704446,54.847147698841454,53.75931635360879,53.82730484008789,38744500,VALE3.SA
2021-12-20,53.03181344512196,53.64372002231088,52.542288183370836,53.22218322753906,19195400,VALE3.SA
2021-12-21,54.255625833460186,54.656761414005764,53.813693023553014,54.622764587402344,19590300,VALE3.SA
2021-12-22,54.31681940043027,54.49359357974246,53.42615847479806,54.337215423583984,18655600,VALE3.SA
2021-12-23,54.35761463196576,54.43240351270383,53.5757393669213,53.81370162963867,13121200,VALE3.SA
2021-12-27,53.623331447387415,54.01766668550218,53.20859499787704,53.67771911621094,11371400,VALE3.SA
2021-12-28,53.378571625709455,53.39216724684244,52.05957332670334,52.38592529296875,18923700,VALE3.SA
2021-12-29,51.9303933026572,53.01822976809384,51.90999727668828,52.52190399169922,12113500,VALE3.SA
2021-12-30,53.02502325308582,53.69812321120358,52.766664953938374,53.0046272277832,26568500,VALE3.SA
2022-01-03,53.711717361058945,54.371216492784114,53.031822204589844,53.031822204589844,18557200,VALE3.SA
2022-01-04,53.378565037297534,53.75930462828947,52.283933526007836,52.406314849853516,18178700,VALE3.SA
2022-01-05,52.60347957074842,53.4941403871494,52.44030103115504,52.90262985229492,22039000,VALE3.SA
2022-01-06,53.46695653392056,54.629576669120844,53.24258987962176,53.97007751464844,22044100,VALE3.SA
2022-01-07,54.66356937065471,57.11119079589844,54.24883292728087,57.11119079589844,35213100,VALE3.SA
2022-01-10,56.08454174172632,57.29475411198926,55.95536520831702,56.43128967285156,25056700,VALE3.SA
2022-01-11,56.75764770585373,57.893071327450244,56.64206159154958,57.505531311035156,28418800,VALE3.SA
2022-01-12,58.80412573280658,58.86531898912998,57.74349103695529,58.13103103637695,27335400,VALE3.SA
2022-01-13,57.682286600423765,57.94745041017945,56.907206751809476,57.247154235839844,23154200,VALE3.SA
2022-01-14,56.92081559412977,57.74348799919541,56.37010225213081,57.58031463623047,21183400,VALE3.SA
2022-01-17,57.11118848670485,57.51912450988657,57.11118848670485,57.28116226196289,9688500,VALE3.SA
2022-01-18,57.505520543200944,59.06927593628037,57.43753208040396,58.68173599243164,24080200,VALE3.SA
2022-01-19,60.157119653000485,60.51066281630613,59.749178450555995,59.97354507446289,29332500,VALE3.SA
2022-01-20,60.37468441586653,60.490265333080764,58.90610857177609,58.95370101928711,22748800,VALE3.SA
2022-01-21,58.79054291633393,58.96731713320229,57.34236271849433,57.72990798950195,32752300,VALE3.SA
2022-01-24,56.90721815026971,57.08399232978555,55.80579140119626,57.022804260253906,29040100,VALE3.SA
2022-01-25,57.151992797851555,57.82509282709801,56.46530233321859,57.15199279785156,22490500,VALE3.SA
2022-01-26,58.40298996350306,58.851718030905765,56.988806914547496,57.31515884399414,25806800,VALE3.SA
2022-01-27,57.791076217824866,58.10382730195297,56.61485556067613,57.44432830810547,20994900,VALE3.SA
2022-01-28,58.185436852692455,58.70895391384386,56.315724911568836,56.88003921508789,28453000,VALE3.SA
2022-01-31,56.390506561269596,56.390506561269596,54.983123779296875,54.983123779296875,31397700,VALE3.SA
2022-02-01,55.411447776699035,58.015447119596566,55.32306328566978,58.00184631347656,24131300,VALE3.SA
2022-02-02,58.1310386959436,58.66815651805297,57.600721278141314,58.328208923339844,17489000,VALE3.SA
2022-02-03,58.67494686741963,59.00129359759358,58.00864741360054,58.301002502441406,19179400,VALE3.SA
2022-02-04,58.30100833285939,59.946353328931515,58.1650313795531,59.830772399902344,24535400,VALE3.SA
2022-02-07,59.93275647635469,61.35373480178897,59.93275647635469,61.27894592285156,24915800,VALE3.SA
2022-02-08,61.49651321229765,62.196809562302924,60.85061490549452,62.135616302490234,26598600,VALE3.SA
2022-02-09,61.190553573020345,62.41436671935575,60.73502514134619,62.149208068847656,24815300,VALE3.SA
2022-02-10,62.856303235083985,64.23649471811136,62.570748522949316,63.82175827026367,47888900,VALE3.SA
2022-02-11,63.47500677432458,63.50220320071144,62.27838994924212,62.52995300292969,34555300,VALE3.SA
2022-02-14,61.94524826990043,62.6659354775912,61.74807805158744,62.257999420166016,22804400,VALE3.SA
2022-02-15,60.524260886844,61.149768335236686,59.62679954205841,60.4086799621582,29624900,VALE3.SA
2022-02-16,60.809828217763084,61.61210475953371,60.578661152919665,60.85062026977539,20774700,VALE3.SA
2022-02-17,60.408679235888016,60.510664539403265,58.04264716771192,58.23301696777344,36259300,VALE3.SA
2022-02-18,58.77012500310886,59.17126056014118,58.08342960603379,58.35538864135742,22690600,VALE3.SA
2022-02-21,58.878909069378466,59.823962754270376,58.131025567352935,58.402984619140625,14561000,VALE3.SA
2022-02-22,58.94010640060108,59.42283128703112,58.33500019175302,59.41603088378906,23591200,VALE3.SA
2022-02-23,59.8919540338071,60.06192780076038,58.165025126286984,58.79052734375,24413800,VALE3.SA
2022-02-24,57.53272439683955,59.857964360266216,56.92761818157099,59.51801681518555,37212500,VALE3.SA
2022-02-25,58.824514469731206,62.82910088398967,57.85906479246507,62.7407112121582,51028300,VALE3.SA
2022-03-02,67.28921230734605,67.78553277706385,65.99061030328139,67.75154113769531,42191500,VALE3.SA
2022-03-03,68.12548526132437,68.84617757679943,67.64956077796258,67.78553771972656,38621400,VALE3.SA
2022-03-04,67.09204772835706,69.41048728929017,66.71130813763206,69.32890319824219,30533200,VALE3.SA
2022-03-07,71.00825997158016,72.00090639177405,70.62071989529083,71.43659210205078,55305300,VALE3.SA
2022-03-08,72.74198366578699,72.82357295456177,67.79914800246053,68.3022689819336,53060200,VALE3.SA
2022-03-09,67.63101159014778,67.63807343986971,65.35051892513955,66.50135803222656,41051200,VALE3.SA
2022-03-10,66.72022301511467,68.6971206665039,66.4236899833901,68.6971206665039,33107000,VALE3.SA
2022-03-11,68.7888898126326,69.48080547233658,68.31584834620661,68.33702850341797,24321500,VALE3.SA
2022-03-14,67.05911263443532,67.21443559186855,64.42560340724101,64.67271423339844,37172800,VALE3.SA
2022-03-15,62.82995998375886,63.24652281716329,61.62264257024286,62.81584167480469,47128500,VALE3.SA
2022-03-16,64.87746873649583,66.28247499452118,63.055899585922866,64.34088134765625,37906100,VALE3.SA
2022-03-17,65.5905613078709,67.05911335716523,65.35756878929196,66.57901000976562,40663500,VALE3.SA
2022-03-18,67.36271358530499,67.84281158447266,66.22599829524627,67.84281158447266,46080900,VALE3.SA
2022-03-21,68.71829437844433,70.20096478452761,68.59120803583077,69.76322174072266,25374600,VALE3.SA
2022-03-22,69.55140833624358,69.86912147012387,67.91340973086811,68.202880859375,29489800,VALE3.SA
2022-03-23,68.8383150894953,69.8550057745329,67.98401459477807,68.09697723388672,26309600,VALE3.SA
2022-03-24,67.92047923013678,68.90892806149982,67.29210930314007,68.42176818847656,23122800,VALE3.SA
2022-03-25,68.97952583236544,69.40315057965134,66.57901432634488,67.23562622070312,22505500,VALE3.SA
2022-03-28,67.56746618264603,68.01932760893607,66.09185739073925,67.31329345703125,16274200,VALE3.SA
2022-03-29,67.3132922612345,67.53922835697894,65.94358969376833,66.73434448242188,38228800,VALE3.SA
2022-03-30,68.00519790168981,68.56296543463385,67.26386001175618,67.68748474121094,22007500,VALE3.SA
2022-03-31,68.07580441717644,68.40764129525186,67.32741001921063,67.49685668945312,17981400,VALE3.SA
2022-04-01,68.32998303662565,68.83832847801368,67.82869944487162,68.45706939697266,22457700,VALE3.SA
2022-04-04,68.32292276180381,69.3678556805881,68.16759977256667,69.14898681640625,16914000,VALE3.SA
2022-04-05,68.73947066489973,69.03600365208685,66.94614365866359,67.15089416503906,25764400,VALE3.SA
2022-04-06,67.3062249077654,68.28761177175744,67.3062249077654,68.16758728027344,22615800,VALE3.SA
2022-04-07,67.42625380536977,68.97247014514608,67.17208110878701,68.57708740234375,19946600,VALE3.SA
2022-04-08,68.23113511562629,68.76772254084165,66.80494860117419,67.17914581298828,26887400,VALE3.SA
2022-04-11,66.2330621753849,66.86849399046672,65.6046922100854,66.3672103881836,16515800,VALE3.SA
2022-04-12,67.14383732267662,67.50391619774194,65.83061355395584,65.92240142822266,16822600,VALE3.SA
2022-04-13,66.00712874241974,66.63549868183082,65.52702532265042,65.94358825683594,23674700,VALE3.SA
2022-04-14,65.88003920940807,66.3672044551888,64.50327488865292,65.0186767578125,24980700,VALE3.SA
2022-04-18,64.6797870049973,64.95513988444799,63.55013347563383,63.94551086425781,14812600,VALE3.SA
2022-04-19,63.32420523642239,63.32420523642239,61.31200358059144,61.90507507324219,34550900,VALE3.SA
2022-04-20,61.14961542569074,61.19197574907873,59.58928067041677,60.29531478881836,29635700,VALE3.SA
2022-04-22,58.777339395786065,58.88324558913706,56.53921256983869,56.80044174194336,39058200,VALE3.SA
2022-04-25,55.02829348900607,56.207369014900635,54.745878802418616,55.83317184448242,38943700,VALE3.SA
2022-04-26,55.83317775598754,56.00262443123584,54.964753445441225,55.07065963745117,37069400,VALE3.SA
2022-04-27,56.80750244686783,58.38901730611449,56.588633601867606,58.01482009887695,49408800,VALE3.SA
2022-04-28,60.02699517579947,60.40119763867685,57.06871702597596,59.44804763793945,56032800,VALE3.SA
2022-04-29,60.84601823307322,61.56617063643732,58.805580139160156,58.805580139160156,47492200,VALE3.SA
2022-05-02,58.71380174258685,58.74203836800329,56.93459269102258,58.544349670410156,31473600,VALE3.SA
2022-05-03,58.56552737388604,59.45513186231784,58.0289453276941,58.2478141784668,27364600,VALE3.SA
2022-05-04,57.845376669814975,58.021885202874756,56.376824381970515,57.760650634765625,34032200,VALE3.SA
2022-05-05,57.57709134837237,58.742043472798926,55.83318600694946,56.715728759765625,30906600,VALE3.SA
2022-05-06,55.91789546129367,57.118156596633526,55.247165258171684,56.31327819824219,25204100,VALE3.SA
2022-05-09,54.73881936729916,55.05653792369738,53.7150721432226,54.00454330444336,37050200,VALE3.SA
2022-05-10,53.84920684982322,54.32225368886046,52.860763631802826,53.333805084228516,31905000,VALE3.SA
2022-05-11,54.62586216671867,56.40506579083668,54.449353635545286,55.55782699584961,33933400,VALE3.SA
2022-05-12,54.399936861622265,55.000064849853516,53.56681629632992,55.000064849853516,27737200,VALE3.SA
2022-05-13,55.367185539236615,56.02379738124767,54.92944790230391,54.93650436401367,26086800,VALE3.SA
2022-05-16,55.55075683549226,56.93458286646605,55.43778880686807,56.581565856933594,23828800,VALE3.SA
2022-05-17,57.78888494841902,57.838307115627735,55.67784468248636,56.34151840209961,29305300,VALE3.SA
2022-05-18,55.571937018274156,55.95319603512778,54.661152486892504,54.91532516479492,30631700,VALE3.SA
2022-05-19,54.915325580209924,56.75101296713764,54.696456756265206,56.37681579589844,29984300,VALE3.SA
2022-05-20,57.90185911132422,58.21957230750684,56.89223011434046,57.37233352661133,38372000,VALE3.SA
2022-05-23,58.106611950486204,59.059756963374845,58.08542640150436,58.544349670410156,27632800,VALE3.SA
2022-05-24,57.76771305965458,59.37040818568909,57.188765280917224,59.33510971069336,35176800,VALE3.SA
2022-05-25,59.306864373262904,59.87169380765335,58.8903068400248,59.5186767578125,24607700,VALE3.SA
2022-05-26,59.41982363122004,59.76577878067269,58.67142393329085,59.48336410522461,27450600,VALE3.SA
2022-05-27,59.942288744831764,60.63419906065128,59.8010787103498,60.521236419677734,19834500,VALE3.SA
2022-05-30,60.91661808814892,61.71444002669709,60.72599126126601,61.177852630615234,16147900,VALE3.SA
2022-05-31,61.580298750734414,61.728565274217765,60.019963942709076,60.86720275878906,41369800,VALE3.SA
2022-06-01,60.85309010641521,62.68171611941584,60.71894188318951,62.30045700073242,26258900,VALE3.SA
2022-06-02,63.54305257077069,63.74074120579972,62.837018653317685,63.472450256347656,25142400,VALE3.SA
2022-06-03,63.19005618894749,63.408925050913695,62.385177691883236,62.455780029296875,18431900,VALE3.SA
2022-06-06,63.288888298469736,63.39479447741429,62.51931381225586,62.51931381225586,14932800,VALE3.SA
2022-06-07,62.3004400385237,64.17143125749337,62.20865755566097,63.980804443359375,27004800,VALE3.SA
2022-06-08,63.387737613832584,63.776058504962634,61.31905758400215,61.77798080444336,26959100,VALE3.SA
2022-06-09,61.42496498681912,61.42496498681912,59.62457592738802,59.6881217956543,36291100,VALE3.SA
2022-06-10,58.862063099209415,60.00583485963689,58.16308548271202,59.702239990234375,28689500,VALE3.SA
2022-06-13,57.96539457640103,58.50904381279879,56.553326472778046,57.81006622314453,31050500,VALE3.SA
2022-06-14,58.12778278075036,58.459619635555505,57.11109205736646,57.69710159301758,22634500,VALE3.SA
2022-06-15,57.965406750116784,59.14448257148088,57.57002932178234,57.66181182861328,33610300,VALE3.SA
2022-06-17,56.02380090771955,56.02380090771955,53.73625208917155,54.65409851074219,56914600,VALE3.SA
2022-06-20,53.37617483974083,53.785675894854506,52.42302991854434,53.305572509765625,26725700,VALE3.SA
2022-06-21,54.22341395563164,54.816479936631175,53.48913794109984,53.65858459472656,20981000,VALE3.SA
2022-06-22,52.24652391716513,53.693895991137104,51.80878083165153,53.199668884277344,32228300,VALE3.SA
2022-06-23,53.96924550252784,54.58349168994108,51.138047401484165,51.25807189941406,31943300,VALE3.SA
2022-06-24,51.385148462932605,52.86781863570733,51.25806214031698,52.68425369262695,22394300,VALE3.SA
2022-06-27,54.0116096311205,55.755514751656555,53.700952897761354,55.10596466064453,28825700,VALE3.SA
2022-06-28,56.48272318980724,56.64511338908732,55.62136079930472,56.09440231323242,26052000,VALE3.SA
2022-06-29,56.2073733260794,56.546266666688204,55.09890004015731,55.62842559814453,18636600,VALE3.SA
2022-06-30,54.35756522304303,55.10596505083355,53.778617461891606,54.05397033691406,27471300,VALE3.SA
2022-07-01,53.31969972386942,54.032795764892875,52.10532544034018,53.02316665649414,26721000,VALE3.SA
2022-07-04,52.24651721758314,52.95961308245288,51.94998422345943,52.71955871582031,12474200,VALE3.SA
2022-07-05,52.48656868354449,52.54305270032297,51.23689078534157,52.45833206176758,26472200,VALE3.SA
2022-07-06,52.705445756582776,53.27026979512302,51.92174748782418,52.95255661010742,23138800,VALE3.SA
2022-07-07,54.54819086353594,55.225982888396345,54.279894483732825,54.49170684814453,34251200,VALE3.SA
2022-07-08,54.24459125685479,54.971805384753395,53.164360143637516,53.234962463378906,24149200,VALE3.SA
2022-07-11,52.35243222002212,52.35949406962813,51.22983514363756,51.420467376708984,22076800,VALE3.SA
2022-07-12,50.83446000495049,51.660518687243766,50.17078616450297,51.57579803466797,22460000,VALE3.SA
2022-07-13,51.5051813453858,51.992346559369324,51.05331998824049,51.3992805480957,22980800,VALE3.SA
2022-07-14,49.77539883938883,50.00839136078565,47.69965707896652,47.97500991821289,57715800,VALE3.SA
2022-07-15,47.65729767124374,48.35626986217056,47.05716981492831,48.271549224853516,36589000,VALE3.SA
2022-07-18,49.69772840899134,49.69772840899134,48.50452933139777,48.52571487426758,22131300,VALE3.SA
2022-07-19,48.158580804540655,48.906975156737225,48.003252455229166,48.631622314453125,21785500,VALE3.SA
2022-07-20,48.33509186072361,48.34921555864848,46.725335040486556,47.57963562011719,40427400,VALE3.SA
2022-07-21,47.52315340200317,48.44806173307231,47.05011184923632,48.412757873535156,26987300,VALE3.SA
2022-07-22,49.281175441114826,49.951905587646934,48.69516592729973,48.8646125793457,27884000,VALE3.SA
2022-07-25,49.88836712864085,50.290806310141384,49.45062409100729,49.76833724975586,19833200,VALE3.SA
2022-07-26,50.354355401064495,50.424957738795904,49.125857487376166,49.67656326293945,19791500,VALE3.SA
2022-07-27,49.4012009720579,49.860124159879526,48.935215935823365,49.78951644897461,21666900,VALE3.SA
2022-07-28,50.45319357236258,50.813272453292,49.64125332135455,49.909549713134766,21778700,VALE3.SA
2022-07-29,49.18939610427132,49.648319361988435,48.03150057235872,49.245880126953125,77006600,VALE3.SA
2022-08-01,48.6739927374371,49.316480969506785,47.96089678584556,48.066802978515625,38874000,VALE3.SA
2022-08-02,48.243311833688864,49.75422439204025,47.29016686637191,49.59889602661133,32636900,VALE3.SA
2022-08-03,49.46474834862869,49.52829421998581,47.67142105102539,47.67142105102539,31934600,VALE3.SA
2022-08-04,47.77732379910273,48.04562019074804,47.17719592226375,47.39606475830078,40540800,VALE3.SA
2022-08-05,47.93265076571911,48.53984047384823,47.657297919778266,48.01031494140625,36129300,VALE3.SA
2022-08-08,48.596331228158654,48.81520008819906,47.84087491259241,48.419822692871094,35705300,VALE3.SA
2022-08-09,48.42687178173136,49.53535038569244,48.11622046982645,49.42238235473633,35174600,VALE3.SA
2022-08-10,49.93778689586805,49.9942655217102,48.801071731636796,49.45768356323242,30202200,VALE3.SA
2022-08-11,49.98721083074751,51.999406712844475,49.81070232553528,51.18040466308594,51158600,VALE3.SA
2022-08-12,51.07796154351703,51.83544540405273,50.72150321627913,51.835445404052734,35608400,VALE3.SA
2022-08-15,50.49871730112024,50.907165075024224,49.78579491323614,50.72150802612305,26735800,VALE3.SA
2022-08-16,51.61266663621611,52.243899555440635,51.323042053680105,51.85030746459961,22070200,VALE3.SA
2022-08-17,50.73635896564726,51.09282299859344,50.41702860943842,50.669525146484375,29131700,VALE3.SA
2022-08-18,50.72151249435171,50.951725442212286,50.28335887412869,50.29078674316406,27692000,VALE3.SA
2022-08-19,49.75609283387232,50.082851077480385,49.369928636175096,49.72638702392578,45903800,VALE3.SA
2022-08-22,49.6075702136619,49.68925977582155,48.88721989232907,48.99861526489258,19335700,VALE3.SA
2022-08-23,49.59271187626621,52.206766396756855,49.49617224686654,52.13992691040039,37223500,VALE3.SA
2022-08-24,51.82060093764035,52.16963713890619,50.35762230636228,50.46158981323242,28773800,VALE3.SA
2022-08-25,51.16707996925,51.56067197684527,50.68437054518288,51.44184875488281,24956700,VALE3.SA
2022-08-26,51.72405584250294,52.87512616591354,50.669525146484375,50.669525146484375,28510100,VALE3.SA
2022-08-29,50.12740652025284,50.42445895131141,49.64469702800815,49.68925857543945,22128100,VALE3.SA
2022-08-30,48.96890447786118,49.44418606441302,47.82525638965724,48.24855422973633,34469300,VALE3.SA
2022-08-31,48.582741355495486,48.775826297255044,47.8995246887207,47.8995246887207,33242900,VALE3.SA
2022-09-01,47.513350779383934,47.513350779383934,45.96868563279587,47.44651412963867,40922200,VALE3.SA
2022-09-02,47.89209574837942,48.13716443830863,46.72616958618164,46.72616958618164,49910300,VALE3.SA
2022-09-05,47.86238484858838,49.369924842048974,47.69901140514367,48.43421173095703,24319700,VALE3.SA
2022-09-06,48.025766508772044,48.67928298047696,47.22372948956543,47.283138275146484,24525000,VALE3.SA
2022-09-08,47.65445154841844,48.04804359874433,47.2014507135631,47.90694808959961,24144700,VALE3.SA
2022-09-09,49.4219108478597,51.71662935317177,49.19169224439524,51.64979553222656,49273400,VALE3.SA
2022-09-12,52.050809047515024,52.42955102488343,51.434431932970895,52.10279846191406,24797600,VALE3.SA
2022-09-13,51.47898772775559,52.72660335778317,50.56555252874461,50.68437576293945,29457800,VALE3.SA
2022-09-14,50.31305939403933,51.22649455200638,49.36249622640742,49.75608825683594,31018300,VALE3.SA
2022-09-15,50.35019436298289,50.96657146464519,49.88976283804391,50.758636474609375,36958800,VALE3.SA
2022-09-16,49.96402548659327,51.129951559562805,49.45161020428441,50.68437576293945,65178000,VALE3.SA
2022-09-19,50.07542543165726,52.39984992157963,50.00116373639599,52.32558822631836,34136800,VALE3.SA
2022-09-20,51.83545159868074,52.058236663377755,50.79577096601711,51.57552719116211,35289700,VALE3.SA
2022-09-21,51.575525374045554,51.97654527533575,50.80319704467566,50.8328971862793,44482000,VALE3.SA
2022-09-22,52.11022043854987,52.50381248560717,51.44928178107559,51.99882507324219,34529500,VALE3.SA
2022-09-23,51.02597981747072,51.278476336226646,50.37246908117845,50.92201232910156,44160700,VALE3.SA
2022-09-26,50.27592144883864,51.5532427215425,50.2313655747034,51.03340530395508,18503200,VALE3.SA
2022-09-27,50.23137642824925,50.66953005986204,49.89719596842246,50.27593231201172,31646600,VALE3.SA
2022-09-28,50.283359304965295,51.12252720742462,50.08285216572423,50.75121307373047,24371000,VALE3.SA
2022-09-29,50.44673247992803,51.07796529959087,50.016006775855644,50.81804656982422,34889700,VALE3.SA
2022-09-30,50.86259972148041,54.137592538421146,50.69179842213246,53.498931884765625,55575000,VALE3.SA
2022-10-03,54.39009537905529,55.080739928160106,52.823149204912134,54.95449447631836,42688100,VALE3.SA
2022-10-04,55.10300883289228,56.62539887217035,54.99904134068634,56.283790588378906,41717500,VALE3.SA
2022-10-05,56.65510088112957,57.82102682196286,56.52885545845789,57.15266036987305,42621400,VALE3.SA
2022-10-06,57.33089657732278,57.60567105965653,55.63770513458313,55.867923736572266,76852200,VALE3.SA
2022-10-07,55.96446750960838,58.99439224506332,55.81594412026033,56.075862884521484,83593200,VALE3.SA
2022-10-10,56.744216325315264,57.197214257646394,54.56831574709581,54.947052001953125,45515900,VALE3.SA
2022-10-11,54.36038557145356,55.08816374857422,53.49151187974108,54.575748443603516,33885800,VALE3.SA
2022-10-13,53.65489284072545,54.06334065808375,52.76374117751255,53.602909088134766,32960000,VALE3.SA
2022-10-14,53.92224041306662,54.479211628737346,51.68692768108291,51.85773468017578,34091700,VALE3.SA
2022-10-17,52.13992078778702,52.90482686191248,51.43442632437887,52.67461395263672,25840500,VALE3.SA
2022-10-18,53.69202214324817,54.08561419017423,52.533518276559704,53.43952560424805,27494000,VALE3.SA
2022-10-19,53.19446040718858,53.56577453846652,52.4147041309873,52.80829620361328,22651000,VALE3.SA
2022-10-20,52.711756674316625,54.35296445794243,52.22161930046612,53.48408508300781,37240700,VALE3.SA
2022-10-21,53.320709717985295,55.45947700226238,53.05336309922519,55.051029205322266,36846800,VALE3.SA
2022-10-24,54.41236686148804,54.91735427470433,52.86027661054311,53.4172477722168,32035800,VALE3.SA
2022-10-25,53.179606969868175,54.41236686148804,52.66719168807121,53.4172477722168,28158100,VALE3.SA
2022-10-26,52.93454365191686,55.58572642295095,52.81572607162901,54.6054573059082,40845700,VALE3.SA
2022-10-27,53.46922915037535,53.55834657198186,51.56067494761214,52.659767150878906,52613000,VALE3.SA
2022-10-28,50.93686283147393,51.278476771360765,49.49616805221757,50.090267181396484,52793500,VALE3.SA
2022-10-31,49.01346651266192,51.53840379950533,48.65700244507056,49.85263442993164,39184100,VALE3.SA
2022-11-01,51.57553068004542,52.578083369313475,51.20421654796214,51.36759567260742,42670000,VALE3.SA
2022-11-03,50.23136743749509,50.454158148039106,49.44418341429832,49.86748123168945,34390300,VALE3.SA
2022-11-04,52.83800201215153,54.50148773379301,52.57808325342692,53.65489196777344,61191100,VALE3.SA
2022-11-07,53.46922791528156,54.23413401920776,53.05335795566419,53.37268829345703,29445500,VALE3.SA
2022-11-08,53.20931772334811,55.64513759024322,53.20931772334811,54.99162673950195,39756500,VALE3.SA
2022-11-09,55.02874428672568,55.53373165081425,53.855390460490014,54.32324981689453,42208500,VALE3.SA
2022-11-10,53.09790853794199,56.04614296748622,53.00879112728025,55.3629264831543,47658100,VALE3.SA
2022-11-11,57.91757008770147,61.63071098231145,57.33832101467085,61.11830139160156,80174100,VALE3.SA
2022-11-14,61.18513442657758,62.70752444024294,60.43507838902217,61.868350982666016,43822500,VALE3.SA
2022-11-16,61.87578560098129,62.9525942978143,60.55390822170636,61.22227478027344,32935300,VALE3.SA
2022-11-17,60.05634462907277,61.85350351493725,59.95979933686948,61.71240234375,31790500,VALE3.SA
2022-11-18,62.640682789233445,62.74465027608935,59.93008893151161,60.026634216308594,44324400,VALE3.SA
2022-11-21,58.74188665421369,59.55135429939773,58.132931786210584,59.3508415222168,27745900,VALE3.SA
2022-11-22,59.373116220156966,60.49448627330577,58.95724628396528,59.514217376708984,27105100,VALE3.SA
2022-11-23,60.10090637207031,60.420236756153834,59.36570596808419,60.10090637207031,22415800,VALE3.SA
2022-11-24,60.53162590612556,61.18513667960446,59.863259395861064,60.487064361572266,12420900,VALE3.SA
2022-11-25,60.895514642260146,61.54902544263408,59.91524560879738,60.0786247253418,20477000,VALE3.SA
2022-11-28,59.85583962326965,61.14801127401802,59.05379970247235,60.37568283081055,16166300,VALE3.SA
2022-11-29,61.52673788806512,63.628376802837515,61.35593659531566,62.70751953125,42574300,VALE3.SA
2022-11-30,63.123403699833574,64.326463551214,62.945174499341555,63.65066909790039,59932800,VALE3.SA
2022-12-01,64.17793164619115,64.42300032711316,62.92289376345859,63.99970245361328,34319300,VALE3.SA
2022-12-02,64.4304229768557,65.1581954259816,63.10111784457488,64.46012878417969,30213600,VALE3.SA
2022-12-05,65.27702472427663,66.08648680235076,64.37101734697255,64.39329528808594,21896500,VALE3.SA
2022-12-06,64.60123181008031,66.04193247115715,64.51954224687672,65.32901000976562,21335700,VALE3.SA
2022-12-07,63.79919529867743,64.17793162455224,62.27680512888553,63.00457763671875,45441000,VALE3.SA
2022-12-08,63.49470839552353,64.79430769016875,63.38331303710757,63.77690505981445,29827900,VALE3.SA
2022-12-09,65.3958305221818,66.49492263421473,65.00223852458039,65.90081787109375,37713000,VALE3.SA
2022-12-12,65.46268323411661,65.57407860794837,63.40559975020963,63.932865142822266,34995000,VALE3.SA
2022-12-13,64.2696751105359,65.126605249027,63.80767655876236,64.2026138305664,31559400,VALE3.SA
2022-12-14,63.897097410044886,65.07444470925131,63.71080849631298,64.74657440185547,34564000,VALE3.SA
2022-12-15,65.11915060370706,65.7003710904274,64.74657278554415,64.95521545410156,24782100,VALE3.SA
2022-12-16,64.82854934917293,65.06699895845607,62.97311314927963,63.84494400024414,37762100,VALE3.SA
2022-12-19,63.33823534800164,63.77042702420886,62.77191541659517,63.61394500732422,27508500,VALE3.SA
2022-12-20,63.61394523179807,65.01483592486589,63.56923202318261,63.89710235595703,22657300,VALE3.SA
2022-12-21,64.75402775267035,65.12660558129896,63.94925827841179,64.26222229003906,39183700,VALE3.SA
2022-12-22,64.29203397402425,64.56774363431973,63.10723911982257,63.89710235595703,19429200,VALE3.SA
2022-12-23,63.54687578577645,64.47086724158683,63.39784692309586,64.32183837890625,18656500,VALE3.SA
2022-12-26,64.39635556862386,65.23093201660913,64.32929428307108,64.91051483154297,18407500,VALE3.SA
2022-12-27,65.57370444860668,66.80321254403547,65.17877282006422,66.46044158935547,26720300,VALE3.SA
2022-12-28,66.46044355852415,67.22049992662363,66.09531314558139,66.31140899658203,23314500,VALE3.SA
2022-12-29,66.3188595153566,67.02675517996887,66.1921844065459,66.22943878173828,40110800,VALE3.SA
2023-01-02,66.08039989160768,66.98949064775202,65.96862541280392,66.61691284179688,12783800,VALE3.SA
2023-01-03,66.61693121187093,67.13108486001184,66.2369001531764,66.4977035522461,25332600,VALE3.SA
2023-01-04,66.54239841762308,66.80320174477446,65.53643379347527,66.61691284179688,26395300,VALE3.SA
2023-01-05,66.66163872105165,68.31588554476407,66.31886772736792,67.73466491699219,29085600,VALE3.SA
2023-01-06,67.80916474238028,69.10573399288289,67.80916474238028,68.80767059326172,31420600,VALE3.SA
2023-01-09,68.20410765953949,69.29203441653979,67.9954649506747,68.8822021484375,19285800,VALE3.SA
2023-01-10,68.91945149685743,69.97012379922111,68.80767700095473,69.73167419433594,19821100,VALE3.SA
2023-01-11,70.03720020234707,70.4023306801105,68.74808370194587,69.48578643798828,23834100,VALE3.SA
2023-01-12,69.65716234002468,70.26818983050353,69.25477755091609,69.85089874267578,18058600,VALE3.SA
2023-01-13,69.81365424590341,70.25329347385204,69.56775144802296,69.9105224609375,16905800,VALE3.SA
2023-01-16,68.55432691289803,68.84493719174357,67.68249607636142,68.74061584472656,19563900,VALE3.SA
2023-01-17,68.9343621731027,69.47087523944049,68.42765601990448,68.65119934082031,18719500,VALE3.SA
2023-01-18,69.34419086099962,70.21602739137853,69.23242204884971,69.5528335571289,16737300,VALE3.SA
2023-01-19,69.895611953746,70.3203505058461,69.5379346906204,69.85089874267578,21712500,VALE3.SA
2023-01-20,69.97013200398675,70.46938503446314,69.67206854165731,70.03719329833984,27103900,VALE3.SA
2023-01-23,70.30542758558921,70.56623090064318,69.82107532329707,70.26817321777344,13534300,VALE3.SA
2023-01-24,70.27564309034881,71.01335144042969,69.44851968092796,71.01335144042969,17439800,VALE3.SA
2023-01-25,70.93882707861012,71.8330174142757,70.6184098698869,71.6839828491211,18282900,VALE3.SA
2023-01-26,71.90753485231983,73.0252685546875,71.8255672593392,73.0252685546875,26876000,VALE3.SA
2023-01-27,72.91347927560074,73.24134958109873,70.66311171218331,71.02823638916016,34682400,VALE3.SA
2023-01-30,71.46042892770842,71.75849232871192,70.18621343137781,70.77488708496094,23820000,VALE3.SA
2023-01-31,70.27564041941116,70.70037899039622,69.93286943976423,70.42467498779297,20658600,VALE3.SA
2023-02-01,70.93881159755352,70.93881159755352,68.24879939824629,69.64224243164062,28818100,VALE3.SA
2023-02-02,68.32332896362776,68.52451850416779,66.21453693699017,66.42317962646484,37844400,VALE3.SA
2023-02-03,66.88518096880262,67.63778417467923,66.08786455256342,66.28160095214844,22545600,VALE3.SA
2023-02-06,65.72273957621827,65.75999964041786,64.57520464202746,65.45448303222656,17888700,VALE3.SA
2023-02-07,65.26818475149595,66.08040741722354,64.82109247044957,65.88666534423828,16259700,VALE3.SA
2023-02-08,66.39336368906663,66.59455888733936,65.27563027448609,66.1102066040039,14411000,VALE3.SA
2023-02-09,66.11022161913473,66.7287022800943,65.17877689543207,65.86431884765625,19782200,VALE3.SA
2023-02-10,65.707832514332,66.28159992512929,64.35164931281497,64.67951965332031,18099100,VALE3.SA
2023-02-13,64.02378352448558,64.91052072567118,63.561790577383796,64.61245727539062,13798500,VALE3.SA
2023-02-14,64.82855410007261,65.36506718154928,64.47832996715935,64.90306854248047,20072400,VALE3.SA
2023-02-15,64.90306582814998,66.49769870635629,64.50068103387072,66.31886291503906,28465800,VALE3.SA
2023-02-16,66.53495602557511,67.25775799558846,66.24434574475757,66.46044158935547,28740800,VALE3.SA
2023-02-17,66.76594827584081,66.87772276566986,65.23092938312115,65.59605407714844,26381400,VALE3.SA
2023-02-22,64.86580531234324,65.90901873387328,64.50812807847097,65.0968017578125,16864400,VALE3.SA
2023-02-23,64.82855797857452,65.62587449872359,63.7480842863001,64.79129791259766,21485100,VALE3.SA
2023-02-24,64.12065084792383,64.44106802927004,63.07743172132545,63.3680419921875,17183900,VALE3.SA
2023-02-27,63.01036475146436,63.62139220367261,62.332276014481884,63.3680419921875,14422200,VALE3.SA
2023-02-28,63.382944776888074,64.45597085074098,62.846431739961616,63.57668685913086,21127300,VALE3.SA
2023-03-01,65.40232247964619,66.95224791790402,65.20113291380785,66.4678955078125,30916600,VALE3.SA
2023-03-02,66.4678917936222,67.16834003015505,65.88667120802572,66.31886291503906,21740900,VALE3.SA
2023-03-03,67.13852530485703,67.2875598511851,66.17727380011591,66.54240417480469,19783400,VALE3.SA
2023-03-06,65.1489582274766,65.49918229001315,64.17280615238771,64.19515991210938,27298600,VALE3.SA
2023-03-07,64.7167788857178,65.12661684210748,63.18921293526646,63.584144592285156,20898200,VALE3.SA
2023-03-08,63.785328488087046,64.38890848708094,63.63629961813795,64.16535949707031,22274800,VALE3.SA
2023-03-09,63.43510254690509,64.44851475135621,63.20410609966986,63.323333740234375,24439300,VALE3.SA
2023-03-10,63.04017443634466,64.21752186939337,62.794271677843255,63.114688873291016,21820200,VALE3.SA
2023-03-13,62.868789796434534,64.0833915667071,62.63034019475259,63.37549591064453,23460200,VALE3.SA
2023-03-14,63.2975534848322,64.23421996434841,63.130018131439094,63.95246124267578,18077900,VALE3.SA
2023-03-15,62.44464478305823,63.27469885786816,60.99775551024388,62.02580642700195,34103400,VALE3.SA
2023-03-16,61.850667709741025,62.55888168389598,61.46229080522051,62.2542724609375,20573400,VALE3.SA
2023-03-17,63.137626965621756,63.58692098380361,62.92439648197602,63.000553131103516,39906400,VALE3.SA
2023-03-20,62.99294752401359,63.96007555486198,62.299961401093064,63.51839828491211,19650900,VALE3.SA
2023-03-21,63.373709402036916,63.541244768828825,62.09435528555252,62.98533248901367,15692200,VALE3.SA
2023-03-22,62.44464443687026,63.01578447745139,62.14765208056303,62.200958251953125,18085500,VALE3.SA
2023-03-23,62.0791134769562,62.58171951133439,60.01539478687779,60.601768493652344,26000100,VALE3.SA
2023-03-24,60.685532825580744,60.814989835817435,59.46709613413479,59.90877914428711,27801900,VALE3.SA
2023-03-27,60.54846315706174,60.982529370045455,59.421410882857515,59.80978775024414,14202900,VALE3.SA
2023-03-28,59.946859557981114,60.84545345376149,59.847858232638615,60.44184875488281,13866800,VALE3.SA
2023-03-29,60.91398103077345,61.561271846019864,60.79975187280377,61.309974670410156,17345200,VALE3.SA
2023-03-30,62.21618310276278,62.40656310712856,61.79735057912006,62.30756759643555,14249000,VALE3.SA
2023-03-31,62.140041756088145,62.57410799995662,60.85307668072377,61.142452239990234,22468400,VALE3.SA
2023-04-03,60.76930563321893,61.21859969848984,60.47231326229203,61.157676696777344,13510200,VALE3.SA
2023-04-04,60.89114471208536,61.05868005875935,59.2081860376607,59.42902755737305,20485600,VALE3.SA
2023-04-05,59.20819534058217,59.21581216933789,57.79938413755271,58.553287506103516,25382600,VALE3.SA
2023-04-06,58.385751337584274,59.01781448712178,58.08875892947637,58.44667434692383,13976800,VALE3.SA
2023-04-10,58.446666738347666,59.59656369770214,58.40858840998299,59.5737190246582,13849000,VALE3.SA
2023-04-11,61.302356742741374,63.168078319632926,60.96728610136543,62.71878433227539,34226000,VALE3.SA
2023-04-12,63.015782564807495,63.05386089033193,61.14244398575306,61.37851333618164,32702000,VALE3.SA
2023-04-13,60.921612795044105,61.47752506817149,60.137247959897955,60.54846954345703,21361900,VALE3.SA
2023-04-14,60.236237640295364,60.769305186454865,59.39856670768721,60.01539611816406,22693200,VALE3.SA
2023-04-17,60.525612023679265,61.25667052488416,58.979721546721706,59.299564361572266,21479200,VALE3.SA
2023-04-18,60.00016777014818,60.106780116499465,59.13965217175931,59.80978775024414,15193400,VALE3.SA
2023-04-19,58.8655088057085,59.109195016702394,57.12923801619728,58.06591033935547,31128000,VALE3.SA
2023-04-20,57.799374352995315,58.22582373211539,56.75608976771994,56.8550910949707,31112800,VALE3.SA
2023-04-24,54.98174772089925,55.24066757053274,54.51722000503263,54.79898452758789,29754000,VALE3.SA
2023-04-25,54.22022974040842,54.22022974040842,53.08556639842781,53.3064079284668,31799200,VALE3.SA
2023-04-26,54.067932394897134,54.39538630236233,53.512020111083984,53.512020111083984,25907200,VALE3.SA
2023-04-27,53.07794371358306,54.66190676877304,52.68195585475394,54.64667892456055,31717800,VALE3.SA
2023-04-28,54.54768613817428,55.149287752601246,54.113619885984896,55.13405990600586,33277500,VALE3.SA
2023-05-02,54.29638508698522,54.52483762947873,52.78857274280413,52.95610809326172,37367900,VALE3.SA
2023-05-03,53.26071057132904,53.36732290635827,52.43826757830085,52.54487991333008,19958300,VALE3.SA
2023-05-04,52.582968405691055,52.796193116982714,50.801008242869386,50.91523742675781,35996200,VALE3.SA
2023-05-05,51.54729693717069,52.73526642267486,51.1969983916999,52.575347900390625,27107300,VALE3.SA
2023-05-08,53.83947197400508,54.18977635375261,53.192181012183795,53.283565521240234,24917600,VALE3.SA
2023-05-09,52.925641278163674,53.8470798032242,52.30119509548065,53.831851959228516,18717400,VALE3.SA
2023-05-10,53.984159399288274,54.113616421843574,52.308817504036455,52.819034576416016,24792600,VALE3.SA
2023-05-11,51.78336827942182,52.004209811923616,51.29599586629285,51.790985107421875,27709000,VALE3.SA
2023-05-12,51.70721402701998,52.21743108064056,51.334070818693874,51.84428787231445,17578100,VALE3.SA
2023-05-15,52.77334900672394,53.40540631911763,52.483967629785965,52.590579986572266,21020000,VALE3.SA
2023-05-16,52.54488405327943,52.69718574105328,51.47875480905159,51.50921630859375,23990300,VALE3.SA
2023-05-17,52.636271942006154,53.48917074437079,52.40019675783393,53.215023040771484,30913100,VALE3.SA
2023-05-18,53.21501918906852,53.55008987142356,52.63626813219319,53.291175842285156,23710600,VALE3.SA
2023-05-19,53.68716505651275,53.770932729197305,52.64388046667409,52.704803466796875,33892200,VALE3.SA
2023-05-22,52.08797832264945,52.46873838961335,51.6082169199149,51.859519958496094,18936200,VALE3.SA
2023-05-23,51.4026098181233,51.54730050493954,50.6487065009067,50.6867790222168,39413300,VALE3.SA
2023-05-24,50.092783006436335,50.092783006436335,49.3617245279129,49.5368766784668,33304700,VALE3.SA
2023-05-25,50.10801856487949,50.10801856487949,49.33126490758063,49.38457107543945,36934900,VALE3.SA
2023-05-26,50.831468068345025,51.052309600591,50.19179395558076,50.51163101196289,38181700,VALE3.SA
2023-05-29,51.28075811322098,51.5549057999452,50.06232717774498,50.13086700439453,17320700,VALE3.SA
2023-05-30,50.50401366003231,50.50401366003231,48.63828880225249,48.95051193237305,39920700,VALE3.SA
2023-05-31,48.950514270941035,49.39981418022799,48.36414340734152,48.59260177612305,103408900,VALE3.SA
2023-06-01,49.453115897780215,50.085173149182694,48.85151433685979,49.62065124511719,51982400,VALE3.SA
2023-06-02,51.78336405753511,51.93566574549425,51.30360851152055,51.737674713134766,39185700,VALE3.SA
2023-06-05,52.14127812742572,52.14889495461666,50.74007823107209,51.31121826171875,21478500,VALE3.SA
2023-06-06,51.63106345201697,52.08035750787171,51.32645425977561,51.478755950927734,31884200,VALE3.SA
2023-06-07,51.478752901301405,52.30119592865001,51.3264512191717,52.2935791015625,27377500,VALE3.SA
2023-06-09,53.055103656550976,53.15410498732106,51.97374651537787,52.05751419067383,30056800,VALE3.SA
2023-06-12,51.63106556394632,51.63106556394632,50.79338879853379,51.11323165893555,26651200,VALE3.SA
2023-06-13,52.01182313860023,52.21743100126084,51.48637243078066,51.653907775878906,34288100,VALE3.SA
2023-06-14,52.537271140334504,53.00941570351093,52.156511082593404,52.560115814208984,53775600,VALE3.SA
2023-06-15,52.62103781548937,53.039876195001376,52.0575145675492,52.971336364746094,31874100,VALE3.SA
2023-06-16,52.84949543397323,53.45870802031045,52.704804757622185,53.05510330200195,39953600,VALE3.SA
2023-06-19,53.039878783313846,53.039878783313846,52.30120331972977,52.8494987487793,14894300,VALE3.SA
2023-06-20,52.54488636479045,52.56011421026294,51.25791554971929,51.48637390136719,35748700,VALE3.SA
2023-06-21,51.075160185510455,51.2807680855688,50.80862927434663,50.96854782104492,27336800,VALE3.SA
2023-06-22,50.77054018604475,51.67675090199238,50.48878148675385,50.69438934326172,21394900,VALE3.SA
2023-06-23,50.26032824919292,50.336479099704206,49.72726648567647,50.18417739868164,23510900,VALE3.SA
2023-06-26,49.92525833563294,50.488787420315774,49.74249512948752,50.29079055786133,15030400,VALE3.SA
2023-06-27,50.94569738103639,51.23507293614408,50.603009839788825,50.892391204833984,22737400,VALE3.SA
2023-06-28,50.85430916073211,50.88477066061417,49.285579681396484,49.285579681396484,37628600,VALE3.SA
2023-06-29,49.285582557645185,50.20702119558785,49.003818024745414,49.887184143066406,24841800,VALE3.SA
2023-06-30,50.039486661440364,50.30601754290929,48.904823303222656,48.904823303222656,42992000,VALE3.SA
2023-07-03,49.27796069079287,50.64108224850906,49.224654520823485,50.43547439575195,22738400,VALE3.SA
2023-07-04,50.13848224042489,50.6106268094948,50.10802654817036,50.18417739868164,12573200,VALE3.SA
2023-07-05,49.96333420186796,50.15371422677679,49.50642330407423,49.74249267578125,27363600,VALE3.SA
2023-07-06,49.28557556654066,49.94809425136648,49.07235089510538,49.38457107543945,18579200,VALE3.SA
2023-07-07,49.10281937875639,49.9557181858473,48.973356544162336,49.84910583496094,57287600,VALE3.SA
2023-07-10,49.11804695072176,49.64349768425827,48.98858992678699,49.08758544921875,36698500,VALE3.SA
2023-07-11,49.55972719684064,51.02946115386534,49.40741969796369,50.70200729370117,35550200,VALE3.SA
2023-07-12,51.78335911359297,51.844282106934884,51.02183912662837,51.05991744995117,22864300,VALE3.SA
2023-07-13,51.95090570727452,52.39258878988966,51.72244733766319,52.24789810180664,24187200,VALE3.SA
2023-07-14,52.689581184421776,52.76573203764632,51.98136721055188,52.24789810180664,20342500,VALE3.SA
2023-07-17,52.034672082273055,52.034672082273055,51.04469358539807,51.66913986206055,15322300,VALE3.SA
2023-07-18,51.57775377756191,51.98896947774308,51.235066280828654,51.341678619384766,16950600,VALE3.SA
2023-07-19,51.39498510971232,51.76051727985716,50.991380424094885,51.20460510253906,14512600,VALE3.SA
2023-07-20,51.89759308266343,52.15650711345392,51.28837471266456,51.3188362121582,20992700,VALE3.SA
2023-07-21,51.356913872009784,51.9128202532222,51.00661534728789,51.63106155395508,24852700,VALE3.SA
2023-07-24,51.55490377548879,53.550088348315576,51.41021892035364,53.19217300415039,30616400,VALE3.SA
2023-07-25,54.6009838607931,55.33204820278957,54.54006667390736,54.837059020996094,31556700,VALE3.SA
2023-07-26,54.639062097485926,55.01982211210255,53.87754206825267,54.64667892456055,19066400,VALE3.SA
2023-07-27,54.22023219161471,54.25069369471487,53.374944362882836,53.62624740600586,28254500,VALE3.SA
2023-07-28,53.32163474357315,53.32163474357315,51.50160217285156,51.50160217285156,45938800,VALE3.SA
2023-07-31,51.78337043598744,53.06272452621523,51.66152442266208,52.6667366027832,26065700,VALE3.SA
2023-08-01,52.36973517367005,52.40019667512605,51.70721639929857,51.9356689453125,30015700,VALE3.SA
2023-08-02,51.58536700638579,51.60060066108221,50.94569294762288,51.09037780761719,29547300,VALE3.SA
2023-08-03,50.9076150693088,51.699596632328436,50.6334673817275,51.410221099853516,35512300,VALE3.SA
2023-08-04,51.174144100779756,52.0346654599127,51.14368841208083,51.44829177856445,22954300,VALE3.SA
2023-08-07,51.51683813699894,51.91282604961395,50.93046438127932,51.707218170166016,23057700,VALE3.SA
2023-08-08,51.01423122039653,51.897597348511596,50.32886195029648,51.37214660644531,43405600,VALE3.SA
2023-08-09,51.37213952092498,51.71482701367844,50.740076514013694,50.90761184692383,21859000,VALE3.SA
2023-08-10,50.877151221058476,51.158915723048636,50.21463251493352,50.30601119995117,28372300,VALE3.SA
2023-08-11,50.40501805140762,50.54970292186977,49.67395944138544,49.887184143066406,42335100,VALE3.SA
2023-08-14,49.407440405542204,49.454511131116575,48.56018829345703,48.56018829345703,41056900,VALE3.SA
2023-08-15,48.59941197188347,48.60725559643932,47.96397064898503,48.08164596557617,28611000,VALE3.SA
2023-08-16,48.16009590086943,48.58372346459179,47.85414365793918,47.893367767333984,30508600,VALE3.SA
2023-08-17,49.10149141370989,49.2740810929402,48.418982307147594,48.56803512573242,39481200,VALE3.SA
2023-08-18,48.0110393426848,48.70139498608653,47.86983016579337,48.026729583740234,34201900,VALE3.SA
2023-08-21,48.23854095478161,48.43466446932884,47.86982778979849,48.08948516845703,17695300,VALE3.SA
2023-08-22,48.670015647845936,49.3133005832002,48.66216903083006,49.09364318847656,30995800,VALE3.SA
2023-08-23,49.61926043586546,49.948746578592484,49.45451736450195,49.45451736450195,19128500,VALE3.SA
2023-08-24,49.179936493485364,49.179936493485364,48.505274047778116,48.795536041259766,17821500,VALE3.SA
2023-08-25,49.16425309106588,49.25054793717258,48.56019515353515,48.69355773925781,11395300,VALE3.SA
2023-08-28,48.97596939913185,49.63494459642974,48.85045045643738,49.39175033569336,14173600,VALE3.SA
2023-08-29,49.72124014773594,51.01565370182705,49.60356482799689,50.96858596801758,28625700,VALE3.SA
2023-08-30,51.15686310413349,51.67463211908193,50.780309261639545,50.97643280029297,21812600,VALE3.SA
2023-08-31,51.439278673803635,51.90997394386336,51.05487823486328,51.05487823486328,31011100,VALE3.SA
2023-09-01,52.31792304090664,54.13010282904464,52.270849316325744,54.04380798339844,57288600,VALE3.SA
2023-09-04,54.34975959921009,54.95382351139252,54.03596070842067,54.44390106201172,22397800,VALE3.SA
2023-09-05,54.122243230470026,54.53018349118127,53.80060377992333,54.20853805541992,19253500,VALE3.SA
2023-09-06,54.24777322356814,54.59294658950979,53.25146227280641,53.3377571105957,28466500,VALE3.SA
2023-09-08,52.325760102206814,52.43558881003845,51.96489349287206,52.3336067199707,19989200,VALE3.SA
2023-09-11,53.42405608734325,53.48681706245517,52.98474123199187,53.08672332763672,19493800,VALE3.SA
2023-09-12,53.345602419201704,53.54957257490014,52.90628760866544,53.0474967956543,14201300,VALE3.SA
2023-09-13,53.08671619723548,53.173011030119575,52.67878188423221,52.84352493286133,15448400,VALE3.SA
2023-09-14,54.36545064983075,55.44805049505101,54.1693270991246,55.00873565673828,62390300,VALE3.SA
2023-09-15,55.69908309029313,55.87951937323525,54.5537223815918,54.5537223815918,37901700,VALE3.SA
2023-09-18,54.55372349632015,54.953817185652234,53.77707596955874,53.910438537597656,21849000,VALE3.SA
2023-09-19,53.871215273595865,54.32622334601427,53.51034865984823,54.01242446899414,43870300,VALE3.SA
2023-09-20,54.34975333424411,54.73415378891241,54.1614764155598,54.373287200927734,14372200,VALE3.SA
2023-09-21,53.5809554410969,53.70647139888024,52.9533576965332,52.9533576965332,21686000,VALE3.SA
2023-09-22,53.65155619254973,54.0281160303472,53.29068958998559,53.345603942871094,17063700,VALE3.SA
2023-09-25,52.56895228354839,52.584639532342266,51.59617527230524,52.24730682373047,34715000,VALE3.SA
2023-09-26,51.54126715652882,51.980587983680216,51.28238861622583,51.43143844604492,24178800,VALE3.SA
2023-09-27,51.8550662772323,51.925673868707705,51.235315130796444,51.54126739501953,17109300,VALE3.SA
2023-09-28,51.862907409235994,52.59248718949,51.745232092701755,52.32575607299805,26072300,VALE3.SA
2023-09-29,52.80430031972136,53.07103144807704,52.592489528710935,53.016117095947266,19018000,VALE3.SA
2023-10-02,53.01611545849116,53.12594415935854,52.263001801736856,52.553260803222656,11175900,VALE3.SA
2023-10-03,51.839373722247075,52.529726404305364,51.83152710506027,52.23162078857422,15268800,VALE3.SA
2023-10-04,52.09041397773201,52.388519607040294,51.40790189656046,51.67463302612305,14377000,VALE3.SA
2023-10-05,51.67463202659287,52.12963408669072,51.5098889726447,51.69816589355469,11556300,VALE3.SA
2023-10-06,51.690322172336835,52.91413120464407,51.63540781794397,52.4512825012207,22711400,VALE3.SA
2023-10-09,51.564802076266155,52.0747184753418,51.29807095831688,52.0747184753418,14392200,VALE3.SA
2023-10-10,52.608180525972685,52.929826029370055,52.32576212769751,52.38852310180664,18261700,VALE3.SA
2023-10-11,52.41205076844086,52.89843928240437,52.31791530363291,52.84352493286133,13659400,VALE3.SA
2023-10-13,52.7180095773841,52.796463788133465,52.137485526177784,52.23946762084961,16302700,VALE3.SA
2023-10-16,52.87491123707652,53.14948301501868,52.70232155230834,52.79646301269531,13103300,VALE3.SA
2023-10-17,52.56110931511424,53.38483058652687,52.239463832969044,53.227928161621094,24031000,VALE3.SA
2023-10-18,52.74938684731718,52.796460567938844,51.25100607980673,51.274539947509766,34907300,VALE3.SA
2023-10-19,51.22747189249556,51.502043656010535,50.537113189697266,50.537113189697266,22855500,VALE3.SA
2023-10-20,49.674172057101195,49.79184738308427,48.63863996183842,49.172096252441406,58015100,VALE3.SA
2023-10-23,48.94459158608821,49.368219163026204,48.72493417253865,49.07795715332031,17595000,VALE3.SA
2023-10-24,50.20762313486555,50.419433911471124,49.87029042751957,50.19977951049805,21768800,VALE3.SA
2023-10-25,50.75676780742993,51.13332762325427,50.01150077815527,50.1527099609375,26091800,VALE3.SA
2023-10-26,50.050729907207945,51.28238856783661,49.90167708492157,51.227474212646484,30936700,VALE3.SA
2023-10-27,51.360837417378676,53.157329895079364,50.76462013575367,53.00827407836914,47989100,VALE3.SA
2023-10-30,53.65940226607592,54.043802732376776,53.37698388689535,53.486812591552734,26604100,VALE3.SA
2023-10-31,53.16515850263523,54.3183657000528,53.008262088587266,54.130088806152344,20961400,VALE3.SA
2023-11-01,54.33407218461589,55.46373980875806,54.32622556643535,55.16563415527344,31543500,VALE3.SA
2023-11-03,55.89520702020054,56.17762538711982,55.64416913685175,55.855979919433594,28599600,VALE3.SA
2023-11-06,55.855984642558695,56.32668595070303,55.855984642558695,56.09133529663086,19096300,VALE3.SA
2023-11-07,55.56572276204591,55.77753355164741,54.31837393594459,54.977352142333984,37073000,VALE3.SA
2023-11-08,55.008738041303644,55.58926210069848,54.773387376167776,55.016578674316406,21047900,VALE3.SA
2023-11-09,55.30683998971921,55.808915788822816,55.087182575763336,55.28330612182617,16542700,VALE3.SA
2023-11-10,56.01288650277659,56.27177102257418,55.62063940679806,56.13056182861328,22200500,VALE3.SA
2023-11-13,56.48358136166738,56.86798183674057,55.64417282250678,56.01288604736328,14410500,VALE3.SA
2023-11-14,56.499260055646815,58.28791155547439,56.40512459817124,57.74660873413086,52233600,VALE3.SA
2023-11-16,57.34652538460191,58.31929652626871,57.27592377881401,58.131019592285156,31235400,VALE3.SA
2023-11-17,58.233004094322474,58.56249020486723,58.131016023047586,58.2408447265625,24538600,VALE3.SA
2023-11-20,59.464664503980146,60.13148339655978,59.17439948676071,59.66862869262695,28810100,VALE3.SA
2023-11-21,60.6335491887281,61.6220134221356,60.28836987241104,61.112091064453125,45317800,VALE3.SA
2023-11-22,61.33987730371428,61.51779224314834,60.01361015324724,60.53117752075195,33715300,VALE3.SA
2023-11-23,60.142998530576214,60.345173454300216,59.90847487866969,60.15108108520508,10279200,VALE3.SA
2023-11-24,60.248134031134136,60.248134031134136,59.358565500893995,59.64160919189453,16667000,VALE3.SA
2023-11-27,59.39091296427318,59.73056538621974,58.954214348960626,59.2857780456543,17312300,VALE3.SA
2023-11-28,58.45281037871513,59.657771143332035,58.35577036834172,59.415164947509766,22019000,VALE3.SA
2023-11-29,59.68204046265359,59.843777935062995,58.800554579321826,59.398990631103516,15853100,VALE3.SA
2023-11-30,59.85186806140051,60.19960918812511,59.6173444019919,59.72247314453125,29712900,VALE3.SA
2023-12-01,60.43412981445743,61.04065457459097,60.183428718077764,60.83039093017578,25025200,VALE3.SA
2023-12-04,60.03786394279058,60.24812759215765,59.067426771677894,59.463687896728516,22402300,VALE3.SA
2023-12-05,59.22108625583781,59.33430372886896,58.654992720792514,58.91377639770508,25179500,VALE3.SA
2023-12-06,59.43943663612554,59.77908907898696,58.323433108199495,58.52560806274414,20503900,VALE3.SA
2023-12-07,58.78439126338821,59.0997836962342,58.56603885917795,58.711605072021484,17535800,VALE3.SA
2023-12-08,59.11595447550224,59.24534940577054,58.4932583407832,58.873348236083984,16083200,VALE3.SA
2023-12-11,58.29108251968639,59.229171070571496,58.0322988329019,58.92186737060547,15443400,VALE3.SA
2023-12-12,59.52030013704494,59.722475073767164,58.71160039015604,59.02699279785156,11036300,VALE3.SA
2023-12-13,58.63073009334199,59.293863621395246,58.477075171146595,59.03507995605469,25288200,VALE3.SA
2023-12-14,59.843784927996296,60.05404860260975,59.32621755193994,59.35856628417969,29454300,VALE3.SA
2023-12-15,59.89230924976971,60.08640165717025,59.44752803172987,59.73057174682617,23279500,VALE3.SA
2023-12-18,59.892297023060486,60.59586797400394,59.609253365746106,60.01360321044922,16333400,VALE3.SA
2023-12-19,60.40986544847651,60.72525783958965,60.142999235150164,60.43413162231445,21763700,VALE3.SA
2023-12-20,60.4341398526357,60.98405597329402,60.24004745483398,60.240047454833984,14147900,VALE3.SA
2023-12-21,61.01638991337493,62.31031436963249,60.91126117350686,62.2456169128418,24202600,VALE3.SA
2023-12-22,62.37500541472637,63.240313843807876,61.69570063072475,61.77656936645508,26277000,VALE3.SA
2023-12-26,62.39927249233805,62.633789978386794,61.99492263793945,61.99492263793945,12149500,VALE3.SA
2023-12-27,62.148581152589195,62.714674739631874,62.148581152589195,62.59336853027344,13821200,VALE3.SA
2023-12-28,62.26987264642558,62.64187374262798,62.06769773523589,62.431610107421875,16545800,VALE3.SA
2024-01-02,62.75509146836063,63.224138745105,61.93830309608354,62.31031036376953,18021800,VALE3.SA
2024-01-03,62.03535167144256,62.18900658490554,61.33986945351078,61.98683166503906,25315100,VALE3.SA
2024-01-04,61.80891822525831,61.978744421617364,60.94360979434937,61.153873443603516,18707000,VALE3.SA
2024-01-05,60.67674185828029,60.692919308579135,59.94082828680981,60.36943817138672,21082500,VALE3.SA
2024-01-08,59.79525234271093,60.29664216228598,59.44751125660799,60.06211853027344,23013300,VALE3.SA
2024-01-09,59.924652290806414,59.97317847299113,59.156389969982996,59.30195617675781,15257400,VALE3.SA
2024-01-10,58.865261594792344,58.865261594792344,58.18595052661023,58.412391662597656,21354600,VALE3.SA
2024-01-11,58.5902896897288,58.9622969742005,58.10507111287691,58.71968460083008,20289100,VALE3.SA
2024-01-12,58.38811369422821,58.79246352914638,57.93524385348429,57.97568130493164,16343400,VALE3.SA
2024-01-15,57.595596325179926,57.983768744265966,57.17506900629913,57.86246871948242,12745700,VALE3.SA
2024-01-16,57.90290442870277,58.056559365021556,56.819249658574016,57.110382080078125,22620300,VALE3.SA
2024-01-17,56.827330560421736,56.98098549226875,55.80028455937028,56.08332824707031,43086400,VALE3.SA
2024-01-18,56.770714854352526,56.93245849167705,55.80027770996094,55.80027770996094,30490600,VALE3.SA
2024-01-19,56.20463344567552,56.212722170862676,55.032021259009326,55.072452545166016,60583000,VALE3.SA
2024-01-22,54.58723303590699,54.975411630024794,54.2718406275129,54.8298454284668,23318900,VALE3.SA
2024-01-23,55.75984593420415,56.42297949001584,55.35549605456557,55.96202087402344,33886800,VALE3.SA
2024-01-24,56.851599292556195,57.28020920604291,56.406811927679456,56.52811813354492,36922100,VALE3.SA
2024-01-25,56.60898312525199,56.94055298796115,54.47401625526222,55.137149810791016,47637000,VALE3.SA
2024-01-26,54.910713458265825,56.45532674989965,54.587232329004955,56.20463180541992,27397200,VALE3.SA
2024-01-29,56.19654306879111,56.19654306879111,55.17758584118176,55.93775939941406,15866100,VALE3.SA
2024-01-30,56.12376007633308,56.285497547404425,54.9026218091106,55.62236404418945,34371300,VALE3.SA
2024-01-31,55.07245558298604,55.4606342048175,54.79750061035156,54.79750061035156,34753400,VALE3.SA
2024-02-01,54.88645730907878,55.209932291174425,54.304192469482956,54.54679870605469,21060300,VALE3.SA
2024-02-02,54.393146871484966,54.40122942665845,53.301403443787464,53.438880920410156,32589900,VALE3.SA
2024-02-05,53.29331676772051,53.5359229999312,52.848529420499716,52.97792434692383,24103300,VALE3.SA
2024-02-06,53.4307931856539,54.11010419607392,53.19626951359755,53.916011810302734,27505600,VALE3.SA
2024-02-07,54.03731614692228,54.23140235611609,53.77853247803408,54.02114486694336,19863400,VALE3.SA
2024-02-08,54.579140975527544,54.579140975527544,53.34992014740265,53.54400634765625,25812100,VALE3.SA
2024-02-09,53.45505259191126,53.851313744443345,52.872787780906854,53.309486389160156,18534800,VALE3.SA
2024-02-14,53.366100912047976,53.48740712247612,52.97792844254612,53.14775466918945,12497900,VALE3.SA
2024-02-15,52.969835621549905,53.26905676148841,52.597834462915095,52.97792434692383,17360200,VALE3.SA
2024-02-16,53.7704463882846,55.25036845940271,53.64914018788498,54.99158477783203,40947100,VALE3.SA
2024-02-19,54.21523489972729,54.66001608424386,53.891753748330835,54.57914733886719,12571600,VALE3.SA
2024-02-20,53.495484458614484,53.66531064909968,52.719133515015486,53.382266998291016,44417200,VALE3.SA
2024-02-21,53.066882586958286,53.8836649347848,53.05070513597551,53.786624908447266,20362800,VALE3.SA
2024-02-22,54.05348423691515,54.829841367652094,54.02114167886601,54.36079406738281,35910500,VALE3.SA
2024-02-23,55.19375575983643,55.856889281876995,54.376967316993685,54.49018478393555,42133700,VALE3.SA
2024-02-26,53.81088205671315,53.81897078177488,52.92939612166796,53.1720085144043,33864400,VALE3.SA
2024-02-27,53.77853549437694,54.724712758391696,53.66531801850626,54.57106399536133,28141800,VALE3.SA
2024-02-28,54.02114428221756,54.36079668710267,53.64105442298882,53.972618103027344,20331500,VALE3.SA
2024-02-29,53.81896955735016,54.57106055385478,53.77044337797324,54.1747932434082,20717000,VALE3.SA
2024-03-01,54.09392704312843,54.23140452305522,53.67340587809073,54.085838317871094,22423300,VALE3.SA
2024-03-04,54.14244351432168,54.34461844330703,53.68957364775903,53.964534759521484,13148000,VALE3.SA
2024-03-05,53.37418247588862,53.608706139275455,53.05070134811749,53.25287628173828,24436500,VALE3.SA
2024-03-06,53.552099189548386,54.24758147797547,53.51166173352072,53.980709075927734,33510700,VALE3.SA
2024-03-07,54.554884173539996,54.71662782481823,53.7461844268171,53.79470443725586,19036200,VALE3.SA
2024-03-08,53.535915740222094,54.16670666616707,53.29330954090988,53.382266998291016,23188200,VALE3.SA
2024-03-11,52.38756356595367,52.38756356595367,51.530343891254745,51.724430084228516,58622400,VALE3.SA
2024-03-12,52.686366259739195,52.86378910403756,51.25007918530969,51.402156829833984,44680100,VALE3.SA
2024-03-13,51.1993871630755,51.86683871013357,50.93747816271756,51.731658935546875,32769200,VALE3.SA
2024-03-14,51.621824969508395,51.65562071928811,50.83609151330041,51.07265853881836,30085800,VALE3.SA
2024-03-15,50.77694627628944,50.895231390533354,50.15174107284216,50.489688873291016,57064200,VALE3.SA
2024-03-18,51.106451979555615,51.537336489488915,50.700909446401994,51.452850341796875,21371000,VALE3.SA
2024-03-19,52.15409679557766,52.424456348180584,51.790800542466215,51.87528991699219,16888900,VALE3.SA
2024-03-20,51.883736271001894,52.23013464271883,51.46974640093042,52.22168731689453,18210000,VALE3.SA
2024-03-21,52.74550525761896,52.914480770058226,52.0358106837259,52.09495162963867,18445500,VALE3.SA
2024-03-22,51.95977456547657,52.01046818872568,51.47819642490004,51.495094299316406,11058400,VALE3.SA
2024-03-25,51.55423323557399,51.80769489604413,51.241630628425476,51.385257720947266,10478200,VALE3.SA
2024-03-26,50.95437602665667,51.131798876463,50.34606542967488,50.73470687866211,27142700,VALE3.SA
2024-03-27,50.52348773122339,51.258527545973365,50.4305510329219,51.19938659667969,23927000,VALE3.SA
2024-03-28,51.2162850173747,51.613377015101285,50.751604743851715,51.39371109008789,18467000,VALE3.SA
2024-04-01,52.04425931757648,52.29772420407818,51.53733599045291,51.723209381103516,16740100,VALE3.SA
2024-04-02,51.8499381424823,52.77930186456945,51.79079719560601,52.33151626586914,22583000,VALE3.SA
2024-04-03,51.84993793370113,52.078054394851065,51.15714122484865,51.5795783996582,22319900,VALE3.SA
2024-04-04,51.452851535355734,51.782352031114065,50.83609039572498,51.00506591796875,22990500,VALE3.SA
2024-04-05,50.92903072296374,51.098006257247555,50.36296638949423,50.447452545166016,15379000,VALE3.SA
2024-04-08,51.62182656929642,53.33692385995792,51.36836488397378,53.201744079589844,40281300,VALE3.SA
2024-04-09,53.75935921361799,53.96212726567374,52.390660359011314,52.846893310546875,37026100,VALE3.SA
2024-04-10,52.661019222807674,52.762403241306956,51.90063102671345,52.04425811767578,21206800,VALE3.SA
2024-04-11,52.204790323825215,52.475149875928544,51.81614887054419,52.26393127441406,16338700,VALE3.SA
2024-04-12,53.058108217573206,53.54813688464888,51.88373339377855,52.06960678100586,25740900,VALE3.SA
2024-04-15,52.63566919844948,53.100349427275184,52.34841180233072,52.37376022338867,28567300,VALE3.SA
2024-04-16,51.64717530692162,52.04426410125577,51.28387904067917,51.90908432006836,29973800,VALE3.SA
2024-04-17,53.26088453524055,53.624180795892165,52.34841860906249,52.47515106201172,34220700,VALE3.SA
2024-04-18,52.965176500056884,52.990524924385646,52.30617548043194,52.669471740722656,19932500,VALE3.SA
2024-04-19,52.58498020004432,53.69176351982355,52.45824776020495,53.5312385559082,32882400,VALE3.SA
2024-04-22,53.25242882593789,53.71711229309674,52.63567094209233,53.50589370727539,27171200,VALE3.SA
2024-04-23,52.939826155914766,53.303122380913656,52.39065654428206,53.04121017456055,23160500,VALE3.SA
2024-04-24,53.70021438598633,54.14799353336772,53.353816034372954,53.70021438598633,25212800,VALE3.SA
2024-04-25,52.95672615633065,53.260881447423166,52.30617249992499,52.568084716796875,27231000,VALE3.SA
2024-04-26,52.568084716796875,52.568084716796875,52.568084716796875,52.568084716796875,0,VALE3.SA
2024-04-29,53.12570030595736,54.029715607310806,53.05810881059566,53.98747253417969,18487200,VALE3.SA
2024-04-30,53.64952214724357,53.85229341282279,53.16794401730036,53.47209930419922,15597400,VALE3.SA
2024-05-02,53.8184976597902,54.28317791564744,53.41295835160897,54.00436782836914,17852900,VALE3.SA
2024-05-03,54.215585312164905,54.426803898962376,53.52278860530437,54.06351089477539,23681200,VALE3.SA
2024-05-06,54.25783673569457,54.66337285097962,54.0297202536416,54.22404098510742,13423600,VALE3.SA
2024-05-07,54.70561592768969,55.068912167747385,54.32542503627394,54.561988830566406,21315200,VALE3.SA
2024-05-08,53.776253487813236,54.26628215619451,53.725559866723486,54.06351089477539,18245800,VALE3.SA
2024-05-09,53.98747567701205,54.8576952813437,53.88608842806733,54.50284957885742,19672800,VALE3.SA
2024-05-10,54.70560839703326,54.87458067087324,54.207135677089965,54.31696701049805,13705000,VALE3.SA
2024-05-13,54.66336857595296,54.959079758993866,54.40145958673598,54.638023376464844,14504100,VALE3.SA
2024-05-14,54.46904861890908,54.70561239793781,54.08885130614472,54.604225158691406,13313500,VALE3.SA
2024-05-15,54.45215443041385,54.612682634781606,53.61573054963307,54.44371032714844,21292100,VALE3.SA
2024-05-16,54.899942190085405,55.060463945348545,54.41836403253554,54.84080123901367,16647700,VALE3.SA
2024-05-17,55.12805063379425,56.05741111775508,55.060459139645914,55.91378402709961,32338800,VALE3.SA
2024-05-20,55.87998863017538,56.2686300551441,55.52514295249261,55.8884391784668,22222300,VALE3.SA
2024-05-21,56.395364431405945,56.69106917295643,55.67722250310335,55.72791290283203,23042800,VALE3.SA
2024-05-22,55.76170944132875,56.05741418706888,54.984426553703244,55.28858184814453,17404000,VALE3.SA
2024-05-23,55.10270301207452,55.254780644281546,54.56198397442274,54.959075927734375,16445800,VALE3.SA
2024-05-24,54.91683690563583,55.47445711285403,54.832350753418595,54.98442840576172,11731900,VALE3.SA
2024-05-27,54.84080282978618,55.17030334472656,54.67182407476521,55.17030334472656,5119400,VALE3.SA
2024-05-28,55.15339394059091,55.161844488539465,53.52278626400836,53.97901916503906,22173900,VALE3.SA
2024-05-29,53.59882763843717,53.84384197360134,53.20173888527924,53.42985534667969,16496900,VALE3.SA
2024-05-31,53.13414872808097,53.60727953655849,53.04966258007497,53.396060943603516,23383600,VALE3.SA
2024-06-03,53.09190619450832,53.100353520218924,52.12029936784936,52.272377014160156,18846500,VALE3.SA
2024-06-04,51.86683771332592,51.875288261978966,51.283875550925785,51.740108489990234,19865100,VALE3.SA
2024-06-05,51.62182383465948,51.68941533273299,50.95437551735363,51.00506591796875,18000800,VALE3.SA
2024-06-06,51.34301626115359,51.81614707238556,50.996617895608395,51.714759826660156,17888300,VALE3.SA
2024-06-07,51.275427944561976,51.42750559964332,50.92058223133229,51.03886413574219,14822100,VALE3.SA
2024-06-10,51.1993855233774,51.79924877540109,51.03041322776054,51.59647750854492,14762900,VALE3.SA
2024-06-11,51.030417463392524,51.571136589303194,50.447452037131164,51.520442962646484,24588400,VALE3.SA
2024-06-12,51.672517502798556,51.91753184911642,50.61642451653883,50.81074523925781,21969600,VALE3.SA
2024-06-13,50.962823342993076,51.579581265733054,50.878337192512554,51.39371109008789,13692600,VALE3.SA
2024-06-14,51.41060643263474,51.43595485647154,50.91213040304551,51.216285705566406,12282100,VALE3.SA
2024-06-17,50.726258057078546,51.072656420603735,50.55728253812822,51.01351547241211,13976100,VALE3.SA
2024-06-18,50.98816788881208,51.435953504841,50.878336539185746,51.25008010864258,12239900,VALE3.SA
2024-06-19,51.12334895693781,51.60493033410298,51.005067055610965,51.410606384277344,8744100,VALE3.SA
2024-06-20,51.579581940561425,52.06116009506914,51.38526121356183,51.87528991699219,19497200,VALE3.SA
2024-06-21,51.56268339104894,51.841493488926766,51.317672265479395,51.39371109008789,39134100,VALE3.SA
2024-06-24,51.089554105429215,51.60492798599449,51.0304131574568,51.452850341796875,13669000,VALE3.SA
2024-06-25,51.52889179784879,51.571134873854106,50.92902851598889,51.241634368896484,13962500,VALE3.SA
2024-06-26,51.59647981546662,52.02736756819884,51.46130003916516,51.87528991699219,17096700,VALE3.SA
2024-06-27,51.91753083265517,52.010467529296875,51.41905482398233,52.010467529296875,13755300,VALE3.SA
2024-06-28,52.111851780158105,52.84689158500503,52.078056031605605,52.568084716796875,22429400,VALE3.SA
2024-07-01,52.98207119316964,53.50589562530081,52.88913449640637,53.345367431640625,20236800,VALE3.SA
2024-07-02,53.294674486277465,53.51434039482012,52.77085007916688,53.16794204711914,24335300,VALE3.SA
2024-07-03,53.61573036629951,54.78165475509446,53.60728304012281,54.22404098510742,29884200,VALE3.SA
2024-07-04,54.61267911260391,54.66336951244857,53.92833293118118,53.953678131103516,7984300,VALE3.SA
2024-07-05,53.48055091866414,53.94523121182948,53.38761421544304,53.734012603759766,13138400,VALE3.SA
2024-07-08,53.29467837685384,53.4298581511191,52.94827678092532,53.31157302856445,18662500,VALE3.SA
2024-07-09,53.20174114767636,53.42140707006627,52.982072002346435,53.24398422241211,9794400,VALE3.SA
2024-07-10,52.94827412080327,53.015865616010124,52.24703008420151,52.52583694458008,17384000,VALE3.SA
2024-07-11,52.737057702110434,52.96517417340766,52.247032233462335,52.39065933227539,13413600,VALE3.SA
2024-07-12,52.44135058519353,53.15949249267578,52.34841389113209,53.15949249267578,13141700,VALE3.SA
2024-07-15,53.05810737341615,53.37916052180811,52.73705422502419,53.21863555908203,10198000,VALE3.SA
2024-07-16,52.62722262498194,52.66946569676216,51.84993656787877,52.66101837158203,22363900,VALE3.SA
2024-07-17,52.280828378523125,52.39911027795702,52.027366705030495,52.17099380493164,23145000,VALE3.SA
2024-07-18,52.12875104651256,52.30617389674121,51.58803194699283,51.680965423583984,20625500,VALE3.SA
2024-07-19,51.70631296381975,51.85839061082916,51.06420662690446,51.63872146606445,20553900,VALE3.SA
2024-07-22,51.63871934629635,51.76545178791517,51.30921886561528,51.5795783996582,13095200,VALE3.SA
2024-07-23,51.19938621851689,51.19938621851689,50.692462878903854,50.886783599853516,22512000,VALE3.SA
2024-07-24,50.91212917599326,51.326119043988996,50.86988610120349,51.19938659667969,17817300,VALE3.SA
2024-07-25,51.1149007983468,51.69786296950755,50.91212952584652,51.174041748046875,17959500,VALE3.SA
2024-07-26,51.91753129434878,52.16254563804853,51.54578450447606,51.93442916870117,72721200,VALE3.SA
2024-07-29,52.120300114090796,52.21323681293803,51.664070391566256,52.027366638183594,28005900,VALE3.SA
2024-07-30,51.562680201616,51.630271696171555,50.86143617177127,50.878334045410156,28562300,VALE3.SA
2024-07-31,51.46129622130911,52.11184985366483,51.334563780392344,52.06960678100586,34433100,VALE3.SA
2024-08-01,52.25547654645158,52.27237441997417,50.878333695229,50.90367889404297,40469400,VALE3.SA
2024-08-02,51.23318004870063,51.41060288862708,50.15174191245572,50.19398498535156,35296000,VALE3.SA
2024-08-05,49.312819872529005,50.25861540341996,48.95376733958434,49.934593200683594,24635900,VALE3.SA
2024-08-06,49.68938617208983,50.372460888545994,49.30405923199574,50.18855667114258,23930200,VALE3.SA
2024-08-07,50.18856349861643,50.4337691551779,49.934598588219764,50.09223175048828,19243400,VALE3.SA
2024-08-08,49.943350159061175,50.35494819594004,49.7594459326296,49.78571701049805,14584800,VALE3.SA
2024-08-09,50.02216190163834,50.057192229196794,49.479205187185904,49.96961975097656,21989300,VALE3.SA
2024-08-12,50.00464813928432,50.013407391757376,49.49672173815525,49.71565628051758,18421500,VALE3.SA
2024-08-13,49.90832119565504,49.90832119565504,49.49672317504883,49.49672317504883,26100900,VALE3.SA
2024-08-14,49.00630573205126,49.12015262615023,48.58595182385034,49.04133605957031,51693500,VALE3.SA
2024-08-15,48.95376782917156,49.35660660856732,48.76986026407681,49.242759704589844,28153700,VALE3.SA
2024-08-16,48.99755370113236,49.12015651648333,48.6297419144033,49.11140060424805,44280200,VALE3.SA
2024-08-19,49.49672406060719,50.372462271147285,49.35660608054782,49.89956283569336,28349600,VALE3.SA
2024-08-20,50.2498649127568,50.4337691551779,49.750694345798664,50.09223175048828,19475800,VALE3.SA
2024-08-21,51.01175193409407,51.28323198823227,50.88038986322935,51.055538177490234,23200300,VALE3.SA
2024-08-22,51.00299608952787,51.1255989074707,50.66145537296052,51.1255989074707,17719100,VALE3.SA
2024-08-23,51.02050414893883,51.125595134284936,50.13601007000302,50.267372131347656,24018700,VALE3.SA
2024-08-26,51.23068411092811,51.27447035228942,50.83660125732422,50.83660125732422,17168700,VALE3.SA
2024-08-27,52.28157195471717,52.666895565576205,51.747371110580595,52.369144439697266,35232600,VALE3.SA
2024-08-28,51.99257278442383,52.10641967877511,51.38831466642254,51.99257278442383,21280300,VALE3.SA
2024-08-29,52.02760997201433,52.518024601002864,51.75612990835841,51.931278228759766,19175500,VALE3.SA
2024-08-30,51.77364104651169,52.30784187887101,51.738614057697575,52.176483154296875,36685200,VALE3.SA
2024-09-02,51.51091806361265,51.56346355561084,51.160621464976636,51.440860748291016,13155000,VALE3.SA
2024-09-03,50.749029822608755,50.749029822608755,49.45293767562758,49.52299499511719,29504400,VALE3.SA
2024-09-04,49.65435650139889,50.30240089722724,49.45293711671299,49.908321380615234,19501800,VALE3.SA
2024-09-05,49.82074379531667,50.47754742068789,49.680625822197854,50.267372131347656,16585500,VALE3.SA
2024-09-06,50.3549458680462,50.37246103270752,49.54926833768198,49.6368408203125,17917900,VALE3.SA
2024-09-09,50.01340850884067,50.214827891431725,49.628081567643804,49.6368408203125,10204400,VALE3.SA
2024-09-10,49.7769562340909,49.82950172536948,48.98003465674992,49.04133605957031,17580600,VALE3.SA
2024-09-11,49.68938924311391,50.48631090845807,49.66311482423521,50.43376541137695,25592400,VALE3.SA
2024-09-12,50.88038564510213,51.26571257266665,50.757782837486495,50.88914489746094,17929800,VALE3.SA
2024-09-13,50.88038577268728,51.668551453158386,50.81908436872575,51.230682373046875,15045100,VALE3.SA
2024-09-16,51.169380969085346,51.27446861292283,50.86287394927767,51.230682373046875,10548000,VALE3.SA
2024-09-17,51.11683999344158,51.27447314346405,50.70524529342848,50.98548126220703,12056600,VALE3.SA
2024-09-18,50.43376274304435,50.94168915858356,50.3111599303513,50.389976501464844,14429800,VALE3.SA
2024-09-19,51.29198328296933,51.53718889645368,50.94168668598376,50.994232177734375,19328400,VALE3.SA
2024-09-20,50.53885333897694,50.93293621753211,49.87329374238756,50.22358703613281,30842600,VALE3.SA
2024-09-23,49.99589056276159,50.6702093316657,49.566777404122284,50.3812141418457,18164700,VALE3.SA
2024-09-24,52.72819792525161,53.192341457919866,52.22902740236457,52.842044830322266,44910100,VALE3.SA
2024-09-25,53.17482676611597,53.638966962242236,52.912102622739496,53.078495025634766,21557700,VALE3.SA
2024-09-26,54.821208796135494,56.380021689350514,54.68985007338679,56.266178131103516,61449300,VALE3.SA
2024-09-27,56.660255201236694,56.958009644273545,55.320376910950365,56.012210845947266,37237900,VALE3.SA
2024-09-30,57.20321702123548,57.20321702123548,55.61812973022461,55.61812973022461,28980300,VALE3.SA
2024-10-01,55.60937434063179,56.26617797457626,55.30286731439478,55.889610290527344,18091500,VALE3.SA
2024-10-02,56.415055775658814,57.229492605512114,56.02097624049053,56.19612121582031,20310600,VALE3.SA
2024-10-03,55.72321897625306,55.87209285704336,54.672332536484426,55.11895751953125,26675400,VALE3.SA
2024-10-04,55.1014452742819,55.18026184495603,54.558488532235735,54.716121673583984,16268300,VALE3.SA
2024-10-07,55.08393323554063,55.81955344540594,54.68109113106777,55.197776794433594,22467400,VALE3.SA
2024-10-08,53.25363927237405,53.525115966796875,53.11352129892731,53.525115966796875,38028100,VALE3.SA
2024-10-09,53.13103344913848,53.47257414339829,52.76322501933318,53.3849983215332,22758400,VALE3.SA
2024-10-10,53.814110090468574,53.814110090468574,53.20109271613919,53.63896179199219,17192100,VALE3.SA
2024-10-11,53.4112735630451,54.53221737481624,53.40251431038534,54.40961456298828,20939400,VALE3.SA
2024-10-14,54.576000074732036,54.75114836912518,53.709021195533516,54.23446273803711,44954000,VALE3.SA
2024-10-15,53.50760727939528,53.59518311132267,53.04346706254752,53.56890869140625,25559300,VALE3.SA
2024-10-16,54.23446857929095,54.62855144895076,53.927961536597884,54.59352111816406,29731800,VALE3.SA
2024-10-17,53.43754410870544,53.700264894394344,53.10476266513894,53.2098503112793,20345200,VALE3.SA
2024-10-18,53.5864194867124,53.83162845543083,52.94713099883345,53.02594757080078,21823500,VALE3.SA
2024-10-21,53.726536293981276,53.75281071118147,52.780740791676074,52.83328628540039,19044900,VALE3.SA
2024-10-22,52.67565274429532,53.122277745189095,52.45671819978981,52.903343200683594,14814000,VALE3.SA
2024-10-23,52.44796277639458,52.45672202959288,51.7999183481239,51.97506332397461,18289900,VALE3.SA
2024-10-24,51.966304152726856,52.28157043457031,51.85245725302204,52.28157043457031,11331700,VALE3.SA
2024-10-25,53.043458623774555,54.70736241824128,52.99967238511509,54.0593147277832,38466000,VALE3.SA
2024-10-28,54.73363625030068,55.0664176940918,54.46215621185581,55.0664176940918,16572400,VALE3.SA
2024-10-29,55.390445939694295,55.55683500943881,54.865004310529024,54.87376022338867,14941700,VALE3.SA
2024-10-30,54.73363420406377,54.900023249400796,54.400852772713804,54.70736312866211,12263300,VALE3.SA
2024-10-31,54.593521829978506,54.81245638923561,54.12062238022086,54.34831619262695,16553300,VALE3.SA
2024-11-01,54.41837611774832,54.681096933289844,54.111869056395946,54.322044372558594,15236400,VALE3.SA
2024-11-04,54.646060967532094,55.05765561937719,54.40085201803991,54.88250732421875,12360000,VALE3.SA
2024-11-05,55.127720327182836,55.26783830547712,54.26073803977212,54.400856018066406,16368800,VALE3.SA
2024-11-06,53.682750334853196,53.97174554084078,53.19233908688795,53.787837982177734,19726800,VALE3.SA
2024-11-07,54.31328479453845,56.0384901566136,54.29576962926077,55.661922454833984,38173300,VALE3.SA
2024-11-08,54.287012794005136,54.339554948268685,52.2815715029348,53.09600830078125,48764700,VALE3.SA
2024-11-11,52.325359830334754,52.43044748372599,51.3620491027832,51.3620491027832,24483700,VALE3.SA
2024-11-12,51.30074725971442,51.30950317214125,50.092227563561295,50.19731521606445,26967600,VALE3.SA
2024-11-13,50.19731555531069,50.54761218692359,50.01341132701824,50.05719757080078,20354900,VALE3.SA
2024-11-14,50.05719441693967,50.21482755716615,49.77695846557617,49.77695846557617,17967600,VALE3.SA
2024-11-18,49.995896257728866,50.60015444071564,49.89080860431296,50.39873504638672,14300000,VALE3.SA
2024-11-19,50.6176647001147,50.775297835297586,50.319913593733254,50.512577056884766,12902100,VALE3.SA
2024-11-21,50.35494576966153,50.61766655771586,50.10098089358272,50.46003341674805,15428500,VALE3.SA
2024-11-22,50.302403131922674,51.02926747217587,50.136014069531875,50.9504508972168,12590500,VALE3.SA
2024-11-25,50.950451605565625,51.28323307565005,50.89790610797031,50.94169235229492,17444500,VALE3.SA
2024-11-26,51.04678319264689,51.221931510090386,50.04844212609817,50.29364776611328,21406600,VALE3.SA
2024-11-27,50.678971984460446,51.1606273575541,50.44252225424873,50.90666580200195,22121200,VALE3.SA
2024-11-28,50.705239659039506,51.49340198089463,50.15352369526779,50.3812141418457,20467000,VALE3.SA
2024-11-29,51.011750929207835,51.85245881228744,50.92417844414061,51.47589111328125,31023600,VALE3.SA
2024-12-02,51.537194073869024,52.00133761260406,51.39707608913376,51.59849548339844,18972100,VALE3.SA
2024-12-03,51.93127147824689,51.98381696973985,51.204410552978516,51.204410552978516,15957500,VALE3.SA
2024-12-04,51.14310950332869,51.21316681846084,49.88204442419054,50.20606994628906,25109200,VALE3.SA
2024-12-05,50.31991323291179,50.6176643371582,49.80322759144526,50.6176643371582,14160000,VALE3.SA
2024-12-06,50.328673704140776,50.495062753814686,49.698141152659,49.75068664550781,17897900,VALE3.SA
2024-12-09,51.230682891360644,52.7106791944677,51.11683599399056,52.395416259765625,40440600,VALE3.SA
2024-12-10,52.31660535542554,52.491750335664925,51.9225224685342,52.34287643432617,13089300,VALE3.SA
2024-12-11,52.10642181980897,52.185238389802116,51.186897397006376,51.52843475341797,30138500,VALE3.SA
2024-12-12,50.71603529261319,50.96342950158907,50.071037469794696,50.106380462646484,28841800,VALE3.SA
2024-12-13,49.90316100571952,50.10637814949584,49.21398952939172,49.3553581237793,18532800,VALE3.SA
2024-12-16,49.34652554873131,49.95618041057195,48.895914163038796,49.328857421875,18958500,VALE3.SA
2024-12-17,49.37303101940658,49.832479806817595,49.16981386986785,49.57624816894531,22987600,VALE3.SA
2024-12-18,49.275839148210714,49.364193257685564,48.383447138245906,48.42762756347656,34658200,VALE3.SA
2024-12-19,48.613175105886604,48.74570627525206,47.35852580550147,47.508731842041016,29529900,VALE3.SA
2024-12-20,47.19948419280912,48.25975036621094,47.11996751603491,48.25975036621094,64919500,VALE3.SA
2024-12-23,48.303930628547654,48.79872244112003,48.065373841398745,48.46297073364258,18587900,VALE3.SA
2024-12-26,48.46296718744919,48.94892490106539,48.06537032429881,48.60433578491211,13155800,VALE3.SA
2024-12-27,48.3569424433077,48.66618857298022,48.11838229887231,48.365779876708984,16635300,VALE3.SA
2024-12-30,48.50714881124878,48.7633770832674,48.19790267944336,48.19790267944336,11250900,VALE3.SA
2025-01-02,48.33926891176564,48.68385464905532,47.91516312967888,47.93283462524414,17623900,VALE3.SA
2025-01-03,47.62359312200782,47.71194723164691,46.722367047617524,47.04044723510742,23608700,VALE3.SA
2025-01-06,47.25250105490196,47.5264042026925,46.36894642776357,46.439632415771484,21689500,VALE3.SA
2025-01-07,46.50148078612263,46.73120350525298,45.89182593869248,45.989017486572266,22070200,VALE3.SA
2025-01-08,45.971343185258505,46.201069260868316,45.44121179160897,45.547237396240234,24423800,VALE3.SA
2025-01-09,45.98901413322639,46.165725719168734,45.18497961915725,45.26449966430664,15865200,VALE3.SA
2025-01-10,45.53840437589724,46.21874181463221,45.2645012396294,45.52073287963867,25833900,VALE3.SA
2025-01-13,45.94484129755402,46.21874444943632,44.94642361023439,45.511898040771484,30845300,VALE3.SA
2025-01-14,45.900659112201865,46.32476488772902,45.6179219285171,45.81230163574219,21379000,VALE3.SA
2025-01-15,46.06853367268222,46.545653938341246,45.617922335444106,46.47496795654297,35137700,VALE3.SA
2025-01-16,46.20107113464301,47.0669542436512,45.9448394901067,46.53681945800781,220262800,VALE3.SA
2025-01-17,46.96092657712286,48.14488983154297,46.81072054809919,48.14488983154297,54658700,VALE3.SA
2025-01-20,47.90632924594748,48.14488938122915,47.49989158741585,47.968177795410156,12317600,VALE3.SA
2025-01-21,47.96817820985258,47.99468376828183,47.04928065204913,47.729618072509766,28798700,VALE3.SA
2025-01-22,47.95934211257333,47.96817954595803,46.315930034320495,46.527984619140625,34645400,VALE3.SA
2025-01-23,46.78421370029827,46.81955669091723,45.803467618827085,46.22757339477539,25097300,VALE3.SA
2025-01-24,46.47497160435394,46.99626896430686,46.47497160435394,46.85490036010742,20520600,VALE3.SA
2025-01-27,46.731202075867174,47.69427672100094,46.44846487458875,47.676605224609375,24531300,VALE3.SA
2025-01-28,47.34968986843722,47.51756402452014,46.42195823762266,46.51914978027344,22932900,VALE3.SA
2025-01-29,46.65167999267578,47.27900291999625,46.50147733563841,46.65167999267578,19220300,VALE3.SA
2025-01-30,47.093460201233995,49.1256351371403,47.07578870451388,48.62200927734375,40562400,VALE3.SA
2025-01-31,48.58666611569478,48.781045824472116,47.71194562947084,47.86214828491211,25477600,VALE3.SA
2025-02-03,47.473385674576626,47.959340004078776,47.11996587607194,47.897491455078125,27216400,VALE3.SA
2025-02-04,47.8268096140746,48.33926950983483,47.544072422518646,47.729618072509766,32648700,VALE3.SA
2025-02-05,47.63242810149708,48.1183824548511,47.588251045827306,47.9858512878418,21674800,VALE3.SA
2025-02-06,48.9489254382142,49.160976651488944,48.5689966963959,48.710365295410156,32789000,VALE3.SA
2025-02-07,48.86056558474865,49.2846713611981,48.20673710999066,48.44529724121094,24395500,VALE3.SA
2025-02-10,48.4806387995672,48.94892501831055,48.45413324075855,48.94892501831055,15566300,VALE3.SA
2025-02-11,48.51598117012071,48.763375370480816,48.05653239052824,48.73686981201172,18198300,VALE3.SA
2025-02-12,48.604333777971966,48.851731341186614,48.33043402759969,48.40995407104492,35432600,VALE3.SA
2025-02-13,48.46296432509059,48.59549885197501,47.82680735932727,48.4718017578125,21749900,VALE3.SA
2025-02-14,48.78988406937925,49.31118139660362,48.59550098687394,49.18748092651367,49803200,VALE3.SA
2025-02-17,49.16097299738648,49.40836718464946,48.84289283062378,48.92241287231445,12391400,VALE3.SA
2025-02-18,49.125631958940545,49.45254957137261,49.04611191409128,49.249332427978516,27608200,VALE3.SA
2025-02-19,48.86056487653333,49.24049359439649,48.34810500135307,49.20515060424805,26472500,VALE3.SA
2025-02-20,50.185901661329744,51.38753648187951,49.90316445302314,51.01644515991211,76934000,VALE3.SA
2025-02-21,51.157808585955635,51.38753128051758,50.85739991122507,51.38753128051758,37134700,VALE3.SA
2025-02-24,51.33451884159897,51.749790565409874,50.78671595542874,50.91925048828125,19081700,VALE3.SA
2025-02-25,50.6276746906839,50.75137178754932,50.26541746250954,50.42445755004883,19554800,VALE3.SA
2025-02-26,50.689523738401874,50.97226092559151,50.11521530151367,50.11521530151367,25399100,VALE3.SA
2025-02-27,49.876656085036736,50.35377636112794,49.48788991763211,49.74412155151367,18658000,VALE3.SA
2025-02-28,49.42604050882647,49.602752093623,48.72803497314453,48.72803497314453,46789400,VALE3.SA
2025-03-05,49.61159017063338,49.673438720541036,48.94008681378851,49.116798400878906,13843400,VALE3.SA
2025-03-06,49.160973780546,49.93850271496426,49.08145373758853,49.655765533447266,17678400,VALE3.SA
2025-03-07,49.46138576900944,50.67185461908433,49.08145702393962,50.38028335571289,25480600,VALE3.SA
2025-03-10,49.78525354185755,50.07902573574689,48.885575760316335,49.56492614746094,23626600,VALE3.SA
2025-03-11,49.647547710131114,50.235092073226525,49.03245979736266,49.9780387878418,23060100,VALE3.SA
2025-03-12,50.03312155707773,50.03312155707773,48.79377040556268,49.3537712097168,18825700,VALE3.SA
2025-03-13,49.4639398451831,50.639028586198656,49.2986925532227,50.03312301635742,20584600,VALE3.SA
2025-03-14,50.67575187182312,51.78657818563428,50.63902947251347,51.676414489746094,31789300,VALE3.SA
2025-03-17,51.67641553203177,52.54855327200228,51.53870828286349,52.42002487182617,23191800,VALE3.SA
2025-03-18,52.511830831250556,52.8423254273656,51.97936653705612,52.80560302734375,18165300,VALE3.SA
2025-03-19,52.64953607210805,52.833144575386065,52.19051656493347,52.71379852294922,23211900,VALE3.SA
2025-03-20,52.36494496790549,52.77806321490091,52.126252868734426,52.548553466796875,17283200,VALE3.SA
2025-03-21,52.28231736104674,52.741336822509766,52.172153670866976,52.741336822509766,30524100,VALE3.SA
2025-03-24,53.20036144794198,53.466593601922476,52.291501285127524,52.4659309387207,18646500,VALE3.SA
2025-03-25,52.62199295703181,53.016749990370116,52.42920561573842,52.64035415649414,15615800,VALE3.SA
2025-03-26,52.695437471507404,53.28298184297954,52.68625512080526,52.961666107177734,29401600,VALE3.SA
2025-03-27,53.24626110477041,53.659379348232825,52.88822646111659,53.383968353271484,15345300,VALE3.SA
2025-03-28,53.338061675426836,53.595114963206036,52.842323303222656,52.842323303222656,31146000,VALE3.SA
2025-03-31,52.071171868720555,52.34658286126762,51.43772273361744,52.05281066894531,20469300,VALE3.SA
2025-04-01,52.42002375257369,53.18199777816469,52.28232000838643,52.502647399902344,12354800,VALE3.SA
2025-04-02,52.52100776398771,52.60363141000192,51.96100344122926,52.26395797729492,13197700,VALE3.SA
2025-04-03,51.410183969636485,51.814119868663205,50.27181406941084,50.372798919677734,32351100,VALE3.SA
2025-04-04,48.858035127940354,49.13344611866686,47.37080947434389,48.3622932434082,45819600,VALE3.SA
2025-04-07,47.47179452610043,49.09672393104586,46.97605263943082,47.78392791748047,35942800,VALE3.SA
2025-04-08,48.05933524892598,48.481635806539444,45.002267518055014,45.16751480102539,46815300,VALE3.SA
2025-04-09,45.12161650616448,47.793109752788105,44.77276071908173,47.600318908691406,56491900,VALE3.SA
2025-04-10,47.82982717631175,48.87639450531812,47.24228281745665,48.45409393310547,38010400,VALE3.SA
2025-04-11,48.25212906347258,49.71181115192471,48.25212906347258,49.26197052001953,22129900,VALE3.SA
2025-04-14,49.94132063483406,50.38197891371286,49.74852979241651,49.904598236083984,19994800,VALE3.SA
2025-04-15,49.92295919918083,50.17083013650965,49.1426239886181,49.39967727661133,17471900,VALE3.SA
2025-04-16,49.13344515492856,49.243608848650176,48.123600206018196,48.25212860107422,23105900,VALE3.SA
2025-04-17,48.454096252955345,48.94983814273935,48.2521300587047,48.545902252197266,23172400,VALE3.SA
2025-04-22,48.802953646228694,49.84033870841284,48.435736641301645,49.40885925292969,16780900,VALE3.SA
2025-04-23,50.40034213888392,50.81345688428459,49.94132264218021,49.996402740478516,18377400,VALE3.SA
2025-04-24,49.98722313049647,51.10722830401613,49.85869823370247,50.776737213134766,19621700,VALE3.SA
2025-04-25,50.03312042811885,50.14328411638006,49.24360640782572,49.43639373779297,26162200,VALE3.SA
2025-04-28,49.4823034999869,49.739353299329515,49.234432549746145,49.6108283996582,12001900,VALE3.SA
2025-04-29,49.76689283679829,49.8862388861402,49.42721939086914,49.42721939086914,11816200,VALE3.SA
2025-04-30,48.28885001304641,48.88557676403406,47.93081536327016,48.52754211425781,18774400,VALE3.SA
2025-05-02,48.89475113197316,49.17016560844339,48.24294434201342,48.47245407104492,17135800,VALE3.SA
2025-05-05,48.564262707295384,48.729510001355926,48.408194261997885,48.61934280395508,12201600,VALE3.SA
2025-05-06,48.646884231471496,49.188527337913534,48.58261828477173,48.656063079833984,12065000,VALE3.SA
2025-05-07,49.16098561297766,49.16098561297766,48.34393149881467,48.56426239013672,11240100,VALE3.SA
2025-05-08,48.56426356902392,48.93147706075376,48.35311152127929,48.41737747192383,15414600,VALE3.SA
2025-05-09,48.65606589087949,48.72951069018492,48.206225250235676,48.610164642333984,15558800,VALE3.SA
2025-05-12,50.08820716106227,50.675751537983,49.831153869628906,49.831153869628906,26482400,VALE3.SA
2025-05-13,50.023945336445095,50.88690071303496,49.69345074480279,50.64820861816406,21187200,VALE3.SA
2025-05-14,50.95116301708776,51.125589161276444,50.34525743480402,50.40034103393555,16297800,VALE3.SA
2025-05-15,50.492143753201134,51.08887048928255,50.345257656909816,50.9052619934082,13955400,VALE3.SA
2025-05-16,50.67575013647022,51.10722605644037,50.31771551056367,50.94198226928711,18163800,VALE3.SA
2025-05-19,50.49214592161369,50.9236253801424,50.37279986886387,50.80427932739258,14475200,VALE3.SA
2025-05-20,50.79509597740388,50.97870096285407,50.57476509200679,50.813453674316406,10499200,VALE3.SA
2025-05-21,50.629849623477305,50.76755336510692,49.9780393057507,50.16164779663086,14486300,VALE3.SA
2025-05-22,50.14328624601706,50.161647445180506,49.54656303238825,49.78525161743164,18476000,VALE3.SA
2025-05-23,49.57410196955518,49.97803783597991,49.197706150238325,49.86787414550781,14747300,VALE3.SA
2025-05-26,49.51902002394892,49.656727268159756,49.39049513044051,49.583282470703125,7194500,VALE3.SA
2025-05-27,49.574105489274245,49.76689283679829,49.22524969229681,49.42721939086914,17943000,VALE3.SA
2025-05-28,49.335413787825985,49.38131503405624,48.83048957317135,49.0324592590332,17700600,VALE3.SA
2025-05-29,49.32623313899893,49.46394038448089,48.95901965444824,49.069183349609375,10246100,VALE3.SA
2025-05-30,48.97737891177212,49.01410131200895,47.783928920402126,47.829830169677734,28286100,VALE3.SA
2025-06-02,48.27048980036793,48.42655474130351,47.97671411370914,48.25212860107422,19267700,VALE3.SA
2025-06-03,47.67376072864326,48.3255675122325,47.618677133479466,48.22458267211914,12824900,VALE3.SA
2025-06-04,48.30720852828255,48.95901884379177,48.30720852828255,48.444915771484375,11714700,VALE3.SA
2025-06-05,48.65606419707976,49.26196976209384,48.53671815338346,48.57344055175781,12594000,VALE3.SA
2025-06-06,48.79377138378549,49.087543566360715,48.38983200621406,48.63770294189453,16638900,VALE3.SA
2025-06-09,48.55507764991408,48.92229461669922,48.307206722640196,48.92229461669922,13029200,VALE3.SA
2025-06-10,48.93147661625778,49.45475855130089,48.75705047192367,49.25279235839844,18890600,VALE3.SA
2025-06-11,49.39967747342174,49.39967747342174,48.646885809812396,48.821311950683594,13639700,VALE3.SA
2025-06-12,48.564262447119184,48.69278734135755,48.169505413649496,48.5,11136800,VALE3.SA
2025-06-13,47.80228868523423,48.206224569588386,47.7013038386355,47.85737228393555,13264900,VALE3.SA
2025-06-16,48.0226178169879,49.6200035983013,48.0226178169879,49.41803741455078,41210000,VALE3.SA
2025-06-17,49.23443211244873,49.47312070942673,47.16884438082979,47.19638442993164,43657300,VALE3.SA
2025-06-18,49.23443007473939,49.473118661838576,46.893431442868426,47.04031753540039,20499000,VALE3.SA
2025-06-20,47.04031728963771,47.07703618604835,45.8285026550293,45.8285026550293,39947200,VALE3.SA
2025-06-23,45.92030846063826,46.40686798095703,45.745882321779234,46.40686798095703,17288800,VALE3.SA
2025-06-24,46.581298311508405,46.590477160198716,46.030472834990995,46.39768981933594,18576300,VALE3.SA
2025-06-25,46.1314570534078,46.4527692838093,45.64489753250248,46.34260559082031,23319900,VALE3.SA
2025-06-26,46.67310061744698,48.01343665140554,46.67310061744698,47.7380256652832,40488400,VALE3.SA
2025-06-27,47.912449718745044,48.73868614315834,47.655399943167815,48.53671646118164,26016900,VALE3.SA
2025-06-30,48.463276019193636,48.68360340154188,48.14196029204493,48.33475112915039,19961900,VALE3.SA
2025-07-01,48.28884547111776,49.30786922589,48.19704298054247,48.98655700683594,21844300,VALE3.SA
2025-07-02,49.399675396597004,51.13476838982525,49.39049304628205,50.76755142211914,63100200,VALE3.SA
2025-07-03,50.95116290046177,51.30001869008139,50.32689611989645,50.528865814208984,18256300,VALE3.SA
2025-07-04,50.519682289885324,50.675750732421875,50.262632504578846,50.675750732421875,5449600,VALE3.SA
2025-07-07,50.53804208564088,50.65738812637911,49.75771040075063,49.93213653564453,13174500,VALE3.SA
2025-07-08,50.051487595789474,51.033789063202,49.90460149324295,50.106571197509766,26632000,VALE3.SA
2025-07-09,50.216733999566415,50.216733999566415,49.34459624917286,49.6108283996582,12209400,VALE3.SA
2025-07-10,50.804274881099005,52.43838306725864,50.67574999032789,50.74919128417969,46597200,VALE3.SA
2025-07-11,50.675752468247865,51.61215264942023,50.50132282049448,51.41018295288086,18313200,VALE3.SA
2025-07-14,51.281658964112786,51.32756021358269,50.37279881562891,50.82263946533203,15141300,VALE3.SA
2025-07-15,50.42788197048669,50.82263901611216,49.13344713544806,49.49148178100586,25029100,VALE3.SA
2025-07-16,49.665907828745276,50.051486024601616,49.49148168183456,49.941322326660156,26394100,VALE3.SA
2025-07-17,49.94132000328258,50.2993546314664,49.68426671732342,49.84951400756836,20252800,VALE3.SA
2025-07-18,49.62000541107792,50.290173436002036,49.5465641148603,50.08820724487305,23714000,VALE3.SA
2025-07-21,50.905263206370975,52.16297565471151,50.804278356131796,51.456085205078125,40484000,VALE3.SA
2025-07-22,52.28231835787883,53.218718497361984,52.24559595977189,52.78723907470703,40945900,VALE3.SA
2025-07-23,52.741342074767516,53.15446033163282,52.32822381790221,52.71379852294922,17914800,VALE3.SA
2025-07-24,52.27313578360035,52.59445151259988,51.676412576099445,51.8967399597168,21651200,VALE3.SA
2025-07-25,51.575427708767634,51.66723020155872,50.74001241702245,51.134769439697266,21918900,VALE3.SA
2025-07-28,50.43706075845594,50.785916554595126,50.16164976236325,50.63903045654297,19175100,VALE3.SA
2025-07-29,50.9970647034884,51.134771951479955,50.280995418830216,50.32689666748047,14648700,VALE3.SA
2025-07-30,49.867877686084455,50.207551132013606,48.95902104659063,49.42721939086914,35607800,VALE3.SA
2025-07-31,48.6652432826092,49.2252476034024,48.07769891392147,49.07836151123047,20790000,VALE3.SA
2025-08-01,49.79443366980413,50.4003392304061,49.17934575865511,49.3445930480957,40510900,VALE3.SA
2025-08-04,49.93214052897582,49.94132288009651,49.39967973132415,49.73935317993164,16198100,VALE3.SA
2025-08-05,49.73017088842165,50.464604889159396,49.67509078979492,49.67509078979492,21037600,VALE3.SA
2025-08-06,50.04230389340322,50.13410989379173,49.32623460057702,49.36295700073242,17954300,VALE3.SA
2025-08-07,49.66590562974266,50.02394376077138,49.4823006419831,49.72098922729492,20298800,VALE3.SA
2025-08-08,49.757712656119914,51.13477110507873,49.74853030531738,50.85017776489258,24205600,VALE3.SA
2025-08-11,50.932801093885836,51.401002924751175,50.76755380087933,50.79509735107422,22304000,VALE3.SA
2025-08-12,51.364279007921574,51.5662451918182,51.134769274644036,51.32755661010742,25851300,VALE3.SA
2025-08-13,51.59874893023524,51.788800298518225,51.256657192311536,51.39919662475586,19720000,VALE3.SA
2025-08-14,50.88605758075742,50.94307407711057,50.43944104657325,50.76252365112305,42823200,VALE3.SA
2025-08-15,50.8005344081689,50.914567400335294,50.363418812982395,50.66749954223633,34201900,VALE3.SA
2025-08-18,50.45844311727962,51.03809814521585,50.391925683738904,50.553470611572266,12733400,VALE3.SA
2025-08-19,50.84804542052907,51.00959034403842,50.36341789985732,50.59148025512695,17724400,VALE3.SA
2025-08-20,50.26839471099907,50.61998737289215,50.230383713786786,50.36341857910156,9687300,VALE3.SA
2025-08-21,50.38242552900459,50.86705307017243,50.31590809443113,50.79103469848633,10813800,VALE3.SA
2025-08-22,50.77202810128824,52.15939688514206,50.657998733761026,52.06437301635742,20706700,VALE3.SA
2025-08-25,52.425467659521026,52.64402908693994,52.016862115684376,52.187904357910156,10397400,VALE3.SA
2025-08-26,52.09288058301996,52.65353012084961,51.959845713861796,52.65353012084961,18891500,VALE3.SA
2025-08-27,52.47298252217111,52.76755869229815,52.37795502783314,52.625022888183594,8789100,VALE3.SA
2025-08-28,53.21417816894261,53.39472496847022,52.577510277244016,52.64402770996094,22059500,VALE3.SA
2025-08-29,52.72955266360893,53.052638902737215,52.69154166490481,52.79607009887695,13885400,VALE3.SA
2025-09-01,52.39696033020376,52.834075927734375,52.0833786623851,52.834075927734375,7765400,VALE3.SA
2025-09-02,52.36845555733176,52.796070231506405,52.301938121896626,52.634525299072266,9578500,VALE3.SA
2025-09-03,52.63452362776539,53.04313278956565,52.49198782418536,52.834075927734375,11832100,VALE3.SA
2025-09-04,53.07163730935306,53.366217092669,52.78656208755628,52.938602447509766,8442100,VALE3.SA
2025-09-05,53.4042313476539,53.85084789324807,53.233185479152866,53.42323684692383,14014700,VALE3.SA
2025-09-08,53.432736669152554,53.80333483486235,53.432736669152554,53.556270599365234,9701900,VALE3.SA
2025-09-09,53.9173679575116,54.65856429071015,53.26169093205601,53.39472579956055,24300300,VALE3.SA
2025-09-10,53.66079902229035,54.2119439898182,53.480248595485904,53.76532745361328,13463700,VALE3.SA
2025-09-11,53.64179331892023,54.421000644993754,53.50875845226303,54.18343734741211,14107200,VALE3.SA
2025-09-12,53.87935728995919,54.5730416925768,53.87935728995919,54.164432525634766,12303800,VALE3.SA
2025-09-15,54.62055138650998,54.68706881794066,54.14542480490332,54.639556884765625,12457500,VALE3.SA
2025-09-16,54.896126349485705,55.171700640192086,54.34497776807294,54.82960891723633,15618500,VALE3.SA
2025-09-17,54.67756879452937,55.133689885498754,54.50652293229983,54.92463302612305,23116700,VALE3.SA
2025-09-18,54.962645938147695,55.1907083040421,54.54453582975768,54.820106506347656,17700400,VALE3.SA
2025-09-19,55.08617751530765,55.29523074809968,54.68706929828981,55.03866195678711,25374600,VALE3.SA
2025-09-22,54.94363919427972,55.53279515751236,54.93413825734149,55.11468505859375,21947300,VALE3.SA
2025-09-23,55.11468315190976,55.485281303459956,54.791596933263506,54.80109786987305,17652400,VALE3.SA
2025-09-24,55.06717121856225,55.24771801356707,54.80109786943164,55.010154724121094,13005700,VALE3.SA
2025-09-25,55.29523018902544,55.63732190731674,55.15269438968949,55.31423568725586,13631100,VALE3.SA
2025-09-26,54.867620240973395,55.057667977144455,53.72731569930597,54.24995422363281,29037000,VALE3.SA
2025-09-29,54.639556886407796,54.877120177218266,54.28796423098818,54.43050003051758,15580200,VALE3.SA
2025-09-30,54.80109929306345,54.90562772312364,54.24995433219369,54.715579986572266,18280700,VALE3.SA
2025-10-01,54.886621467744746,55.751351706872775,54.886621467744746,55.409263610839844,18278300,VALE3.SA
2025-10-02,55.456775229447395,55.93190181143385,55.19070550351199,55.77986145019531,14824500,VALE3.SA
2025-10-03,55.77986336202812,56.17896796461038,55.58981199773397,55.67533493041992,19240200,VALE3.SA
2025-10-06,55.88439113873876,56.986684688813334,55.87488657692489,56.625587463378906,26102900,VALE3.SA
2025-10-07,56.54006337916598,56.654092744110464,55.82737350463867,55.82737350463867,26072300,VALE3.SA
2025-10-08,56.17896762878891,56.435536425313074,55.96040982988201,56.25498962402344,24609500,VALE3.SA
2025-10-09,56.882157834831474,57.37628993992843,56.16946792602539,56.16946792602539,18184600,VALE3.SA
2025-10-10,56.606580371349985,56.82513816285029,55.941402435302734,55.941402435302734,22970400,VALE3.SA
2025-10-13,56.70160785478649,57.07220965524756,56.58757848345219,56.77762985229492,23294500,VALE3.SA
2025-10-14,56.350015178630876,57.13872709060326,56.2739968060508,56.77762985229492,19329000,VALE3.SA
2025-10-15,56.53056306813101,57.94643827123581,56.502053007883234,57.8324089050293,45104600,VALE3.SA
2025-10-16,57.59484605786096,57.89892678672364,57.081708468557096,57.30026626586914,21358500,VALE3.SA
2025-10-17,56.920167482240224,57.30026658295786,56.82513998836463,57.13872528076172,17325300,VALE3.SA
2025-10-20,57.14822788842621,58.298033410973865,57.14822788842621,57.87042236328125,17798400,VALE3.SA
2025-10-21,57.63285863316244,58.01295774218363,57.556836636401215,57.775394439697266,13432700,VALE3.SA
2025-10-22,58.164998534201935,59.143761812522115,58.13649209767312,58.80167007446289,25267300,VALE3.SA
2025-10-23,59.12475272256067,59.42883344349582,58.60211058508328,58.6876335144043,11217700,VALE3.SA
2025-10-24,58.90619796048208,59.039232829617156,58.27903098818225,58.65913009643555,11127600,VALE3.SA
2025-10-27,58.97271595701857,59.06773982875533,58.34554897874227,58.592613220214844,12018100,VALE3.SA
2025-10-28,58.59260964698719,59.428833442001874,58.516591279219384,59.10574722290039,15797400,VALE3.SA
2025-10-29,59.694903766125705,60.521623007892465,59.590375337583026,60.179534912109375,30844900,VALE3.SA
2025-10-30,59.970480296243444,60.816205067981535,59.799434429495484,60.635658264160156,25586000,VALE3.SA
2025-10-31,61.08227557473102,62.28910121917285,60.69267190110292,62.013526916503906,38988400,VALE3.SA
2025-11-03,61.861481501221,62.13705579756086,61.43387046371297,62.09904479980469,16985400,VALE3.SA
2025-11-04,61.623919168437,61.7759631618446,60.84471182686465,61.405364990234375,22055700,VALE3.SA
2025-11-05,61.40536244446715,62.87825050779235,61.291329454139074,62.46014404296875,22505400,VALE3.SA
2025-11-06,62.48865264049777,62.76422693926791,62.013526039140274,62.24158477783203,15939100,VALE3.SA
2025-11-07,61.62391718226363,61.63342174400943,60.83520530405978,61.55739974975586,20800300,VALE3.SA
2025-11-10,61.823471615677455,62.27959634710076,61.68093943384829,61.96601104736328,12689400,VALE3.SA
2025-11-11,61.96601136907203,62.393629666349554,61.53840032165119,61.80447006225586,25496500,VALE3.SA
2025-11-12,62.013524684654875,62.66919445030475,62.013524684654875,62.488651275634766,26550300,VALE3.SA
2025-11-13,62.48865232067149,63.14432209728654,62.06103403172441,62.40312576293945,19058500,VALE3.SA
2025-11-14,61.62391710346178,62.27959411581164,61.39585837084911,62.02302169799805,16374400,VALE3.SA
2025-11-17,62.33660705611328,62.49814835648363,61.68093729288761,61.97551345825195,20150800,VALE3.SA
2025-11-18,61.243813596916716,62.04203002560634,61.10128142202241,61.785457611083984,22468700,VALE3.SA
2025-11-19,61.785458167031244,62.013524148626885,61.481377441426766,61.71894073486328,16523800,VALE3.SA
2025-11-21,61.33884776799255,62.02302399112606,60.93973590884384,61.91850280761719,20272600,VALE3.SA
2025-11-24,61.77596355467142,62.26058747456238,61.55740212522235,61.85197830200195,20462800,VALE3.SA
2025-11-25,61.91850240582638,62.631192310590365,61.91850240582638,62.33660888671875,18275300,VALE3.SA
2025-11-26,62.707207249207904,63.562436587514604,62.640689814553866,63.267860412597656,33408500,VALE3.SA
2025-11-27,63.1918376292816,63.33437705886783,62.849745898217265,63.030296325683594,9739100,VALE3.SA
2025-11-28,64.33213733873976,64.43666576845139,63.70497401032638,64.04706573486328,46007200,VALE3.SA
2025-12-01,64.42716536493786,64.74074338916891,64.14208652488483,64.54119110107422,15657000,VALE3.SA
2025-12-02,64.71224051902739,65.30140010431755,64.38915791570652,65.0733413696289,22567200,VALE3.SA
2025-12-03,65.43443578679917,67.56300092011637,65.39642478890073,67.17340087890625,42361200,VALE3.SA
2025-12-04,67.18289879055385,68.78882902927656,67.17340147838691,68.34220886230469,38019900,VALE3.SA
2025-12-05,68.3802223620555,68.73181867122375,66.4417048801583,66.7267837524414,40196800,VALE3.SA
2025-12-08,66.91682520415998,67.33493891087078,66.03308948306608,66.2706527709961,20860900,VALE3.SA
2025-12-09,65.66249754961359,66.92633610100395,65.4724498012218,66.30867004394531,23081300,VALE3.SA
2025-12-10,66.75528353841582,67.80056054954433,66.75528353841582,67.52498626708984,24454800,VALE3.SA
2025-12-11,67.22090712683953,68.76982443179682,66.96434196121602,68.41822814941406,25687700,VALE3.SA
2025-12-12,67.75,68.9800033569336,67.72000122070312,68.61000061035156,36483700,VALE3.SA
2025-12-15,68.6500015258789,69.38999938964844,68.5,69.02999877929688,16841700,VALE3.SA
2025-12-16,69.33000183105469,70.02999877929688,69.26000213623047,69.29000091552734,21953000,VALE3.SA
2025-12-17,69.63999938964844,70.7699966430664,69.44000244140625,70.16999816894531,29375000,VALE3.SA
2025-12-18,70.5999984741211,71.12000274658203,70.30999755859375,70.3499984741211,18430200,VALE3.SA
2025-12-19,70.5,70.93000030517578,70.37999725341797,70.8499984741211,37147100,VALE3.SA
2025-12-22,71.02999877929688,73.37000274658203,70.80999755859375,72.91999816894531,27853000,VALE3.SA
2025-12-23,73.2300033569336,73.52999877929688,72.58000183105469,72.9000015258789,17140900,VALE3.SA
2025-12-26,72.86000061035156,73.3499984741211,72.62000274658203,73.12000274658203,16368800,VALE3.SA
2025-12-29,73.19000244140625,73.73999786376953,71.69999694824219,72.12000274658203,19963700,VALE3.SA
2025-12-30,72.5,72.83999633789062,71.91000366210938,71.95999908447266,17085400,VALE3.SA
2026-01-02,72.33000183105469,72.55000305175781,71.6500015258789,72.37999725341797,28418900,VALE3.SA
2026-01-05,72.4000015258789,73.5,72.30000305175781,73.12000274658203,24958100,VALE3.SA
2026-01-06,73.44999694824219,75.98999786376953,72.87999725341797,75.87000274658203,39536600,VALE3.SA
2026-01-07,76.0999984741211,77.33999633789062,75.62000274658203,76.31999969482422,41501600,VALE3.SA
2026-01-08,75.80000305175781,75.80000305175781,74.19000244140625,75.58000183105469,31894900,VALE3.SA
2026-01-09,74.9000015258789,75.70999908447266,74.19999694824219,74.72000122070312,24801200,VALE3.SA
2026-01-12,75.0,75.47000122070312,74.51000213623047,74.73999786376953,13129800,VALE3.SA
2026-01-13,74.47000122070312,76.05000305175781,74.27999877929688,75.3499984741211,24539200,VALE3.SA
2026-01-14,75.83999633789062,79.08999633789062,75.63999938964844,78.91999816894531,44225300,VALE3.SA
2026-01-15,78.9000015258789,79.63999938964844,78.51000213623047,78.8499984741211,35503900,VALE3.SA
2026-01-16,78.38999938964844,78.87999725341797,77.56999969482422,78.87999725341797,45910100,VALE3.SA
2026-01-19,78.5199966430664,78.6500015258789,77.87000274658203,78.56999969482422,10678500,VALE3.SA
2026-01-20,77.83000183105469,80.20999908447266,77.41000366210938,80.08000183105469,31198500,VALE3.SA
2026-01-21,80.98999786376953,82.80000305175781,80.5,82.5,83134600,VALE3.SA
2026-01-22,82.5,84.4000015258789,82.08000183105469,82.9800033569336,62515300,VALE3.SA
2026-01-23,83.75,85.73999786376953,83.69000244140625,85.0199966430664,25432600,VALE3.SA
2026-01-26,85.55999755859375,86.13999938964844,82.18000030517578,83.06999969482422,35741300,VALE3.SA
2026-01-27,83.58999633789062,86.12999725341797,83.3499984741211,84.69999694824219,22788700,VALE3.SA
2021-01-27,8.077435863427505,8.482787300094474,8.015302010547991,8.278632164001465,16528600,PETR3.SA
2021-01-28,8.237211618858545,8.56859337763245,8.237211618858545,8.462078094482422,13571100,PETR3.SA
2021-01-29,8.352601280476842,8.394024413014147,8.086312294006348,8.086312294006348,17428900,PETR3.SA
2021-02-01,8.228335221991518,8.37923248654096,8.130695881911329,8.317098617553711,16133200,PETR3.SA
2021-02-02,8.547881563467618,8.820088273633198,8.488706535203963,8.604098320007324,22197200,PETR3.SA
2021-02-03,8.683984586073313,8.752036117712992,8.601138875159636,8.669190406799316,18113900,PETR3.SA
2021-02-04,8.663274349824388,8.71357343677411,8.506459416548122,8.66031551361084,9732200,PETR3.SA
2021-02-05,8.672149171957845,9.08637659446893,8.58338635439841,8.781623840332031,29591900,PETR3.SA
2021-02-08,8.630727112568417,8.828964610297891,8.328932611964097,8.417695999145508,30213000,PETR3.SA
2021-02-09,8.39698417971282,8.506458855026356,8.189870737498948,8.198746681213379,23255400,PETR3.SA
2021-02-10,8.278633728272863,8.370355953674045,8.09519040615106,8.299345016479492,14690800,PETR3.SA
2021-02-11,8.373315272438607,8.482789963657359,8.317099072945524,8.376274108886719,19893800,PETR3.SA
2021-02-12,8.376271693842252,8.459117397482292,8.249044584957263,8.432488441467285,10835200,PETR3.SA
2021-02-17,8.44136562056722,8.787541511993389,8.367396417820945,8.781623840332031,16008200,PETR3.SA
2021-02-18,9.024243061930306,9.157387857432592,8.64256169105059,8.70765495300293,26443000,PETR3.SA
2021-02-19,8.35851914439579,8.423611833685259,7.970920715538175,8.018260955810547,66820000,PETR3.SA
2021-02-22,6.657228572773894,6.737115451088843,6.316970336366836,6.376145362854004,132375800,PETR3.SA
2021-02-23,6.8051685574709015,7.032993901140968,6.689776749476624,6.9471893310546875,135100700,PETR3.SA
2021-02-24,7.1128801442572325,7.2223542688734135,6.929436238647493,7.035952091217041,59529900,PETR3.SA
2021-02-25,7.248981732356423,7.343662219790725,6.719361979802995,6.787414073944092,58890700,PETR3.SA
2021-02-26,6.766705490349759,6.825880536459439,6.497456970708085,6.55367374420166,47419800,PETR3.SA
2021-03-01,6.70456979834533,6.775580179099255,6.506332273779659,6.512249946594238,40852500,PETR3.SA
2021-03-02,6.479702887876249,6.577342225587825,6.136485787778569,6.482661724090576,52848600,PETR3.SA
2021-03-03,6.420526442503113,6.476742625172918,6.095061867033983,6.204535961151123,55664000,PETR3.SA
2021-03-04,6.248917157770071,6.547752176233872,6.192700417709505,6.470824718475342,47489800,PETR3.SA
2021-03-05,6.553672305011108,6.745992150229791,6.447157019668327,6.527043342590332,43166600,PETR3.SA
2021-03-08,6.420525760683761,6.506329725528043,6.174948078464435,6.213411808013916,40592700,PETR3.SA
2021-03-09,6.2548357651314905,6.479702215006884,6.148320494178064,6.328804969787598,33864000,PETR3.SA
2021-03-10,6.417568009437172,6.595094203948975,6.352474751656723,6.595094203948975,33131800,PETR3.SA
2021-03-11,6.657229931493359,6.849549794423981,6.639477476358015,6.790374755859375,39160900,PETR3.SA
2021-03-12,6.748950985545207,6.828837872795798,6.654270481103167,6.716404914855957,19890600,PETR3.SA
2021-03-15,6.728239711502329,6.882095813751222,6.698651912709801,6.882095813751221,17028300,PETR3.SA
2021-03-16,6.846588318639968,6.87025843780959,6.734155393669302,6.778536796569824,15310200,PETR3.SA
2021-03-17,6.769662289748481,7.030034241858224,6.701610747578559,6.994528770446777,25962600,PETR3.SA
2021-03-18,6.923517521388496,6.959022988335421,6.73415653591224,6.796290397644043,26139300,PETR3.SA
2021-03-19,6.799247846150507,6.988609357326473,6.740072832434379,6.95902156829834,37789800,PETR3.SA
2021-03-22,6.873218327585736,6.896888450386306,6.73711526256752,6.828836917877197,18776800,PETR3.SA
2021-03-23,6.748949904466264,6.879135859390423,6.672021865844727,6.672021865844727,15989200,PETR3.SA
2021-03-24,6.737116606628405,6.8998486628049855,6.6661062240600595,6.666106224060059,22253300,PETR3.SA
2021-03-25,6.621722622562465,6.840671954054304,6.503372013877834,6.793331146240234,23611500,PETR3.SA
2021-03-26,6.864343201412926,7.035951753231234,6.793332260217487,6.893930435180664,21935500,PETR3.SA
2021-03-29,6.831796197803183,7.000445904261181,6.831796197803183,6.9974870681762695,16628800,PETR3.SA
2021-03-30,6.911682001833409,7.047785054484899,6.911682001833409,6.9767746925354,15046700,PETR3.SA
2021-03-31,6.979735935926428,7.13655089203992,6.964942317044568,7.0832929611206055,16817600,PETR3.SA
2021-04-01,7.1395054776928735,7.1542996532758,6.944226874719001,6.9886088371276855,17294200,PETR3.SA
2021-04-05,7.04186825670722,7.0862502322284415,6.961981942317596,7.062580108642578,13356000,PETR3.SA
2021-04-06,7.071455547959807,7.142465913653151,6.979733896148431,7.009321689605713,15745800,PETR3.SA
2021-04-07,6.979733874837327,7.118795770019671,6.973816203295896,7.041867733001709,22334400,PETR3.SA
2021-04-08,7.032991410584923,7.044826188689057,6.867300002405539,6.923516750335693,21325900,PETR3.SA
2021-04-09,6.846589141602732,6.988610438031638,6.831795526971079,6.9531049728393555,21537900,PETR3.SA
2021-04-12,6.982694410755276,7.1690965949738645,6.979735574264143,7.0241169929504395,13987300,PETR3.SA
2021-04-13,7.027075829441573,7.083292594092406,6.961983119657695,7.0241169929504395,17292200,PETR3.SA
2021-04-14,7.059620956675722,7.228270650219067,7.003404204047862,7.13654899597168,26209700,PETR3.SA
2021-04-15,7.192484374964939,7.223077789435772,6.9936280561858,7.011983871459961,15755200,PETR3.SA
2021-04-16,6.978331557472958,7.076230023981375,6.862077274374435,6.92938232421875,38648600,PETR3.SA
2021-04-19,6.929381800140244,7.431112278330659,6.87737317080102,7.278145790100098,53749800,PETR3.SA
2021-04-20,7.284264980221869,7.345451817104474,7.070112218174598,7.097646236419678,32032000,PETR3.SA
2021-04-22,7.192485886325032,7.201664087651154,7.070112786248238,7.100705623626709,17247700,PETR3.SA
2021-04-23,7.146593094930789,7.161889507302044,7.0395164577698175,7.119059085845947,16676900,PETR3.SA
2021-04-26,7.143535678115485,7.213900128182874,7.091527044691569,7.128238677978516,11732500,PETR3.SA
2021-04-27,7.143534179610928,7.232254427710877,6.920203276147478,6.956914901733398,22021900,PETR3.SA
2021-04-28,7.024220016011538,7.226136293069596,7.015042401273063,7.204720497131348,19082500,PETR3.SA
2021-04-29,7.24755290595568,7.3117985556225,6.993628540257556,7.060933589935303,18139100,PETR3.SA
2021-04-30,7.002804241385439,7.161889497315878,6.969152017511455,7.067050457000732,27333100,PETR3.SA
2021-05-03,7.088467109184866,7.116001123830538,6.966094034937909,7.039517879486084,15331500,PETR3.SA
2021-05-04,7.054814322774599,7.116001151899855,6.877373218536376,6.877373218536377,15023900,PETR3.SA
2021-05-05,6.963033285032279,7.210838785273799,6.938558674928434,7.158830165863037,21290700,PETR3.SA
2021-05-06,7.112941274867874,7.171068700284879,7.036458035353166,7.057873249053955,12919700,PETR3.SA
2021-05-07,7.103762614122006,7.3209753036499015,7.048695175409768,7.320975303649902,21358800,PETR3.SA
2021-05-10,7.406637642984389,7.483120892912874,7.351570193193427,7.412756443023682,21003500,PETR3.SA
2021-05-11,7.314857992773642,7.525951926432355,7.293442776109303,7.510654926300049,18213400,PETR3.SA
2021-05-12,7.452527567684393,7.608553457258965,7.412755953575914,7.415815353393555,18141800,PETR3.SA
2021-05-13,7.446408760275443,7.519832605259618,7.327095085116266,7.495357990264893,15503000,PETR3.SA
2021-05-14,7.709511364469083,7.871655471153125,7.657502734291728,7.84412145614624,21194500,PETR3.SA
2021-05-17,7.838003181889565,7.935901641845704,7.816587383193417,7.935901641845703,11417200,PETR3.SA
2021-05-18,7.938960076865655,7.969552904243472,7.798230620140423,7.831883430480957,14226100,PETR3.SA
2021-05-19,7.706452374288378,7.828825456645774,7.672799557819762,7.80741024017334,13930700,PETR3.SA
2021-05-20,7.798230612730263,7.825764624160758,7.651382940781475,7.700332164764404,12138100,PETR3.SA
2021-05-21,7.733984989245356,7.810468224798935,7.72174739146681,7.776815414428711,17829100,PETR3.SA
2021-05-24,7.856359958648682,7.877775176444602,7.737046268916604,7.856359958648682,14621400,PETR3.SA
2021-05-25,7.862478338036187,7.899189971286098,7.688096037775999,7.715630054473877,19370700,PETR3.SA
2021-05-26,7.733985426429769,7.792112268601305,7.654442786935192,7.785994052886963,10711300,PETR3.SA
2021-05-27,7.761518037166374,7.83188246509523,7.666678416718916,7.72480583190918,20444900,PETR3.SA
2021-05-28,7.801291969883456,8.186767643123739,7.801291969883456,8.171470642089844,47632100,PETR3.SA
2021-05-31,8.171471091250686,8.217361513353902,8.08275081446111,8.153115272521973,20413800,PETR3.SA
2021-06-01,8.321376393525298,8.407037245249668,8.189825132924827,8.330554008483887,29437700,PETR3.SA
2021-06-02,8.348910451577174,8.746623051548607,8.336672853537047,8.743563652038574,44727900,PETR3.SA
2021-06-04,8.746623047723617,8.96077634516584,8.673199210077344,8.850640296936035,42167500,PETR3.SA
2021-06-07,8.859817957284742,8.911826582157124,8.712970281240649,8.786394119262695,39270400,PETR3.SA
2021-06-08,8.71603153191039,9.043379764769163,8.700735114560715,8.997489929199219,51187500,PETR3.SA
2021-06-09,9.006666679670781,9.15963316262399,8.963835667649722,9.028081893920898,26326900,PETR3.SA
2021-06-10,9.058675816577448,9.141277278540967,8.99137018684017,9.046438217163086,18571600,PETR3.SA
2021-06-11,9.049497157233269,9.08620937009024,8.893471273752596,8.963835716247559,15355500,PETR3.SA
2021-06-14,9.058675781471022,9.174930057852642,8.908768690351183,8.95159912109375,17589000,PETR3.SA
2021-06-15,9.006667682221645,9.049498115489424,8.896531615509197,9.01584529876709,11804900,PETR3.SA
2021-06-16,9.052557016870267,9.113743846900364,8.908768724876653,9.046438217163086,27586600,PETR3.SA
2021-06-17,9.021961125282164,9.070910342461097,8.679316605029639,8.768036842346191,17692600,PETR3.SA
2021-06-18,8.70991180202803,8.798632647046306,8.599776325118158,8.792513847351074,20238900,PETR3.SA
2021-06-21,8.82004925665781,9.009727992546784,8.80781223885388,8.976075172424316,9180700,PETR3.SA
2021-06-22,8.969953476304159,9.049496108677046,8.841461621474231,8.985250473022461,14020000,PETR3.SA
2021-06-23,9.018906062913054,9.141279164702183,8.9301857829363,9.006669044494629,11843000,PETR3.SA
2021-06-24,9.11374386887151,9.181048915250189,9.003607807960165,9.144336700439453,13328500,PETR3.SA
2021-06-25,9.153515836953767,9.226939690569862,8.96383711080483,8.997489929199219,18279900,PETR3.SA
2021-06-28,9.021962580926264,9.043377793957186,8.878174305203789,8.957716941833496,11154700,PETR3.SA
2021-06-29,8.969954468297368,9.1045651367013,8.872056012556627,9.080090522766113,18376200,PETR3.SA
2021-06-30,9.055616360941508,9.327896527504404,9.01584474661068,9.26671028137207,38599800,PETR3.SA
2021-07-01,9.343192577939387,9.434972229578706,9.046437242832054,9.104564666748047,14822500,PETR3.SA
2021-07-02,9.211642737787319,9.211642737787319,8.997489406214155,9.18716812133789,10708800,PETR3.SA
2021-07-05,9.08926812580792,9.17187016654603,8.93936104272069,9.083149909973145,9676800,PETR3.SA
2021-07-06,8.997487976163274,9.070911813841656,8.743563652038574,8.743563652038574,26086000,PETR3.SA
2021-07-07,8.86899806803873,8.86899806803873,8.651785906665387,8.78945541381836,15385400,PETR3.SA
2021-07-08,8.596717387488757,8.734386886908363,8.56612397088855,8.615073204040527,13636300,PETR3.SA
2021-07-12,8.688495574565227,8.749682397348678,8.566122512519112,8.703792572021484,12806700,PETR3.SA
2021-07-13,8.667082331246366,8.774159003690245,8.5783620599215,8.737446784973145,8356500,PETR3.SA
2021-07-14,8.829225510076702,8.868996538567858,8.624250401266552,8.67931842803955,15431200,PETR3.SA
2021-07-15,8.65178536852687,8.685437601415503,8.440691437130523,8.474344253540039,14057500,PETR3.SA
2021-07-16,8.535528582855447,8.553884395167614,8.257129664784447,8.3121976852417,13025200,PETR3.SA
2021-07-19,8.088867687760288,8.238774769286334,8.05521487517579,8.214300155639648,15763200,PETR3.SA
2021-07-20,8.146994982218049,8.434572146153236,8.067452921096363,8.34891128540039,13316700,PETR3.SA
2021-07-21,8.400919416197901,8.56612350677573,8.336673769987094,8.483521461486816,12603000,PETR3.SA
2021-07-22,8.48657985818647,8.55082608032398,8.379503210304478,8.495758056640625,6989400,PETR3.SA
2021-07-23,8.53553008201998,8.541648881705648,8.342792560088288,8.382563591003418,7828900,PETR3.SA
2021-07-26,8.36420678893711,8.578360084509976,8.35196919100916,8.550826072692871,10639300,PETR3.SA
2021-07-27,8.538589950121139,8.563064566685147,8.422335667322315,8.514115333557129,7616200,PETR3.SA
2021-07-28,8.57530404047318,8.70073655071145,8.471286751467634,8.670143127441406,12508600,PETR3.SA
2021-07-29,8.664021019222945,8.694614430816179,8.566122568941228,8.636487007141113,6722500,PETR3.SA
2021-07-30,8.575300218321088,8.642605252699418,8.407036757094135,8.413155555725098,16455300,PETR3.SA
2021-08-02,8.455987425309928,8.63342853130995,8.333614349365234,8.333614349365234,18167000,PETR3.SA
2021-08-03,8.351970587876664,8.474344253540039,8.156173656448681,8.474344253540039,14480700,PETR3.SA
2021-08-04,8.422332669139815,8.440688479148298,8.088865772462198,8.168408393859863,21499300,PETR3.SA
2021-08-05,8.890412278756726,9.14739602989124,8.731327571857001,8.954658508300781,56764100,PETR3.SA
2021-08-06,8.95465945587364,8.991371090765728,8.810870565903704,8.905710220336914,14207700,PETR3.SA
2021-08-09,8.810871071748485,8.856761493279603,8.673201557717979,8.823108673095703,16383300,PETR3.SA
2021-08-10,8.88735143552834,9.021962088908372,8.820046400598702,8.826165199279785,13708300,PETR3.SA
2021-08-11,8.813928632163185,9.055615956629568,8.752742388762671,8.963835716247559,13417700,PETR3.SA
2021-08-12,8.997488542892892,9.101505798702588,8.92100530088699,9.012784957885742,14101100,PETR3.SA
2021-08-13,9.015845725823246,9.193286850864379,8.985252891194811,9.153515815734863,14005900,PETR3.SA
2021-08-16,9.110682953137609,9.110682953137609,8.850639843431118,8.979131698608398,14341000,PETR3.SA
2021-08-17,8.87228685783955,9.208922629687082,8.849628799616308,8.982340812683105,20573000,PETR3.SA
2021-08-18,9.008235576613615,9.089157563689692,8.865812706491702,8.875523567199707,15096100,PETR3.SA
2021-08-19,8.742810652385122,8.87552264805545,8.69102063541064,8.791363716125488,13268300,PETR3.SA
2021-08-20,8.739575777557201,8.791365806848153,8.613337658333736,8.788128852844238,12420500,PETR3.SA
2021-08-23,8.907893329305942,9.085921470782694,8.836681578806584,9.082684516906738,21931900,PETR3.SA
2021-08-24,9.137710967537007,9.186264038085938,9.079447035923977,9.186264038085938,9774200,PETR3.SA
2021-08-25,9.16036964860878,9.215396630274027,9.095632422605203,9.20892333984375,9107100,PETR3.SA
2021-08-26,9.118289649982522,9.273659719067226,9.115052696370036,9.13447380065918,17813300,PETR3.SA
2021-08-27,9.195975590920435,9.422557427041188,9.183028392580132,9.412846565246582,10210800,PETR3.SA
2021-08-30,9.348109037759171,9.471110821776946,9.276897901012886,9.296319007873535,15703900,PETR3.SA
2021-08-31,9.293081967423483,9.315740645500387,8.975867882977022,9.037368774414062,30637100,PETR3.SA
2021-09-01,9.095632315785158,9.102106223525235,8.775181291281248,8.988815307617188,18159400,PETR3.SA
2021-09-02,8.933787688598887,9.140947782400579,8.833444595336914,8.833444595336914,15610800,PETR3.SA
2021-09-03,8.859340998672417,8.891709305373956,8.733102256470087,8.836682319641113,34286600,PETR3.SA
2021-09-06,8.791363975227528,8.927312928138706,8.749284816715228,8.859338760375977,7621100,PETR3.SA
2021-09-08,8.817261463251425,8.823735371730455,8.341440302988818,8.367335319519043,26766100,PETR3.SA
2021-09-09,8.47414977659405,8.590677624425332,8.11809294396513,8.44501781463623,40726600,PETR3.SA
2021-09-10,8.626285198688427,8.658654122624009,8.42559898158239,8.438546180725098,16917300,PETR3.SA
2021-09-13,8.62304719359438,8.762233117383534,8.522704097271001,8.700732231140137,8394200,PETR3.SA
2021-09-14,8.593914181437354,8.700731172236058,8.535650873408196,8.635993957519531,12296700,PETR3.SA
2021-09-15,8.658651099250237,8.83667919265439,8.616571944997027,8.729862213134766,12428700,PETR3.SA
2021-09-16,8.697495681199694,8.720153739420889,8.493571922437363,8.648941993713379,9982400,PETR3.SA
2021-09-17,8.613336443156347,8.642468407695775,8.254042625427246,8.254042625427246,31723100,PETR3.SA
2021-09-20,8.040408852496688,8.16988391103412,7.930354898393427,8.166646957397461,20098700,PETR3.SA
2021-09-21,8.24756947805478,8.364097346946416,8.1439894245448,8.296122550964355,11818300,PETR3.SA
2021-09-22,8.396465826895438,8.655415947066102,8.396465826895438,8.564783096313477,12562500,PETR3.SA
2021-09-23,8.564783373566671,8.9208402633667,8.564783373566671,8.9208402633667,14710700,PETR3.SA
2021-09-24,8.852866086141157,9.011473117053228,8.788128245309949,8.9208402633667,12849300,PETR3.SA
2021-09-27,8.962918138272814,9.186262345114077,8.852864202705085,9.06002426147461,19582400,PETR3.SA
2021-09-28,9.043841697421747,9.331923781778585,8.937024696236623,8.982340812683105,16663600,PETR3.SA
2021-09-29,9.066499922791637,9.189501077150744,8.917603138687674,9.118289947509766,27541000,PETR3.SA
2021-09-30,9.170081300518216,9.199213270815166,9.027658403220448,9.111817359924316,19250400,PETR3.SA
2021-10-01,9.060026102078764,9.312502938035713,9.027657181973646,9.283370971679688,10554300,PETR3.SA
2021-10-04,9.195974505811595,9.529373312789177,9.186263645162855,9.5099515914917,20216400,PETR3.SA
2021-10-05,9.548795206380289,9.752718357782042,9.545558252563016,9.668560028076172,15317400,PETR3.SA
2021-10-06,9.57145117853972,9.62971509977384,9.386949172888785,9.432265281677246,14920700,PETR3.SA
2021-10-07,9.422555849683956,9.548793944952092,9.312501903978395,9.451687812805176,11538500,PETR3.SA
2021-10-08,9.532610007533712,9.785086203688735,9.509951333301824,9.642663955688477,17070200,PETR3.SA
2021-10-11,9.759193495407022,9.872484423746869,9.613534259586553,9.636192321777344,14617900,PETR3.SA
2021-10-13,9.59734886171891,9.866009871010414,9.561743602338199,9.807745933532715,17118700,PETR3.SA
2021-10-14,9.833640291306242,9.998721230669284,9.723586949116688,9.791561126708984,15841300,PETR3.SA
2021-10-15,9.778613389096337,9.833640369320571,9.710639210964775,9.762429237365723,10692300,PETR3.SA
2021-10-18,9.678269564623353,9.856298307243954,9.58440038032786,9.775376319885254,13503600,PETR3.SA
2021-10-19,9.64590124839252,9.707402135492622,9.2898449756944,9.348108291625977,28178500,PETR3.SA
2021-10-20,9.416083673632583,9.626480743546859,9.32221386023581,9.548795700073242,17058200,PETR3.SA
2021-10-21,9.318977742315505,9.445215863749198,9.037368912902819,9.212160110473633,33786700,PETR3.SA
2021-10-22,9.095631160210019,9.17979009798138,8.681310378270792,9.030893325805664,43723800,PETR3.SA
2021-10-25,9.195975313990926,9.63619115724954,9.179791162206461,9.58440113067627,38562900,PETR3.SA
2021-10-26,9.451689055242658,9.671796358201455,9.422557088292,9.474347114562988,15450300,PETR3.SA
2021-10-27,9.51642425047357,9.581162078203018,9.409607266889958,9.487292289733887,16128000,PETR3.SA
2021-10-28,9.396661553849924,9.629716659139978,9.325449808638629,9.577926635742188,20121300,PETR3.SA
2021-10-29,9.516424691797143,9.516424691797143,8.888469956288596,8.95644474029541,33651200,PETR3.SA
2021-11-01,9.137710779658793,9.416082617248277,9.092394663729632,9.289844512939453,33225700,PETR3.SA
2021-11-03,9.176553946316119,9.218633110185559,8.89494514465332,8.89494514465332,20517700,PETR3.SA
2021-11-04,8.949971212655967,8.998524279067427,8.59067802730258,8.632757186889648,16393400,PETR3.SA
2021-11-05,8.736337821257083,8.823733717178566,8.603625809251472,8.63923168182373,17509000,PETR3.SA
2021-11-08,8.603625286953607,8.930550175365159,8.597151380081518,8.78165340423584,18249300,PETR3.SA
2021-11-09,8.775180289357106,9.03736734903623,8.775180289357106,8.9176025390625,16727500,PETR3.SA
2021-11-10,8.86904800621811,9.024418044259193,8.778415792720303,8.84315299987793,15039700,PETR3.SA
2021-11-11,8.975864984544561,8.975864984544561,8.801073846094754,8.84315299987793,10208400,PETR3.SA
2021-11-12,8.81078625670968,9.01471002205448,8.713680113374119,9.004999160766602,12622800,PETR3.SA
2021-11-16,9.115053282414248,9.22510724277151,8.927314282519944,9.140948295593262,13741500,PETR3.SA
2021-11-17,9.157132386839354,9.186263734296709,8.898181656832236,8.930550575256348,15206200,PETR3.SA
2021-11-18,8.953209956821679,9.001763032944357,8.749286790152082,8.924077987670898,18571600,PETR3.SA
2021-11-19,8.80107593536377,8.862576204155086,8.661890011724624,8.80107593536377,14335200,PETR3.SA
2021-11-22,8.878761108350238,9.128000993211412,8.843155234116983,8.881998062133789,15649900,PETR3.SA
2021-11-23,8.933788622476756,9.35134580736762,8.91760385259054,9.299555778503418,19705200,PETR3.SA
2021-11-24,9.231580778158948,9.480820655822754,9.192737951263815,9.480820655822754,50040000,PETR3.SA
2021-11-25,9.613534048674142,9.937222055466053,9.548796200361407,9.87248420715332,13080500,PETR3.SA
2021-11-26,9.500243349659629,9.68150846492317,9.299556509007004,9.44197940826416,30868900,PETR3.SA
2021-11-29,9.713876164788061,9.87895710546076,9.519663257091603,9.762429237365723,16259300,PETR3.SA
2021-11-30,9.710640524894254,9.80127339205219,9.568217624327753,9.755956649780273,38459400,PETR3.SA
2021-12-01,9.859534085608853,10.118484800937312,9.81421797281531,9.823928833007812,25686900,PETR3.SA
2021-12-02,10.05248948836839,10.730389383426152,9.751603601381866,10.701388359069824,49179200,PETR3.SA
2021-12-03,10.683261226889053,10.922519826953401,10.60713380479535,10.900769233703613,32302000,PETR3.SA
2021-12-06,10.904394849185227,11.129153292502211,10.904394849185227,11.002273559570312,20230300,PETR3.SA
2021-12-07,11.132777803289883,11.357536246364166,11.049399949987698,11.306784629821777,33244600,PETR3.SA
2021-12-08,11.343036766484138,11.575044960632422,11.266908645629883,11.266908645629883,22771400,PETR3.SA
2021-12-09,11.147279334092303,11.339411552020701,11.020399593627852,11.266908645629883,12741700,PETR3.SA
2021-12-10,11.339413254346526,11.607672941962619,11.339413254346526,11.41554069519043,9888400,PETR3.SA
2021-12-13,11.382913442932152,11.571420457993256,11.252409171415158,11.404664039611816,20982700,PETR3.SA
2021-12-14,11.52791801290533,11.52791801290533,11.212531956342335,11.245158195495605,13373800,PETR3.SA
2021-12-15,11.227033464332555,11.27053535221411,11.038527127349955,11.208908081054688,18062800,PETR3.SA
2021-12-16,11.310409897832088,11.6149209814118,11.28140887517873,11.440914154052734,26042200,PETR3.SA
2021-12-17,11.306785480852456,11.415539150611426,11.082027020861224,11.16178035736084,24320600,PETR3.SA
2021-12-20,10.850018244967949,11.020399169559413,10.672386891728609,10.947896957397461,28386300,PETR3.SA
2021-12-21,11.060275904506199,11.1762799978383,10.976898048853618,10.998648643493652,10847300,PETR3.SA
2021-12-22,11.005898140994386,11.05664975467343,10.875393201318127,10.955145835876465,10066300,PETR3.SA
2021-12-23,11.002274425919097,11.121903739774497,10.94064716172456,11.034900665283203,6243500,PETR3.SA
2021-12-27,11.034898138164406,11.321283106349586,10.962395246972838,11.252406120300293,17868100,PETR3.SA
2021-12-28,11.332160763894917,11.40828819089718,11.23790726515002,11.259657859802246,8078000,PETR3.SA
2021-12-29,11.241532470244675,11.36116177789185,11.147278971577364,11.219781875610352,11460950,PETR3.SA
2021-12-30,11.21978057176352,11.285032348083599,11.074774780548616,11.129152297973633,34157000,PETR3.SA
2022-01-03,11.179904507558117,11.48079036496417,11.150903486052915,11.426413536071777,15578500,PETR3.SA
2022-01-04,11.444539975748999,11.669297740382115,11.339411522340335,11.571419715881348,17337100,PETR3.SA
2022-01-05,11.600422121604721,11.622173410918839,11.078402932529578,11.096529006958008,29552100,PETR3.SA
2022-01-06,11.14365440138298,11.393788674172797,11.04215046815722,11.085652351379395,30193600,PETR3.SA
2022-01-07,11.150904212626847,11.234282068457198,11.067526356796494,11.17628002166748,16889100,PETR3.SA
2022-01-10,11.129153346708444,11.259657603085282,11.016773778783131,11.13640308380127,17334600,PETR3.SA
2022-01-11,11.18353124998229,11.633047490461836,11.111028340591819,11.596796035766602,30661100,PETR3.SA
2022-01-12,11.665672099290243,12.053561019979666,11.654797148409648,11.981058120727539,25548000,PETR3.SA
2022-01-13,11.908557303581603,12.48857921613254,11.901308256978963,12.27107048034668,32479700,PETR3.SA
2022-01-14,12.350822731182248,12.593707257264796,12.18769153946679,12.528454780578613,28261000,PETR3.SA
2022-01-17,12.477703413936027,12.666210439858535,12.423327264823318,12.488579750061035,7079200,PETR3.SA
2022-01-18,12.517576933377875,12.662582726910072,12.256568441048747,12.53207778930664,14950100,PETR3.SA
2022-01-19,12.619081634998913,12.742336145546295,12.4160737991333,12.4160737991333,19605900,PETR3.SA
2022-01-20,12.506704534941164,12.629959069731067,12.332698376922128,12.495829582214355,18238900,PETR3.SA
2022-01-21,12.416075006277874,12.622707384803217,12.394323720109671,12.539329528808594,16277600,PETR3.SA
2022-01-24,12.48857707941902,12.716960728911923,12.0970622517169,12.561079978942871,25099100,PETR3.SA
2022-01-25,12.46320212875367,13.057723456537376,12.368947938030175,12.977970123291016,21039200,PETR3.SA
2022-01-26,13.050473571134429,13.557992540940832,13.050473571134429,13.358609199523926,22400800,PETR3.SA
2022-01-27,13.474610058188588,13.652242069769216,13.253478248581631,13.409358978271484,27254700,PETR3.SA
2022-01-28,13.358607576033739,13.702995307771454,12.85834047894386,13.010595321655273,24342500,PETR3.SA
2022-01-31,13.068596948289011,13.112098132982934,12.698833421196337,12.785837173461914,22445000,PETR3.SA
2022-02-01,12.745962556870964,13.217229384841504,12.590081788583163,13.162853240966797,19064200,PETR3.SA
2022-02-02,13.271605215561397,13.275229738205338,12.832964683122531,12.927217483520508,11735200,PETR3.SA
2022-02-03,12.858342383161753,12.861966906339266,12.571956651409007,12.789463996887207,16656900,PETR3.SA
2022-02-04,12.872840306068928,13.260730617419657,12.735086315891238,13.01784610748291,25527800,PETR3.SA
2022-02-07,12.999722478395807,13.032348718963078,12.807590941098535,12.861967086791992,20018000,PETR3.SA
2022-02-08,12.771336769769656,12.796712576979345,12.477700651214692,12.677083969116211,16102100,PETR3.SA
2022-02-09,12.698834622503325,13.014222044283606,12.590080959041577,12.687959671020508,10506700,PETR3.SA
2022-02-10,12.756836703575493,13.08672360061288,12.70608508601249,12.90546703338623,14021700,PETR3.SA
2022-02-11,12.985219460058426,13.507237839436042,12.898217088267705,13.485487937927246,26448100,PETR3.SA
2022-02-14,13.485490185680757,13.554367190068602,13.050474105585636,13.13747787475586,13473300,PETR3.SA
2022-02-15,13.050474063983078,13.06859944582968,12.66620960759639,12.865592956542969,14294900,PETR3.SA
2022-02-16,12.959846551779808,13.43473932885596,12.959846551779808,13.148353576660156,18446000,PETR3.SA
2022-02-17,13.101223229872021,13.260729879122355,12.974344197857194,13.086722373962402,10212000,PETR3.SA
2022-02-18,13.01422373262225,13.115726980637543,12.818466283268727,13.003347396850586,14031600,PETR3.SA
2022-02-21,13.0069719970153,13.441988046494208,13.0069719970153,13.354984283447266,6224000,PETR3.SA
2022-02-22,13.492741383982368,13.644996260109913,12.977971934717173,13.148353576660156,21847400,PETR3.SA
2022-02-23,13.220854009977957,13.34048262121494,13.064973256792028,13.151975631713867,19561500,PETR3.SA
2022-02-24,13.41298724453225,13.64862135738469,12.666209619027619,12.945344924926758,23081700,PETR3.SA
2022-02-25,12.905467448963753,13.224479404761173,12.764087543234758,13.184602737426758,20527100,PETR3.SA
2022-03-02,13.764624067788727,13.804500733578534,13.467363410109247,13.601492881774902,16218600,PETR3.SA
2022-03-03,13.626867227345446,13.73562087871907,13.307855318155472,13.492737770080566,15435300,PETR3.SA
2022-03-04,13.46736257012811,13.630492363089413,13.155601074719613,13.40211009979248,18097200,PETR3.SA
2022-03-07,13.557993461434448,13.59424422621982,12.238444326925162,12.376199722290039,31859200,PETR3.SA
2022-03-08,12.441451119469479,12.883717602221228,12.158691306760872,12.575580596923828,37221100,PETR3.SA
2022-03-09,12.648083107599662,12.731460963025421,12.300070828550089,12.571955680847168,18729100,PETR3.SA
2022-03-10,13.11934859044606,13.253479433110686,12.615455602734073,12.923592567443848,26817700,PETR3.SA
2022-03-11,12.956220748817778,13.097600657796175,12.54295459111747,12.619083404541016,24275700,PETR3.SA
2022-03-14,12.619085209923037,12.74233975538782,12.22757028331321,12.459578514099121,20240500,PETR3.SA
2022-03-15,12.238444533121353,12.329072829489744,11.868682300871003,12.227569580078125,19469500,PETR3.SA
2022-03-16,12.263822478766196,12.358075304290237,12.024562434150567,12.238445281982422,20123900,PETR3.SA
2022-03-17,12.336322953411546,12.441452106484183,11.600421647659138,11.915807723999023,33975100,PETR3.SA
2022-03-18,11.865055246961694,12.162315919667353,11.8288044850719,12.020936012268066,34149500,PETR3.SA
2022-03-21,12.042687016222668,12.521204252891843,12.024560252825681,12.423325538635254,12200800,PETR3.SA
2022-03-22,12.503079289371957,12.550205003717753,12.19131775568531,12.343572616577148,15178400,PETR3.SA
2022-03-23,12.397950947592816,12.70246207202064,12.30007222371837,12.463203430175781,11845600,PETR3.SA
2022-03-24,12.448700321351238,12.745960962559968,12.343571186980942,12.677083969116211,15222400,PETR3.SA
2022-03-25,12.629957624982385,12.803963763096752,12.503078581423324,12.687959671020508,13764200,PETR3.SA
2022-03-28,12.600955005608226,12.604580911094017,12.198566617984387,12.354447364807129,18674900,PETR3.SA
2022-03-29,12.376199368344437,12.65895919764222,12.2891969821965,12.506704330444336,21261100,PETR3.SA
2022-03-30,12.61545798253176,12.760463803029017,12.488578926755153,12.727837562561035,9334000,PETR3.SA
2022-03-31,12.550205178311648,12.89821886196489,12.539330226061782,12.774964332580566,17115000,PETR3.SA
2022-04-01,12.861964831959996,12.970718487159294,12.698833657722174,12.771336555480957,15174000,PETR3.SA
2022-04-04,12.677087914232152,12.687962868455516,12.459579149617419,12.640835762023926,15451000,PETR3.SA
2022-04-05,12.651710956858553,12.865593795502825,12.60458385468186,12.626335144042969,11994100,PETR3.SA
2022-04-06,12.658958791793353,12.818465466080742,12.510328452584254,12.66620922088623,15020900,PETR3.SA
2022-04-07,12.687960013362359,13.329608442840602,12.673459155742107,13.300606727600098,15668500,PETR3.SA
2022-04-08,13.253483258829453,13.503616872182752,13.191855294947025,13.4456148147583,14064700,PETR3.SA
2022-04-11,13.304231763567548,13.380359186779554,13.184601770339134,13.267979621887207,7072800,PETR3.SA
2022-04-12,13.434736466433879,13.543490123764943,13.228104102641522,13.282480239868164,11454600,PETR3.SA
2022-04-13,13.445613419548788,13.677621625171824,13.416611702406914,13.608744621276855,21697400,PETR3.SA
2022-04-14,13.577348847046771,13.837164669929335,13.427757463661248,13.679699897766113,36376800,PETR3.SA
2022-04-18,13.573410104475634,13.715128085538181,13.368706520906978,13.431692123413086,20888700,PETR3.SA
2022-04-19,13.55766622628687,13.805672746156082,13.52223672344841,13.663954734802246,14946200,PETR3.SA
2022-04-20,13.640335185862964,13.848974743708531,13.537982627968407,13.82535457611084,10192200,PETR3.SA
2022-04-22,13.573415158263735,13.660020957091266,13.073466095233867,13.136451721191406,15533100,PETR3.SA
2022-04-25,12.955367191745479,13.179753560018625,12.762472883069018,13.04590892791748,13116200,PETR3.SA
2022-04-26,13.018351700376455,13.293914331358392,12.967175418496609,13.026225090026855,13847200,PETR3.SA
2022-04-27,13.187622298176475,13.28210144702867,12.998665502167212,13.065587043762207,7241600,PETR3.SA
2022-04-28,13.108895084641745,13.305725345677494,13.108895084641745,13.16007137298584,6915000,PETR3.SA
2022-04-29,13.396265011674902,13.77811613951252,13.164005279541016,13.164005279541016,17172000,PETR3.SA
2022-05-02,13.18762556179374,13.226991007568655,12.656184535354877,12.927809715270996,15992700,PETR3.SA
2022-05-03,13.034097509105065,13.156131285360333,12.876632731213563,13.01441478729248,11244200,PETR3.SA
2022-05-04,13.14825819742978,13.628522872924806,13.00654021060672,13.628522872924805,20809800,PETR3.SA
2022-05-05,13.581284874697342,13.778115090272665,13.128574778195949,13.537981986999512,24557500,PETR3.SA
2022-05-06,13.856846132373288,14.128471262902316,13.518297954160307,14.049738883972168,17397400,PETR3.SA
2022-05-09,13.91196285997559,13.982821873828943,13.43169654423524,13.486808776855469,25131000,PETR3.SA
2022-05-10,13.620650745984797,13.778115524081032,13.443504747745804,13.65608024597168,17456300,PETR3.SA
2022-05-11,13.789924798914935,14.510324128390083,13.76630613348651,14.344985961914062,25063600,PETR3.SA
2022-05-12,14.376479587096268,14.467021308962515,14.053678143331242,14.400099754333496,28681700,PETR3.SA
2022-05-13,14.45521022692187,14.640229591956428,14.407969898164113,14.419780731201172,19959600,PETR3.SA
2022-05-16,14.463085638648405,14.911858312770404,14.411909359514798,14.825252532958984,21906600,PETR3.SA
2022-05-17,14.959095239603787,14.974842016052335,14.6362938308848,14.83705997467041,17808600,PETR3.SA
2022-05-18,14.766202721950258,14.974843780235357,14.384353109106476,14.502450942993164,16176800,PETR3.SA
2022-05-19,14.506387581975453,14.722902039789373,14.352860240395039,14.624486923217773,9932100,PETR3.SA
2022-05-20,14.762267740925436,14.915795085159775,14.549690725049182,14.82918930053711,14632500,PETR3.SA
2022-05-23,14.935478190695163,15.462983298204986,14.892176798971217,15.376379013061523,18272800,PETR3.SA
2022-05-24,14.791458216757741,15.143843554068049,14.669646738972068,14.965476036071777,18318600,PETR3.SA
2022-05-25,14.978521664992615,15.352658686772465,14.834956764262806,15.269999504089355,18592200,PETR3.SA
2022-05-26,15.256952961138115,15.487525145784767,15.204748282635569,15.317858695983887,11256100,PETR3.SA
2022-05-27,15.291756992076154,15.291756992076154,14.639192710642863,14.678346633911133,20720200,PETR3.SA
2022-05-30,14.791458660108608,14.791458660108608,13.943124669749809,14.36076545715332,12468200,PETR3.SA
2022-05-31,14.556534244400753,14.687046775394588,14.317260994319241,14.469525337219238,28056100,PETR3.SA
2022-06-01,14.39122266721266,14.582640982198734,14.3477173731995,14.456478118896484,7669200,PETR3.SA
2022-06-02,14.443423582562021,14.495628262165566,14.247653959602678,14.321610450744629,9524900,PETR3.SA
2022-06-03,14.317260288187981,14.752303143082246,14.217200630709115,14.68704605102539,13929600,PETR3.SA
2022-06-06,14.74360206632039,14.83931202532211,14.521730940838058,14.678346633911133,9285200,PETR3.SA
2022-06-07,14.595687833660913,15.065534925891056,14.595687833660913,14.730551719665527,10982800,PETR3.SA
2022-06-08,14.678347329780665,14.891517409136352,14.600039479531718,14.673995971679688,7258500,PETR3.SA
2022-06-09,14.678346521677366,14.739252255283022,14.452124040030089,14.499979019165039,11378500,PETR3.SA
2022-06-10,14.404269647836758,14.42602145935986,14.07798749631967,14.3172607421875,14670200,PETR3.SA
2022-06-13,14.112790784050775,14.265056791607432,13.79520967282496,14.099740028381348,21250400,PETR3.SA
2022-06-14,14.182395371972024,14.482575982085175,14.082335721786531,14.225900650024414,14558700,PETR3.SA
2022-06-15,14.399915402790732,14.434719621895352,13.899617199835655,14.038830757141113,20159500,PETR3.SA
2022-06-17,13.529831216163599,13.664694251528717,12.546634390755159,13.020831108093262,37348400,PETR3.SA
2022-06-20,12.524883748353366,13.3471144495354,12.42917379259868,13.133943557739258,10868300,PETR3.SA
2022-06-21,13.334062879864817,13.386268385766595,12.894669511897328,12.994729995727539,23224300,PETR3.SA
2022-06-22,12.772856313890113,13.190496985297731,12.63364275675424,12.933821678161621,13553800,PETR3.SA
2022-06-23,12.951227818197022,13.138296404982126,12.529235658301735,12.659749031066895,14734000,PETR3.SA
2022-06-24,12.83811519773886,12.907721990580798,12.542285913271416,12.577089309692383,15527600,PETR3.SA
2022-06-27,12.703254308170807,13.50373339223519,12.703254308170807,13.42542552947998,17707400,PETR3.SA
2022-06-28,13.786506802639318,13.856113585460216,13.525480952171797,13.621190071105957,12443600,PETR3.SA
2022-06-29,13.743001947541963,13.87786498152755,13.368864878663837,13.434121131896973,10631700,PETR3.SA
2022-06-30,13.20790031221976,13.37756674689522,13.099139606960449,13.286208152770996,19935200,PETR3.SA
2022-07-01,13.312313422365644,13.664697952697335,13.051287506284256,13.534185409545898,13968700,PETR3.SA
2022-07-04,13.555934600609934,13.977926679388954,13.5385333187866,13.856114387512207,5781000,PETR3.SA
2022-07-05,13.703850138697213,13.703850138697213,12.98167905491322,13.264456748962402,17539000,PETR3.SA
2022-07-06,13.390621839030976,13.408023124947444,12.738057436481721,13.064339637756348,11767100,PETR3.SA
2022-07-07,13.347116444327366,13.577688652680095,13.316663573773496,13.451526641845703,10338500,PETR3.SA
2022-07-08,13.542884809272543,13.743004970285533,13.46892748473403,13.573338508605957,4878800,PETR3.SA
2022-07-11,13.390620197419109,13.616841865271033,13.321013402729525,13.564637184143066,10408500,PETR3.SA
2022-07-12,13.481978174433914,13.481978174433914,13.2122520650574,13.299260139465332,9506400,PETR3.SA
2022-07-13,13.225303478347533,13.490679902528772,13.190500080895767,13.355816841125488,8369200,PETR3.SA
2022-07-14,13.190499766509214,13.20355135140947,12.86421761200871,12.929473876953125,11563000,PETR3.SA
2022-07-15,12.981680679054639,13.242706594594907,12.933825692768346,13.186150550842285,5827800,PETR3.SA
2022-07-18,13.364516751101029,13.660346037312141,13.364516751101029,13.625542640686035,13368200,PETR3.SA
2022-07-19,13.625543013816243,13.838713927711048,13.503731537178329,13.77780818939209,11651400,PETR3.SA
2022-07-20,13.68644818728555,13.895269393920898,13.677747960583657,13.895269393920898,16825300,PETR3.SA
2022-07-21,13.843061581405125,13.873514444240596,13.312309671096802,13.743001937866211,17144600,PETR3.SA
2022-07-22,13.725599152298152,13.96922370254854,13.682095538833233,13.890915870666504,11108300,PETR3.SA
2022-07-25,14.16064606857088,14.53478322824484,14.06928745782918,14.491279602050781,14075100,PETR3.SA
2022-07-26,14.565234159183648,14.882815234874988,14.517379181007726,14.700098037719727,10807900,PETR3.SA
2022-07-27,14.791459093174293,14.821911964425091,14.443425093481595,14.795808792114258,11672500,PETR3.SA
2022-07-28,14.887168163884205,15.287406824403838,14.756653969790753,15.109039306640625,19301100,PETR3.SA
2022-07-29,15.691993840302635,16.261900512173785,15.422267765934912,16.079181671142578,49607100,PETR3.SA
2022-08-01,16.070483788115244,16.07918484507775,15.705047693474524,15.87906551361084,21493500,PETR3.SA
2022-08-02,15.874716082188698,16.187945840328176,15.800757926540616,15.88776683807373,14991800,PETR3.SA
2022-08-03,16.022630208250078,16.100936400548125,15.783355294495014,15.80075740814209,12927700,PETR3.SA
2022-08-04,15.86166133467738,16.118336673205917,15.596284940319117,16.04438018798828,11361700,PETR3.SA
2022-08-05,15.96607232130746,16.401115154805993,15.961720963620719,16.32280731201172,14332200,PETR3.SA
2022-08-08,16.366314366261072,17.140691900902027,16.366314366261072,17.110239028930664,24523600,PETR3.SA
2022-08-09,17.288602981039162,17.44521700750222,17.158088802984878,17.336456298828125,16911500,PETR3.SA
2022-08-10,17.51047824162337,17.51047824162337,17.084136361843743,17.275554656982422,15755100,PETR3.SA
2022-08-11,17.480023094383565,17.62358638216894,16.90576662412828,16.949270248413086,31853400,PETR3.SA
2022-08-12,16.797805886178374,18.354522268524438,16.492773764402923,18.344003677368164,52964400,PETR3.SA
2022-08-15,17.82334747438789,18.549114337622388,17.576165555802877,18.280895233154297,29426900,PETR3.SA
2022-08-16,18.30719019302236,18.612221321380144,18.244078644079764,18.491260528564453,12902900,PETR3.SA
2022-08-17,18.380819641302686,19.132881933796703,18.31244979483514,19.106586456298828,19005700,PETR3.SA
2022-08-18,19.24858174373522,19.57991036569762,19.180213905942928,19.359025955200195,14964500,PETR3.SA
2022-08-19,19.090807653374636,19.222287047690187,18.443929274088088,18.57015037536621,21653900,PETR3.SA
2022-08-22,18.44392852688841,18.990883266574812,17.96534363121687,18.864662170410156,19298900,PETR3.SA
2022-08-23,18.933031669570564,19.62724267029085,18.8751804184745,19.57465171813965,19895400,PETR3.SA
2022-08-24,19.67983730892463,19.948056431301527,19.353768930831407,19.706134796142578,16000400,PETR3.SA
2022-08-25,19.91649981762068,20.14264455596657,19.096069609869552,19.506284713745117,19357900,PETR3.SA
2022-08-26,19.569389234650277,19.700868606567383,19.127618464760157,19.700868606567383,12463200,PETR3.SA
2022-08-29,19.78501629339998,20.384561937712693,19.727165045928384,20.126863479614258,21428300,PETR3.SA
2022-08-30,19.82709185044787,19.89020139411594,18.906736146572328,18.990882873535156,22463400,PETR3.SA
2022-08-31,18.93303250898101,19.700871679242216,18.638517947714547,19.548355102539062,36015200,PETR3.SA
2022-09-01,19.669317591620352,19.932276372223743,19.274879420715262,19.900720596313477,26204000,PETR3.SA
2022-09-02,20.168936759851444,20.358267394338647,19.548353905128366,19.611465454101562,21607500,PETR3.SA
2022-09-05,19.879686555731283,19.963833298580923,19.495766916091256,19.569395065307617,12457600,PETR3.SA
2022-09-06,19.017183194164065,19.180218396907286,18.585930857841205,18.88044548034668,28334900,PETR3.SA
2022-09-08,18.99613981482184,19.217026211270046,18.517554963102832,18.69110870361328,14310900,PETR3.SA
2022-09-09,19.04873532581286,19.16969612806191,18.64377854982272,18.659555435180664,9017600,PETR3.SA
2022-09-12,18.880444206764196,19.195993990421474,18.57541101050778,18.580671310424805,15413700,PETR3.SA
2022-09-13,18.301930764289335,18.57014984450671,17.9285297765994,18.017934799194336,25361200,PETR3.SA
2022-09-14,18.04948661312905,18.50703423009068,17.986377081255412,18.23881721496582,11926000,PETR3.SA
2022-09-15,18.070525840769147,18.344003184841117,18.065265542224182,18.196744918823242,9164700,PETR3.SA
2022-09-16,17.970599750401288,18.186227848229592,17.881194739686542,18.096820831298828,34954800,PETR3.SA
2022-09-19,17.82860718685686,18.42289262186006,17.786532816476246,18.312450408935547,24596800,PETR3.SA
2022-09-20,18.50703996585623,18.606965595692625,18.17045301659283,18.280895233154297,21181600,PETR3.SA
2022-09-21,18.43341216119639,18.554372972928615,18.128380985136104,18.244081497192383,16168700,PETR3.SA
2022-09-22,18.464962775862052,18.701626039671186,18.275632164814745,18.61747932434082,27515600,PETR3.SA
2022-09-23,18.254596089941884,18.307189044093402,17.21853997085782,17.30268669128418,48903800,PETR3.SA
2022-09-26,17.25009582942942,17.465721952064175,17.066025483113034,17.081802368164062,18230500,PETR3.SA
2022-09-27,17.307948196307734,17.386836639070317,17.218543166978815,17.286911010742188,17568400,PETR3.SA
2022-09-28,17.28690774527719,17.355277582342065,16.77150883357781,17.16594696044922,17529400,PETR3.SA
2022-09-29,16.992399697559083,17.292172592336687,16.85565998746116,17.18172836303711,24350900,PETR3.SA
2022-09-30,17.097577391781037,17.723420513553066,17.03972815081994,17.39735221862793,28412400,PETR3.SA
2022-10-03,18.596448192534375,19.038219093260793,18.522820043449407,18.93829345703125,46548300,PETR3.SA
2022-10-04,19.353764278182254,19.364282869297444,18.486001576448558,18.56488800048828,26112400,PETR3.SA
2022-10-05,18.670075045690265,19.348509240110115,18.564891123062804,19.222288131713867,24446100,PETR3.SA
2022-10-06,19.437913561408866,19.842870344715266,19.248582908827547,19.790279388427734,23327000,PETR3.SA
2022-10-07,19.737686055812457,20.20049408608662,19.55887399908492,19.690353393554688,18217500,PETR3.SA
2022-10-10,19.77450015591763,19.884944372165055,19.395840863494453,19.51154136657715,12316500,PETR3.SA
2022-10-11,19.280137851057937,19.606206179590426,19.090807206678974,19.32221221923828,20992200,PETR3.SA
2022-10-13,19.064514508031905,20.258347795211893,18.98036776562443,19.927019119262695,24490200,PETR3.SA
2022-10-14,19.905982552495804,19.942796628057884,19.511544309002097,19.537841796875,19191500,PETR3.SA
2022-10-17,19.532578078475822,19.77449967732199,19.17495397313092,19.411617279052734,26406000,PETR3.SA
2022-10-18,19.59042690695687,19.848127365112305,19.27487720892855,19.848127365112305,18698100,PETR3.SA
2022-10-19,19.87968758302537,20.658045496160785,19.806059430004233,20.58441734313965,21303100,PETR3.SA
2022-10-20,20.85788587026547,21.189214423655525,20.73692509818691,21.136621475219727,27337800,PETR3.SA
2022-10-21,21.262846478502237,22.13061122916355,21.10507161644097,21.857133865356445,32623200,PETR3.SA
2022-10-24,21.22077775632783,21.36277577181684,19.64828500395158,19.69561767578125,33545600,PETR3.SA
2022-10-25,19.67457948871225,19.83761468479087,19.206513094487047,19.40110206604004,24141600,PETR3.SA
2022-10-26,19.222286416482046,19.42213565101975,18.507038213897665,19.048734664916992,25746100,PETR3.SA
2022-10-27,19.23280555077517,19.39584072120814,18.927774400610396,19.106586456298828,25148100,PETR3.SA
2022-10-28,18.896215926839925,19.0487324832619,18.533333574243958,18.81732749938965,27032800,PETR3.SA
2022-10-31,17.518313319605205,18.217782578219072,17.102837997167065,17.492015838623047,55281200,PETR3.SA
2022-11-01,17.639274654435887,17.828605288556886,17.397353069155134,17.549867630004883,34269700,PETR3.SA
2022-11-03,17.413131944699014,17.80230984270804,17.208024403016363,17.59720230102539,24872100,PETR3.SA
2022-11-04,17.986383230846513,18.054753084044698,16.513813274511115,16.676847457885742,29167600,PETR3.SA
2022-11-07,16.508553711304252,16.776771816910514,16.014191872524002,16.108856201171875,27442700,PETR3.SA
2022-11-08,15.97737679664576,16.25085419880606,15.772269246579663,16.108856201171875,19140100,PETR3.SA
2022-11-09,16.05100366921469,16.398109167694397,15.777526305834286,15.809081077575684,15928500,PETR3.SA
2022-11-10,15.414646009073259,15.90374958306931,15.209538446987807,15.614495277404785,39818600,PETR3.SA
2022-11-11,15.572417861096422,16.387589603965257,15.398865122151728,16.145668029785156,34866200,PETR3.SA
2022-11-14,16.340260734574557,16.83988288832248,16.282409473816216,16.592700958251953,19816400,PETR3.SA
2022-11-16,16.69788466483178,16.818845478350717,16.24033588776639,16.40863037109375,25165000,PETR3.SA
2022-11-17,16.408626940152025,16.455959596955218,16.024706390180818,16.282405853271484,30514800,PETR3.SA
2022-11-18,16.387591311815875,16.508552111511985,15.798564198360282,15.982634544372559,27497600,PETR3.SA
2022-11-21,16.271892131307737,16.4559635067081,15.530348336019337,15.924786567687988,33579600,PETR3.SA
2022-11-22,15.799957711249132,16.001005172729492,15.096292723913244,16.001005172729492,44857900,PETR3.SA
2022-11-23,15.734907611766396,16.20795961461883,15.65803595639979,16.006912231445312,17851100,PETR3.SA
2022-11-24,16.024657630290324,16.79928097501706,15.930047197095242,16.62779998779297,13776300,PETR3.SA
2022-11-25,16.6041424941244,16.6041424941244,16.095610702168944,16.255266189575195,13019700,PETR3.SA
2022-11-28,16.190223931040773,16.775627486839674,16.09561350598838,16.657363891601562,12320700,PETR3.SA
2022-11-29,16.793368822835962,17.7158211730784,16.71058497012759,17.37285804748535,24509100,PETR3.SA
2022-11-30,17.473379827617222,18.023303651363246,17.44381449148164,17.97008514404297,29533500,PETR3.SA
2022-12-01,17.86956206319727,18.06469622108952,17.29598617553711,17.29598617553711,12067600,PETR3.SA
2022-12-02,17.290072414074377,18.005565058857385,17.159983354952598,17.52068519592285,18444400,PETR3.SA
2022-12-05,17.56207782463221,17.970084870755706,17.248680078272834,17.28415870666504,12452000,PETR3.SA
2022-12-06,17.443815673777763,17.739473566553656,17.124504608214025,17.254594802856445,10532200,PETR3.SA
2022-12-07,17.248679311696442,17.49703195509495,16.98258679096761,16.994413375854492,13339200,PETR3.SA
2022-12-08,16.99441513446258,17.331464943700727,16.52727626154253,16.62779998779297,13407800,PETR3.SA
2022-12-09,16.698752663910287,16.976670594134248,16.43857348013667,16.592315673828125,10363900,PETR3.SA
2022-12-12,16.556841016967578,16.604146231902245,15.734912484535752,16.142919540405273,18581300,PETR3.SA
2022-12-13,16.237528953482258,16.385357881876725,15.894565884720912,15.924132347106934,22207900,PETR3.SA
2022-12-14,15.510212761462654,15.587084445064397,13.960966037195536,14.36306095123291,69775500,PETR3.SA
2022-12-15,14.07331626965554,15.043074995502273,14.020097754853476,14.729677200317383,24269200,PETR3.SA
2022-12-16,14.700110358731331,14.812459542643518,14.380799302529566,14.77106761932373,28123600,PETR3.SA
2022-12-19,14.72376208802773,15.161335611805235,14.599586320724585,15.10811710357666,12963900,PETR3.SA
2022-12-20,15.096290700039486,15.575256116250355,15.031245610090952,15.474732398986816,15549900,PETR3.SA
2022-12-21,15.705345577538372,15.882740974426268,15.320990576049148,15.88274097442627,20946900,PETR3.SA
2022-12-22,16.024653847337635,16.39126890746014,15.776301236868012,16.0660457611084,14139200,PETR3.SA
2022-12-23,16.19614178197829,16.911634591637807,16.154749850348797,16.887981414794922,12490700,PETR3.SA
2022-12-26,16.828843559108392,16.935280561000205,16.627797267345702,16.83475685119629,3655300,PETR3.SA
2022-12-27,16.970760483652167,17.000325816542876,16.562752348258496,16.947107315063477,15571400,PETR3.SA
2022-12-28,16.96484931736325,17.148156885515178,16.775628456323158,16.85249900817871,9698400,PETR3.SA
2022-12-29,16.958937591396914,16.988502930724135,16.545016073743444,16.580495834350586,31388400,PETR3.SA
2023-01-02,15.87682726804097,16.142918664671353,15.350555511616456,15.474732398986816,14365400,PETR3.SA
2023-01-03,15.58708574581425,15.69943494223031,15.06672718027864,15.255948066711426,28657500,PETR3.SA
2023-01-04,15.220468296547448,15.90639452259764,14.96028903319709,15.510212898254395,24517300,PETR3.SA
2023-01-05,15.71125768991113,16.166571041519155,15.640300438762841,16.012828826904297,20367800,PETR3.SA
2023-01-06,16.05422146844857,16.397184538713407,15.859087327226256,15.91230583190918,14109900,PETR3.SA
2023-01-09,15.870912690007854,16.148830649180947,15.728997064397435,16.018741607666016,12703400,PETR3.SA
2023-01-10,16.00691671681979,16.137006899941106,15.652127051340692,16.113353729248047,8949300,PETR3.SA
2023-01-11,16.113355559012433,16.456318678090444,16.077876926789298,16.320316314697266,9587400,PETR3.SA
2023-01-12,16.373531308871623,16.456315142220134,16.089698928535753,16.40900993347168,13092100,PETR3.SA
2023-01-13,16.290746380193845,16.474055051324488,16.17248392200923,16.373531341552734,7763200,PETR3.SA
2023-01-16,16.243437808525144,16.343961497485807,15.817691017080236,15.965519905090332,8501500,PETR3.SA
2023-01-17,16.054222901752794,17.100852083498644,16.054222901752794,17.089025497436523,21291000,PETR3.SA
2023-01-18,17.31963937658748,17.431988560397237,16.79336757642128,16.8702392578125,13955300,PETR3.SA
2023-01-19,16.76380232075598,17.467468403511134,16.74014914856809,17.443815231323242,13175800,PETR3.SA
2023-01-20,17.414250839145808,17.703995447102283,17.083113177613793,17.63895034790039,14077700,PETR3.SA
2023-01-23,17.668514167896603,18.460877365552577,17.53251181566267,18.04695701599121,12311000,PETR3.SA
2023-01-24,18.200701962707946,18.62053566777635,17.74538849518792,17.91095733642578,13961700,PETR3.SA
2023-01-25,17.90504154851234,18.017390730422534,17.361031006334823,17.987825393676758,13845800,PETR3.SA
2023-01-26,17.987825218710274,18.076522355930155,17.100851590820902,17.485206604003906,18648100,PETR3.SA
2023-01-27,17.491120400786027,17.497033693817084,16.970763020351292,17.089025497436523,11009000,PETR3.SA
2023-01-30,17.290073284093868,17.33737850141353,16.947110176564983,17.142244338989258,8885900,PETR3.SA
2023-01-31,17.14224231561071,17.46746663316032,16.98850009550738,17.4201602935791,13732300,PETR3.SA
2023-02-01,17.42015916606501,17.66259962934603,16.905715162713793,17.07719612121582,13730800,PETR3.SA
2023-02-02,17.02989425365026,17.130417982785392,16.178400330459496,16.26709747314453,17308900,PETR3.SA
2023-02-03,16.26118700388554,16.811110963017683,16.196141894959418,16.462234497070312,13867500,PETR3.SA
2023-02-06,16.46814393374168,17.159983409324504,16.46814393374168,17.059459686279297,9973700,PETR3.SA
2023-02-07,17.118593112325396,17.295987403790214,16.80519532770246,16.97076416015625,9641500,PETR3.SA
2023-02-08,17.094939090562246,17.355118349269613,16.98850206982535,17.3137264251709,7466400,PETR3.SA
2023-02-09,17.301899838901164,17.47929412156576,17.195462818164273,17.3137264251709,11087500,PETR3.SA
2023-02-10,17.307813916506895,17.887303135844757,17.307813916506895,17.786779403686523,22158500,PETR3.SA
2023-02-13,17.73947257739905,17.946433316371095,17.514773087670587,17.87547492980957,11668100,PETR3.SA
2023-02-14,17.875476177400984,17.999653080589063,17.727647228938498,17.769039154052734,9956000,PETR3.SA
2023-02-15,17.63894838518505,17.97599817473552,17.56799000051088,17.845909118652344,13372000,PETR3.SA
2023-02-16,17.73947363376742,18.023304941224815,17.73947363376742,17.828170776367188,10013900,PETR3.SA
2023-02-17,17.81043359415295,17.816345760047984,17.556167602539062,17.556167602539062,9980100,PETR3.SA
2023-02-22,17.201375152175274,17.402422596169213,17.11859130859375,17.11859130859375,9615800,PETR3.SA
2023-02-23,17.118592583982593,17.928694585273366,17.118592583982593,17.757213592529297,15815200,PETR3.SA
2023-02-24,17.75721191647999,17.839995758415455,17.426074293047613,17.491119384765625,14924500,PETR3.SA
2023-02-27,17.408338150565903,17.987827386611052,17.36103292982437,17.780866622924805,16604500,PETR3.SA
2023-02-28,17.76312394118311,18.16521766462791,17.00032615661621,17.00032615661621,28691200,PETR3.SA
2023-03-01,17.029891490098343,17.071284535956575,16.190223161770795,17.00032615661621,25407100,PETR3.SA
2023-03-02,17.11267815969042,17.254593804671536,16.42675197835907,16.533187866210938,16485500,PETR3.SA
2023-03-03,16.527275168448362,17.16589611420021,16.420838156182178,17.136329650878906,14009500,PETR3.SA
2023-03-06,17.148155137940673,17.42607310828993,16.9944129220522,17.390594482421875,12267300,PETR3.SA
2023-03-07,17.21320093399784,17.290071481184665,16.704669054954245,16.86432456970215,11875100,PETR3.SA
2023-03-08,16.90571788692375,17.372856756876153,16.85249937760894,17.12450408935547,16672600,PETR3.SA
2023-03-09,17.04763105926038,17.585728239410166,16.882062262350768,16.91162872314453,14771700,PETR3.SA
2023-03-10,16.728325319053912,17.106767088144093,16.69284555731763,16.79336929321289,13388000,PETR3.SA
2023-03-13,16.521365901123897,16.61006305700787,16.17840273795247,16.261186599731445,10204000,PETR3.SA
2023-03-14,16.33805256264168,16.598231790704467,15.882740323338313,15.971437454223633,9466300,PETR3.SA
2023-03-15,15.728997092667509,15.78221559334771,15.196813213710648,15.581168174743652,19501500,PETR3.SA
2023-03-16,15.5929968461316,15.687607276039765,15.356469643515897,15.522038459777832,9928600,PETR3.SA
2023-03-17,15.374207900417302,15.592995201405884,15.196813645012094,15.587081909179688,25338900,PETR3.SA
2023-03-20,15.669865717912618,15.758562845463844,15.173160450211547,15.220465660095215,11113900,PETR3.SA
2023-03-21,15.338727094950201,15.699428846723524,15.332813803564408,15.557513236999512,7613700,PETR3.SA
2023-03-22,15.563430153891712,15.6403018319693,15.344643960876082,15.421514511108398,7306500,PETR3.SA
2023-03-23,15.480647565321368,15.699433776065645,15.03716072274499,15.11994457244873,16280300,PETR3.SA
2023-03-24,15.119943951177078,15.338731280776845,14.930723086574748,15.173162460327148,11495300,PETR3.SA
2023-03-27,15.374211781747762,15.474735519280701,15.143598965932092,15.403777122497559,10084900,PETR3.SA
2023-03-28,15.380121994765947,15.66986656188965,15.338730074869023,15.669866561889648,10928600,PETR3.SA
2023-03-29,15.711258975868496,15.882741081228724,15.557516748669928,15.83543586730957,10947700,PETR3.SA
2023-03-30,16.060134036951546,16.13109241594501,15.746736315485276,16.012828826904297,10036200,PETR3.SA
2023-03-31,16.01874442515373,16.142920196461816,15.557517714912267,15.663954734802246,17018900,PETR3.SA
2023-04-03,16.107438804758353,16.420836517620078,15.91821796976453,16.40900993347168,12237600,PETR3.SA
2023-04-04,16.533188604036102,16.5509284833924,16.107441650092998,16.17840003967285,6970600,PETR3.SA
2023-04-05,16.13109580401666,16.320316683948402,15.663955769820442,16.20205307006836,16004500,PETR3.SA
2023-04-06,16.190223082620193,16.243441584903998,15.959610324620492,16.012828826904297,6967800,PETR3.SA
2023-04-10,16.083789098790856,16.45040423784251,16.0660492199934,16.43857765197754,8275300,PETR3.SA
2023-04-11,16.799281593875744,17.195463220416848,16.550928915628404,17.159984588623047,18090400,PETR3.SA
2023-04-12,17.295983996793762,17.38468112505444,16.935281063642478,17.17180824279785,16571100,PETR3.SA
2023-04-13,17.278247607862813,17.431989854210787,17.213203635525698,17.37285804748535,9817100,PETR3.SA
2023-04-14,17.331466363679418,17.63895086067851,17.284161143206127,17.633037567138672,8774000,PETR3.SA
2023-04-17,17.57981923555136,17.83408522117584,17.556167188991985,17.709909439086914,10787100,PETR3.SA
2023-04-18,17.763125115146888,18.29530904791349,17.633034932399433,18.159305572509766,15977600,PETR3.SA
2023-04-19,18.041043505101083,18.07060884119627,17.532511603777834,17.579816818237305,18339300,PETR3.SA
2023-04-20,17.64486415421835,17.82817174257167,17.384684877692546,17.633037567138672,7714700,PETR3.SA
2023-04-24,17.5916448714716,17.964173325439038,17.52068647993975,17.90504264831543,13865600,PETR3.SA
2023-04-25,17.916864493447832,18.070606704221337,17.60938119974596,17.810428619384766,15626100,PETR3.SA
2023-04-26,17.769040537969502,17.87547756960745,17.544341015058077,17.556167602539062,20280800,PETR3.SA
2023-04-27,17.6330360499955,17.79860487132921,16.99441506463021,17.089025497436523,29553800,PETR3.SA
2023-04-28,17.516855824246235,17.832711666168894,17.023330600579747,17.54975700378418,34127900,PETR3.SA
2023-05-02,17.437889563613897,17.510273657773922,16.667990238337154,16.766695022583008,22026800,PETR3.SA
2023-05-03,16.66140911153148,16.944363735898303,16.589025020154093,16.674570083618164,13186900,PETR3.SA
2023-05-04,16.85881936702568,17.18125564183309,16.62192689773888,16.918041229248047,11043100,PETR3.SA
2023-05-05,17.108872225160255,17.668200991233448,17.03648813334508,17.628719329833984,10892400,PETR3.SA
2023-05-08,17.898514647310144,18.08934374106018,17.753746450224423,17.918254852294922,8232300,PETR3.SA
2023-05-09,17.872190513782627,18.168306103318162,17.766905249747627,18.056440353393555,8120900,PETR3.SA
2023-05-10,17.97747446818558,18.26700955073931,17.832707554458345,18.089340209960938,9515100,PETR3.SA
2023-05-11,17.878774621716243,18.721058159733026,17.655043076541467,18.52364730834961,20295300,PETR3.SA
2023-05-12,18.451262473958685,19.622561461397215,18.451262473958685,19.175098419189453,20210400,PETR3.SA
2023-05-15,18.898723226034665,19.056651128441153,18.58944790737605,18.793437957763672,18048800,PETR3.SA
2023-05-16,18.793436336683474,19.73442443889989,18.793436336683474,19.21457862854004,31615500,PETR3.SA
2023-05-17,19.431735333272012,19.504118185762863,18.95795027282455,19.09613800048828,24810700,PETR3.SA
2023-05-18,19.036909942002094,19.20141832206765,18.806597958890446,19.181676864624023,22533900,PETR3.SA
2023-05-19,19.411988236041843,19.458050380192834,19.194837231401955,19.273801803588867,13250200,PETR3.SA
2023-05-22,19.267224751866983,19.464634334868478,18.918466483124856,18.984270095825195,10456900,PETR3.SA
2023-05-23,19.082975621818306,19.563339879350526,18.997431800584998,19.379091262817383,10496500,PETR3.SA
2023-05-24,19.2803821709059,19.701524488901978,19.22115905204863,19.589658737182617,7177400,PETR3.SA
2023-05-25,19.734426090504055,19.734426090504055,19.293543560088416,19.44489097595215,10559200,PETR3.SA
2023-05-26,19.66204363779722,19.773909401264483,19.46463405760769,19.767330169677734,9729700,PETR3.SA
2023-05-29,19.662043671790254,19.767330203852797,19.484375551352315,19.642303466796875,3604000,PETR3.SA
2023-05-30,19.60281986435989,19.708105130917563,19.32644572587115,19.458051681518555,17077200,PETR3.SA
2023-05-31,19.221160888671875,19.46463387336051,19.043492770222862,19.221160888671875,18194000,PETR3.SA
2023-06-01,19.28696378527766,19.839712090217606,19.247482122096077,19.780488967895508,13359200,PETR3.SA
2023-06-02,20.18189006403006,20.227952214077135,19.892354935749147,20.01738166809082,10518400,PETR3.SA
2023-06-05,20.162148575191864,20.372719120870194,19.99764017949324,20.14240837097168,8046600,PETR3.SA
2023-06-06,20.129247247965896,20.64251389055342,19.951577880712588,20.55038833618164,17378600,PETR3.SA
2023-06-07,20.9583705436747,21.221583734320795,20.813602347494726,21.188682556152344,20698700,PETR3.SA
2023-06-09,21.320285427907518,22.234951549396783,21.247901344589923,22.208629608154297,18802700,PETR3.SA
2023-06-12,22.208632061068194,22.642934098743353,22.090185822593263,22.491586685180664,23844900,PETR3.SA
2023-06-13,22.835425773921845,22.835425773921845,22.28509128995199,22.50104522705078,24903100,PETR3.SA
2023-06-14,22.61947362612796,23.469356536865234,22.535876494642654,23.469356536865234,35323000,PETR3.SA
2023-06-15,23.441488727726043,23.96395873511292,23.037443979785312,23.12103843688965,19891200,PETR3.SA
2023-06-16,23.072276900996254,23.455421076782475,22.87722226403311,23.260366439819336,20498000,PETR3.SA
2023-06-19,23.260368128955587,23.85250249582531,23.190706512815765,23.83856964111328,5688000,PETR3.SA
2023-06-20,23.741044149933344,23.963964527709386,23.309133592749305,23.901268005371094,20070700,PETR3.SA
2023-06-21,24.19384824019535,24.97406950550943,24.131151722429557,24.85564422607422,17000700,PETR3.SA
2023-06-22,24.618792097454637,24.723287184154383,24.214747263464087,24.44463539123535,13677800,PETR3.SA
2023-06-23,24.25654361445004,24.29137442102896,23.28126508571915,23.61564826965332,11854700,PETR3.SA
2023-06-26,23.545986315537395,24.193849479839017,23.545986315537395,24.075424194335938,12866400,PETR3.SA
2023-06-27,24.110255082965157,24.256546079917943,23.6435137236228,23.86643409729004,12744300,PETR3.SA
2023-06-28,23.887334193555343,24.326207174938162,23.838570528957256,24.040590286254883,10147400,PETR3.SA
2023-06-29,24.138122241437486,24.354074871577904,24.02666204792031,24.30531120300293,11087400,PETR3.SA
2023-06-30,24.347110984607973,24.347110984607973,23.037451652493743,23.058349609375,19972200,PETR3.SA
2023-07-03,23.27430155424655,23.573851294347918,23.267336455429938,23.45542335510254,10255400,PETR3.SA
2023-07-04,23.44845385285034,23.706204979387284,23.357891640719025,23.511150360107422,3080800,PETR3.SA
2023-07-05,23.49025377700119,23.796768576193433,23.211602026884577,23.504186630249023,14131000,PETR3.SA
2023-07-06,23.323064714079607,23.476323458935994,22.939920509358966,23.204639434814453,12623600,PETR3.SA
2023-07-07,23.309131982070905,23.594748862448903,23.0374479565187,23.079246520996094,8279200,PETR3.SA
2023-07-10,22.87722411215254,23.288234028542377,22.83542554767515,23.079246520996094,6997700,PETR3.SA
2023-07-11,23.044416439047755,23.176774577934513,22.814528313306074,22.898122787475586,9533900,PETR3.SA
2023-07-12,22.898122310813775,23.364863651503438,22.81452783838442,22.828460693359375,12229800,PETR3.SA
2023-07-13,22.849357314424672,23.253402112871346,22.835424460262352,23.162839889526367,9831700,PETR3.SA
2023-07-14,23.009581955337165,23.12104213511101,22.58463918950553,22.675201416015625,13967700,PETR3.SA
2023-07-17,22.292055131745883,22.76576151588909,21.901944538979137,22.682167053222656,13877200,PETR3.SA
2023-07-18,22.64733588891321,22.83542544206105,22.43138328366298,22.487112045288086,8430200,PETR3.SA
2023-07-19,22.39655235501764,22.710032284491106,22.292057273579612,22.612504959106445,11137300,PETR3.SA
2023-07-20,22.612506347278675,22.884190386791744,22.4592502511603,22.786663055419922,12374600,PETR3.SA
2023-07-21,22.870258893017148,23.330032470165982,22.74486585766562,23.204639434814453,16480100,PETR3.SA
2023-07-24,23.267337235184264,23.713177982159216,23.267337235184264,23.685312271118164,13992100,PETR3.SA
2023-07-25,24.033624913532794,24.159017951762248,23.545985615687183,24.110254287719727,9578200,PETR3.SA
2023-07-26,24.068452889909864,24.207778766814393,23.699241574919924,24.005756378173828,15795200,PETR3.SA
2023-07-27,23.754971498074408,23.810702914541775,22.640369742929057,22.6543025970459,16105600,PETR3.SA
2023-07-28,22.779699587972335,23.114080172663332,22.64037367999592,23.037450790405273,7999800,PETR3.SA
2023-07-31,23.336996463542356,24.263511330044686,23.336996463542356,24.24957847595215,17508000,PETR3.SA
2023-08-01,24.179918012796833,24.186885769650324,23.23947280154209,23.741044998168945,19080800,PETR3.SA
2023-08-02,23.60171825064102,23.69227782714043,23.176775450040406,23.5738525390625,11669400,PETR3.SA
2023-08-03,23.90126663644439,24.054522726499968,23.727109935192765,23.908231735229492,8498200,PETR3.SA
2023-08-04,23.42755849038985,23.706207597648266,22.466212825410896,22.905088424682617,39809800,PETR3.SA
2023-08-07,22.905093496544517,23.225541236687338,22.870262682602167,23.058349609375,10236000,PETR3.SA
2023-08-08,22.786658819439015,23.211601533495184,22.65430070252807,23.04441261291504,8588100,PETR3.SA
2023-08-09,23.065315197574346,23.427561474835127,22.960820108153165,23.309133529663086,13213200,PETR3.SA
2023-08-10,23.128011185722336,23.441493789327122,22.981720189846918,23.302167892456055,13768900,PETR3.SA
2023-08-11,23.281267606448115,23.70621040201319,23.037449276576588,23.31610107421875,10395400,PETR3.SA
2023-08-14,23.267335061538624,23.504188268419686,23.183737936225153,23.42755889892578,7868900,PETR3.SA
2023-08-15,24.47946455103967,24.604857583659495,23.350929914881497,23.378795623779297,15951900,PETR3.SA
2023-08-16,23.46239204660186,24.354073546213364,23.46239204660186,24.068456649780273,22993600,PETR3.SA
2023-08-17,24.179916818914094,24.47946657072925,23.8873348236084,23.8873348236084,11944300,PETR3.SA
2023-08-18,23.91519693390768,24.110251568075547,23.734072495820307,24.026657104492188,7771500,PETR3.SA
2023-08-21,24.103288233606097,24.416770851317334,23.580818089894226,23.78980827331543,9985600,PETR3.SA
2023-08-22,23.983945833800583,24.178585937948647,23.883021946457813,24.149749755859375,7482700,PETR3.SA
2023-08-23,24.56065373126287,25.533851423003927,24.56065373126287,25.526643753051758,26164500,PETR3.SA
2023-08-24,25.461763381958008,25.836625463738507,25.281541385907925,25.461763381958008,8234700,PETR3.SA
2023-08-25,25.533849838892305,25.721282245653995,25.02923047446304,25.25991439819336,13843300,PETR3.SA
2023-08-28,25.245493903309267,25.555475911899723,25.137359621254355,25.519432067871094,7399600,PETR3.SA
2023-08-29,25.591527694509843,25.66361540492896,25.37526181328261,25.6131534576416,7751700,PETR3.SA
2023-08-30,25.721284184772536,25.764538454971376,25.548269853946664,25.591524124145508,5861700,PETR3.SA
2023-08-31,25.69965540548196,25.77174309737506,24.611113108099605,24.89946937561035,19146600,PETR3.SA
2023-09-01,25.166199089139226,25.814999366417847,25.000395184939,25.728490829467773,30483500,PETR3.SA
2023-09-04,25.706869168023168,25.807793060583325,25.332007031392703,25.375261306762695,5697600,PETR3.SA
2023-09-05,25.274334843552317,26.67285660530067,25.231080572581714,26.5430965423584,24924500,PETR3.SA
2023-09-06,26.51426293292536,27.00446705158479,26.47821907860595,26.67285919189453,12259900,PETR3.SA
2023-09-08,26.53588706230133,26.795404420515943,26.312410802483054,26.463796615600586,12383900,PETR3.SA
2023-09-11,26.46379705275833,26.672855226689908,26.240323539217833,26.2835750579834,13441700,PETR3.SA
2023-09-12,26.42775369052009,26.737735747239494,26.406127930739018,26.571931838989258,6035300,PETR3.SA
2023-09-13,26.571930351698164,26.665646555453037,26.22590446472168,26.22590446472168,10236100,PETR3.SA
2023-09-14,26.269158783484144,27.05492684499461,26.269158783484144,26.997257232666016,11054400,PETR3.SA
2023-09-15,26.961213053036243,27.069344606074754,26.60076904296875,26.60076904296875,20324600,PETR3.SA
2023-09-18,26.82424255860702,27.458624786066054,26.76657294700323,26.932376861572266,11039300,PETR3.SA
2023-09-19,26.982838802964167,27.307238961890352,26.860286409605582,26.932376861572266,13151300,PETR3.SA
2023-09-20,26.93237236900314,27.184682033875053,26.759358063113044,26.968416213989258,8157200,PETR3.SA
2023-09-21,26.708901685737395,27.054927619523788,26.54309776433785,26.57914161682129,14641100,PETR3.SA
2023-09-22,26.759357013285392,27.01166941822764,26.644015063873475,26.773775100708008,7402600,PETR3.SA
2023-09-25,26.795405938226054,27.03330030085898,26.737736327568367,26.946794509887695,3931400,PETR3.SA
2023-09-26,26.65843335629014,26.809819150438198,26.204273223876953,26.204273223876953,12779600,PETR3.SA
2023-09-27,26.535885170520608,27.177474975585938,26.535885170520608,27.177474975585938,15546800,PETR3.SA
2023-09-28,27.13422256837639,27.23514644350276,26.896330969859854,27.04050636291504,8603100,PETR3.SA
2023-09-29,27.09097387047454,27.3144474029541,27.01167574605806,27.3144474029541,10250400,PETR3.SA
2023-10-02,27.263984653808507,27.44420665852695,26.658438607955755,26.795406341552734,8319100,PETR3.SA
2023-10-03,26.622396240415608,26.831454437530493,26.32683224620721,26.47821807861328,9893500,PETR3.SA
2023-10-04,26.312410275094084,26.370082631298732,25.46176227086062,25.678028106689453,20881700,PETR3.SA
2023-10-05,25.649195014681982,25.822206585624592,25.425718756414323,25.577104568481445,8110600,PETR3.SA
2023-10-06,25.3103752138219,26.420543266343504,25.3103752138219,26.218692779541016,11740500,PETR3.SA
2023-10-09,26.744941690637607,27.436996208619654,26.708897843339514,27.292818069458008,11557100,PETR3.SA
2023-10-10,27.32165727100116,27.57396697998047,27.0909733228002,27.57396697998047,9200100,PETR3.SA
2023-10-11,27.494669403050874,27.552341766230942,26.93237761189339,27.48025131225586,10203300,PETR3.SA
2023-10-13,27.956031991019753,28.467864491992078,27.93440623392554,28.345312118530273,14724500,PETR3.SA
2023-10-16,28.43903894365965,28.7706468428832,28.013714812057227,28.626468658447266,11164900,PETR3.SA
2023-10-17,28.568785460158203,29.376179059407075,28.511113113798867,29.27525520324707,12072200,PETR3.SA
2023-10-18,29.484318054875427,30.133115555490413,29.477107635441563,29.96010398864746,28701300,PETR3.SA
2023-10-19,29.909640178830976,29.916847847844053,29.52756772187952,29.743833541870117,17767100,PETR3.SA
2023-10-20,30.00335681687659,30.176371141251597,29.138290694940338,29.4194393157959,11112900,PETR3.SA
2023-10-23,28.56878984030139,28.612041356733343,27.559545624027187,27.64605140686035,20856700,PETR3.SA
2023-10-24,27.970458625347586,28.229978789650072,27.58838880010779,28.071382522583008,16461100,PETR3.SA
2023-10-25,28.19393290891124,28.31648256104838,27.919994671822085,28.150678634643555,9381200,PETR3.SA
2023-10-26,28.04975035210025,28.09300461959437,27.45141477659619,27.94161605834961,9503400,PETR3.SA
2023-10-27,28.338107321900758,28.568791254185367,27.487459290362736,27.739768981933594,13358800,PETR3.SA
2023-10-30,27.876738490365078,28.02091664475698,27.271195191864326,27.516294479370117,8454300,PETR3.SA
2023-10-31,27.516292017127807,27.566756704123367,26.98283646857346,27.278400421142578,6514700,PETR3.SA
2023-11-01,27.386535170260256,27.91999072768732,27.321655143008922,27.595590591430664,13428200,PETR3.SA
2023-11-03,28.107425420052717,28.107425420052717,27.429788913792052,27.826276779174805,9668700,PETR3.SA
2023-11-06,28.04975636864524,28.2371860680506,27.703730404379254,27.754192352294922,10596200,PETR3.SA
2023-11-07,27.386537665116773,27.667683558827893,26.91075167192035,27.141435623168945,15189300,PETR3.SA
2023-11-08,26.990045750431925,27.01888193044642,26.29799392990099,26.499841690063477,11870400,PETR3.SA
2023-11-09,26.716109792590714,27.256775782929388,26.64401934389723,27.062135696411133,14926800,PETR3.SA
2023-11-10,26.93958023921734,27.21351841310217,26.809820196322896,26.975624084472656,6068100,PETR3.SA
2023-11-13,26.982837348868422,27.588383362908115,26.975626929075542,27.581172943115234,9389000,PETR3.SA
2023-11-14,27.624424933228603,27.912781201830327,27.465828710500734,27.89836311340332,13648600,PETR3.SA
2023-11-16,27.74697775895281,28.100211306239295,27.191893720390535,27.336069107055664,17294000,PETR3.SA
2023-11-17,27.501878525619304,28.727385935698052,27.501878525619304,28.48949432373047,15523200,PETR3.SA
2023-11-20,28.48949295491483,28.756220734296377,27.905572708190434,28.395776748657227,16363300,PETR3.SA
2023-11-21,28.100215469384214,28.273229808971966,27.783025721771242,28.114633560180664,13422400,PETR3.SA
2023-11-22,27.94371336189159,28.16038703918457,27.368401297655847,28.16038703918457,16123400,PETR3.SA
2023-11-23,28.160392356270968,28.28741073608398,27.936245459746004,28.287410736083984,2804600,PETR3.SA
2023-11-24,28.167865742163713,28.773062082222623,27.898888324278666,28.205223083496094,11929600,PETR3.SA
2023-11-27,28.033383756735518,28.287417728978518,27.65233137327945,28.01844024658203,9476000,PETR3.SA
2023-11-28,28.01843161512374,28.459255053208977,28.01843161512374,28.279935836791992,7718000,PETR3.SA
2023-11-29,28.504083685937537,28.6086853676914,27.756925558916183,27.906354904174805,8632000,PETR3.SA
2023-11-30,28.063262157063626,28.54891326205408,27.771868073850648,28.167863845825195,15990200,PETR3.SA
2023-12-01,28.093146381958253,28.182807415542772,27.79428482055664,27.79428482055664,7137500,PETR3.SA
2023-12-04,27.68221160023854,27.794286473794408,27.189087286921097,27.24886131286621,10965100,PETR3.SA
2023-12-05,27.345990261262344,27.405764288150664,27.002298157201924,27.047128677368164,13115200,PETR3.SA
2023-12-06,26.935053183840417,27.069541891069928,26.37468452044492,26.404571533203125,11245700,PETR3.SA
2023-12-07,26.561475779648,27.002299270485512,26.195369825501437,26.48676109313965,9572000,PETR3.SA
2023-12-08,26.673546502852183,27.502892504691562,26.501700470516962,27.390817642211914,9789800,PETR3.SA
2023-12-11,27.34599305720342,27.517841976986485,27.196563675069434,27.308635711669922,5073100,PETR3.SA
2023-12-12,27.26380355101755,27.42070608655058,26.673547898089705,26.89022445678711,5063800,PETR3.SA
2023-12-13,26.95747006183987,27.286218653990687,26.822981353645805,27.24886131286621,13523200,PETR3.SA
2023-12-14,27.570138484507996,28.010961932748806,27.368405430209766,27.883943557739258,14065900,PETR3.SA
2023-12-15,27.92130266900714,28.37706965206084,27.56266705533763,27.667268753051758,11963000,PETR3.SA
2023-12-18,28.018430872417913,28.59374299502009,27.91382918652337,28.235107421875,9104000,PETR3.SA
2023-12-19,28.36212576895571,28.459257137051317,28.033377173332255,28.421899795532227,10195200,PETR3.SA
2023-12-20,28.526496319025963,28.810417193414896,28.354650299053752,28.47419548034668,12856700,PETR3.SA
2023-12-21,28.489138984281038,28.631097996384533,28.242575444637033,28.47419548034668,5735600,PETR3.SA
2023-12-22,28.578799774911126,28.855247497558594,28.47419808797328,28.855247497558594,7445200,PETR3.SA
2023-12-26,28.877666377525706,29.31848984185893,28.877666377525706,29.288602828979492,4738700,PETR3.SA
2023-12-27,29.30354653287552,29.385734393756568,29.09434029149218,29.243772506713867,5073800,PETR3.SA
2023-12-28,29.161584865344725,29.266186561732557,29.01215549918066,29.12422752380371,11746400,PETR3.SA
2024-01-02,29.13917039833735,29.60988087205387,29.13917039833735,29.40814781188965,6743900,PETR3.SA
2024-01-03,29.42308759853322,30.573708938558976,29.393200589654096,30.40933609008789,9800500,PETR3.SA
2024-01-04,30.476588449326808,30.84269442873287,29.916219711303707,29.91621971130371,10680600,PETR3.SA
2024-01-05,30.103004436595235,30.424282689270957,29.871384369494823,30.177719116210938,6858500,PETR3.SA
2024-01-08,29.736894818722007,29.878856696202067,29.146639175956683,29.61734962463379,9800700,PETR3.SA
2024-01-09,29.826551480858697,29.946099519033304,29.385730915909313,29.452972412109375,12493100,PETR3.SA
2024-01-10,29.50527594698867,29.60987762965306,29.056979356764323,29.16158103942871,12142400,PETR3.SA
2024-01-11,29.296073496192964,29.61735176290947,29.139170952033496,29.46044921875,8502900,PETR3.SA
2024-01-12,29.81161234639105,29.938627868155056,29.5949357914242,29.61734962463379,5163800,PETR3.SA
2024-01-15,29.408151827481475,29.916219711303707,29.370794481649828,29.91621971130371,2358000,PETR3.SA
2024-01-16,29.886329723563524,30.073119284335796,29.579994957904297,29.587465286254883,11899500,PETR3.SA
2024-01-17,29.40067732379004,29.565053058263988,29.243774768255445,29.340906143188477,13086900,PETR3.SA
2024-01-18,29.467919626272998,29.497806639578794,29.01215549918066,29.12422752380371,10013300,PETR3.SA
2024-01-19,29.213880552798745,29.482857924670153,28.83283117610222,29.101808547973633,5920700,PETR3.SA
2024-01-22,28.997209899887665,29.32595847197927,28.84030451644684,29.169055938720703,6141100,PETR3.SA
2024-01-23,29.27365623439545,29.766780494155682,29.03456585694698,29.594934463500977,8809700,PETR3.SA
2024-01-24,29.662183092988123,29.93116051899875,29.20641610449039,29.318490982055664,10532200,PETR3.SA
2024-01-25,29.609877842353786,30.74555855549197,29.579990832754387,30.678314208984375,13127900,PETR3.SA
2024-01-26,30.551300406223312,31.63468043946026,30.491529228279585,31.350759506225586,10461500,PETR3.SA
2024-01-29,31.41053535222102,31.799058006979678,31.066843221151608,31.649625778198242,9031900,PETR3.SA
2024-01-30,31.522601509871457,31.933540774960672,31.470300667075044,31.507658004760742,7717800,PETR3.SA
2024-01-31,31.507659155251698,32.0755009694647,31.380643632445953,31.50018882751465,13596100,PETR3.SA
2024-02-01,31.82893067540893,32.71805054789194,31.589840335795433,32.09790802001953,18007300,PETR3.SA
2024-02-02,32.12780528481089,32.33700868623495,31.582380095253452,31.62721061706543,11798300,PETR3.SA
2024-02-05,31.537549573441474,31.99331656955754,31.395590529644085,31.62721061706543,11064600,PETR3.SA
2024-02-06,31.694449352807684,32.404250210087206,31.694449352807684,32.10538864135742,12996300,PETR3.SA
2024-02-07,32.09044583084683,32.464024937491885,31.94101361815233,32.41172409057617,11727300,PETR3.SA
2024-02-08,32.404249975720106,32.59103952364362,32.150216076536836,32.29964828491211,8013000,PETR3.SA
2024-02-09,32.29965009730643,32.531270175793864,31.76916843548108,31.933544158935547,12000000,PETR3.SA
2024-02-14,31.776641334445625,31.873772710724985,31.44042238226339,31.612268447875977,5693300,PETR3.SA
2024-02-15,31.657090256259988,32.50885009765625,31.410529546994734,32.50885009765625,9115100,PETR3.SA
2024-02-16,32.3519514054213,33.106582828202775,32.307123734883895,33.0991096496582,13005700,PETR3.SA
2024-02-19,33.09163378511979,33.2485363061162,32.9720886000489,33.241065979003906,3734700,PETR3.SA
2024-02-20,33.188761175573894,33.21864818338493,32.36688841204408,32.57609176635742,17427300,PETR3.SA
2024-02-21,32.576095378140856,32.90484680014773,32.44907985613439,32.65828323364258,7858600,PETR3.SA
2024-02-22,32.800243583523276,32.83760092059784,32.120329788110524,32.68069839477539,9570500,PETR3.SA
2024-02-23,32.62839508775963,32.673225602887506,32.11285698960871,32.59103775024414,13303800,PETR3.SA
2024-02-26,32.57609967870218,33.091640713024454,32.45655446860389,32.93473815917969,6699800,PETR3.SA
2024-02-27,33.158877587063245,33.158877587063245,32.65828017327329,32.852542877197266,8188500,PETR3.SA
2024-02-28,32.7404796058993,33.09164495250692,30.82028281946486,31.081787109375,17368700,PETR3.SA
2024-02-29,31.19385209080941,31.67950601792479,30.439223629638814,30.79785919189453,18875500,PETR3.SA
2024-03-01,30.917410311226885,31.27604594229159,30.7679780857376,30.79039192199707,9662900,PETR3.SA
2024-03-04,30.8651058498596,31.261098778435752,30.543827600198163,30.67084312438965,8429000,PETR3.SA
2024-03-05,30.693262723941398,30.775447738481898,30.200135535602946,30.48405647277832,10137400,PETR3.SA
2024-03-06,30.64842734562955,31.007062911987305,30.55876916658564,31.007062911987305,19565300,PETR3.SA
2024-03-07,30.872575954756577,31.17891069638666,30.723143747823844,30.82774543762207,7828400,PETR3.SA
2024-03-08,27.480477307391975,28.362124199325848,26.50170190292029,27.62990951538086,81532400,PETR3.SA
2024-03-11,27.420706429956198,28.36959768320691,27.00229681311249,27.099428176879883,47244600,PETR3.SA
2024-03-12,27.644851266102854,28.205219872848183,27.487948740257874,27.92129898071289,27981900,PETR3.SA
2024-03-13,27.99602079199237,28.287412056090574,27.600024977797638,27.644855499267578,20288500,PETR3.SA
2024-03-14,27.79428487677673,28.070732605432518,27.33851793077145,27.45806312561035,16708500,PETR3.SA
2024-03-15,27.390820306015133,27.644854215516364,27.23391776343031,27.398290634155273,19056600,PETR3.SA
2024-03-18,27.607495681746332,27.70462704446645,26.785619962898632,27.62990951538086,13273300,PETR3.SA
2024-03-19,27.62990880204852,28.010961065091504,27.05459666876288,27.32357406616211,15143000,PETR3.SA
2024-03-20,27.428178296270197,27.943719305797416,27.08448619004038,27.89141845703125,13966700,PETR3.SA
2024-03-21,27.891415871823206,28.167863596846978,27.19655854526927,27.32357406616211,16440400,PETR3.SA
2024-03-22,27.345989950549573,27.61496736812587,27.032184863498856,27.540252685546875,8901300,PETR3.SA
2024-03-25,27.570138484507996,28.048319272393147,27.570138484507996,27.883943557739258,8036500,PETR3.SA
2024-03-26,27.869001268066768,27.973602963708743,27.495422154955463,27.57761001586914,8979800,PETR3.SA
2024-03-27,27.577609939904914,27.921302038976805,27.383350055702408,27.91383171081543,5149800,PETR3.SA
2024-03-28,27.869004375915924,28.63857937286945,27.697158306742974,28.601219177246094,10673600,PETR3.SA
2024-04-01,28.638576843344357,28.91502459540661,28.43684377556406,28.810422897338867,7829200,PETR3.SA
2024-04-02,28.959848332630507,29.654705632772036,28.885133658496155,29.594934463500977,12953900,PETR3.SA
2024-04-03,29.714478904927322,29.75183624105499,29.183997321441144,29.363313674926758,11549700,PETR3.SA
2024-04-04,29.378258725383414,30.50646914701014,28.915021462622967,29.22882652282715,35243500,PETR3.SA
2024-04-05,29.15411243314623,29.51274801638678,28.49661243878076,29.169055938720703,14912300,PETR3.SA
2024-04-08,29.064456796238527,29.692069834440662,28.810422879580937,29.587465286254883,11438000,PETR3.SA
2024-04-09,29.83402788131151,29.878858400470037,29.25871571126461,29.736896514892578,9100900,PETR3.SA
2024-04-10,29.662177023231358,30.67831249125909,29.662177023231358,30.633481979370117,15627500,PETR3.SA
2024-04-11,30.57371605195271,30.738091788850102,30.35704231262207,30.35704231262207,7219900,PETR3.SA
2024-04-12,30.63348298053378,30.95476120078321,29.863911027471307,30.110471725463867,10318000,PETR3.SA
2024-04-15,30.035756262602202,30.65589600500583,29.96103874231251,30.551294326782227,13367800,PETR3.SA
2024-04-16,30.364511395944564,30.90993658669679,30.2374958591396,30.700733184814453,10944200,PETR3.SA
2024-04-17,30.77544385290514,30.98465007765473,30.633484827331884,30.745559692382812,10628800,PETR3.SA
2024-04-18,30.857632671858745,31.35823014117073,30.521410916377906,30.67084312438965,10453300,PETR3.SA
2024-04-19,30.782921085034925,31.985846347596844,30.64843236933343,31.918601989746094,18589200,PETR3.SA
2024-04-22,32.09044426484985,32.77035809175712,31.903654720642553,32.695640563964844,13007200,PETR3.SA
2024-04-23,32.53874093796093,32.74794718428801,32.2324061720996,32.47149658203125,14932800,PETR3.SA
2024-04-24,32.5013824861229,32.845074582392144,32.284705918838306,32.32953643798828,13343200,PETR3.SA
2024-04-25,32.32954131195678,33.21118837021229,32.254823768775815,33.0617561340332,8283500,PETR3.SA
2024-04-26,33.15382371297106,33.69846008081322,33.03108871562307,33.56038284301758,8957200,PETR3.SA
2024-04-29,33.499011408474146,34.166385650634766,33.44531503398761,34.166385650634766,10042900,PETR3.SA
2024-04-30,34.05131839318884,34.13569924153369,33.58339036235484,33.951595306396484,12677300,PETR3.SA
2024-05-02,34.12035868200875,34.26610556508243,33.759823376334005,34.08200454711914,12134000,PETR3.SA
2024-05-03,34.374474446484655,34.422417627586455,33.199892418133196,33.567447662353516,17852300,PETR3.SA
2024-05-06,33.57543341069605,34.03088287735953,33.487539119221516,33.7352409362793,7648200,PETR3.SA
2024-05-07,33.80715245635456,34.550254821777344,33.75920928668781,34.550254821777344,8771400,PETR3.SA
2024-05-08,34.28657803271154,35.077623707891476,34.07883035684759,34.917816162109375,6622700,PETR3.SA
2024-05-09,34.75800880528523,35.65292679922456,34.63815238327821,35.53307342529297,8733200,PETR3.SA
2024-05-10,35.557040268697136,35.77277997991668,35.18948507835651,35.26139831542969,9667900,PETR3.SA
2024-05-13,35.421208645388994,35.644937379254756,35.13355567437564,35.26939010620117,5067100,PETR3.SA
2024-05-14,34.534275846134825,34.75001555052259,33.86308667073124,34.302555084228516,10972300,PETR3.SA
2024-05-15,31.88148409555759,32.21707718907435,31.018525201242493,31.977367401123047,32787700,PETR3.SA
2024-05-16,31.98535744595067,32.0972218140914,31.018526209219598,31.394073486328125,21712000,PETR3.SA
2024-05-17,31.314162384675946,31.386075614876013,30.658954308664168,30.818761825561523,17885500,PETR3.SA
2024-05-20,30.826756547589348,31.194311734632866,30.770821320967386,30.922639846801758,12221100,PETR3.SA
2024-05-21,30.954606613340996,31.14637324057781,30.6909236907959,30.6909236907959,8906200,PETR3.SA
2024-05-22,30.69092178176931,31.082450114143757,30.539106290643712,30.978574752807617,13541000,PETR3.SA
2024-05-23,31.010538380168896,31.378093617456233,30.666953208942523,30.714893341064453,15076100,PETR3.SA
2024-05-24,31.002540550230176,31.010532602811917,30.57106115306547,30.61101531982422,8994300,PETR3.SA
2024-05-27,30.69091907963623,30.978572025348594,30.674938021754976,30.922639846801758,3062300,PETR3.SA
2024-05-28,31.36210328675199,31.697696304706373,31.17832572243297,31.465978622436523,16265200,PETR3.SA
2024-05-29,31.314163452123836,31.66574061089767,31.090434749685915,31.53789520263672,10862200,PETR3.SA
2024-05-31,31.72167164193858,32.74443487112325,31.72167164193858,32.52070617675781,16515400,PETR3.SA
2024-06-03,32.52070659682261,32.69649212406254,32.13717038092429,32.16114044189453,9488300,PETR3.SA
2024-06-04,31.905454159930123,32.05726964774837,31.38608041263952,31.977367401123047,11004300,PETR3.SA
2024-06-05,32.065253217403416,32.273000832508416,31.913434721678104,31.92142677307129,7000700,PETR3.SA
2024-06-06,31.95339105317952,32.304965136500066,31.913436889648438,31.913436889648438,8871600,PETR3.SA
2024-06-07,31.881479860731165,31.92941998310833,30.818762442938496,30.83474349975586,18477400,PETR3.SA
2024-06-10,31.034504366089262,31.697701507214237,30.98656119219493,31.40205955505371,7384200,PETR3.SA
2024-06-11,31.585837564908985,31.713682982233305,31.234263429285896,31.378089904785156,17979200,PETR3.SA
2024-06-12,31.64341290352705,31.68445431816986,30.51886185976609,30.789737701416016,19764000,PETR3.SA
2024-06-13,30.76511542174265,31.01957721861245,30.141277738501724,30.387529373168945,10516900,PETR3.SA
2024-06-14,30.43678283379551,30.46961409085675,29.607731750621877,30.06740379333496,12412500,PETR3.SA
2024-06-17,29.952489721851087,30.141282777701488,29.74727947011022,30.083824157714844,20157600,PETR3.SA
2024-06-18,30.20694838641315,31.09345817565918,30.157699930072773,31.09345817565918,12133500,PETR3.SA
2024-06-19,31.03599270380571,31.20015836370999,30.789737951430798,30.896448135375977,5181600,PETR3.SA
2024-06-20,31.364330504774816,31.758333766893674,31.18374763334091,31.520292282104492,9845500,PETR3.SA
2024-06-21,31.512082500375474,31.76654431349575,31.397165272275874,31.4464168548584,16702200,PETR3.SA
2024-06-24,31.684459387032437,32.045631408691406,31.364331917841785,32.045631408691406,8306400,PETR3.SA
2024-06-25,32.053837915172636,32.135923887504426,31.750127645694175,31.930713653564453,6615000,PETR3.SA
2024-06-26,31.684458684880468,32.20158934817597,31.684458684880468,32.094879150390625,6959500,PETR3.SA
2024-06-27,32.423215899819105,32.89930512996028,32.423215899819105,32.743343353271484,7832700,PETR3.SA
2024-06-28,32.751550366257355,33.22763641935534,32.751550366257355,33.14555358886719,7502200,PETR3.SA
2024-07-01,33.260478350704126,33.80223329612176,33.16197830551727,33.54777145385742,6075800,PETR3.SA
2024-07-02,33.69552013904076,34.08952341657438,33.58880993952341,33.6380615234375,7729900,PETR3.SA
2024-07-03,33.70372804170525,34.032062518667544,32.940345764160156,32.940345764160156,11636300,PETR3.SA
2024-07-04,33.08809968423032,33.186599721068205,32.40680019555732,32.497093200683594,6219800,PETR3.SA
2024-07-05,32.66126243235574,33.19480717567968,32.55455223118705,33.063472747802734,21835400,PETR3.SA
2024-07-08,33.11271931023413,33.94997733518414,32.77617469413984,33.835060119628906,13644300,PETR3.SA
2024-07-09,33.85148230874567,33.91714795678739,33.564186096191406,33.564186096191406,8823000,PETR3.SA
2024-07-10,33.76940093024432,33.76940093024432,33.32614600341683,33.46569061279297,9802400,PETR3.SA
2024-07-11,33.58060124306694,33.88431150066472,33.52314263031221,33.74477005004883,6295200,PETR3.SA
2024-07-12,33.81864570516659,33.88431134890952,33.53955967392516,33.55597686767578,4707000,PETR3.SA
2024-07-15,33.65447647281269,34.27831417113992,33.605224892184424,34.03206253051758,9383600,PETR3.SA
2024-07-16,33.99923308839259,34.05669483977941,33.63806417170086,33.85969161987305,6624000,PETR3.SA
2024-07-17,33.79402132623741,34.20444181238317,33.79402132623741,34.10594177246094,5024400,PETR3.SA
2024-07-18,33.94998022258364,34.31114909236831,33.90072864118864,34.14698028564453,7096100,PETR3.SA
2024-07-19,34.14698877660317,34.360409217790874,33.73656822336871,34.237281799316406,5499400,PETR3.SA
2024-07-22,34.105940223741015,34.311150457495486,33.69551975623208,33.711936950683594,6091300,PETR3.SA
2024-07-23,33.662681960649465,33.72014370104446,33.23584747314453,33.23584747314453,7938000,PETR3.SA
2024-07-24,33.28510290220293,33.90073367030013,33.28510290220293,33.5723991394043,9144600,PETR3.SA
2024-07-25,33.40001549613534,33.5559772730204,33.09630523622904,33.4328498840332,6905700,PETR3.SA
2024-07-26,33.367187304774916,33.802232024978494,33.260477099933716,33.53135299682617,6957100,PETR3.SA
2024-07-29,33.65447895469247,33.65447895469247,32.34113468701324,32.68588638305664,7725400,PETR3.SA
2024-07-30,32.55455184418725,32.68588627050293,32.29188299155591,32.44784164428711,5542000,PETR3.SA
2024-07-31,32.8336417976583,33.32614517211914,32.8336417976583,33.32614517211914,8469400,PETR3.SA
2024-08-01,33.60522700505343,33.711937204160805,32.71051025390625,32.71051025390625,7799600,PETR3.SA
2024-08-02,32.76796816580778,32.79259552277135,31.692668559940586,31.71729278564453,8653800,PETR3.SA
2024-08-05,31.10987060210785,31.528498073121447,30.658405613135052,31.454622268676758,9875300,PETR3.SA
2024-08-06,31.643418508843425,32.365759433297434,31.290456644124976,32.111297607421875,6295300,PETR3.SA
2024-08-07,32.43142580240221,32.4888875518682,31.889670879844367,32.062049865722656,5453200,PETR3.SA
2024-08-08,32.218004251321474,32.58738327026367,31.930711198399454,32.58738327026367,5094500,PETR3.SA
2024-08-09,32.13592417177845,32.66126187431038,31.454624686066314,32.30830001831055,8716600,PETR3.SA
2024-08-12,32.669464955957125,33.40001280591458,32.64484073264689,33.211219787597656,6756000,PETR3.SA
2024-08-13,33.44926935989664,33.44926935989664,32.8254316035768,33.038848876953125,6945100,PETR3.SA
2024-08-14,33.00601362054199,33.6380615234375,33.00601362054199,33.6380615234375,10860000,PETR3.SA
2024-08-15,33.8186459812316,34.08952185217913,33.60522559199093,33.98281478881836,6086600,PETR3.SA
2024-08-16,33.86789621102853,34.16339945395839,33.60522735759304,34.11415100097656,8366100,PETR3.SA
2024-08-19,34.16339585017435,34.253688846129286,33.851478576660156,33.851478576660156,9357100,PETR3.SA
2024-08-20,33.90893758706024,34.01564464603141,33.30151396335457,33.72835159301758,7499700,PETR3.SA
2024-08-21,33.95818756536072,34.122356373590456,33.38359830218641,33.4328498840332,7868600,PETR3.SA
2024-08-22,33.73889525335367,33.747320136350794,33.174331661226226,33.51980972290039,6460400,PETR3.SA
2024-08-23,33.78945134246801,33.97483091416623,33.191184997558594,33.191184997558594,6372100,PETR3.SA
2024-08-26,34.02539129680045,36.33419508583183,33.95797937173625,36.16566848754883,26481400,PETR3.SA
2024-08-27,35.8286203899861,36.09826167567134,35.5758320864534,35.668521881103516,8170200,PETR3.SA
2024-08-28,35.424152772813905,36.67124432243636,35.39044681392156,36.477439880371094,11347800,PETR3.SA
2024-08-29,36.42688685242664,36.73023410292265,36.039277905405164,36.04770278930664,8584600,PETR3.SA
2024-08-30,36.081407145867956,36.52799990343248,35.75278204393349,36.18252182006836,36947400,PETR3.SA
2024-09-02,36.06455160255482,36.43531073891493,35.73592652396459,36.030845642089844,5276000,PETR3.SA
2024-09-03,35.72750153752454,35.82018810696872,35.38202347970277,35.65166473388672,9984700,PETR3.SA
2024-09-04,35.76963014663899,35.88759778617909,35.45785806865768,35.516841888427734,8903000,PETR3.SA
2024-09-05,35.567403675848915,35.87917902136644,35.22192558069995,35.306190490722656,5671500,PETR3.SA
2024-09-06,35.398871890334235,35.449430828949666,34.57309517921191,34.6573600769043,8287800,PETR3.SA
2024-09-09,34.81746421024465,35.40730573228709,34.648937601892854,35.120811462402344,15994900,PETR3.SA
2024-09-10,34.943857176828374,35.07867780985724,34.05066847402623,34.37086868286133,8984700,PETR3.SA
2024-09-11,34.589949753026225,34.775329322116576,34.10122618139347,34.52254104614258,8315700,PETR3.SA
2024-09-12,34.38771755832887,34.539391154175625,33.90741890960653,34.11807632446289,6583300,PETR3.SA
2024-09-13,34.40457610776163,34.691067152550694,33.96640822819044,34.016963958740234,6627900,PETR3.SA
2024-09-16,34.37929703178719,34.809040052772026,34.26132936779222,34.35401916503906,5244000,PETR3.SA
2024-09-17,34.295037591870965,34.295037591870965,33.78945772296415,34.14336395263672,5309200,PETR3.SA
2024-09-18,33.873716592965984,33.974831262940576,33.25016916363826,33.55351638793945,16947900,PETR3.SA
2024-09-19,33.873715063497414,33.949551866148525,33.32600446497526,33.45240020751953,8486400,PETR3.SA
2024-09-20,33.410269364797195,33.67148251830204,33.29229850504649,33.45240020751953,16400900,PETR3.SA
2024-09-23,33.47768123110658,34.269752077953356,33.460828249551,33.87371826171875,8280000,PETR3.SA
2024-09-24,34.31188638950698,34.46356001023683,33.957980203011466,34.12650680541992,9218500,PETR3.SA
2024-09-25,34.522538283313644,34.74162058112407,34.15177917480469,34.15177917480469,9236200,PETR3.SA
2024-09-26,33.95797639087828,34.01696021294306,33.23331433193703,33.435546875,18792500,PETR3.SA
2024-09-27,33.460826338305274,33.52823826067709,33.14062935017129,33.30072784423828,8526600,PETR3.SA
2024-09-30,33.40184090717221,33.44397174943989,32.91311735098807,33.09006881713867,8219700,PETR3.SA
2024-10-01,33.06478847341943,34.29502697582922,32.828849988546594,33.97482681274414,11968600,PETR3.SA
2024-10-02,34.47198335403862,34.851167388925255,34.227619952180845,34.37086868286133,6233500,PETR3.SA
2024-10-03,34.25290284561526,34.96071201011376,34.11808220544305,34.83431625366211,8549700,PETR3.SA
2024-10-04,34.92700639794024,35.03654917367547,34.59838128511219,34.85116958618164,5845300,PETR3.SA
2024-10-07,35.05339360877675,35.44100570678711,34.884870243285555,35.44100570678711,7007900,PETR3.SA
2024-10-08,34.5309684880148,34.85116870897808,34.51411550645067,34.674217224121094,7578700,PETR3.SA
2024-10-09,34.50569384705296,34.63208639902762,34.26975529748677,34.404579162597656,7448600,PETR3.SA
2024-10-10,34.67421413796369,35.07867601637115,34.67421413796369,34.97755813598633,5128200,PETR3.SA
2024-10-11,34.87644444271846,35.01126507261456,34.73319892974394,34.918575286865234,4518500,PETR3.SA
2024-10-14,34.750052882772486,35.0533968977449,34.65736309442919,34.85959243774414,5507400,PETR3.SA
2024-10-15,34.43828093054385,34.615235641257094,34.227623468893675,34.46356201171875,6837800,PETR3.SA
2024-10-16,34.58994860705664,34.75847519024844,34.32030735970065,34.3624382019043,18678900,PETR3.SA
2024-10-17,34.19391810356491,34.286604679527045,34.00853852288559,34.20234298706055,5131800,PETR3.SA
2024-10-18,34.295033334274436,34.37087014447671,33.78102864450097,34.016963958740234,5814000,PETR3.SA
2024-10-21,34.3287368802384,34.3287368802384,33.39341735839844,33.39341735839844,5830700,PETR3.SA
2024-10-22,33.32600812164323,33.58722451818708,33.13220365235364,33.23331832885742,5602900,PETR3.SA
2024-10-23,32.9721015197275,33.174330850489646,32.70246026912648,32.761444091796875,5052900,PETR3.SA
2024-10-24,32.86256205483992,32.96367673036755,32.62662674048292,32.87098693847656,7272300,PETR3.SA
2024-10-25,32.87098337878092,33.384988013147805,32.854133613332344,33.19961166381836,7829100,PETR3.SA
2024-10-28,32.592915859786,33.18275727106485,32.41596440071547,33.132198333740234,5792000,PETR3.SA
2024-10-29,33.30072757866064,33.36813628611749,32.95524951520377,33.04793930053711,4782500,PETR3.SA
2024-10-30,33.12377512498774,33.35128553287809,32.73616301466867,32.761444091796875,7560600,PETR3.SA
2024-10-31,32.736165573554935,32.96367599922908,32.53393622698515,32.91312026977539,11105200,PETR3.SA
2024-11-01,33.06479439727503,33.123778225466474,32.230589490259824,32.27272033691406,8818300,PETR3.SA
2024-11-04,32.69403594259832,32.795150619641056,32.213737208673265,32.306427001953125,6140100,PETR3.SA
2024-11-05,32.314851359948904,32.407541151720686,31.800849884957568,32.14632797241211,7774600,PETR3.SA
2024-11-06,31.87668221180532,32.222160250670115,31.699727536775352,32.11261749267578,7658400,PETR3.SA
2024-11-07,32.02835453866395,32.71088577534312,32.019929655712154,32.34012985229492,11429700,PETR3.SA
2024-11-08,32.44124302509774,33.14062720983855,32.40753706608867,32.929969787597656,13215800,PETR3.SA
2024-11-11,32.69403552521131,33.098497442596354,32.525508922706486,32.98052978515625,6025500,PETR3.SA
2024-11-12,32.98895573921208,33.604075066156696,32.96367466113396,33.30072784423828,8009500,PETR3.SA
2024-11-13,33.33443757650035,33.82316121147509,33.081646053385484,33.646209716796875,10346100,PETR3.SA
2024-11-14,33.55351253865957,34.269746458243716,33.55351253865957,34.134925842285156,9511600,PETR3.SA
2024-11-18,34.13492910630992,35.078676722639194,34.12650422329686,35.01126480102539,10094100,PETR3.SA
2024-11-19,34.91015246282544,35.13766289188968,34.44670672112162,34.564674377441406,5127800,PETR3.SA
2024-11-21,34.65735937025494,34.99440931102064,34.35401217350183,34.623653411865234,9886900,PETR3.SA
2024-11-22,35.28090533755994,36.8903279678525,35.19664365164239,36.43531036376953,19316700,PETR3.SA
2024-11-25,36.3341977632088,36.814496514362006,35.93816392459512,36.0814094543457,13020900,PETR3.SA
2024-11-26,36.20780193793152,36.31734149274924,35.7864870565104,35.896026611328125,7271100,PETR3.SA
2024-11-27,35.90445667016719,36.13196710428687,35.57583155900908,35.77806091308594,7842500,PETR3.SA
2024-11-28,35.61796219526054,36.03927709719495,35.07025153699476,35.17979431152344,5203000,PETR3.SA
2024-11-29,35.17978920619657,36.216223328821535,35.17978920619657,35.91287612915039,16837800,PETR3.SA
2024-12-02,35.8201898811828,36.30049180426374,35.71907520944981,36.00556945800781,9768300,PETR3.SA
2024-12-03,36.089836851947055,36.29206620935928,35.76963661927042,36.04770278930664,7008600,PETR3.SA
2024-12-04,35.98871515478038,36.56170363084504,35.55054730753226,35.70222091674805,8402200,PETR3.SA
2024-12-05,35.89602104956785,36.37631968281985,35.727497694612524,36.23307418823242,7170000,PETR3.SA
2024-12-06,35.92973177385483,36.09825836554905,35.35674329072093,35.48313903808594,10903900,PETR3.SA
2024-12-09,35.76963176995694,36.511146813488615,35.69379496761419,36.41845703125,7898700,PETR3.SA
2024-12-10,36.57012993967557,36.881902025870055,36.45215908265059,36.730228424072266,6150700,PETR3.SA
2024-12-11,36.772361912861925,37.07570913829381,36.26678534672707,36.99144744873047,13170400,PETR3.SA
2024-12-12,36.64356762370399,36.86194406564243,35.90982264550439,36.049583435058594,10504500,PETR3.SA
2024-12-13,36.398987744488934,36.42519518627158,35.46433673681169,35.87488555908203,7936900,PETR3.SA
2024-12-16,35.91855662925062,36.040846904925914,35.45559963357698,35.52547836303711,7761300,PETR3.SA
2024-12-17,35.65650423296893,36.29416302675661,35.65650423296893,36.07578659057617,15439900,PETR3.SA
2024-12-18,35.94476322368035,36.171873254288435,35.11493208832306,35.27216339111328,18052600,PETR3.SA
2024-12-19,35.551684258017765,35.80500172214795,34.55588824830322,34.9489631652832,13522100,PETR3.SA
2024-12-20,35.01884822632199,35.079993366746244,34.573361727208145,34.69565200805664,21313100,PETR3.SA
2024-12-23,34.80046752806266,34.957698822021484,34.51220904508487,34.957698822021484,9074300,PETR3.SA
2024-12-26,35.081471418215365,35.51546859741211,34.828307259293005,35.51546859741211,8614500,PETR3.SA
2024-12-27,35.58780595868897,35.58780595868897,35.10860134935269,35.11764144897461,9594400,PETR3.SA
2024-12-30,35.28038836889616,35.83192753306818,35.28038836889616,35.63301086425781,7914800,PETR3.SA
2025-01-02,35.75959681819918,36.89884256411186,35.669182022093324,36.636634826660156,11081500,PETR3.SA
2025-01-03,36.609506244646134,36.817463007518896,36.130298231058276,36.510047912597656,16515700,PETR3.SA
2025-01-06,36.573339188889804,36.69088116835628,36.05796732774834,36.166465759277344,9440100,PETR3.SA
2025-01-07,36.510049038171694,37.459418097634,36.25688142630619,37.17912673950195,12535000,PETR3.SA
2025-01-08,37.07062781413536,37.27858458066376,36.573339594254136,36.82650375366211,7930200,PETR3.SA
2025-01-09,36.83554656775469,37.19720915268812,36.772252080060845,36.81746292114258,3171600,PETR3.SA
2025-01-10,37.14296401237386,37.757790790577424,36.98021463166896,36.998294830322266,10357700,PETR3.SA
2025-01-13,37.33283240252239,37.640247477163925,37.00733368241928,37.02541732788086,5703800,PETR3.SA
2025-01-14,36.962129871163555,37.21529403392603,36.63663111955293,37.17912673950195,5705900,PETR3.SA
2025-01-15,37.37804220933192,37.66737365722656,37.09775086020146,37.66737365722656,8106600,PETR3.SA
2025-01-16,37.54982911798033,37.68545473391455,37.2785813352146,37.6402473449707,6450900,PETR3.SA
2025-01-17,37.61312484741211,37.91149986007121,37.423251720685286,37.61312484741211,5264200,PETR3.SA
2025-01-20,37.586001509969094,37.97479131603773,37.522710467037285,37.884376525878906,3191500,PETR3.SA
2025-01-21,37.7035463293462,37.74875372782231,37.0977561526354,37.56792068481445,6313900,PETR3.SA
2025-01-22,37.6040810802175,37.85724522449285,37.188167572021484,37.188167572021484,4959900,PETR3.SA
2025-01-23,37.19720789293781,37.64024859717283,36.7541706378056,36.84458541870117,5706400,PETR3.SA
2025-01-24,36.84458622835174,36.94404455898411,36.40154551438101,36.736087799072266,4553600,PETR3.SA
2025-01-27,36.708962768520564,37.21529455017232,36.5552569387406,37.14296340942383,7749000,PETR3.SA
2025-01-28,37.15199814758202,37.36899843672058,36.573335308682644,37.05253982543945,10420200,PETR3.SA
2025-01-29,37.11583232084161,37.23337429247067,36.58237684849771,36.68183517456055,5538800,PETR3.SA
2025-01-30,36.871711112640966,37.52270860663776,36.555255913671964,37.40516662597656,8276500,PETR3.SA
2025-01-31,37.414212563563865,38.336457922593304,37.17912858722722,37.6583366394043,8665700,PETR3.SA
2025-02-03,37.65833662310502,37.74875141451647,37.13392117542962,37.19721221923828,8342300,PETR3.SA
2025-02-04,36.98021458572535,37.19721146032686,36.44675904943385,36.727046966552734,8210900,PETR3.SA
2025-02-05,36.745128279798784,36.745128279798784,36.22071632524273,36.35633850097656,7432900,PETR3.SA
2025-02-06,36.374423779667104,36.61854784586524,36.02180127819304,36.13934326171875,6065800,PETR3.SA
2025-02-07,36.21167309072786,36.392506109040575,35.55163550562395,35.89521789550781,8882300,PETR3.SA
2025-02-10,36.16646451216472,36.43771230618539,36.039882438228595,36.19358825683594,5350200,PETR3.SA
2025-02-11,36.49196397701296,36.49196397701296,35.93138473157254,36.39250564575195,6814000,PETR3.SA
2025-02-12,35.99467260531092,36.22975309108545,35.42504986214221,35.551631927490234,13940300,PETR3.SA
2025-02-13,35.443139565503685,35.768638331524635,35.289430281947936,35.65109634399414,4389900,PETR3.SA
2025-02-14,35.87713391696493,37.12487793776996,35.78671913319622,36.935001373291016,9946200,PETR3.SA
2025-02-17,37.07063025796347,37.622169455121394,36.98021546624387,37.350921630859375,3941000,PETR3.SA
2025-02-18,37.305707247314025,38.146577837138885,37.25145975706912,38.047122955322266,15844000,PETR3.SA
2025-02-19,37.71258044829069,38.48111989691002,37.55887462802854,38.200828552246094,10749600,PETR3.SA
2025-02-20,38.20082803613999,38.48111937701709,38.065202414950434,38.4268684387207,9136600,PETR3.SA
2025-02-21,38.57153156956433,38.57153156956433,38.08328350497555,38.20986557006836,7482100,PETR3.SA
2025-02-24,38.209867327867286,38.27316181242807,37.73066278822711,37.956703186035156,6694900,PETR3.SA
2025-02-25,38.056167444981185,38.22795693241622,37.47750448824919,37.63121032714844,11078400,PETR3.SA
2025-02-26,37.96575406925242,37.96575406925242,37.39613119096387,37.56792068481445,6480000,PETR3.SA
2025-02-27,35.985633592523946,36.238801204221964,34.104979122055596,35.479305267333984,48084000,PETR3.SA
2025-02-28,35.35272158648762,35.79576234331051,34.88256053110032,35.30751419067383,20950000,PETR3.SA
2025-03-05,34.54801368117317,34.54801368117317,33.616728343006265,33.68001937866211,11318400,PETR3.SA
2025-03-06,33.90606156097778,34.2044365582838,33.26410762320798,33.426856994628906,8828100,PETR3.SA
2025-03-07,33.426855020169576,34.086892565677125,33.38164418147643,33.83372497558594,9512700,PETR3.SA
2025-03-10,33.788518979654555,33.8518100175122,33.173688798377796,33.77043533325195,8816300,PETR3.SA
2025-03-11,33.960315907258185,34.01456340377071,32.83011374187011,33.07423782348633,7496600,PETR3.SA
2025-03-12,33.1646525274518,33.48110775326396,32.93861209498504,33.191776275634766,7368400,PETR3.SA
2025-03-13,33.17368938958361,33.788519581817575,32.992859820540744,33.426856994628906,6799500,PETR3.SA
2025-03-14,33.643852875545484,34.95488790747378,33.39068872698932,34.72884750366211,8459200,PETR3.SA
2025-03-17,34.73788708708409,35.86808908938281,34.68363959839954,35.53355026245117,9473100,PETR3.SA
2025-03-18,35.66917499849035,35.81384071323567,35.35271637622684,35.56067657470703,6025200,PETR3.SA
2025-03-19,35.79575868886566,35.94946450876113,35.470259953671885,35.73246765136719,7237600,PETR3.SA
2025-03-20,35.69630123045353,36.35633881555744,35.443137074277494,35.89521789550781,15920900,PETR3.SA
2025-03-21,36.00371630019848,36.835546804179934,35.89521786893235,36.473880767822266,22722900,PETR3.SA
2025-03-24,36.43771230256947,36.609505216411016,36.14838086242909,36.38346481323242,6505100,PETR3.SA
2025-03-25,36.618545822042826,37.45037286169022,36.25687979230742,36.736087799072266,12410500,PETR3.SA
2025-03-26,37.01637605026518,37.4865405137865,36.82650293493049,37.1248779296875,6787500,PETR3.SA
2025-03-27,37.41420863113841,37.730663817057604,37.043502506589,37.50462341308594,10847700,PETR3.SA
2025-03-28,37.42325405926447,37.757792939036555,36.83555099470307,37.1339225769043,6023900,PETR3.SA
2025-03-31,36.89883877669109,37.459418043035086,36.82650418794837,36.90787887573242,11318300,PETR3.SA
2025-04-01,36.9530820907099,38.15561862430926,36.889791057268106,37.097747802734375,7306800,PETR3.SA
2025-04-02,36.962129817289465,37.1610430381259,36.54621283022486,36.90787887573242,5378700,PETR3.SA
2025-04-03,35.868092635839844,36.08509295934233,35.199014915821515,35.60588836669922,11761500,PETR3.SA
2025-04-04,34.403348928856296,34.58418194255953,33.01998275486683,34.114017486572266,22917700,PETR3.SA
2025-04-07,33.63481603781512,33.969354902140374,32.1158241010097,32.21528244018555,28421800,PETR3.SA
2025-04-08,32.676400592795986,33.019982976225144,30.85903724319729,31.18453598022461,18081300,PETR3.SA
2025-04-09,30.47024848535025,32.54077950458194,30.244208071436827,32.16102981567383,29549700,PETR3.SA
2025-04-10,31.83553027249402,31.916904957434138,30.000083261081535,30.07241439819336,16049900,PETR3.SA
2025-04-11,30.343665553247856,31.00370312944629,29.602253292361784,30.669160842895508,19003500,PETR3.SA
2025-04-14,31.419617548279934,31.582366922299983,30.379830264163285,30.73245620727539,14919400,PETR3.SA
2025-04-15,30.922328160534537,30.949451905480142,30.054333831246552,30.162832260131836,9799200,PETR3.SA
2025-04-16,30.370789696675043,30.506415322633774,29.72883575855666,29.900625228881836,16459800,PETR3.SA
2025-04-17,30.231928784970858,30.96275042497255,30.04691015689062,30.68522071838379,14425100,PETR3.SA
2025-04-22,30.518709182739258,30.814737589166413,30.019159923542073,30.518709182739258,9723500,PETR3.SA
2025-04-23,30.944247688041497,31.055257451445048,30.065411866166208,30.29668426513672,15792500,PETR3.SA
2025-04-24,30.48170293620611,30.51870736704218,29.55661333892481,30.074661254882812,12407100,PETR3.SA
2025-04-25,30.065411786492774,30.389191732618766,29.787885614250957,30.222675323486328,10241800,PETR3.SA
2025-04-28,30.250431110829254,30.509455073722734,29.982154275582822,30.02840805053711,9107500,PETR3.SA
2025-04-29,30.0191600789207,30.40769604101603,29.760132575253493,30.11166763305664,10594100,PETR3.SA
2025-04-30,29.954403513063017,30.111667057877536,29.473356477083495,29.64912223815918,13204700,PETR3.SA
2025-05-02,29.8341422304509,30.50020793043711,29.519611597561532,30.241180419921875,22134800,PETR3.SA
2025-05-05,30.046909425638727,30.157919188210503,29.380845556803003,29.39009666442871,16917100,PETR3.SA
2025-05-06,29.834139843702623,30.194924226019836,29.75088163786505,29.852642059326172,9743200,PETR3.SA
2025-05-07,30.009904901887538,30.194923524890076,29.704627173529556,30.04690933227539,9591900,PETR3.SA
2025-05-08,30.36143996517958,30.814735415573903,30.120918225274668,30.555707931518555,11773200,PETR3.SA
2025-05-09,30.972000423114583,30.972000423114583,30.37069428031299,30.712976455688477,5555100,PETR3.SA
2025-05-12,31.453049464655876,31.96184808844377,31.434547247380685,31.545557022094727,8806600,PETR3.SA
2025-05-13,31.712073344309115,31.989603073586878,31.184772504980725,31.730575561523438,13202400,PETR3.SA
2025-05-14,31.453044974472423,31.6843173639906,31.110762826087768,31.527053833007812,7751900,PETR3.SA
2025-05-15,31.30503283497763,31.730573212594177,31.221774628145106,31.628812789916992,6386300,PETR3.SA
2025-05-16,31.628813036830383,31.915592091256045,31.22177487188091,31.591812133789062,9855500,PETR3.SA
2025-05-19,31.490050336087876,31.647313871726876,31.295782370085565,31.50855255126953,5297400,PETR3.SA
2025-05-20,31.545555515277254,32.035855427307204,31.480799522375797,31.61031150817871,6481800,PETR3.SA
2025-05-21,31.61956145590403,31.89708761822896,31.166266018588576,31.3420352935791,7894100,PETR3.SA
2025-05-22,31.249524952520154,31.249524952520154,30.54645842289136,30.925745010375977,10888600,PETR3.SA
2025-05-23,30.879494473093857,31.04601089762867,30.537208751029482,30.972002029418945,7083300,PETR3.SA
2025-05-26,31.221776338922794,31.249527899741985,30.925747927061302,30.98125457763672,2558300,PETR3.SA
2025-05-27,31.249525719675177,31.536304767569327,31.14776529852123,31.277280807495117,11891600,PETR3.SA
2025-05-28,31.49930341184646,31.49930341184646,30.888744354248047,30.888744354248047,6204000,PETR3.SA
2025-05-29,30.870240192282868,30.999752176806513,30.527958014765108,30.85173797607422,7118800,PETR3.SA
2025-05-30,30.842489072913576,30.842489072913576,30.444700241088867,30.444700241088867,15545300,PETR3.SA
2025-06-02,31.17552269010497,31.17552269010497,30.463203218326157,30.537208557128906,16262500,PETR3.SA
2025-06-03,29.775381868507665,30.76472452532021,29.58512492142665,30.736186981201172,12989200,PETR3.SA
2025-06-04,30.7647250957008,31.012058950047507,29.84197425842285,29.84197425842285,6208700,PETR3.SA
2025-06-05,29.975153426730884,30.212975968852415,29.63268838545444,29.680253982543945,7227900,PETR3.SA
2025-06-06,29.775381595825984,30.298592278001777,29.699278454802123,30.032230377197266,9612200,PETR3.SA
2025-06-09,29.585123641779454,29.94661309570727,29.337787988274343,29.718303680419922,9477200,PETR3.SA
2025-06-10,29.9751531007334,30.916930139559245,29.89904996065986,30.802776336669922,12033700,PETR3.SA
2025-06-11,30.840825381284134,31.868220500477264,30.840825381284134,31.70650291442871,15665100,PETR3.SA
2025-06-12,31.306958969754685,32.6863304252981,31.29744766487903,32.581687927246094,10820700,PETR3.SA
2025-06-13,33.87544063343827,34.03715820662544,33.123920592561625,33.276126861572266,21208800,PETR3.SA
2025-06-16,33.43785129601621,34.00862395276067,33.11441248949194,33.219051361083984,12002600,PETR3.SA
2025-06-17,33.39028421780157,34.41767936487686,33.39028421780157,34.198883056640625,12307300,PETR3.SA
2025-06-18,34.303526302215474,34.50329637551848,33.80885495721457,34.00862503051758,7821800,PETR3.SA
2025-06-20,33.91349380532159,34.503292656256185,33.83738885480937,34.16082763671875,23960500,PETR3.SA
2025-06-23,34.53183545735745,34.741120474255794,33.04782498519633,33.20003128051758,13582300,PETR3.SA
2025-06-24,32.534125890723146,33.11441349914044,32.24873955364957,32.505584716796875,17817000,PETR3.SA
2025-06-25,32.42948431769961,32.72438559750624,32.305815570827896,32.315330505371094,9869200,PETR3.SA
2025-06-26,32.572176415516395,32.67681528401991,32.372402725556725,32.55315017700195,6070400,PETR3.SA
2025-06-27,32.391432795729386,32.50558661143561,32.10604644202162,32.15361022949219,6193600,PETR3.SA
2025-06-30,32.04896399306111,32.705356522036205,31.953836429181443,32.429481506347656,11438600,PETR3.SA
2025-07-01,32.46753265729105,32.79097144170832,32.248736366197576,32.562660217285156,4328800,PETR3.SA
2025-07-02,32.752921590870336,33.48541547395278,32.65779402325302,33.24759292602539,8946600,PETR3.SA
2025-07-03,33.22856302627107,33.675670528364165,33.14294677329332,33.39979553222656,6871900,PETR3.SA
2025-07-04,33.342719757746636,33.504440973787695,33.2190510194663,33.43785095214844,2765700,PETR3.SA
2025-07-07,33.43784872860161,33.609081238254234,33.19051126848836,33.209537506103516,9363200,PETR3.SA
2025-07-08,33.47590034667981,34.065702874932676,33.24759273416211,34.04667663574219,19238300,PETR3.SA
2025-07-09,34.15131960952321,34.15131960952321,33.44736326526831,33.552005767822266,10288600,PETR3.SA
2025-07-10,33.11441373507653,33.865930247985105,33.07636125549316,33.60908508300781,10264600,PETR3.SA
2025-07-11,33.63762129368481,34.10375144899281,33.609083749571596,33.74226379394531,6286500,PETR3.SA
2025-07-14,33.77080045480671,34.056186775126875,33.209539118994,33.38077163696289,7061200,PETR3.SA
2025-07-15,33.43785183272098,33.50444185611386,32.96220673483809,33.0002555847168,6347900,PETR3.SA
2025-07-16,32.96220410149809,32.99074164384829,32.51509658396453,32.714866638183594,5767600,PETR3.SA
2025-07-17,32.714868430611304,32.78145845233275,32.35337714920629,32.4865608215332,7868200,PETR3.SA
2025-07-18,32.39142880936991,32.61974004156886,31.478191138341973,32.001399993896484,17222400,PETR3.SA
2025-07-21,32.03945327651301,32.36289208008015,31.754066950750005,32.08701705932617,5642500,PETR3.SA
2025-07-22,32.15360396146512,32.867071521093266,31.97286015275744,32.41996765136719,11698600,PETR3.SA
2025-07-23,32.315326756711706,33.314180663706274,32.315326756711706,33.142948150634766,4535600,PETR3.SA
2025-07-24,33.1429472808679,33.28564224764405,32.914636059802824,33.180999755859375,7159200,PETR3.SA
2025-07-25,33.247589922084074,33.485412448524045,33.17148497175908,33.33320617675781,4859800,PETR3.SA
2025-07-28,33.399798542187554,33.89446986742904,32.85756343409062,33.31418228149414,12200100,PETR3.SA
2025-07-29,33.48541223664446,34.056184844935295,33.295153490919596,33.856414794921875,8502400,PETR3.SA
2025-07-30,33.83739090523273,34.37011470444807,33.637620841358476,34.236934661865234,10603400,PETR3.SA
2025-07-31,33.770801610806245,34.208394225535216,33.770801610806245,34.04667663574219,9052500,PETR3.SA
2025-08-01,34.40816347302598,34.40816347302598,33.247591941160145,33.56151580810547,5713900,PETR3.SA
2025-08-04,33.46638723059258,33.5710297260358,33.228564696906666,33.44736099243164,4631800,PETR3.SA
2025-08-05,33.48541462098435,33.8373909668635,33.32369340549349,33.713722229003906,6160100,PETR3.SA
2025-08-06,34.11326407565216,34.49377794399986,33.44736026993894,33.63761901855469,10981300,PETR3.SA
2025-08-07,33.865927571296915,34.26547131757489,33.704209989175666,33.87544250488281,7068400,PETR3.SA
2025-08-08,33.03830703112332,33.22856579010823,31.183290481567383,31.183290481567383,34670100,PETR3.SA
2025-08-11,31.39257497507646,31.735040009971453,31.268906239390173,31.325984954833984,8155500,PETR3.SA
2025-08-12,31.459165779373084,31.934810866607492,31.278421952622256,31.487703323364258,6510700,PETR3.SA
2025-08-13,31.306959358600448,31.525755662297655,31.078648121025445,31.33549690246582,8981900,PETR3.SA
2025-08-14,31.135725476966122,31.268905514363052,30.802775383473794,31.040597915649414,7398900,PETR3.SA
2025-08-15,30.945468236107462,31.031084497025553,30.63154436533049,31.01205825805664,8749600,PETR3.SA
2025-08-18,31.088163078276246,31.487703208227877,30.87887807941548,31.259395599365234,9347900,PETR3.SA
2025-08-19,30.926441651812393,31.268906691660767,30.76472406570843,30.831314086914062,10939200,PETR3.SA
2025-08-20,30.94546649869256,31.230856438319158,30.926440260791864,31.08816146850586,6860200,PETR3.SA
2025-08-21,31.08816316958099,31.249880757259987,30.783750604280744,31.05962562561035,9574800,PETR3.SA
2025-08-22,31.314024792240893,32.07162094116211,31.22660956697045,32.07162094116211,14179900,PETR3.SA
2025-08-25,32.129899650507205,32.382430470270336,32.03276956203368,32.1104736328125,7161500,PETR3.SA
2025-08-26,31.945354461669922,31.99391765353228,31.585982395727648,31.945354461669922,11908700,PETR3.SA
2025-08-27,31.896793362565052,32.23673943303953,31.86765618656275,32.12990188598633,8777400,PETR3.SA
2025-08-28,32.372720150231245,32.683529031107206,32.21731200465914,32.518409729003906,9971400,PETR3.SA
2025-08-29,32.47955718756377,32.89720730945916,32.430993995394694,32.78065490722656,11106800,PETR3.SA
2025-09-01,33.07203629491698,33.07203629491698,32.54754495048926,32.63496017456055,3439500,PETR3.SA
2025-09-02,32.36300556781308,32.9749121783137,32.36300556781308,32.88749694824219,5112300,PETR3.SA
2025-09-03,32.53783416748047,32.95548427559317,32.25616247500745,32.53783416748047,8603900,PETR3.SA
2025-09-04,32.36300621090071,33.023476027868824,32.36300621090071,32.693241119384766,7736200,PETR3.SA
2025-09-05,32.65438863537737,32.664103497186716,31.585983554667912,31.95507049560547,14906300,PETR3.SA
2025-09-08,32.1978879684276,32.46012993721054,31.95506831166762,32.23673629760742,7155700,PETR3.SA
2025-09-09,32.37272028756924,32.83893361086104,32.28530505788114,32.58639907836914,12015300,PETR3.SA
2025-09-10,32.60582527735976,33.479977579085556,32.489272872174375,33.42169952392578,12417000,PETR3.SA
2025-09-11,33.27600436705028,33.373134453520336,32.955484344533936,33.07203674316406,7470200,PETR3.SA
2025-09-12,33.052611747480654,33.53825107943956,32.732091715057486,32.78065490722656,5744600,PETR3.SA
2025-09-15,32.83893403196328,33.30514736123345,32.605825514761094,33.25658416748047,5569800,PETR3.SA
2025-09-16,33.3148594466366,33.40227467988249,32.926350180648214,33.198307037353516,6493300,PETR3.SA
2025-09-17,33.16916818222629,33.499403079423125,33.042900917233176,33.450836181640625,12977900,PETR3.SA
2025-09-18,33.450837874989254,33.46055273709118,32.673815637878185,33.198307037353516,8971000,PETR3.SA
2025-09-19,33.14974169578994,33.2468680797145,32.4212827009536,32.71266555786133,15727600,PETR3.SA
2025-09-22,32.537836943436915,33.120602690220885,32.39214365417379,33.06232833862305,6264100,PETR3.SA
2025-09-23,33.19830372119889,34.091878278334526,33.110888496684844,33.93647384643555,11811300,PETR3.SA
2025-09-24,34.27642341989983,34.81062592035413,34.004462886563864,34.8009147644043,10875100,PETR3.SA
2025-09-25,34.752350333500615,34.9854588492989,34.12102140824564,34.18901062011719,9525200,PETR3.SA
2025-09-26,34.30556142540275,34.73292269511052,33.84905927687051,33.97532653808594,7818900,PETR3.SA
2025-09-29,34.101592919944615,34.26670850677829,33.13031430054492,33.33428192138672,12887100,PETR3.SA
2025-09-30,33.26629371543848,33.43140930724057,32.382430293394236,32.809791564941406,23647500,PETR3.SA
2025-10-01,32.80007986131791,32.926347120969545,32.557260203213815,32.77094268798828,9510100,PETR3.SA
2025-10-02,32.77094558008276,32.77094558008276,32.197890988178635,32.363006591796875,9953500,PETR3.SA
2025-10-03,32.45042075352125,32.67381440670213,32.091048677111495,32.12018585205078,7076300,PETR3.SA
2025-10-06,32.35329428008113,32.38243145494217,31.819088040067843,31.935644149780273,9766600,PETR3.SA
2025-10-07,31.809375528692506,31.974491119384766,31.36258824255982,31.974491119384766,10257000,PETR3.SA
2025-10-08,32.12018595188076,32.16874914530855,31.537420220478875,31.653972625732422,7646200,PETR3.SA
2025-10-09,31.63454543961224,31.88707996432966,31.15862097439975,31.22661018371582,7071900,PETR3.SA
2025-10-10,31.17804327339513,31.17804327339513,30.828384218126317,30.993501663208008,13162700,PETR3.SA
2025-10-13,31.26545938827002,31.352874617711503,30.993502543400574,31.28488540649414,4739600,PETR3.SA
2025-10-14,31.051778420143755,31.731672377760475,30.993502218649073,31.265459060668945,12550900,PETR3.SA
2025-10-15,31.275173545672423,31.43057798283176,30.71183199782807,30.828384399414062,25664800,PETR3.SA
2025-10-16,30.731256999246874,30.847811256571333,30.488437328007397,30.5855655670166,8110200,PETR3.SA
2025-10-17,30.556426028207834,30.96436314316636,30.43987362540085,30.73125648498535,11956600,PETR3.SA
2025-10-20,30.643841907180533,30.779822183431666,30.294182838769107,30.653554916381836,8129100,PETR3.SA
2025-10-21,30.83809796418777,30.84781097325619,30.070786920886032,30.333032608032227,11621900,PETR3.SA
2025-10-22,30.770109313850448,30.964363941056657,30.371885197625566,30.838098526000977,8759900,PETR3.SA
2025-10-23,31.47914113157907,31.721960795878548,30.97407578522007,31.061491012573242,12605800,PETR3.SA
2025-10-24,31.09062935611234,31.352875048036168,30.702120101699922,30.838098526000977,5149800,PETR3.SA
2025-10-27,31.071204811589002,31.110054995530025,30.595278479767337,31.05177879333496,8703900,PETR3.SA
2025-10-28,30.964363103174946,31.38201507915619,30.740969454277547,31.080917358398438,14156400,PETR3.SA
2025-10-29,31.17804280963842,31.17804280963842,30.77982056867887,31.022640228271484,9629100,PETR3.SA
2025-10-30,30.886661253057383,31.158621802685175,30.566139363070512,30.750682830810547,9673400,PETR3.SA
2025-10-31,30.818672558895027,30.94493982672833,30.362172239003858,30.604991912841797,8863300,PETR3.SA
2025-11-03,30.90608648428967,31.343162619763838,30.604990620166912,30.876949310302734,9576200,PETR3.SA
2025-11-04,30.70211973084491,31.168333053588867,30.54671528993026,31.168333053588867,9486300,PETR3.SA
2025-11-05,31.168332586538508,31.9162176050878,31.051778331315525,31.731672286987305,15054300,PETR3.SA
2025-11-06,31.799664794831425,32.12018482431044,31.624834340521403,31.760812759399414,12473000,PETR3.SA
2025-11-07,32.0619086362178,33.305147906423734,31.576269280469894,33.295433044433594,19737100,PETR3.SA
2025-11-10,33.34399902389569,33.829638366241035,33.02347527948337,33.58681869506836,9396800,PETR3.SA
2025-11-11,33.878202142116166,34.81062880622374,33.732508854853144,34.39297866821289,16377000,PETR3.SA
2025-11-12,34.286137914507194,34.41240518495383,33.00405030651836,33.36342239379883,17882500,PETR3.SA
2025-11-13,33.47997864084807,34.014181195451116,33.40227456483745,33.664520263671875,10467100,PETR3.SA
2025-11-14,33.751934978687714,34.26671150638878,33.635382571594576,33.92676544189453,7271400,PETR3.SA
2025-11-17,33.92676386257083,34.21814671930664,33.81992261723643,33.946189880371094,6983900,PETR3.SA
2025-11-18,33.70337021556892,34.11130547397223,33.57710295243425,33.946189880371094,9488000,PETR3.SA
2025-11-19,33.58681924203001,34.05303257365773,33.4605519735264,33.8587760925293,12348600,PETR3.SA
2025-11-21,33.56739044189453,33.7907840798841,33.382845132804185,33.56739044189453,12812000,PETR3.SA
2025-11-24,33.53824968522626,33.7907842022219,33.266292856277644,33.40227127075195,21154800,PETR3.SA
2025-11-25,33.18859031830306,33.33428360060589,32.91663347681413,33.08175277709961,7533800,PETR3.SA
2025-11-26,33.14002632725619,33.324571641076865,32.86806949232127,32.974910736083984,10854400,PETR3.SA
2025-11-27,33.023473429999086,33.23715591430664,32.955484222289215,33.23715591430664,3335600,PETR3.SA
2025-11-28,32.955486260599436,33.11089070285296,32.01334474529947,32.42128372192383,11126600,PETR3.SA
2025-12-01,32.537836538576194,33.01376473313084,32.24645366880982,32.62525177001953,9948900,PETR3.SA
2025-12-02,32.75151615587251,32.92634660336985,32.110472416760196,32.800079345703125,8138300,PETR3.SA
2025-12-03,33.013762677568,33.35370872027341,32.90692143410803,33.20801544189453,8279700,PETR3.SA
2025-12-04,33.460552079050174,33.51882642997854,33.091465134255586,33.39256286621094,12159000,PETR3.SA
2025-12-05,33.499402734987875,33.73250753935707,31.896791458129883,31.896791458129883,21255300,PETR3.SA
2025-12-08,32.27559070624876,32.72237801832254,32.0716230687978,32.324153900146484,11933000,PETR3.SA
2025-12-09,32.16874997105373,32.59611497651043,31.974493487221974,32.52812576293945,8058000,PETR3.SA
2025-12-10,32.5378370553721,32.654389464103005,32.246454180977715,32.59611511230469,5773000,PETR3.SA
2025-12-11,32.5475470526669,32.5475470526669,31.867654938348426,31.935644149780273,11488400,PETR3.SA
2025-12-12,32.06190820693774,32.430995149801994,31.94535580055636,32.324153900146484,11353400,PETR3.SA
2025-12-15,32.508696423724956,32.54754475241608,32.12989835676591,32.26587677001953,14639700,PETR3.SA
2025-12-16,32.05219617814813,32.05219617814813,31.061491488025638,31.382015228271484,15354600,PETR3.SA
2025-12-17,31.566556414132837,31.68310881576287,31.411151976914777,31.595693588256836,17818500,PETR3.SA
2025-12-18,31.556845963458766,31.84822882661661,31.40144152276564,31.517993927001953,11595400,PETR3.SA
2025-12-19,31.566555961071412,31.828801639825624,31.51799276985041,31.74138641357422,24659300,PETR3.SA
2025-12-22,31.955069511789212,32.1104739497467,31.721961002285955,31.896791458129883,10828100,PETR3.SA
2025-12-23,32.25,32.27000045776367,31.84000015258789,32.02000045776367,7826500,PETR3.SA
2025-12-26,31.90999984741211,32.13999938964844,31.6299991607666,32.119998931884766,4335800,PETR3.SA
2025-12-29,32.290000915527344,32.459999084472656,32.099998474121094,32.33000183105469,6737700,PETR3.SA
2025-12-30,32.41999816894531,32.68000030517578,32.20000076293945,32.56999969482422,6450700,PETR3.SA
2026-01-02,32.61000061035156,32.619998931884766,31.93000030517578,32.29999923706055,15637900,PETR3.SA
2026-01-05,32.31999969482422,32.33000183105469,31.229999542236328,31.760000228881836,15270700,PETR3.SA
2026-01-06,31.940000534057617,32.029998779296875,31.100000381469727,31.149999618530273,12059600,PETR3.SA
2026-01-07,31.1200008392334,31.299999237060547,30.989999771118164,31.18000030517578,11359800,PETR3.SA
2026-01-08,31.219999313354492,31.969999313354492,31.219999313354492,31.959999084472656,9513700,PETR3.SA
2026-01-09,32.06999969482422,32.38999938964844,31.790000915527344,31.899999618530273,11315300,PETR3.SA
2026-01-12,31.899999618530273,32.34000015258789,31.850000381469727,31.950000762939453,7519300,PETR3.SA
2026-01-13,31.959999084472656,33.279998779296875,31.809999465942383,33.040000915527344,16182500,PETR3.SA
2026-01-14,33.2400016784668,34.97999954223633,33.06999969482422,34.2400016784668,32918900,PETR3.SA
2026-01-15,33.880001068115234,34.040000915527344,33.56999969482422,33.88999938964844,12136500,PETR3.SA
2026-01-16,33.959999084472656,34.31999969482422,33.95000076293945,33.97999954223633,10025300,PETR3.SA
2026-01-19,33.810001373291016,34.16999816894531,33.810001373291016,34.15999984741211,3146500,PETR3.SA
2026-01-20,34.189998626708984,34.70000076293945,33.959999084472656,34.45000076293945,7453300,PETR3.SA
2026-01-21,34.75,36.20000076293945,34.650001525878906,36.029998779296875,35463000,PETR3.SA
2026-01-22,35.959999084472656,37.040000915527344,35.779998779296875,36.279998779296875,28591400,PETR3.SA
2026-01-23,36.84000015258789,38.099998474121094,36.810001373291016,37.720001220703125,17951500,PETR3.SA
2026-01-26,38.099998474121094,38.470001220703125,37.650001525878906,37.849998474121094,14262600,PETR3.SA
2026-01-27,38.02000045776367,39.310001373291016,37.900001525878906,38.959999084472656,9553200,PETR3.SA
2021-01-27,111.69999694824219,113.44999694824219,110.52999877929688,110.95999908447266,9379145,BOVA11.SA
2021-01-28,111.27999877929688,114.9000015258789,111.27999877929688,114.51000213623047,10568450,BOVA11.SA
2021-01-29,113.08999633789062,114.02999877929688,110.55000305175781,110.55999755859375,11356410,BOVA11.SA
2021-02-01,112.6500015258789,113.5,111.33000183105469,113.05999755859375,7533902,BOVA11.SA
2021-02-02,114.5,115.3499984741211,113.25,113.8499984741211,8346142,BOVA11.SA
2021-02-03,114.4000015258789,115.77999877929688,114.30000305175781,115.25,10527850,BOVA11.SA
2021-02-04,115.58000183105469,116.12000274658203,114.37000274658203,114.62000274658203,8040255,BOVA11.SA
2021-02-05,115.33000183105469,116.58999633789062,114.9000015258789,115.81999969482422,8095535,BOVA11.SA
2021-02-08,115.41000366210938,116.31999969482422,114.5999984741211,115.18000030517578,3924618,BOVA11.SA
2021-02-09,114.91000366210938,115.45999908447266,113.77999877929688,114.91000366210938,3461983,BOVA11.SA
2021-02-10,115.27999877929688,115.27999877929688,113.44999694824219,113.91999816894531,9288169,BOVA11.SA
2021-02-11,114.7300033569336,115.80000305175781,114.05000305175781,114.9000015258789,8336548,BOVA11.SA
2021-02-12,114.29000091552734,115.26000213623047,113.66000366210938,115.05000305175781,6637473,BOVA11.SA
2021-02-17,114.52999877929688,116.01000213623047,114.33999633789062,115.86000061035156,5357700,BOVA11.SA
2021-02-18,115.75,116.25,114.01000213623047,114.61000061035156,8332508,BOVA11.SA
2021-02-19,113.9800033569336,114.75,113.3499984741211,113.81999969482422,7258898,BOVA11.SA
2021-02-22,109.98999786376953,110.11000061035156,107.47000122070312,108.25,26825560,BOVA11.SA
2021-02-23,109.47000122070312,111.0199966430664,108.7699966430664,110.76000213623047,11760170,BOVA11.SA
2021-02-24,111.56999969482422,111.79000091552734,110.26000213623047,111.45999908447266,10286560,BOVA11.SA
2021-02-25,111.5,112.13999938964844,107.51000213623047,107.52999877929688,10153550,BOVA11.SA
2021-02-26,108.4000015258789,109.20999908447266,105.58999633789062,105.58999633789062,13781340,BOVA11.SA
2021-03-01,107.41000366210938,108.23999786376953,105.94000244140625,105.94000244140625,9913816,BOVA11.SA
2021-03-02,104.98999786376953,108.2300033569336,103.16000366210938,107.5,21487860,BOVA11.SA
2021-03-03,107.0,108.4000015258789,103.37999725341797,107.16000366210938,18095020,BOVA11.SA
2021-03-04,107.38999938964844,110.18000030517578,107.06999969482422,108.56999969482422,13002160,BOVA11.SA
2021-03-05,108.33000183105469,111.08999633789062,108.04000091552734,110.93000030517578,15195050,BOVA11.SA
2021-03-08,108.76000213623047,110.22000122070312,105.3499984741211,105.3499984741211,15598970,BOVA11.SA
2021-03-09,106.19000244140625,108.5,105.19999694824219,107.19000244140625,12619640,BOVA11.SA
2021-03-10,107.5999984741211,108.68000030517578,105.69999694824219,108.62999725341797,11060000,BOVA11.SA
2021-03-11,109.58999633789062,110.75,108.93000030517578,110.44999694824219,12779900,BOVA11.SA
2021-03-12,109.61000061035156,110.08999633789062,108.9000015258789,109.68000030517578,9662401,BOVA11.SA
2021-03-15,109.20999908447266,110.66000366210938,109.20999908447266,110.66000366210938,6727091,BOVA11.SA
2021-03-16,110.27999877929688,110.61000061035156,109.0,109.69000244140625,6727825,BOVA11.SA
2021-03-17,109.06999969482422,112.37999725341797,108.9800033569336,112.05000305175781,8487339,BOVA11.SA
2021-03-18,111.56999969482422,112.37000274658203,110.0,110.5,9841484,BOVA11.SA
2021-03-19,110.86000061035156,112.0999984741211,110.30000305175781,111.69999694824219,5638522,BOVA11.SA
2021-03-22,110.77999877929688,111.13999938964844,109.31999969482422,110.69000244140625,7547490,BOVA11.SA
2021-03-23,110.0199966430664,111.29000091552734,108.73999786376953,109.0199966430664,6756718,BOVA11.SA
2021-03-24,109.5,110.55000305175781,107.76000213623047,107.87000274658203,8571930,BOVA11.SA
2021-03-25,107.7300033569336,109.79000091552734,106.69000244140625,109.37999725341797,10034470,BOVA11.SA
2021-03-26,109.41000366210938,111.11000061035156,109.0,110.27999877929688,9486689,BOVA11.SA
2021-03-29,109.83999633789062,111.23999786376953,109.76000213623047,110.95999908447266,5802440,BOVA11.SA
2021-03-30,110.43000030517578,112.69999694824219,110.36000061035156,112.43000030517578,8811683,BOVA11.SA
2021-03-31,112.37000274658203,112.83000183105469,111.47000122070312,112.0199966430664,8454545,BOVA11.SA
2021-04-01,112.33000183105469,112.6500015258789,110.55999755859375,110.68000030517578,7628283,BOVA11.SA
2021-04-05,111.91999816894531,113.20999908447266,111.81999969482422,113.20999908447266,7570274,BOVA11.SA
2021-04-06,113.13999938964844,113.73999786376953,112.69999694824219,113.2699966430664,5278990,BOVA11.SA
2021-04-07,112.76000213623047,113.86000061035156,112.25,113.18000030517578,8163251,BOVA11.SA
2021-04-08,113.30000305175781,114.48999786376953,112.97000122070312,113.75,7176007,BOVA11.SA
2021-04-09,113.19999694824219,114.18000030517578,112.75,113.01000213623047,5667661,BOVA11.SA
2021-04-12,113.7699966430664,114.55999755859375,113.6500015258789,114.4000015258789,5094956,BOVA11.SA
2021-04-13,114.16000366210938,115.0,113.5,114.66999816894531,7141518,BOVA11.SA
2021-04-14,114.91999816894531,116.26000213623047,114.9000015258789,115.5999984741211,7211848,BOVA11.SA
2021-04-15,116.16000366210938,116.77999877929688,115.5,116.19999694824219,8111592,BOVA11.SA
2021-04-16,115.91999816894531,116.75,115.5999984741211,116.45999908447266,5288574,BOVA11.SA
2021-04-19,116.45999908447266,117.3499984741211,116.0,116.33999633789062,13288520,BOVA11.SA
2021-04-20,116.0999984741211,116.68000030517578,115.29000091552734,115.4800033569336,5907054,BOVA11.SA
2021-04-22,116.4000015258789,116.43000030517578,114.6500015258789,114.94999694824219,8619760,BOVA11.SA
2021-04-23,115.58000183105469,116.2699966430664,115.3499984741211,115.97000122070312,6146965,BOVA11.SA
2021-04-26,116.7300033569336,116.7300033569336,115.1500015258789,115.94999694824219,5216035,BOVA11.SA
2021-04-27,116.0199966430664,116.48999786376953,114.44999694824219,114.77999877929688,6173146,BOVA11.SA
2021-04-28,115.4800033569336,116.69000244140625,115.37000274658203,116.4000015258789,8855309,BOVA11.SA
2021-04-29,116.62999725341797,116.87999725341797,115.13999938964844,115.31999969482422,9097325,BOVA11.SA
2021-04-30,114.77999877929688,115.58999633789062,114.33000183105469,114.4000015258789,6032203,BOVA11.SA
2021-05-03,115.30000305175781,115.37999725341797,113.94000244140625,114.68000030517578,5412178,BOVA11.SA
2021-05-04,114.80000305175781,114.80000305175781,113.16000366210938,113.2699966430664,8940102,BOVA11.SA
2021-05-05,114.05000305175781,115.29000091552734,113.7300033569336,115.1500015258789,7249427,BOVA11.SA
2021-05-06,114.97000122070312,115.44999694824219,114.54000091552734,115.43000030517578,7731692,BOVA11.SA
2021-05-07,115.76000213623047,117.45999908447266,115.68000030517578,117.45999908447266,4688407,BOVA11.SA
2021-05-10,117.75,118.06999969482422,117.12999725341797,117.13999938964844,6074219,BOVA11.SA
2021-05-11,116.0,118.12999725341797,115.61000061035156,118.12999725341797,6538806,BOVA11.SA
2021-05-12,116.86000061035156,117.08999633789062,114.83999633789062,115.2699966430664,9237659,BOVA11.SA
2021-05-13,115.61000061035156,116.81999969482422,115.27999877929688,116.04000091552734,7590937,BOVA11.SA
2021-05-14,117.18000030517578,117.55999755859375,116.37999725341797,117.23999786376953,5048994,BOVA11.SA
2021-05-17,117.06999969482422,118.41000366210938,117.05999755859375,118.30999755859375,5279182,BOVA11.SA
2021-05-18,118.08999633789062,118.87999725341797,117.73999786376953,118.19000244140625,5456773,BOVA11.SA
2021-05-19,117.06999969482422,118.54000091552734,116.94000244140625,118.01000213623047,4843732,BOVA11.SA
2021-05-20,118.05000305175781,118.13999938964844,117.4800033569336,117.91000366210938,4833202,BOVA11.SA
2021-05-21,118.01000213623047,118.12999725341797,117.0999984741211,118.01000213623047,5169068,BOVA11.SA
2021-05-24,118.26000213623047,119.5,117.95999908447266,119.26000213623047,5788644,BOVA11.SA
2021-05-25,119.88999938964844,119.97000122070312,118.05000305175781,118.4000015258789,5697654,BOVA11.SA
2021-05-26,118.94000244140625,119.58000183105469,118.79000091552734,119.23999786376953,4716894,BOVA11.SA
2021-05-27,119.45999908447266,119.83000183105469,118.79000091552734,119.58999633789062,6038746,BOVA11.SA
2021-05-28,119.75,120.88999938964844,119.52999877929688,120.72000122070312,5991423,BOVA11.SA
2021-05-31,120.83999633789062,121.25,120.27999877929688,121.25,4707495,BOVA11.SA
2021-06-01,122.48999786376953,123.5,122.48999786376953,123.33000183105469,7085642,BOVA11.SA
2021-06-02,123.51000213623047,124.66999816894531,123.20999908447266,124.66999816894531,7372504,BOVA11.SA
2021-06-04,124.45999908447266,125.18000030517578,124.16000366210938,125.05000305175781,4722027,BOVA11.SA
2021-06-07,124.80000305175781,126.22000122070312,124.55999755859375,125.75,5564011,BOVA11.SA
2021-06-08,125.5,125.80999755859375,124.3499984741211,124.70999908447266,6624472,BOVA11.SA
2021-06-09,124.91000366210938,125.91999816894531,124.37000274658203,124.87999725341797,5374517,BOVA11.SA
2021-06-10,125.36000061035156,125.58999633789062,124.3499984741211,125.0,5071662,BOVA11.SA
2021-06-11,125.56999969482422,125.56999969482422,123.76000213623047,124.4800033569336,4490679,BOVA11.SA
2021-06-14,125.29000091552734,126.13999938964844,124.70999908447266,125.1500015258789,5341090,BOVA11.SA
2021-06-15,125.16999816894531,125.33000183105469,124.31999969482422,125.18000030517578,4464812,BOVA11.SA
2021-06-16,125.37999725341797,125.37999725341797,123.41999816894531,124.22000122070312,7215802,BOVA11.SA
2021-06-17,124.20999908447266,124.95999908447266,122.72000122070312,123.08999633789062,5278459,BOVA11.SA
2021-06-18,123.38999938964844,123.87999725341797,122.61000061035156,123.2699966430664,4714040,BOVA11.SA
2021-06-21,123.22000122070312,124.51000213623047,123.11000061035156,124.2300033569336,4917982,BOVA11.SA
2021-06-22,123.76000213623047,124.61000061035156,122.9000015258789,123.81999969482422,4567571,BOVA11.SA
2021-06-23,123.81999969482422,124.94999694824219,123.25,123.54000091552734,4931981,BOVA11.SA
2021-06-24,124.73999786376953,124.73999786376953,123.91000366210938,124.52999877929688,3702809,BOVA11.SA
2021-06-25,124.93000030517578,124.93000030517578,121.76000213623047,122.5,5253258,BOVA11.SA
2021-06-28,122.56999969482422,123.22000122070312,121.80000305175781,122.44999694824219,5936665,BOVA11.SA
2021-06-29,122.55000305175781,122.58999633789062,121.33000183105469,122.30999755859375,5275619,BOVA11.SA
2021-06-30,121.87000274658203,122.33999633789062,121.33999633789062,121.80999755859375,4419211,BOVA11.SA
2021-07-01,122.12000274658203,122.29000091552734,120.19999694824219,120.7300033569336,6440452,BOVA11.SA
2021-07-02,121.70999908447266,122.86000061035156,121.22000122070312,122.77999877929688,6795892,BOVA11.SA
2021-07-05,122.58000183105469,122.58000183105469,121.66000366210938,121.97000122070312,4437056,BOVA11.SA
2021-07-06,121.5,121.55999755859375,120.05000305175781,120.30000305175781,5736262,BOVA11.SA
2021-07-07,121.5,122.37000274658203,120.43000030517578,122.27999877929688,4433980,BOVA11.SA
2021-07-08,120.02999877929688,121.12999725341797,119.55000305175781,120.66000366210938,5493705,BOVA11.SA
2021-07-12,121.44000244140625,122.94999694824219,121.33999633789062,122.77999877929688,3846259,BOVA11.SA
2021-07-13,122.19999694824219,123.5,121.61000061035156,123.31999969482422,5541055,BOVA11.SA
2021-07-14,124.30000305175781,124.70999908447266,123.19999694824219,123.47000122070312,6370873,BOVA11.SA
2021-07-15,123.2300033569336,124.06999969482422,122.08000183105469,122.80000305175781,3956398,BOVA11.SA
2021-07-16,123.01000213623047,123.13999938964844,121.04000091552734,121.1500015258789,5638173,BOVA11.SA
2021-07-19,119.5,119.91000366210938,118.63999938964844,119.73999786376953,6486683,BOVA11.SA
2021-07-20,119.37999725341797,120.83999633789062,118.87999725341797,120.5999984741211,6962543,BOVA11.SA
2021-07-21,120.6500015258789,121.27999877929688,120.45999908447266,121.12000274658203,4175624,BOVA11.SA
2021-07-22,121.08000183105469,121.5999984741211,120.5999984741211,121.43000030517578,2196191,BOVA11.SA
2021-07-23,121.33000183105469,121.36000061035156,119.62000274658203,120.19999694824219,4065682,BOVA11.SA
2021-07-26,120.31999969482422,121.41999816894531,120.31999969482422,121.19999694824219,3630350,BOVA11.SA
2021-07-27,120.73999786376953,120.73999786376953,118.9000015258789,119.76000213623047,4666294,BOVA11.SA
2021-07-28,120.9000015258789,121.9000015258789,120.19999694824219,121.44999694824219,8150670,BOVA11.SA
2021-07-29,121.41999816894531,121.69000244140625,120.12999725341797,120.7300033569336,3523998,BOVA11.SA
2021-07-30,119.6500015258789,120.23999786376953,117.0999984741211,117.11000061035156,8325910,BOVA11.SA
2021-08-02,118.87999725341797,119.80000305175781,117.5999984741211,117.5999984741211,8118658,BOVA11.SA
2021-08-03,117.79000091552734,119.05000305175781,116.12999725341797,118.7300033569336,6795157,BOVA11.SA
2021-08-04,118.20999908447266,118.51000213623047,116.37999725341797,116.95999908447266,6475087,BOVA11.SA
2021-08-05,118.23999786376953,118.88999938964844,116.45999908447266,116.93000030517578,9258798,BOVA11.SA
2021-08-06,117.4000015258789,118.58999633789062,116.91000366210938,118.23999786376953,5126802,BOVA11.SA
2021-08-09,117.79000091552734,118.91999816894531,117.58000183105469,118.13999938964844,6097467,BOVA11.SA
2021-08-10,118.5,118.81999969482422,117.38999938964844,117.56999969482422,5772699,BOVA11.SA
2021-08-11,117.48999786376953,118.08000183105469,116.18000030517578,117.26000213623047,5901371,BOVA11.SA
2021-08-12,117.29000091552734,117.29000091552734,115.87000274658203,115.87000274658203,7638888,BOVA11.SA
2021-08-13,116.44999694824219,116.68000030517578,115.3499984741211,116.55999755859375,5517366,BOVA11.SA
2021-08-16,116.18000030517578,116.18000030517578,114.20999908447266,114.62999725341797,9791642,BOVA11.SA
2021-08-17,114.30000305175781,114.5999984741211,111.88999938964844,113.3499984741211,13292070,BOVA11.SA
2021-08-18,113.05999755859375,114.36000061035156,112.05999755859375,112.05999755859375,14236480,BOVA11.SA
2021-08-19,110.81999969482422,113.16999816894531,110.0,112.8499984741211,12328380,BOVA11.SA
2021-08-20,111.48999786376953,113.87000274658203,111.37000274658203,113.6500015258789,7583211,BOVA11.SA
2021-08-23,113.6500015258789,113.94000244140625,112.58999633789062,113.05000305175781,4762182,BOVA11.SA
2021-08-24,114.55000305175781,115.88999938964844,114.23999786376953,115.62999725341797,6919108,BOVA11.SA
2021-08-25,115.11000061035156,116.13999938964844,114.66000366210938,116.13999938964844,4818302,BOVA11.SA
2021-08-26,115.66000366210938,116.25,114.06999969482422,114.06999969482422,6585953,BOVA11.SA
2021-08-27,114.6500015258789,116.18000030517578,114.51000213623047,116.18000030517578,4813849,BOVA11.SA
2021-08-30,115.75,115.81999969482422,114.79000091552734,115.08000183105469,5993197,BOVA11.SA
2021-08-31,114.9800033569336,115.56999969482422,113.3499984741211,114.08000183105469,5872083,BOVA11.SA
2021-09-01,114.1500015258789,115.44999694824219,113.55000305175781,114.80000305175781,5198027,BOVA11.SA
2021-09-02,114.13999938964844,114.13999938964844,112.11000061035156,112.1500015258789,5842788,BOVA11.SA
2021-09-03,113.01000213623047,113.20999908447266,111.2300033569336,112.08999633789062,8596656,BOVA11.SA
2021-09-06,112.0,113.61000061035156,111.7300033569336,113.4800033569336,5936640,BOVA11.SA
2021-09-08,113.19000244140625,113.2699966430664,108.81999969482422,109.08000183105469,16062810,BOVA11.SA
2021-09-09,109.55000305175781,112.22000122070312,108.0999984741211,111.51000213623047,13771400,BOVA11.SA
2021-09-10,112.30000305175781,112.44999694824219,109.87999725341797,109.87999725341797,13873540,BOVA11.SA
2021-09-13,111.68000030517578,112.6500015258789,111.05000305175781,112.12000274658203,8031756,BOVA11.SA
2021-09-14,112.0199966430664,112.83000183105469,111.41000366210938,111.69999694824219,7813712,BOVA11.SA
2021-09-15,111.73999786376953,111.73999786376953,110.31999969482422,110.68000030517578,7202755,BOVA11.SA
2021-09-16,109.7699966430664,110.12000274658203,109.04000091552734,109.44000244140625,7889034,BOVA11.SA
2021-09-17,109.18000030517578,109.18000030517578,106.91999816894531,107.13999938964844,9210344,BOVA11.SA
2021-09-20,105.25,105.66000366210938,103.44000244140625,104.7699966430664,15855980,BOVA11.SA
2021-09-21,105.30000305175781,106.70999908447266,104.7699966430664,105.7699966430664,12488480,BOVA11.SA
2021-09-22,107.5999984741211,109.0,107.47000122070312,107.98999786376953,14978950,BOVA11.SA
2021-09-23,108.2699966430664,109.98999786376953,108.12000274658203,109.5999984741211,12509180,BOVA11.SA
2021-09-24,108.61000061035156,109.19000244140625,108.12999725341797,109.02999877929688,7895105,BOVA11.SA
2021-09-27,108.93000030517578,110.4000015258789,107.8499984741211,108.88999938964844,9016862,BOVA11.SA
2021-09-28,108.56999969482422,108.81999969482422,105.70999908447266,105.83000183105469,10842100,BOVA11.SA
2021-09-29,106.87999725341797,107.73999786376953,106.12999725341797,106.83000183105469,7332939,BOVA11.SA
2021-09-30,107.3499984741211,108.05000305175781,106.43000030517578,106.48999786376953,9052723,BOVA11.SA
2021-10-01,107.01000213623047,108.69999694824219,106.94999694824219,108.48999786376953,8021491,BOVA11.SA
2021-10-04,107.51000213623047,107.5199966430664,105.73999786376953,106.18000030517578,6656044,BOVA11.SA
2021-10-05,106.2300033569336,107.4800033569336,105.80999755859375,106.12000274658203,11274810,BOVA11.SA
2021-10-06,104.70999908447266,106.43000030517578,103.97000122070312,106.37000274658203,13111970,BOVA11.SA
2021-10-07,106.7300033569336,107.19999694824219,106.2699966430664,106.41999816894531,8619646,BOVA11.SA
2021-10-08,107.81999969482422,110.05000305175781,107.62000274658203,108.38999938964844,6579778,BOVA11.SA
2021-10-11,108.66000366210938,109.5999984741211,107.75,107.75,5309639,BOVA11.SA
2021-10-13,108.02999877929688,109.86000061035156,107.68000030517578,109.23999786376953,9431902,BOVA11.SA
2021-10-14,109.44999694824219,109.44999694824219,108.31999969482422,108.97000122070312,6562055,BOVA11.SA
2021-10-15,109.05000305175781,110.37000274658203,108.66999816894531,110.22000122070312,10723490,BOVA11.SA
2021-10-18,108.80000305175781,110.52999877929688,108.41999816894531,109.94999694824219,7640866,BOVA11.SA
2021-10-19,108.33000183105469,108.87000274658203,105.72000122070312,106.80000305175781,18754440,BOVA11.SA
2021-10-20,107.19000244140625,107.77999877929688,105.9000015258789,106.4000015258789,9991735,BOVA11.SA
2021-10-21,104.48999786376953,105.30999755859375,101.62000274658203,103.6500015258789,15082740,BOVA11.SA
2021-10-22,102.45999908447266,103.7699966430664,98.87999725341797,102.33000183105469,27094180,BOVA11.SA
2021-10-25,103.73999786376953,105.23999786376953,102.95999908447266,104.55000305175781,23253130,BOVA11.SA
2021-10-26,103.37000274658203,103.63999938964844,102.19999694824219,102.25,11078150,BOVA11.SA
2021-10-27,103.1500015258789,104.12999725341797,101.95999908447266,102.4000015258789,9458647,BOVA11.SA
2021-10-28,101.83999633789062,103.19999694824219,100.61000061035156,100.61000061035156,7568586,BOVA11.SA
2021-10-29,101.98999786376953,102.04000091552734,99.47000122070312,99.68000030517578,10626730,BOVA11.SA
2021-11-01,100.76000213623047,102.06999969482422,100.41000366210938,101.5199966430664,11154800,BOVA11.SA
2021-11-03,100.80000305175781,102.81999969482422,100.13999938964844,102.0,15580490,BOVA11.SA
2021-11-04,101.5199966430664,101.5199966430664,98.87000274658203,99.6500015258789,14733160,BOVA11.SA
2021-11-05,100.5,101.56999969482422,100.37999725341797,100.80999755859375,7111657,BOVA11.SA
2021-11-08,100.12000274658203,101.75,100.0999984741211,100.83000183105469,7156498,BOVA11.SA
2021-11-09,100.9800033569336,102.62999725341797,100.94999694824219,101.38999938964844,9319101,BOVA11.SA
2021-11-10,101.26000213623047,103.29000091552734,101.05999755859375,102.0199966430664,9346699,BOVA11.SA
2021-11-11,103.54000091552734,104.5,103.2300033569336,103.55000305175781,12871440,BOVA11.SA
2021-11-12,103.30000305175781,103.87000274658203,101.7300033569336,102.12999725341797,7567624,BOVA11.SA
2021-11-16,102.7300033569336,102.8499984741211,100.12000274658203,100.36000061035156,9476596,BOVA11.SA
2021-11-17,101.5,101.54000091552734,98.5,99.25,8639990,BOVA11.SA
2021-11-18,99.37000274658203,99.87000274658203,98.13999938964844,98.6500015258789,10517610,BOVA11.SA
2021-11-19,98.79000091552734,100.0199966430664,98.33999633789062,99.2699966430664,8388185,BOVA11.SA
2021-11-22,99.52999877929688,100.6500015258789,98.2300033569336,98.23999786376953,8716382,BOVA11.SA
2021-11-23,99.16999816894531,100.0,97.87999725341797,100.0,12459670,BOVA11.SA
2021-11-24,99.13999938964844,101.16999816894531,98.51000213623047,100.66000366210938,15892050,BOVA11.SA
2021-11-25,101.01000213623047,102.45999908447266,100.7699966430664,101.98999786376953,8605230,BOVA11.SA
2021-11-26,99.38999938964844,99.38999938964844,97.5999984741211,98.38999938964844,10402480,BOVA11.SA
2021-11-29,99.63999938964844,100.19999694824219,98.73999786376953,99.01000213623047,7099544,BOVA11.SA
2021-11-30,98.58999633789062,99.19000244140625,96.31999969482422,98.3499984741211,11313110,BOVA11.SA
2021-12-01,99.26000213623047,100.18000030517578,96.91000366210938,97.08999633789062,14177070,BOVA11.SA
2021-12-02,98.44999694824219,100.43000030517578,98.30000305175781,100.43000030517578,11747920,BOVA11.SA
2021-12-03,100.86000061035156,102.83999633789062,100.1500015258789,101.31999969482422,11461680,BOVA11.SA
2021-12-06,101.9800033569336,103.56999969482422,101.68000030517578,103.0,9256574,BOVA11.SA
2021-12-07,104.5,104.5,103.12000274658203,103.62999725341797,7162804,BOVA11.SA
2021-12-08,103.8499984741211,104.54000091552734,103.30999755859375,104.19999694824219,6093913,BOVA11.SA
2021-12-09,102.55999755859375,103.4800033569336,101.9000015258789,102.13999938964844,7126327,BOVA11.SA
2021-12-10,103.5999984741211,104.23999786376953,103.25,103.7300033569336,5772541,BOVA11.SA
2021-12-13,103.9000015258789,105.41000366210938,103.45999908447266,103.5,8548419,BOVA11.SA
2021-12-14,104.58999633789062,105.0999984741211,102.44000244140625,102.69999694824219,5746846,BOVA11.SA
2021-12-15,102.69999694824219,104.0999984741211,101.66999816894531,103.19999694824219,6693457,BOVA11.SA
2021-12-16,104.5,104.87999725341797,103.62000274658203,104.41000366210938,9004154,BOVA11.SA
2021-12-17,103.37999725341797,103.80000305175781,102.5,103.0999984741211,9283661,BOVA11.SA
2021-12-20,101.9800033569336,101.9800033569336,100.4000015258789,101.0,9656450,BOVA11.SA
2021-12-21,101.88999938964844,101.94000244140625,101.0999984741211,101.41999816894531,6268166,BOVA11.SA
2021-12-22,101.69999694824219,101.79000091552734,100.44000244140625,101.43000030517578,7263946,BOVA11.SA
2021-12-23,101.5999984741211,101.5999984741211,100.70999908447266,100.8499984741211,5047637,BOVA11.SA
2021-12-27,101.4000015258789,101.80000305175781,100.94999694824219,101.5999984741211,5274352,BOVA11.SA
2021-12-28,101.83000183105469,101.83000183105469,100.58999633789062,101.05999755859375,7167734,BOVA11.SA
2021-12-29,101.23999786376953,101.3499984741211,99.94000244140625,100.25,7343838,BOVA11.SA
2021-12-30,100.80999755859375,101.44999694824219,100.29000091552734,100.80000305175781,3404622,BOVA11.SA
2022-01-03,101.48999786376953,102.23999786376953,99.55000305175781,99.93000030517578,9627960,BOVA11.SA
2022-01-04,100.45999908447266,100.4800033569336,99.26000213623047,99.56999969482422,7865032,BOVA11.SA
2022-01-05,99.29000091552734,99.69999694824219,97.0999984741211,97.0999984741211,14325270,BOVA11.SA
2022-01-06,97.63999938964844,98.48999786376953,97.41000366210938,97.8499984741211,7406134,BOVA11.SA
2022-01-07,97.79000091552734,98.69999694824219,97.27999877929688,98.69999694824219,9225417,BOVA11.SA
2022-01-10,97.95999908447266,98.73999786376953,97.27999877929688,98.43000030517578,6105347,BOVA11.SA
2022-01-11,98.12999725341797,100.0999984741211,98.01000213623047,100.0999984741211,8928004,BOVA11.SA
2022-01-12,100.30000305175781,101.91999816894531,100.1500015258789,101.91000366210938,5139226,BOVA11.SA
2022-01-13,101.19999694824219,102.31999969482422,101.02999877929688,101.55000305175781,7127705,BOVA11.SA
2022-01-14,101.5999984741211,103.06999969482422,101.08999633789062,103.06999969482422,6039783,BOVA11.SA
2022-01-17,102.54000091552734,102.91000366210938,102.08999633789062,102.58000183105469,3734769,BOVA11.SA
2022-01-18,102.2699966430664,103.08000183105469,101.80999755859375,102.8499984741211,6179773,BOVA11.SA
2022-01-19,103.8499984741211,104.6500015258789,103.63999938964844,104.05000305175781,4800243,BOVA11.SA
2022-01-20,104.56999969482422,105.79000091552734,104.33999633789062,104.9000015258789,9179398,BOVA11.SA
2022-01-21,104.45999908447266,105.7300033569336,104.27999877929688,104.69999694824219,7870314,BOVA11.SA
2022-01-24,104.48999786376953,104.66000366210938,102.6500015258789,104.08000183105469,9967944,BOVA11.SA
2022-01-25,103.41999816894531,106.63999938964844,103.1500015258789,106.33000183105469,10353100,BOVA11.SA
2022-01-26,107.43000030517578,108.54000091552734,106.83000183105469,107.38999938964844,9196792,BOVA11.SA
2022-01-27,108.26000213623047,108.8499984741211,107.5,108.19999694824219,11298510,BOVA11.SA
2022-01-28,107.73999786376953,108.80000305175781,107.0,107.58000183105469,7697928,BOVA11.SA
2022-01-31,107.29000091552734,108.45999908447266,107.04000091552734,107.9800033569336,11574580,BOVA11.SA
2022-02-01,108.23999786376953,109.1500015258789,107.94999694824219,109.1500015258789,7449053,BOVA11.SA
2022-02-02,109.08999633789062,109.19999694824219,107.5199966430664,107.69000244140625,7856193,BOVA11.SA
2022-02-03,108.04000091552734,108.30000305175781,107.11000061035156,107.7699966430664,5108583,BOVA11.SA
2022-02-04,107.43000030517578,108.22000122070312,106.22000122070312,108.0199966430664,5447251,BOVA11.SA
2022-02-07,107.7699966430664,108.23999786376953,107.31999969482422,107.72000122070312,7654432,BOVA11.SA
2022-02-08,107.04000091552734,108.2300033569336,106.81999969482422,108.2300033569336,5838001,BOVA11.SA
2022-02-09,107.8499984741211,108.9800033569336,107.61000061035156,108.2300033569336,6409174,BOVA11.SA
2022-02-10,108.79000091552734,109.62000274658203,108.01000213623047,109.0999984741211,6122420,BOVA11.SA
2022-02-11,109.9000015258789,110.5999984741211,108.83999633789062,109.30999755859375,10129100,BOVA11.SA
2022-02-14,109.66000366210938,109.98999786376953,109.11000061035156,109.5199966430664,8946250,BOVA11.SA
2022-02-15,109.94000244140625,110.5999984741211,109.72000122070312,110.5999984741211,6013800,BOVA11.SA
2022-02-16,111.05999755859375,111.33999633789062,110.58000183105469,110.7699966430664,6453198,BOVA11.SA
2022-02-17,110.58000183105469,110.87000274658203,109.0999984741211,109.0999984741211,7640255,BOVA11.SA
2022-02-18,109.86000061035156,109.95999908447266,108.44000244140625,108.51000213623047,7634598,BOVA11.SA
2022-02-21,108.94999694824219,109.18000030517578,107.44999694824219,107.44999694824219,7114257,BOVA11.SA
2022-02-22,108.91000366210938,109.19000244140625,108.11000061035156,109.0,6156353,BOVA11.SA
2022-02-23,109.02999877929688,109.5999984741211,107.58000183105469,107.58000183105469,7204675,BOVA11.SA
2022-02-24,105.23999786376953,107.5,105.0999984741211,107.4800033569336,12751280,BOVA11.SA
2022-02-25,107.05000305175781,108.9000015258789,106.55000305175781,108.9000015258789,6768630,BOVA11.SA
2022-03-02,110.19999694824219,111.16000366210938,109.31999969482422,111.0999984741211,4663476,BOVA11.SA
2022-03-03,111.08999633789062,111.66000366210938,110.80000305175781,111.0199966430664,6039498,BOVA11.SA
2022-03-04,110.66000366210938,110.79000091552734,109.26000213623047,110.4000015258789,7756558,BOVA11.SA
2022-03-07,110.0,110.31999969482422,106.94999694824219,107.11000061035156,10727870,BOVA11.SA
2022-03-08,107.87999725341797,108.29000091552734,106.91999816894531,107.29000091552734,12913910,BOVA11.SA
2022-03-09,108.0199966430664,109.86000061035156,107.58999633789062,109.77999877929688,8496076,BOVA11.SA
2022-03-10,109.06999969482422,109.44000244140625,107.70999908447266,109.4000015258789,7097908,BOVA11.SA
2022-03-11,110.12999725341797,110.30000305175781,107.16000366210938,107.69999694824219,6797149,BOVA11.SA
2022-03-14,108.19000244140625,108.37000274658203,105.63999938964844,106.04000091552734,4925483,BOVA11.SA
2022-03-15,105.01000213623047,105.56999969482422,103.83999633789062,104.9000015258789,9659344,BOVA11.SA
2022-03-16,106.0,107.13999938964844,105.06999969482422,107.13999938964844,12250710,BOVA11.SA
2022-03-17,107.45999908447266,108.87000274658203,106.9000015258789,108.69999694824219,8811365,BOVA11.SA
2022-03-18,108.54000091552734,111.0199966430664,108.2699966430664,110.7300033569336,9427427,BOVA11.SA
2022-03-21,111.19000244140625,112.0,110.94000244140625,111.94000244140625,11109940,BOVA11.SA
2022-03-22,112.66999816894531,113.26000213623047,112.54000091552734,113.0999984741211,5970614,BOVA11.SA
2022-03-23,113.12999725341797,113.8499984741211,112.69999694824219,112.9000015258789,8686016,BOVA11.SA
2022-03-24,113.3499984741211,114.86000061035156,112.80000305175781,114.73999786376953,7511789,BOVA11.SA
2022-03-25,115.0,115.23999786376953,114.13999938964844,114.75,7494748,BOVA11.SA
2022-03-28,114.88999938964844,114.9800033569336,113.66000366210938,114.51000213623047,5092507,BOVA11.SA
2022-03-29,115.81999969482422,116.41999816894531,115.0999984741211,115.75,8801362,BOVA11.SA
2022-03-30,115.80000305175781,116.0999984741211,115.33000183105469,115.9000015258789,4025420,BOVA11.SA
2022-03-31,115.91000366210938,116.44999694824219,115.56999969482422,115.5999984741211,4824650,BOVA11.SA
2022-04-01,116.58000183105469,117.22000122070312,116.55999755859375,117.19999694824219,5894874,BOVA11.SA
2022-04-04,116.8499984741211,117.05999755859375,116.27999877929688,116.80000305175781,2214533,BOVA11.SA
2022-04-05,116.70999908447266,117.0999984741211,114.37999725341797,114.51000213623047,7418366,BOVA11.SA
2022-04-06,114.12000274658203,114.30999755859375,112.4800033569336,113.87000274658203,8635815,BOVA11.SA
2022-04-07,113.2699966430664,114.9000015258789,113.01000213623047,114.6500015258789,4445856,BOVA11.SA
2022-04-08,113.94999694824219,114.48999786376953,113.12000274658203,113.9800033569336,3838833,BOVA11.SA
2022-04-11,112.8499984741211,113.37000274658203,112.5,112.56999969482422,3491911,BOVA11.SA
2022-04-12,113.97000122070312,114.18000030517578,111.7699966430664,111.7699966430664,3771220,BOVA11.SA
2022-04-13,112.5999984741211,113.0199966430664,111.97000122070312,112.5199966430664,4570291,BOVA11.SA
2022-04-14,112.0,112.45999908447266,111.30000305175781,111.6500015258789,3071925,BOVA11.SA
2022-04-18,111.62000274658203,111.9800033569336,110.91999816894531,111.45999908447266,3816169,BOVA11.SA
2022-04-19,110.76000213623047,111.16999816894531,110.05999755859375,110.91999816894531,4178861,BOVA11.SA
2022-04-20,110.5199966430664,110.75,109.7300033569336,110.05000305175781,3650025,BOVA11.SA
2022-04-22,109.37000274658203,109.37000274658203,106.5,106.75,7662644,BOVA11.SA
2022-04-25,105.77999877929688,107.11000061035156,105.23999786376953,106.76000213623047,5819831,BOVA11.SA
2022-04-26,105.9000015258789,106.16999816894531,104.05000305175781,104.27999877929688,6676674,BOVA11.SA
2022-04-27,105.93000030517578,106.11000061035156,105.0,105.5199966430664,8768450,BOVA11.SA
2022-04-28,106.05999755859375,106.66000366210938,104.81999969482422,105.86000061035156,5764184,BOVA11.SA
2022-04-29,107.29000091552734,107.7300033569336,103.4000015258789,103.4000015258789,6944103,BOVA11.SA
2022-05-02,103.66999816894531,103.95999908447266,101.30000305175781,102.72000122070312,9743337,BOVA11.SA
2022-05-03,102.8499984741211,103.25,102.08999633789062,102.72000122070312,8407837,BOVA11.SA
2022-05-04,101.97000122070312,104.56999969482422,101.0999984741211,104.37999725341797,8716198,BOVA11.SA
2022-05-05,103.19000244140625,103.19999694824219,100.12000274658203,101.5,12346990,BOVA11.SA
2022-05-06,101.5199966430664,102.43000030517578,100.0999984741211,101.2300033569336,12535850,BOVA11.SA
2022-05-09,99.80000305175781,100.68000030517578,99.0199966430664,99.68000030517578,8110682,BOVA11.SA
2022-05-10,100.16000366210938,100.38999938964844,98.62999725341797,99.23999786376953,5841891,BOVA11.SA
2022-05-11,99.61000061035156,101.4800033569336,99.61000061035156,100.63999938964844,9109182,BOVA11.SA
2022-05-12,100.0,102.04000091552734,99.73999786376953,102.04000091552734,8360011,BOVA11.SA
2022-05-13,102.33999633789062,103.87000274658203,102.26000213623047,103.29000091552734,8325414,BOVA11.SA
2022-05-16,103.36000061035156,104.81999969482422,102.97000122070312,104.4000015258789,8752070,BOVA11.SA
2022-05-17,105.55000305175781,105.69999694824219,104.37000274658203,104.9000015258789,4257017,BOVA11.SA
2022-05-18,104.77999877929688,104.77999877929688,102.1500015258789,102.20999908447266,8974872,BOVA11.SA
2022-05-19,102.41000366210938,103.5,102.38999938964844,103.08000183105469,9815055,BOVA11.SA
2022-05-20,104.5,104.87999725341797,103.47000122070312,104.66000366210938,8057097,BOVA11.SA
2022-05-23,105.47000122070312,106.76000213623047,105.12000274658203,106.76000213623047,6864482,BOVA11.SA
2022-05-24,105.23999786376953,106.70999908447266,104.5,106.63999938964844,7912088,BOVA11.SA
2022-05-25,106.19000244140625,107.04000091552734,105.68000030517578,106.66000366210938,5691650,BOVA11.SA
2022-05-26,106.66999816894531,108.08999633789062,106.3499984741211,108.0199966430664,4366641,BOVA11.SA
2022-05-27,107.7300033569336,108.43000030517578,107.55000305175781,107.9000015258789,5091477,BOVA11.SA
2022-05-30,108.69999694824219,108.7300033569336,106.63999938964844,106.91999816894531,3014875,BOVA11.SA
2022-05-31,107.73999786376953,107.93000030517578,106.66999816894531,107.18000030517578,3001535,BOVA11.SA
2022-06-01,107.33000183105469,107.98999786376953,106.7699966430664,107.47000122070312,4547484,BOVA11.SA
2022-06-02,108.3499984741211,108.75,107.19999694824219,108.43000030517578,4658618,BOVA11.SA
2022-06-03,107.9000015258789,107.9000015258789,106.97000122070312,107.4800033569336,8974759,BOVA11.SA
2022-06-06,107.61000061035156,108.0199966430664,106.05999755859375,106.41999816894531,4548920,BOVA11.SA
2022-06-07,105.87999725341797,106.54000091552734,105.47000122070312,106.1500015258789,5187881,BOVA11.SA
2022-06-08,105.2300033569336,106.25,104.19000244140625,104.5999984741211,7977701,BOVA11.SA
2022-06-09,104.19000244140625,104.73999786376953,103.2300033569336,103.68000030517578,8339926,BOVA11.SA
2022-06-10,102.4000015258789,102.55000305175781,100.87000274658203,101.81999969482422,10689380,BOVA11.SA
2022-06-13,100.0999984741211,100.2300033569336,98.06999969482422,99.12000274658203,15056050,BOVA11.SA
2022-06-14,99.22000122070312,99.58000183105469,97.62999725341797,98.36000061035156,9883506,BOVA11.SA
2022-06-15,99.61000061035156,100.31999969482422,98.30000305175781,99.37999725341797,10162440,BOVA11.SA
2022-06-17,97.58999633789062,97.58999633789062,94.91000366210938,96.20999908447266,21181660,BOVA11.SA
2022-06-20,96.19999694824219,96.87000274658203,94.83000183105469,96.29000091552734,7181682,BOVA11.SA
2022-06-21,97.06999969482422,97.48999786376953,95.5999984741211,96.4000015258789,6969384,BOVA11.SA
2022-06-22,95.23999786376953,96.88999938964844,94.6500015258789,96.02999877929688,8039681,BOVA11.SA
2022-06-23,96.45999908447266,96.79000091552734,94.37999725341797,94.66000366210938,6550564,BOVA11.SA
2022-06-24,95.55000305175781,95.88999938964844,94.51000213623047,95.47000122070312,14391560,BOVA11.SA
2022-06-27,96.05999755859375,97.66000366210938,95.80000305175781,97.3499984741211,8069617,BOVA11.SA
2022-06-28,98.06999969482422,98.62999725341797,96.37000274658203,97.05000305175781,7650747,BOVA11.SA
2022-06-29,97.37000274658203,97.66000366210938,95.6500015258789,96.0,4838219,BOVA11.SA
2022-06-30,94.5,95.79000091552734,94.26000213623047,95.0,8318924,BOVA11.SA
2022-07-01,94.36000061035156,95.8499984741211,93.80999755859375,95.62999725341797,7251049,BOVA11.SA
2022-07-04,94.98999786376953,95.87000274658203,94.75,95.19999694824219,6036832,BOVA11.SA
2022-07-05,94.41999816894531,94.91999816894531,93.05999755859375,94.80000305175781,7250109,BOVA11.SA
2022-07-06,94.58000183105469,95.66000366210938,93.97000122070312,95.41999816894531,6343177,BOVA11.SA
2022-07-07,96.62000274658203,97.91000366210938,96.58000183105469,97.37999725341797,8341836,BOVA11.SA
2022-07-08,97.5199966430664,98.0,96.38999938964844,96.87999725341797,6332439,BOVA11.SA
2022-07-11,95.36000061035156,95.76000213623047,94.3499984741211,94.80000305175781,7295507,BOVA11.SA
2022-07-12,94.2699966430664,95.29000091552734,93.83000183105469,94.9000015258789,8193143,BOVA11.SA
2022-07-13,94.19999694824219,95.44999694824219,93.94999694824219,94.51000213623047,5761578,BOVA11.SA
2022-07-14,93.02999877929688,93.11000061035156,92.08999633789062,92.55000305175781,9586446,BOVA11.SA
2022-07-15,92.87999725341797,93.58000183105469,91.9000015258789,93.2699966430664,7759815,BOVA11.SA
2022-07-18,94.0,94.81999969482422,93.19999694824219,93.37000274658203,8243224,BOVA11.SA
2022-07-19,93.72000122070312,94.83999633789062,93.56999969482422,94.69999694824219,12094020,BOVA11.SA
2022-07-20,94.19999694824219,94.94999694824219,93.83999633789062,94.94999694824219,7547777,BOVA11.SA
2022-07-21,93.98999786376953,95.52999877929688,93.62000274658203,95.3499984741211,7730274,BOVA11.SA
2022-07-22,95.79000091552734,96.16000366210938,94.81999969482422,95.41999816894531,5021331,BOVA11.SA
2022-07-25,96.30999755859375,96.93000030517578,96.02999877929688,96.75,4176866,BOVA11.SA
2022-07-26,96.87999725341797,97.16000366210938,95.8499984741211,96.1500015258789,4751759,BOVA11.SA
2022-07-27,96.7699966430664,97.94000244140625,96.45999908447266,97.83000183105469,4281514,BOVA11.SA
2022-07-28,98.01000213623047,99.0999984741211,97.41999816894531,99.0999984741211,6319502,BOVA11.SA
2022-07-29,99.29000091552734,100.37999725341797,98.94999694824219,99.30000305175781,5896528,BOVA11.SA
2022-08-01,99.2699966430664,99.68000030517578,98.13999938964844,98.55999755859375,6620344,BOVA11.SA
2022-08-02,98.30000305175781,100.0199966430664,98.11000061035156,99.52999877929688,5137849,BOVA11.SA
2022-08-03,99.7699966430664,100.19999694824219,99.1500015258789,100.19999694824219,5335811,BOVA11.SA
2022-08-04,100.95999908447266,102.4800033569336,100.93000030517578,102.4800033569336,8660272,BOVA11.SA
2022-08-05,102.3499984741211,103.41000366210938,101.76000213623047,102.73999786376953,9960088,BOVA11.SA
2022-08-08,103.3499984741211,104.80000305175781,103.29000091552734,104.80000305175781,9831028,BOVA11.SA
2022-08-09,105.44000244140625,105.44000244140625,104.04000091552734,105.05000305175781,5295326,BOVA11.SA
2022-08-10,106.20999908447266,106.55999755859375,105.58999633789062,106.55999755859375,9042577,BOVA11.SA
2022-08-11,107.30999755859375,107.55000305175781,105.76000213623047,105.87999725341797,10520870,BOVA11.SA
2022-08-12,106.7699966430664,108.63999938964844,106.30999755859375,108.63999938964844,8630365,BOVA11.SA
2022-08-15,107.55000305175781,109.23999786376953,107.0999984741211,108.97000122070312,7771546,BOVA11.SA
2022-08-16,109.0,109.76000213623047,108.75,109.76000213623047,5692152,BOVA11.SA
2022-08-17,108.69999694824219,110.22000122070312,108.62000274658203,109.98999786376953,9360935,BOVA11.SA
2022-08-18,110.16000366210938,110.30999755859375,109.3499984741211,109.94000244140625,5273329,BOVA11.SA
2022-08-19,108.81999969482422,109.0,107.3499984741211,107.52999877929688,11321460,BOVA11.SA
2022-08-22,106.76000213623047,107.1500015258789,106.08999633789062,106.7300033569336,8236232,BOVA11.SA
2022-08-23,107.04000091552734,109.0999984741211,107.04000091552734,109.0999984741211,8724611,BOVA11.SA
2022-08-24,108.93000030517578,109.9000015258789,108.66000366210938,109.18000030517578,4755150,BOVA11.SA
2022-08-25,109.83000183105469,110.08999633789062,108.83000183105469,109.5999984741211,3238435,BOVA11.SA
2022-08-26,110.08000183105469,110.19000244140625,108.0,108.36000061035156,6835703,BOVA11.SA
2022-08-29,107.91000366210938,109.29000091552734,107.86000061035156,108.4000015258789,7288137,BOVA11.SA
2022-08-30,108.69999694824219,108.9000015258789,106.25,106.4000015258789,4957715,BOVA11.SA
2022-08-31,106.83000183105469,107.5199966430664,105.69999694824219,105.83000183105469,5116217,BOVA11.SA
2022-09-01,106.06999969482422,106.58999633789062,104.43000030517578,106.58999633789062,4561281,BOVA11.SA
2022-09-02,107.36000061035156,108.41999816894531,106.70999908447266,107.08999633789062,6381536,BOVA11.SA
2022-09-05,108.2699966430664,108.69000244140625,107.77999877929688,108.44999694824219,4094554,BOVA11.SA
2022-09-06,106.93000030517578,107.08000183105469,105.51000213623047,105.94999694824219,4461050,BOVA11.SA
2022-09-08,106.11000061035156,106.91000366210938,104.76000213623047,106.18000030517578,6299697,BOVA11.SA
2022-09-09,107.54000091552734,108.58000183105469,107.27999877929688,108.4000015258789,8402232,BOVA11.SA
2022-09-12,109.5999984741211,110.19000244140625,109.30000305175781,109.55000305175781,4465282,BOVA11.SA
2022-09-13,107.94000244140625,108.8499984741211,106.61000061035156,106.9800033569336,5064716,BOVA11.SA
2022-09-14,106.69000244140625,107.58999633789062,106.22000122070312,106.75,3650114,BOVA11.SA
2022-09-15,106.76000213623047,107.26000213623047,105.62000274658203,106.11000061035156,4790495,BOVA11.SA
2022-09-16,105.19000244140625,105.76000213623047,104.72000122070312,105.5999984741211,8915799,BOVA11.SA
2022-09-19,104.83000183105469,108.22000122070312,104.66000366210938,108.22000122070312,6620149,BOVA11.SA
2022-09-20,108.5,108.8499984741211,107.44999694824219,108.8499984741211,7464183,BOVA11.SA
2022-09-21,108.9000015258789,109.41999816894531,107.41000366210938,108.16000366210938,9378078,BOVA11.SA
2022-09-22,109.58000183105469,110.47000122070312,107.87999725341797,110.12999725341797,7085594,BOVA11.SA
2022-09-23,108.20999908447266,108.54000091552734,106.83999633789062,107.83999633789062,6406727,BOVA11.SA
2022-09-26,107.0,107.33000183105469,105.12999725341797,105.12999725341797,8072060,BOVA11.SA
2022-09-27,106.44999694824219,106.44999694824219,104.33999633789062,104.68000030517578,8031980,BOVA11.SA
2022-09-28,104.62000274658203,105.20999908447266,104.06999969482422,104.81999969482422,6309507,BOVA11.SA
2022-09-29,103.70999908447266,104.36000061035156,102.43000030517578,103.80000305175781,7227219,BOVA11.SA
2022-09-30,103.63999938964844,106.69999694824219,103.51000213623047,106.45999908447266,9230178,BOVA11.SA
2022-10-03,110.0,112.4000015258789,109.33000183105469,112.4000015258789,11174680,BOVA11.SA
2022-10-04,114.0199966430664,114.13999938964844,111.76000213623047,112.3499984741211,9079615,BOVA11.SA
2022-10-05,112.62000274658203,113.4800033569336,111.81999969482422,113.31999969482422,6244323,BOVA11.SA
2022-10-06,113.58999633789062,114.47000122070312,113.01000213623047,113.47000122070312,8497689,BOVA11.SA
2022-10-07,112.97000122070312,113.88999938964844,111.95999908447266,112.77999877929688,9119631,BOVA11.SA
2022-10-10,112.88999938964844,113.05000305175781,111.27999877929688,112.08000183105469,5751796,BOVA11.SA
2022-10-11,111.48999786376953,111.87000274658203,110.29000091552734,110.88999938964844,5329929,BOVA11.SA
2022-10-13,109.2699966430664,111.44999694824219,108.75,110.26000213623047,7730687,BOVA11.SA
2022-10-14,110.36000061035156,110.72000122070312,107.66999816894531,108.22000122070312,5649931,BOVA11.SA
2022-10-17,108.7699966430664,110.38999938964844,108.41000366210938,109.9000015258789,3774142,BOVA11.SA
2022-10-18,111.25,111.94000244140625,110.18000030517578,111.94000244140625,6492535,BOVA11.SA
2022-10-19,111.7300033569336,112.44000244140625,111.2699966430664,112.3499984741211,3791944,BOVA11.SA
2022-10-20,113.19000244140625,113.33000183105469,112.4000015258789,112.9000015258789,11377230,BOVA11.SA
2022-10-21,113.0,116.61000061035156,112.62999725341797,116.43000030517578,11922250,BOVA11.SA
2022-10-24,114.56999969482422,114.56999969482422,111.80000305175781,112.13999938964844,9855224,BOVA11.SA
2022-10-25,111.69999694824219,112.23999786376953,110.4800033569336,110.4800033569336,6907345,BOVA11.SA
2022-10-26,109.55000305175781,110.43000030517578,108.69999694824219,108.77999877929688,7707875,BOVA11.SA
2022-10-27,109.80000305175781,112.52999877929688,109.0999984741211,110.0,9077260,BOVA11.SA
2022-10-28,109.83999633789062,113.0,109.33999633789062,113.0,11119910,BOVA11.SA
2022-10-31,108.47000122070312,112.77999877929688,108.25,112.1500015258789,13927050,BOVA11.SA
2022-11-01,113.16000366210938,114.19000244140625,111.44000244140625,112.80999755859375,10005290,BOVA11.SA
2022-11-03,111.36000061035156,113.3499984741211,110.4000015258789,113.0999984741211,7905539,BOVA11.SA
2022-11-04,115.33999633789062,115.91000366210938,113.94999694824219,114.0,9554558,BOVA11.SA
2022-11-07,113.38999938964844,114.13999938964844,111.16000366210938,111.22000122070312,8490758,BOVA11.SA
2022-11-08,110.72000122070312,113.16999816894531,110.61000061035156,112.30000305175781,8043997,BOVA11.SA
2022-11-09,111.20999908447266,112.5,109.13999938964844,109.75,12347440,BOVA11.SA
2022-11-10,107.0,108.68000030517578,104.6500015258789,106.0999984741211,24101640,BOVA11.SA
2022-11-11,106.0999984741211,109.23999786376953,105.75,108.55000305175781,12721560,BOVA11.SA
2022-11-14,109.58000183105469,110.43000030517578,108.08000183105469,109.23999786376953,8737698,BOVA11.SA
2022-11-16,109.23999786376953,109.44000244140625,105.62000274658203,106.04000091552734,14252890,BOVA11.SA
2022-11-17,104.9000015258789,105.93000030517578,103.52999877929688,105.69000244140625,16978140,BOVA11.SA
2022-11-18,107.08999633789062,107.77999877929688,104.6500015258789,104.8499984741211,12027080,BOVA11.SA
2022-11-21,106.0,106.44999694824219,104.19999694824219,106.08000183105469,12565710,BOVA11.SA
2022-11-22,106.3499984741211,106.5999984741211,104.11000061035156,105.06999969482422,6812999,BOVA11.SA
2022-11-23,104.6500015258789,105.5999984741211,104.18000030517578,105.23999786376953,8097851,BOVA11.SA
2022-11-24,105.9000015258789,108.86000061035156,105.79000091552734,108.19999694824219,7266139,BOVA11.SA
2022-11-25,107.80000305175781,107.95999908447266,104.81999969482422,105.06999969482422,5237368,BOVA11.SA
2022-11-28,105.13999938964844,105.76000213623047,104.63999938964844,105.1500015258789,3984614,BOVA11.SA
2022-11-29,105.87000274658203,108.44000244140625,105.51000213623047,107.29000091552734,9506788,BOVA11.SA
2022-11-30,107.0999984741211,108.58000183105469,106.38999938964844,108.58000183105469,8921213,BOVA11.SA
2022-12-01,107.7699966430664,108.19999694824219,106.70999908447266,107.05999755859375,7068611,BOVA11.SA
2022-12-02,107.56999969482422,109.9000015258789,106.13999938964844,107.94999694824219,7884555,BOVA11.SA
2022-12-05,107.69999694824219,108.1500015258789,105.5,105.62999725341797,5817476,BOVA11.SA
2022-12-06,106.5,106.87999725341797,105.41999816894531,106.73999786376953,6254454,BOVA11.SA
2022-12-07,105.98999786376953,106.4800033569336,104.83999633789062,105.58999633789062,5449114,BOVA11.SA
2022-12-08,105.05999755859375,105.55000305175781,103.19000244140625,103.56999969482422,7512214,BOVA11.SA
2022-12-09,104.2300033569336,104.91999816894531,103.38999938964844,103.9000015258789,5248949,BOVA11.SA
2022-12-12,103.75,103.97000122070312,100.30000305175781,101.80000305175781,12417040,BOVA11.SA
2022-12-13,102.26000213623047,103.7699966430664,100.01000213623047,100.30000305175781,16354210,BOVA11.SA
2022-12-14,99.30000305175781,101.16000366210938,98.30000305175781,100.69999694824219,15092220,BOVA11.SA
2022-12-15,99.94000244140625,102.19999694824219,99.55000305175781,100.5,12770350,BOVA11.SA
2022-12-16,100.44999694824219,100.63999938964844,98.80999755859375,99.4000015258789,12318890,BOVA11.SA
2022-12-19,99.9000015258789,101.63999938964844,99.44999694824219,101.37000274658203,7735283,BOVA11.SA
2022-12-20,100.77999877929688,104.5,100.77999877929688,103.55000305175781,12871940,BOVA11.SA
2022-12-21,104.16000366210938,104.94000244140625,102.4000015258789,103.87000274658203,10176990,BOVA11.SA
2022-12-22,104.0,104.7699966430664,102.88999938964844,103.93000030517578,6292139,BOVA11.SA
2022-12-23,104.5999984741211,106.26000213623047,104.30999755859375,106.0,10608460,BOVA11.SA
2022-12-26,105.66000366210938,105.73999786376953,104.56999969482422,105.1500015258789,4382852,BOVA11.SA
2022-12-27,105.7699966430664,105.7699966430664,103.70999908447266,104.9000015258789,7378550,BOVA11.SA
2022-12-28,105.37000274658203,107.0,105.11000061035156,106.80000305175781,4198744,BOVA11.SA
2022-12-29,107.16999816894531,107.5,105.76000213623047,105.94999694824219,6193414,BOVA11.SA
2023-01-02,104.36000061035156,104.44999694824219,102.29000091552734,102.62999725341797,7559253,BOVA11.SA
2023-01-03,103.0,103.0,100.3499984741211,100.4800033569336,12193800,BOVA11.SA
2023-01-04,101.20999908447266,102.18000030517578,100.4000015258789,101.91999816894531,6682750,BOVA11.SA
2023-01-05,102.54000091552734,104.2699966430664,101.83000183105469,104.2699966430664,7304475,BOVA11.SA
2023-01-06,104.4800033569336,105.80000305175781,104.19999694824219,105.5,8636723,BOVA11.SA
2023-01-09,104.94000244140625,106.31999969482422,104.68000030517578,105.3499984741211,6371819,BOVA11.SA
2023-01-10,104.8499984741211,107.54000091552734,104.72000122070312,107.18000030517578,4789116,BOVA11.SA
2023-01-11,107.4000015258789,109.0999984741211,107.11000061035156,109.0999984741211,6164690,BOVA11.SA
2023-01-12,108.5,109.19000244140625,106.94000244140625,108.26000213623047,5880623,BOVA11.SA
2023-01-13,106.94000244140625,107.63999938964844,106.69000244140625,107.3499984741211,4742049,BOVA11.SA
2023-01-16,106.94999694824219,106.94999694824219,105.12999725341797,105.47000122070312,6905014,BOVA11.SA
2023-01-17,106.23999786376953,107.9800033569336,106.22000122070312,107.80000305175781,6647627,BOVA11.SA
2023-01-18,108.83000183105469,109.5999984741211,108.33000183105469,108.33000183105469,9405455,BOVA11.SA
2023-01-19,107.69999694824219,109.54000091552734,107.61000061035156,109.11000061035156,4378786,BOVA11.SA
2023-01-20,109.11000061035156,109.1500015258789,108.01000213623047,108.44999694824219,6269748,BOVA11.SA
2023-01-23,108.88999938964844,109.33000183105469,107.87999725341797,107.9000015258789,4401425,BOVA11.SA
2023-01-24,108.70999908447266,109.43000030517578,107.97000122070312,109.43000030517578,5724141,BOVA11.SA
2023-01-25,109.0,110.68000030517578,108.20999908447266,110.6500015258789,6427546,BOVA11.SA
2023-01-26,110.69999694824219,111.0999984741211,109.86000061035156,110.41999816894531,4382206,BOVA11.SA
2023-01-27,110.27999877929688,110.29000091552734,108.33999633789062,108.4000015258789,5294651,BOVA11.SA
2023-01-30,109.01000213623047,109.31999969482422,108.12999725341797,108.69999694824219,2905618,BOVA11.SA
2023-01-31,108.70999908447266,109.95999908447266,108.70999908447266,109.83999633789062,5733562,BOVA11.SA
2023-02-01,109.48999786376953,109.86000061035156,107.05999755859375,108.4000015258789,10380150,BOVA11.SA
2023-02-02,107.48999786376953,109.2699966430664,106.05999755859375,106.30000305175781,9555616,BOVA11.SA
2023-02-03,106.1500015258789,106.91000366210938,104.54000091552734,104.87000274658203,7873654,BOVA11.SA
2023-02-06,104.87999725341797,105.25,103.9000015258789,105.25,6121193,BOVA11.SA
2023-02-07,105.38999938964844,105.38999938964844,103.69999694824219,104.0999984741211,6129919,BOVA11.SA
2023-02-08,105.02999877929688,106.62000274658203,104.80000305175781,106.33999633789062,6153145,BOVA11.SA
2023-02-09,106.33000183105469,106.44999694824219,104.26000213623047,104.44000244140625,7418766,BOVA11.SA
2023-02-10,104.16000366210938,105.12999725341797,104.0999984741211,104.75,4772746,BOVA11.SA
2023-02-13,104.36000061035156,105.62999725341797,103.91999816894531,105.47000122070312,6785833,BOVA11.SA
2023-02-14,105.8499984741211,106.05999755859375,104.05000305175781,104.43000030517578,6320111,BOVA11.SA
2023-02-15,104.19000244140625,108.0,103.62000274658203,106.05000305175781,10598990,BOVA11.SA
2023-02-16,105.4800033569336,106.81999969482422,104.75,106.5,7290582,BOVA11.SA
2023-02-17,105.75,106.2699966430664,105.36000061035156,105.55999755859375,5465744,BOVA11.SA
2023-02-22,104.08999633789062,104.08999633789062,103.18000030517578,103.5999984741211,5373490,BOVA11.SA
2023-02-23,103.70999908447266,105.18000030517578,103.1500015258789,104.1500015258789,8952321,BOVA11.SA
2023-02-24,104.0,104.05999755859375,101.87000274658203,102.37999725341797,7548371,BOVA11.SA
2023-02-27,102.70999908447266,103.0199966430664,101.80000305175781,102.29000091552734,4632542,BOVA11.SA
2023-02-28,102.33999633789062,103.33999633789062,101.1500015258789,101.1500015258789,7211761,BOVA11.SA
2023-03-01,101.91000366210938,101.94000244140625,99.70999908447266,101.19999694824219,12453130,BOVA11.SA
2023-03-02,100.87999725341797,101.55999755859375,99.94000244140625,99.94000244140625,5860502,BOVA11.SA
2023-03-03,100.30000305175781,101.1500015258789,100.22000122070312,100.41999816894531,4266878,BOVA11.SA
2023-03-06,100.83000183105469,101.80999755859375,99.7699966430664,101.47000122070312,7003862,BOVA11.SA
2023-03-07,101.4800033569336,101.77999877929688,100.12000274658203,100.9000015258789,4824250,BOVA11.SA
2023-03-08,101.19999694824219,103.30000305175781,101.12000274658203,103.22000122070312,8866715,BOVA11.SA
2023-03-09,103.0,103.23999786376953,101.55999755859375,101.55999755859375,8397977,BOVA11.SA
2023-03-10,100.94999694824219,101.5999984741211,99.81999969482422,100.20999908447266,11620690,BOVA11.SA
2023-03-13,99.20999908447266,100.58999633789062,98.91000366210938,99.77999877929688,6003109,BOVA11.SA
2023-03-14,99.8499984741211,100.83000183105469,99.13999938964844,99.58000183105469,6853634,BOVA11.SA
2023-03-15,97.98999786376953,99.7300033569336,97.41999816894531,99.38999938964844,11008080,BOVA11.SA
2023-03-16,99.3499984741211,100.54000091552734,99.0999984741211,100.0,12085810,BOVA11.SA
2023-03-17,99.37000274658203,99.37000274658203,98.2699966430664,98.8499984741211,7434328,BOVA11.SA
2023-03-20,98.7699966430664,99.0,97.37000274658203,97.69999694824219,7689231,BOVA11.SA
2023-03-21,97.9800033569336,98.37000274658203,97.62000274658203,97.93000030517578,5178658,BOVA11.SA
2023-03-22,97.58999633789062,98.69999694824219,96.81999969482422,97.02999877929688,7362958,BOVA11.SA
2023-03-23,97.5,97.91000366210938,93.80999755859375,94.58000183105469,12215140,BOVA11.SA
2023-03-24,95.01000213623047,96.16000366210938,94.5999984741211,95.86000061035156,7502799,BOVA11.SA
2023-03-27,96.6500015258789,96.80000305175781,95.83999633789062,96.54000091552734,6461608,BOVA11.SA
2023-03-28,96.30000305175781,98.33999633789062,96.13999938964844,98.02999877929688,9348025,BOVA11.SA
2023-03-29,98.43000030517578,98.94999694824219,96.95999908447266,98.55000305175781,6869031,BOVA11.SA
2023-03-30,99.94000244140625,100.76000213623047,99.33000183105469,100.47000122070312,8836529,BOVA11.SA
2023-03-31,100.37999725341797,100.76000213623047,98.22000122070312,98.48999786376953,7723813,BOVA11.SA
2023-04-03,98.75,98.75,97.36000061035156,98.30000305175781,6568045,BOVA11.SA
2023-04-04,98.80000305175781,99.75,98.43000030517578,98.51000213623047,4273620,BOVA11.SA
2023-04-05,98.55999755859375,98.76000213623047,96.70999908447266,97.62999725341797,6361811,BOVA11.SA
2023-04-06,97.66999816894531,98.33999633789062,97.16999816894531,97.58999633789062,4070924,BOVA11.SA
2023-04-10,98.11000061035156,98.94000244140625,98.08000183105469,98.66000366210938,4475579,BOVA11.SA
2023-04-11,100.13999938964844,103.05999755859375,100.13999938964844,102.91000366210938,12106590,BOVA11.SA
2023-04-12,103.30000305175781,104.88999938964844,102.86000061035156,103.3499984741211,11619900,BOVA11.SA
2023-04-13,103.56999969482422,103.69999694824219,102.77999877929688,102.93000030517578,6054251,BOVA11.SA
2023-04-14,102.0,103.33999633789062,101.48999786376953,103.04000091552734,6441959,BOVA11.SA
2023-04-17,102.87000274658203,103.44999694824219,102.25,102.70999908447266,6554109,BOVA11.SA
2023-04-18,102.98999786376953,103.05000305175781,101.73999786376953,102.69999694824219,7332867,BOVA11.SA
2023-04-19,102.0,102.0,100.25,100.4800033569336,8557634,BOVA11.SA
2023-04-20,100.33000183105469,101.30000305175781,99.73999786376953,101.0,7520342,BOVA11.SA
2023-04-24,100.52999877929688,101.5,99.88999938964844,100.62000274658203,6468331,BOVA11.SA
2023-04-25,100.06999969482422,100.18000030517578,99.33999633789062,99.91999816894531,5668363,BOVA11.SA
2023-04-26,100.2699966430664,100.3499984741211,98.94000244140625,99.01000213623047,6684995,BOVA11.SA
2023-04-27,99.01000213623047,99.87000274658203,98.70999908447266,99.52999877929688,6006289,BOVA11.SA
2023-04-28,99.63999938964844,101.06999969482422,99.13999938964844,100.9000015258789,8237091,BOVA11.SA
2023-05-02,100.5999984741211,100.7699966430664,98.25,98.48999786376953,6752220,BOVA11.SA
2023-05-03,98.77999877929688,99.12999725341797,98.1500015258789,98.5999984741211,6818384,BOVA11.SA
2023-05-04,99.80000305175781,100.1500015258789,97.76000213623047,98.94999694824219,11027610,BOVA11.SA
2023-05-05,99.51000213623047,101.91000366210938,99.4000015258789,101.91000366210938,9387131,BOVA11.SA
2023-05-08,103.0,103.30000305175781,102.29000091552734,102.48999786376953,7038584,BOVA11.SA
2023-05-09,102.18000030517578,104.30999755859375,102.12999725341797,103.80000305175781,9670446,BOVA11.SA
2023-05-10,103.61000061035156,104.30999755859375,103.0,103.97000122070312,5072078,BOVA11.SA
2023-05-11,102.9800033569336,105.22000122070312,102.9800033569336,104.81999969482422,7775421,BOVA11.SA
2023-05-12,104.05000305175781,105.29000091552734,104.0,105.05000305175781,11789610,BOVA11.SA
2023-05-15,105.33000183105469,105.7699966430664,104.80999755859375,105.47000122070312,8655150,BOVA11.SA
2023-05-16,105.62999725341797,106.66999816894531,104.56999969482422,104.62999725341797,12485190,BOVA11.SA
2023-05-17,105.8499984741211,106.30999755859375,105.5,106.01000213623047,7681042,BOVA11.SA
2023-05-18,105.9800033569336,106.80000305175781,105.31999969482422,106.75,17570780,BOVA11.SA
2023-05-19,107.0,107.68000030517578,106.23999786376953,107.16000366210938,10053520,BOVA11.SA
2023-05-22,107.5,108.0999984741211,106.55000305175781,106.55000305175781,6204078,BOVA11.SA
2023-05-23,106.5999984741211,107.7699966430664,106.18000030517578,106.44000244140625,7007199,BOVA11.SA
2023-05-24,105.43000030517578,106.19999694824219,105.04000091552734,105.2699966430664,8382293,BOVA11.SA
2023-05-25,107.0,107.6500015258789,106.11000061035156,106.55000305175781,8807932,BOVA11.SA
2023-05-26,108.0,108.16999816894531,106.30000305175781,107.51000213623047,7602318,BOVA11.SA
2023-05-29,107.25,107.58999633789062,106.62000274658203,106.7699966430664,6600371,BOVA11.SA
2023-05-30,107.54000091552734,107.77999877929688,105.12000274658203,105.37999725341797,5935395,BOVA11.SA
2023-05-31,104.97000122070312,105.70999908447266,104.77999877929688,104.83999633789062,5850812,BOVA11.SA
2023-06-01,105.51000213623047,107.23999786376953,104.86000061035156,107.19999694824219,6991641,BOVA11.SA
2023-06-02,108.25,109.44000244140625,108.25,109.0199966430664,9601052,BOVA11.SA
2023-06-05,109.31999969482422,109.45999908447266,108.11000061035156,109.13999938964844,4992194,BOVA11.SA
2023-06-06,109.5,111.19000244140625,109.3499984741211,111.06999969482422,7065890,BOVA11.SA
2023-06-07,111.66000366210938,112.26000213623047,110.95999908447266,111.77999877929688,7573762,BOVA11.SA
2023-06-09,112.5,113.8499984741211,112.44000244140625,113.20999908447266,7558415,BOVA11.SA
2023-06-12,113.58999633789062,114.0,112.93000030517578,113.63999938964844,7289286,BOVA11.SA
2023-06-13,113.9000015258789,114.13999938964844,112.66000366210938,112.94000244140625,6666769,BOVA11.SA
2023-06-14,113.69000244140625,115.41000366210938,113.5,115.11000061035156,12413610,BOVA11.SA
2023-06-15,115.08999633789062,115.91000366210938,114.9000015258789,115.4000015258789,12811360,BOVA11.SA
2023-06-16,114.79000091552734,115.80000305175781,114.55999755859375,114.9000015258789,7560102,BOVA11.SA
2023-06-19,114.69999694824219,116.25,114.69999694824219,116.12999725341797,5422980,BOVA11.SA
2023-06-20,115.51000213623047,115.94000244140625,114.68000030517578,115.81999969482422,5857464,BOVA11.SA
2023-06-21,115.77999877929688,116.77999877929688,115.55999755859375,116.2699966430664,4391740,BOVA11.SA
2023-06-22,115.81999969482422,116.30000305175781,114.2699966430664,115.26000213623047,5497648,BOVA11.SA
2023-06-23,115.19999694824219,115.68000030517578,114.48999786376953,115.30999755859375,3904942,BOVA11.SA
2023-06-26,115.29000091552734,115.29000091552734,113.7699966430664,114.41999816894531,5390179,BOVA11.SA
2023-06-27,115.30999755859375,115.44999694824219,112.87999725341797,113.7699966430664,7566418,BOVA11.SA
2023-06-28,113.5999984741211,114.37999725341797,112.88999938964844,113.02999877929688,3756649,BOVA11.SA
2023-06-29,113.30000305175781,114.95999908447266,113.2300033569336,114.91000366210938,5125552,BOVA11.SA
2023-06-30,115.69999694824219,115.7699966430664,114.16999816894531,114.16999816894531,11077590,BOVA11.SA
2023-07-03,114.9000015258789,116.0999984741211,114.75,115.94000244140625,4877031,BOVA11.SA
2023-07-04,115.62000274658203,115.91999816894531,115.02999877929688,115.23999786376953,3640097,BOVA11.SA
2023-07-05,114.8499984741211,118.05999755859375,114.8499984741211,115.83999633789062,7689489,BOVA11.SA
2023-07-06,114.8499984741211,115.12999725341797,113.43000030517578,113.63999938964844,5969984,BOVA11.SA
2023-07-07,114.0,115.87000274658203,114.0,115.19000244140625,5194573,BOVA11.SA
2023-07-10,114.66000366210938,115.04000091552734,114.0999984741211,114.0999984741211,7146058,BOVA11.SA
2023-07-11,113.97000122070312,114.06999969482422,112.04000091552734,113.80000305175781,5416875,BOVA11.SA
2023-07-12,114.79000091552734,115.33000183105469,113.83000183105469,113.83000183105469,6296862,BOVA11.SA
2023-07-13,114.5,116.0199966430664,114.33999633789062,115.58000183105469,8770063,BOVA11.SA
2023-07-14,115.26000213623047,115.62000274658203,113.83999633789062,113.95999908447266,14824160,BOVA11.SA
2023-07-17,113.38999938964844,114.70999908447266,112.94000244140625,114.70999908447266,5230074,BOVA11.SA
2023-07-18,114.33999633789062,115.02999877929688,113.55000305175781,113.94999694824219,5750909,BOVA11.SA
2023-07-19,113.45999908447266,114.33000183105469,112.93000030517578,113.75,5636677,BOVA11.SA
2023-07-20,114.3499984741211,114.58000183105469,113.66999816894531,114.33999633789062,7919291,BOVA11.SA
2023-07-21,114.44999694824219,116.6500015258789,114.4000015258789,116.4000015258789,8651985,BOVA11.SA
2023-07-24,116.47000122070312,117.95999908447266,116.2699966430664,117.56999969482422,6794197,BOVA11.SA
2023-07-25,118.97000122070312,119.16999816894531,117.9800033569336,117.9800033569336,5681391,BOVA11.SA
2023-07-26,117.8499984741211,118.88999938964844,117.55000305175781,118.73999786376953,7270167,BOVA11.SA
2023-07-27,118.66000366210938,118.80000305175781,116.0,116.04000091552734,6485811,BOVA11.SA
2023-07-28,116.51000213623047,116.93000030517578,115.94999694824219,116.5199966430664,2943366,BOVA11.SA
2023-07-31,117.2300033569336,118.33999633789062,117.1500015258789,117.94999694824219,3889613,BOVA11.SA
2023-08-01,117.19999694824219,117.79000091552734,116.3499984741211,117.5199966430664,3444566,BOVA11.SA
2023-08-02,116.91999816894531,117.47000122070312,115.97000122070312,117.01000213623047,6537586,BOVA11.SA
2023-08-03,117.83000183105469,118.80000305175781,116.55000305175781,116.70999908447266,7527835,BOVA11.SA
2023-08-04,115.79000091552734,117.6500015258789,115.45999908447266,115.66000366210938,6040417,BOVA11.SA
2023-08-07,115.83999633789062,116.3499984741211,115.13999938964844,115.61000061035156,6527803,BOVA11.SA
2023-08-08,114.0999984741211,115.8499984741211,113.94999694824219,115.2699966430664,4884622,BOVA11.SA
2023-08-09,115.02999877929688,115.08000183105469,114.19000244140625,114.69999694824219,5981544,BOVA11.SA
2023-08-10,115.2699966430664,115.69999694824219,114.37000274658203,114.51000213623047,5275962,BOVA11.SA
2023-08-11,114.7300033569336,115.36000061035156,113.75,114.25,8695793,BOVA11.SA
2023-08-14,113.9800033569336,114.12000274658203,112.94000244140625,113.30999755859375,4728049,BOVA11.SA
2023-08-15,113.83999633789062,114.05000305175781,112.37000274658203,112.37000274658203,5730482,BOVA11.SA
2023-08-16,112.93000030517578,113.7300033569336,111.87000274658203,111.87000274658203,8028362,BOVA11.SA
2023-08-17,112.91000366210938,113.04000091552734,111.33999633789062,111.36000061035156,9331433,BOVA11.SA
2023-08-18,111.12000274658203,112.16999816894531,110.98999786376953,111.69999694824219,8944196,BOVA11.SA
2023-08-21,111.73999786376953,111.9000015258789,110.58000183105469,110.79000091552734,5997777,BOVA11.SA
2023-08-22,111.73999786376953,112.70999908447266,111.58999633789062,112.41000366210938,9533506,BOVA11.SA
2023-08-23,112.69999694824219,114.36000061035156,112.69999694824219,114.30000305175781,4366464,BOVA11.SA
2023-08-24,114.13999938964844,114.48999786376953,113.18000030517578,113.30000305175781,5454803,BOVA11.SA
2023-08-25,113.23999786376953,116.0999984741211,111.83000183105469,112.1500015258789,5959426,BOVA11.SA
2023-08-28,112.52999877929688,113.66000366210938,112.20999908447266,113.5,4394771,BOVA11.SA
2023-08-29,114.22000122070312,114.8499984741211,113.75,114.62000274658203,5273711,BOVA11.SA
2023-08-30,114.83000183105469,115.12999725341797,113.80999755859375,113.9000015258789,5580688,BOVA11.SA
2023-08-31,113.68000030517578,113.68000030517578,112.27999877929688,112.30999755859375,4068964,BOVA11.SA
2023-09-01,112.81999969482422,114.30000305175781,112.80999755859375,114.05000305175781,5494823,BOVA11.SA
2023-09-04,114.06999969482422,114.8499984741211,113.81999969482422,114.13999938964844,3126341,BOVA11.SA
2023-09-05,113.48999786376953,114.30000305175781,112.97000122070312,113.62000274658203,3801923,BOVA11.SA
2023-09-06,113.75,114.30999755859375,112.25,112.25,4406355,BOVA11.SA
2023-09-08,111.63999938964844,112.0199966430664,111.2699966430664,111.66000366210938,3508422,BOVA11.SA
2023-09-11,112.63999938964844,113.56999969482422,112.0999984741211,113.4800033569336,4603172,BOVA11.SA
2023-09-12,113.5,114.5,113.38999938964844,114.22000122070312,3705776,BOVA11.SA
2023-09-13,114.20999908447266,115.68000030517578,113.98999786376953,114.45999908447266,6248355,BOVA11.SA
2023-09-14,115.19999694824219,116.04000091552734,115.05000305175781,115.58999633789062,5310662,BOVA11.SA
2023-09-15,115.87999725341797,116.02999877929688,114.91999816894531,114.91999816894531,7279655,BOVA11.SA
2023-09-18,115.2699966430664,115.7699966430664,114.44000244140625,114.6500015258789,10059015,BOVA11.SA
2023-09-19,114.66999816894531,114.9000015258789,114.04000091552734,114.0999984741211,6332907,BOVA11.SA
2023-09-20,114.5999984741211,116.0,114.58000183105469,115.02999877929688,5088757,BOVA11.SA
2023-09-21,113.44999694824219,113.44999694824219,112.4800033569336,112.5999984741211,5934471,BOVA11.SA
2023-09-22,113.33000183105469,113.41999816894531,112.30000305175781,112.61000061035156,3994514,BOVA11.SA
2023-09-25,112.11000061035156,112.56999969482422,111.93000030517578,112.56999969482422,2741332,BOVA11.SA
2023-09-26,111.9000015258789,111.9000015258789,110.6500015258789,110.6500015258789,5567555,BOVA11.SA
2023-09-27,111.5,111.81999969482422,109.88999938964844,110.69999694824219,4850443,BOVA11.SA
2023-09-28,110.56999969482422,112.41000366210938,110.56999969482422,112.18000030517578,3948319,BOVA11.SA
2023-09-29,113.37000274658203,113.38999938964844,112.30000305175781,113.1500015258789,4237836,BOVA11.SA
2023-10-02,112.63999938964844,113.13999938964844,111.2300033569336,111.48999786376953,4050713,BOVA11.SA
2023-10-03,111.18000030517578,111.52999877929688,109.66000366210938,109.81999969482422,7808004,BOVA11.SA
2023-10-04,110.16000366210938,110.68000030517578,109.58000183105469,110.18000030517578,3106290,BOVA11.SA
2023-10-05,110.05999755859375,110.86000061035156,109.2699966430664,109.75,4169234,BOVA11.SA
2023-10-06,108.9000015258789,110.98999786376953,108.19000244140625,110.66000366210938,3818695,BOVA11.SA
2023-10-09,110.18000030517578,111.73999786376953,109.94999694824219,111.73999786376953,3158064,BOVA11.SA
2023-10-10,112.0,113.36000061035156,111.98999786376953,113.12999725341797,3911645,BOVA11.SA
2023-10-11,113.30999755859375,113.55000305175781,112.66000366210938,113.5,2993640,BOVA11.SA
2023-10-13,113.1500015258789,113.44000244140625,112.05999755859375,112.05999755859375,3427278,BOVA11.SA
2023-10-16,113.0,113.3499984741211,112.4800033569336,112.94000244140625,2198976,BOVA11.SA
2023-10-17,112.18000030517578,113.3499984741211,112.01000213623047,112.33999633789062,4317978,BOVA11.SA
2023-10-18,111.66000366210938,111.80000305175781,110.37000274658203,110.37000274658203,5727380,BOVA11.SA
2023-10-19,110.45999908447266,111.62999725341797,110.45999908447266,110.5999984741211,6437818,BOVA11.SA
2023-10-20,110.30000305175781,110.62999725341797,109.08000183105469,109.5,7300512,BOVA11.SA
2023-10-23,109.0999984741211,110.25,108.7699966430664,109.3499984741211,4229233,BOVA11.SA
2023-10-24,110.30000305175781,110.75,109.33000183105469,110.23999786376953,3828070,BOVA11.SA
2023-10-25,110.5199966430664,110.62999725341797,109.19000244140625,109.3499984741211,3563784,BOVA11.SA
2023-10-26,109.62999725341797,111.68000030517578,109.56999969482422,111.4000015258789,4135331,BOVA11.SA
2023-10-27,111.54000091552734,111.81999969482422,109.41999816894531,109.8499984741211,4369546,BOVA11.SA
2023-10-30,110.30000305175781,110.7300033569336,108.80999755859375,108.95999908447266,4508257,BOVA11.SA
2023-10-31,109.19000244140625,110.1500015258789,108.68000030517578,109.62000274658203,3890099,BOVA11.SA
2023-11-01,110.13999938964844,111.95999908447266,110.13999938964844,111.55999755859375,5599450,BOVA11.SA
2023-11-03,113.69999694824219,114.9000015258789,113.44999694824219,114.75,7903223,BOVA11.SA
2023-11-06,115.0,115.11000061035156,114.41999816894531,114.80999755859375,5346525,BOVA11.SA
2023-11-07,114.41000366210938,115.97000122070312,114.37999725341797,115.66999816894531,4103021,BOVA11.SA
2023-11-08,115.76000213623047,116.33999633789062,114.83999633789062,115.5199966430664,4236596,BOVA11.SA
2023-11-09,115.98999786376953,116.63999938964844,114.79000091552734,115.18000030517578,9174459,BOVA11.SA
2023-11-10,115.91000366210938,117.19000244140625,115.91000366210938,117.01000213623047,5238376,BOVA11.SA
2023-11-13,116.5,116.87999725341797,116.19000244140625,116.81999969482422,3203596,BOVA11.SA
2023-11-14,117.18000030517578,120.0,117.18000030517578,119.61000061035156,8550012,BOVA11.SA
2023-11-16,119.61000061035156,120.95999908447266,119.48999786376953,120.95999908447266,7990919,BOVA11.SA
2023-11-17,121.19999694824219,121.5999984741211,120.72000122070312,121.0999984741211,7495173,BOVA11.SA
2023-11-20,121.44000244140625,122.37999725341797,121.1500015258789,122.25,7054666,BOVA11.SA
2023-11-21,121.66999816894531,122.11000061035156,121.18000030517578,121.76000213623047,6525509,BOVA11.SA
2023-11-22,122.27999877929688,123.05000305175781,121.69999694824219,122.1500015258789,5294068,BOVA11.SA
2023-11-23,122.12000274658203,122.95999908447266,121.94999694824219,122.87999725341797,4465500,BOVA11.SA
2023-11-24,122.13999938964844,122.4800033569336,121.62000274658203,121.66000366210938,5173049,BOVA11.SA
2023-11-27,122.02999877929688,122.12999725341797,121.12000274658203,121.94000244140625,4048001,BOVA11.SA
2023-11-28,121.88999938964844,123.0999984741211,121.58999633789062,122.72000122070312,3756033,BOVA11.SA
2023-11-29,123.19999694824219,123.4800033569336,122.16999816894531,122.2699966430664,4260445,BOVA11.SA
2023-11-30,122.83000183105469,123.5999984741211,122.37000274658203,123.56999969482422,4784759,BOVA11.SA
2023-12-01,123.41999816894531,124.37000274658203,122.8499984741211,124.23999786376953,4614746,BOVA11.SA
2023-12-04,123.5,123.95999908447266,122.83000183105469,122.95999908447266,3767844,BOVA11.SA
2023-12-05,122.93000030517578,123.68000030517578,122.66000366210938,123.01000213623047,2878675,BOVA11.SA
2023-12-06,123.58000183105469,123.7699966430664,121.72000122070312,121.72000122070312,2838764,BOVA11.SA
2023-12-07,122.19000244140625,122.80000305175781,121.79000091552734,122.29000091552734,2851292,BOVA11.SA
2023-12-08,122.54000091552734,123.5,121.80000305175781,123.30999755859375,4746015,BOVA11.SA
2023-12-11,122.9000015258789,123.3499984741211,122.66000366210938,123.11000061035156,3169394,BOVA11.SA
2023-12-12,123.20999908447266,123.58000183105469,122.22000122070312,122.5999984741211,3484382,BOVA11.SA
2023-12-13,122.68000030517578,125.97000122070312,122.5,125.70999908447266,6023541,BOVA11.SA
2023-12-14,127.0,127.30000305175781,126.5199966430664,126.87999725341797,8207858,BOVA11.SA
2023-12-15,127.19999694824219,127.77999877929688,126.0,126.27999877929688,5585629,BOVA11.SA
2023-12-18,126.8499984741211,127.54000091552734,126.62000274658203,127.2699966430664,3277656,BOVA11.SA
2023-12-19,127.55999755859375,128.10000610351562,127.30000305175781,128.0500030517578,3172241,BOVA11.SA
2023-12-20,127.91999816894531,128.4499969482422,126.77999877929688,126.81999969482422,3882111,BOVA11.SA
2023-12-21,127.69000244140625,128.39999389648438,127.58000183105469,128.35000610351562,4749171,BOVA11.SA
2023-12-22,128.50999450683594,129.1699981689453,128.2100067138672,128.94000244140625,2840232,BOVA11.SA
2023-12-26,129.02000427246094,129.74000549316406,129.02000427246094,129.64999389648438,6023859,BOVA11.SA
2023-12-27,129.5500030517578,130.32000732421875,129.4199981689453,130.22999572753906,4503280,BOVA11.SA
2023-12-28,129.86000061035156,130.52000427246094,129.86000061035156,130.38999938964844,3450804,BOVA11.SA
2024-01-02,129.8000030517578,129.88999938964844,128.2100067138672,128.75999450683594,4391818,BOVA11.SA
2024-01-03,128.74000549316406,129.6999969482422,128.36000061035156,128.99000549316406,6296453,BOVA11.SA
2024-01-04,128.86000061035156,128.86000061035156,127.16999816894531,127.3499984741211,6082509,BOVA11.SA
2024-01-05,127.08000183105469,128.75,126.70999908447266,128.25,3017418,BOVA11.SA
2024-01-08,127.4800033569336,128.6199951171875,127.1500015258789,128.57000732421875,4044932,BOVA11.SA
2024-01-09,127.81999969482422,127.98999786376953,127.33000183105469,127.58999633789062,4400464,BOVA11.SA
2024-01-10,127.4800033569336,127.77999877929688,126.63999938964844,126.94000244140625,5957200,BOVA11.SA
2024-01-11,127.0199966430664,127.44000244140625,126.06999969482422,126.80999755859375,6289868,BOVA11.SA
2024-01-12,126.80000305175781,128.07000732421875,126.5999984741211,127.2300033569336,4541810,BOVA11.SA
2024-01-15,126.61000061035156,127.81999969482422,126.43000030517578,127.81999969482422,3422719,BOVA11.SA
2024-01-16,126.9000015258789,127.04000091552734,125.36000061035156,125.48999786376953,8011377,BOVA11.SA
2024-01-17,125.1500015258789,125.48999786376953,124.5,124.52999877929688,7954584,BOVA11.SA
2024-01-18,125.05000305175781,125.1500015258789,123.55999755859375,123.55999755859375,6157111,BOVA11.SA
2024-01-19,123.88999938964844,124.08999633789062,122.80000305175781,123.83999633789062,11003730,BOVA11.SA
2024-01-22,123.80000305175781,124.12000274658203,122.16999816894531,122.69999694824219,5611826,BOVA11.SA
2024-01-23,123.41000366210938,124.55000305175781,123.25,124.55000305175781,7158074,BOVA11.SA
2024-01-24,125.19999694824219,125.66000366210938,123.91000366210938,123.97000122070312,4223685,BOVA11.SA
2024-01-25,124.0999984741211,124.94999694824219,124.06999969482422,124.45999908447266,3254694,BOVA11.SA
2024-01-26,124.51000213623047,125.44000244140625,124.05000305175781,125.08000183105469,3192701,BOVA11.SA
2024-01-29,124.81999969482422,125.29000091552734,124.08000183105469,124.75,3269013,BOVA11.SA
2024-01-30,124.3499984741211,124.51000213623047,123.33999633789062,123.56999969482422,7598132,BOVA11.SA
2024-01-31,123.66999816894531,125.80999755859375,123.66999816894531,123.94999694824219,8702170,BOVA11.SA
2024-02-01,124.13999938964844,124.61000061035156,123.5,124.55999755859375,5532976,BOVA11.SA
2024-02-02,124.79000091552734,125.1500015258789,122.9000015258789,123.58000183105469,8693427,BOVA11.SA
2024-02-05,123.56999969482422,124.05999755859375,122.68000030517578,123.86000061035156,3720488,BOVA11.SA
2024-02-06,124.30999755859375,126.87999725341797,124.30999755859375,126.87999725341797,4913304,BOVA11.SA
2024-02-07,126.3499984741211,126.44999694824219,125.61000061035156,126.16999816894531,5112993,BOVA11.SA
2024-02-08,126.04000091552734,126.2699966430664,124.16000366210938,124.51000213623047,4882585,BOVA11.SA
2024-02-09,124.56999969482422,125.19999694824219,123.81999969482422,124.12999725341797,7625708,BOVA11.SA
2024-02-14,123.9000015258789,123.9000015258789,122.93000030517578,123.2300033569336,6783904,BOVA11.SA
2024-02-15,123.58000183105469,124.05999755859375,123.16000366210938,124.05999755859375,3311439,BOVA11.SA
2024-02-16,124.56999969482422,125.27999877929688,123.8499984741211,124.87999725341797,9643814,BOVA11.SA
2024-02-19,124.5,125.22000122070312,124.29000091552734,125.13999938964844,4107359,BOVA11.SA
2024-02-20,124.58999633789062,126.19000244140625,124.58000183105469,126.19000244140625,6839063,BOVA11.SA
2024-02-21,126.1500015258789,126.19999694824219,125.5,126.18000030517578,4663969,BOVA11.SA
2024-02-22,126.66000366210938,126.97000122070312,126.11000061035156,126.30000305175781,6034254,BOVA11.SA
2024-02-23,126.5999984741211,126.79000091552734,125.29000091552734,125.61000061035156,4046434,BOVA11.SA
2024-02-26,125.30000305175781,126.19000244140625,125.29000091552734,125.7699966430664,3146684,BOVA11.SA
2024-02-27,126.63999938964844,127.83999633789062,126.63999938964844,127.83999633789062,4383517,BOVA11.SA
2024-02-28,127.18000030517578,127.5,125.91999816894531,126.26000213623047,4808666,BOVA11.SA
2024-02-29,125.70999908447266,126.12999725341797,124.91000366210938,125.25,8591622,BOVA11.SA
2024-03-01,125.25,125.91999816894531,124.94000244140625,125.23999786376953,3484857,BOVA11.SA
2024-03-04,125.2699966430664,125.5,124.4800033569336,124.5,5601510,BOVA11.SA
2024-03-05,124.72000122070312,125.2300033569336,124.06999969482422,124.4000015258789,3539742,BOVA11.SA
2024-03-06,124.9000015258789,125.54000091552734,124.69000244140625,125.1500015258789,3578884,BOVA11.SA
2024-03-07,125.30000305175781,125.37999725341797,124.30000305175781,124.66999816894531,3472675,BOVA11.SA
2024-03-08,122.51000213623047,123.83999633789062,122.1500015258789,123.26000213623047,8287551,BOVA11.SA
2024-03-11,122.5,123.31999969482422,122.31999969482422,122.31999969482422,4301093,BOVA11.SA
2024-03-12,123.26000213623047,124.30000305175781,122.9000015258789,123.80999755859375,3156281,BOVA11.SA
2024-03-13,123.80000305175781,124.79000091552734,123.63999938964844,124.37000274658203,5419376,BOVA11.SA
2024-03-14,124.41999816894531,124.54000091552734,123.43000030517578,123.81999969482422,4233788,BOVA11.SA
2024-03-15,123.94000244140625,124.2300033569336,122.7699966430664,122.87000274658203,6690411,BOVA11.SA
2024-03-18,123.37999725341797,123.83000183105469,122.5999984741211,123.05000305175781,2753627,BOVA11.SA
2024-03-19,123.55000305175781,124.2300033569336,123.4000015258789,123.7300033569336,7484705,BOVA11.SA
2024-03-20,123.83000183105469,125.44999694824219,123.58999633789062,125.44999694824219,6863547,BOVA11.SA
2024-03-21,125.54000091552734,125.63999938964844,124.37000274658203,124.37000274658203,3950590,BOVA11.SA
2024-03-22,124.0999984741211,124.2300033569336,123.18000030517578,123.20999908447266,3379827,BOVA11.SA
2024-03-25,123.29000091552734,123.5,123.02999877929688,123.19000244140625,3299498,BOVA11.SA
2024-03-26,123.0,123.51000213623047,122.9000015258789,123.23999786376953,3841275,BOVA11.SA
2024-03-27,123.0,124.06999969482422,122.5199966430664,124.05000305175781,3296437,BOVA11.SA
2024-03-28,123.81999969482422,124.66000366210938,123.56999969482422,124.33000183105469,3733310,BOVA11.SA
2024-04-01,124.68000030517578,124.93000030517578,123.08999633789062,123.29000091552734,3129542,BOVA11.SA
2024-04-02,123.2699966430664,123.91999816894531,122.95999908447266,123.73999786376953,4144172,BOVA11.SA
2024-04-03,123.63999938964844,123.98999786376953,122.5,123.54000091552734,4154131,BOVA11.SA
2024-04-04,124.4000015258789,125.86000061035156,123.43000030517578,123.68000030517578,7346367,BOVA11.SA
2024-04-05,123.69999694824219,123.73999786376953,122.69000244140625,122.9000015258789,4733645,BOVA11.SA
2024-04-08,123.5999984741211,125.43000030517578,123.4000015258789,125.12999725341797,3885696,BOVA11.SA
2024-04-09,125.70999908447266,126.20999908447266,125.43000030517578,126.20999908447266,7345517,BOVA11.SA
2024-04-10,125.5999984741211,125.5999984741211,124.0,124.1500015258789,7337316,BOVA11.SA
2024-04-11,124.0999984741211,124.23999786376953,123.33000183105469,123.72000122070312,5565522,BOVA11.SA
2024-04-12,123.61000061035156,123.94999694824219,121.94999694824219,122.12000274658203,7827786,BOVA11.SA
2024-04-15,122.2699966430664,122.58999633789062,121.3499984741211,121.55000305175781,5630895,BOVA11.SA
2024-04-16,120.80000305175781,121.54000091552734,120.1500015258789,120.8499984741211,4825202,BOVA11.SA
2024-04-17,121.5,121.68000030517578,120.0199966430664,120.54000091552734,8562974,BOVA11.SA
2024-04-18,120.87999725341797,121.5,119.80999755859375,120.4800033569336,7058394,BOVA11.SA
2024-04-19,120.51000213623047,121.86000061035156,120.51000213623047,121.5199966430664,6952199,BOVA11.SA
2024-04-22,121.72000122070312,122.36000061035156,120.95999908447266,121.80000305175781,5962998,BOVA11.SA
2024-04-23,121.13999938964844,122.19000244140625,120.6500015258789,121.41000366210938,3925593,BOVA11.SA
2024-04-24,121.80000305175781,121.80000305175781,120.9000015258789,120.97000122070312,3023353,BOVA11.SA
2024-04-25,120.5999984741211,121.12999725341797,120.05000305175781,120.91000366210938,2680171,BOVA11.SA
2024-04-26,121.69999694824219,123.12999725341797,121.69999694824219,122.83000183105469,5902605,BOVA11.SA
2024-04-29,122.94000244140625,123.7699966430664,122.83000183105469,123.7699966430664,3936000,BOVA11.SA
2024-04-30,123.20999908447266,123.27999877929688,122.16000366210938,122.37999725341797,4898110,BOVA11.SA
2024-05-02,123.87000274658203,124.0,122.88999938964844,123.3499984741211,4216364,BOVA11.SA
2024-05-03,124.7300033569336,125.12000274658203,124.55000305175781,124.81999969482422,7876633,BOVA11.SA
2024-05-06,124.72000122070312,125.44000244140625,124.5199966430664,124.70999908447266,2494676,BOVA11.SA
2024-05-07,125.47000122070312,125.97000122070312,125.30000305175781,125.4000015258789,4458951,BOVA11.SA
2024-05-08,124.58999633789062,125.80000305175781,124.30999755859375,125.75,2563466,BOVA11.SA
2024-05-09,124.22000122070312,124.73999786376953,123.6500015258789,124.5199966430664,5235426,BOVA11.SA
2024-05-10,124.62999725341797,125.26000213623047,123.79000091552734,124.01000213623047,5481906,BOVA11.SA
2024-05-13,124.26000213623047,124.9800033569336,124.0999984741211,124.55999755859375,5019698,BOVA11.SA
2024-05-14,124.22000122070312,125.25,124.19999694824219,124.80999755859375,4930941,BOVA11.SA
2024-05-15,123.66000366210938,124.62000274658203,123.33999633789062,124.2300033569336,8376018,BOVA11.SA
2024-05-16,125.36000061035156,125.38999938964844,124.16999816894531,124.55000305175781,5538316,BOVA11.SA
2024-05-17,124.27999877929688,124.76000213623047,123.98999786376953,124.37000274658203,5037651,BOVA11.SA
2024-05-20,124.19999694824219,124.98999786376953,123.73999786376953,124.12000274658203,3448725,BOVA11.SA
2024-05-21,124.37999725341797,124.44000244140625,123.51000213623047,123.69999694824219,2766833,BOVA11.SA
2024-05-22,123.13999938964844,123.16000366210938,121.91000366210938,122.06999969482422,3620178,BOVA11.SA
2024-05-23,122.0,122.05000305175781,120.80000305175781,121.0999984741211,5528040,BOVA11.SA
2024-05-24,121.2699966430664,121.63999938964844,120.62999725341797,120.63999938964844,3789370,BOVA11.SA
2024-05-27,120.87000274658203,120.94000244140625,120.44999694824219,120.87000274658203,2204985,BOVA11.SA
2024-05-28,121.81999969482422,121.81999969482422,119.94000244140625,120.18000030517578,5527640,BOVA11.SA
2024-05-29,119.41999816894531,119.55999755859375,118.91000366210938,119.12000274658203,6164411,BOVA11.SA
2024-05-31,119.06999969482422,119.27999877929688,118.36000061035156,118.66000366210938,3978396,BOVA11.SA
2024-06-03,118.6500015258789,118.94999694824219,117.91999816894531,118.44000244140625,4015018,BOVA11.SA
2024-06-04,118.04000091552734,118.37999725341797,117.37999725341797,118.16000366210938,4270901,BOVA11.SA
2024-06-05,118.12999725341797,118.63999938964844,117.69000244140625,117.9000015258789,3475377,BOVA11.SA
2024-06-06,118.0,119.69000244140625,117.80999755859375,119.4000015258789,4179139,BOVA11.SA
2024-06-07,118.29000091552734,118.69000244140625,117.08999633789062,117.12999725341797,6271674,BOVA11.SA
2024-06-10,117.11000061035156,117.9000015258789,116.94999694824219,117.3499984741211,5054211,BOVA11.SA
2024-06-11,117.5,118.22000122070312,117.37999725341797,118.0,5365316,BOVA11.SA
2024-06-12,118.87000274658203,118.87000274658203,116.01000213623047,116.45999908447266,13576008,BOVA11.SA
2024-06-13,116.5,116.79000091552734,115.7300033569336,116.18000030517578,6118398,BOVA11.SA
2024-06-14,116.12000274658203,116.80000305175781,115.37000274658203,116.22000122070312,5884307,BOVA11.SA
2024-06-17,115.9800033569336,116.23999786376953,115.2300033569336,115.73999786376953,3690929,BOVA11.SA
2024-06-18,115.73999786376953,116.66999816894531,115.4800033569336,116.12000274658203,4144535,BOVA11.SA
2024-06-19,116.0,116.97000122070312,115.56999969482422,116.76000213623047,7572350,BOVA11.SA
2024-06-20,117.79000091552734,118.13999938964844,116.68000030517578,117.12000274658203,10357458,BOVA11.SA
2024-06-21,116.58000183105469,118.12000274658203,116.58000183105469,118.0199966430664,8814447,BOVA11.SA
2024-06-24,118.30000305175781,119.3499984741211,118.29000091552734,119.08000183105469,4647760,BOVA11.SA
2024-06-25,118.91999816894531,119.36000061035156,118.51000213623047,118.9000015258789,3960912,BOVA11.SA
2024-06-26,118.38999938964844,119.30000305175781,117.94000244140625,119.13999938964844,4157092,BOVA11.SA
2024-06-27,119.79000091552734,120.80000305175781,119.4800033569336,120.80000305175781,3979875,BOVA11.SA
2024-06-28,120.6500015258789,120.91999816894531,119.77999877929688,120.37999725341797,6187617,BOVA11.SA
2024-07-01,120.54000091552734,121.7300033569336,120.16000366210938,121.08000183105469,4326923,BOVA11.SA
2024-07-02,121.0999984741211,121.9800033569336,120.7699966430664,121.33000183105469,5692791,BOVA11.SA
2024-07-03,122.41000366210938,123.02999877929688,122.13999938964844,122.13999938964844,7489909,BOVA11.SA
2024-07-04,123.08999633789062,123.08999633789062,122.48999786376953,122.62000274658203,7382593,BOVA11.SA
2024-07-05,122.5,123.13999938964844,121.9800033569336,122.69999694824219,5502079,BOVA11.SA
2024-07-08,122.66999816894531,123.0199966430664,122.05000305175781,122.94000244140625,3398204,BOVA11.SA
2024-07-09,122.83000183105469,123.7300033569336,122.37999725341797,123.54000091552734,3077215,BOVA11.SA
2024-07-10,123.75,124.19999694824219,123.33999633789062,123.5,5715165,BOVA11.SA
2024-07-11,124.33999633789062,124.69999694824219,124.16000366210938,124.56999969482422,8635165,BOVA11.SA
2024-07-12,124.62000274658203,125.4000015258789,124.4000015258789,125.19999694824219,4182843,BOVA11.SA
2024-07-15,125.5,125.87999725341797,125.12000274658203,125.72000122070312,4253086,BOVA11.SA
2024-07-16,125.6500015258789,125.91000366210938,125.12999725341797,125.37000274658203,6867841,BOVA11.SA
2024-07-17,125.37999725341797,125.98999786376953,125.0999984741211,125.81999969482422,7550262,BOVA11.SA
2024-07-18,125.5,125.62000274658203,123.97000122070312,124.0199966430664,10454538,BOVA11.SA
2024-07-19,124.12000274658203,124.86000061035156,123.86000061035156,124.0,5076064,BOVA11.SA
2024-07-22,124.11000061035156,124.58999633789062,123.87000274658203,124.26000213623047,3621855,BOVA11.SA
2024-07-23,123.73999786376953,123.8499984741211,122.94999694824219,122.94999694824219,4505869,BOVA11.SA
2024-07-24,122.87999725341797,123.27999877929688,122.69000244140625,122.86000061035156,3059223,BOVA11.SA
2024-07-25,122.62000274658203,122.7300033569336,122.08999633789062,122.41000366210938,3428805,BOVA11.SA
2024-07-26,122.80999755859375,124.1500015258789,122.51000213623047,123.9800033569336,11921108,BOVA11.SA
2024-07-29,123.91999816894531,124.08000183105469,123.04000091552734,123.45999908447266,4413160,BOVA11.SA
2024-07-30,122.86000061035156,123.08999633789062,122.44000244140625,122.70999908447266,2801637,BOVA11.SA
2024-07-31,123.44000244140625,124.26000213623047,123.30000305175781,124.04000091552734,3563965,BOVA11.SA
2024-08-01,124.5999984741211,125.26000213623047,123.55999755859375,123.73999786376953,4551782,BOVA11.SA
2024-08-02,124.0,124.45999908447266,122.19999694824219,122.37999725341797,6509549,BOVA11.SA
2024-08-05,119.87999725341797,121.80000305175781,119.52999877929688,121.7699966430664,6420296,BOVA11.SA
2024-08-06,122.18000030517578,123.48999786376953,117.94000244140625,122.73999786376953,4917941,BOVA11.SA
2024-08-07,123.73999786376953,124.08999633789062,123.18000030517578,124.04000091552734,2745747,BOVA11.SA
2024-08-08,124.22000122070312,125.30000305175781,124.11000061035156,125.30000305175781,4814699,BOVA11.SA
2024-08-09,125.62999725341797,127.12999725341797,125.45999908447266,127.12999725341797,7015976,BOVA11.SA
2024-08-12,127.66999816894531,128.13999938964844,127.5199966430664,127.6500015258789,10828667,BOVA11.SA
2024-08-13,128.19000244140625,128.83999633789062,128.13999938964844,128.77999877929688,7375272,BOVA11.SA
2024-08-14,129.0,130.10000610351562,128.82000732421875,129.67999267578125,8234779,BOVA11.SA
2024-08-15,129.88999938964844,130.92999267578125,129.82000732421875,130.49000549316406,11268900,BOVA11.SA
2024-08-16,130.97000122070312,131.1699981689453,130.17999267578125,130.2899932861328,7206161,BOVA11.SA
2024-08-19,130.9600067138672,132.5,130.82000732421875,131.97999572753906,5042625,BOVA11.SA
2024-08-20,132.30999755859375,132.6300048828125,131.6199951171875,132.44000244140625,5602747,BOVA11.SA
2024-08-21,132.6999969482422,133.27999877929688,132.42999267578125,132.74000549316406,4806450,BOVA11.SA
2024-08-22,132.33999633789062,132.6199951171875,131.16000366210938,131.57000732421875,7342220,BOVA11.SA
2024-08-23,132.00999450683594,132.83999633789062,131.74000549316406,131.97999572753906,5715470,BOVA11.SA
2024-08-26,132.4499969482422,133.3300018310547,132.22999572753906,133.2100067138672,2660851,BOVA11.SA
2024-08-27,133.2100067138672,133.5,132.92999267578125,133.00999450683594,3956169,BOVA11.SA
2024-08-28,132.36000061035156,133.77999877929688,132.08999633789062,133.6199951171875,5858532,BOVA11.SA
2024-08-29,133.2899932861328,133.3300018310547,132.14999389648438,132.1699981689453,7778259,BOVA11.SA
2024-08-30,131.2100067138672,132.60000610351562,131.2100067138672,132.60000610351562,3901293,BOVA11.SA
2024-09-02,131.97000122070312,131.97000122070312,130.91000366210938,131.10000610351562,2755263,BOVA11.SA
2024-09-03,131.27999877929688,131.41000366210938,130.52000427246094,130.6300048828125,3025277,BOVA11.SA
2024-09-04,131.24000549316406,133.1999969482422,131.24000549316406,132.3800048828125,3684298,BOVA11.SA
2024-09-05,132.25,133.0,132.11000061035156,132.88999938964844,3752037,BOVA11.SA
2024-09-06,132.66000366210938,132.9600067138672,130.85000610351562,130.9600067138672,4585206,BOVA11.SA
2024-09-09,131.0,131.61000061035156,130.97000122070312,131.0399932861328,4061555,BOVA11.SA
2024-09-10,130.61000061035156,130.89999389648438,130.16000366210938,130.6300048828125,3443489,BOVA11.SA
2024-09-11,131.2899932861328,131.44000244140625,130.1999969482422,131.2100067138672,3921936,BOVA11.SA
2024-09-12,130.47999572753906,130.83999633789062,130.0,130.30999755859375,4069346,BOVA11.SA
2024-09-13,131.16000366210938,132.22999572753906,131.0399932861328,131.2100067138672,4452461,BOVA11.SA
2024-09-16,131.69000244140625,132.07000732421875,131.27000427246094,131.3800048828125,3387279,BOVA11.SA
2024-09-17,131.10000610351562,131.3300018310547,130.5500030517578,131.3300018310547,4456626,BOVA11.SA
2024-09-18,130.41000366210938,131.60000610351562,130.0500030517578,130.0500030517578,6890803,BOVA11.SA
2024-09-19,131.10000610351562,131.19000244140625,129.3699951171875,129.3699951171875,8741014,BOVA11.SA
2024-09-20,129.27999877929688,129.58999633789062,127.3499984741211,127.62999725341797,10375852,BOVA11.SA
2024-09-23,127.23999786376953,127.44999694824219,126.61000061035156,127.0,9309068,BOVA11.SA
2024-09-24,128.74000549316406,129.5,128.07000732421875,128.67999267578125,5572576,BOVA11.SA
2024-09-25,129.0800018310547,129.41000366210938,127.91999816894531,127.91999816894531,4212234,BOVA11.SA
2024-09-26,129.02999877929688,129.72000122070312,128.49000549316406,129.3300018310547,5400992,BOVA11.SA
2024-09-27,129.3699951171875,130.3300018310547,129.0399932861328,129.0399932861328,5342563,BOVA11.SA
2024-09-30,129.83999633789062,129.83999633789062,128.3699951171875,128.42999267578125,4930837,BOVA11.SA
2024-10-01,128.89999389648438,129.85000610351562,128.4499969482422,128.86000061035156,7392815,BOVA11.SA
2024-10-02,130.77000427246094,131.3300018310547,129.75999450683594,129.85000610351562,7089535,BOVA11.SA
2024-10-03,128.72000122070312,128.72999572753906,127.62999725341797,128.02999877929688,9369114,BOVA11.SA
2024-10-04,127.88999938964844,128.4199981689453,127.5999984741211,128.1999969482422,3945985,BOVA11.SA
2024-10-07,129.22000122070312,129.42999267578125,128.14999389648438,128.4499969482422,8216928,BOVA11.SA
2024-10-08,127.29000091552734,128.1699981689453,127.11000061035156,127.93000030517578,4923671,BOVA11.SA
2024-10-09,127.05000305175781,127.12000274658203,126.20999908447266,126.3499984741211,10400515,BOVA11.SA
2024-10-10,126.75,126.95999908447266,126.33000183105469,126.80000305175781,3080884,BOVA11.SA
2024-10-11,126.47000122070312,126.66000366210938,125.86000061035156,126.47000122070312,3634934,BOVA11.SA
2024-10-14,126.5,127.69999694824219,126.19999694824219,127.5,4101139,BOVA11.SA
2024-10-15,127.5,127.80000305175781,126.75,127.4000015258789,8244363,BOVA11.SA
2024-10-16,127.7300033569336,128.64999389648438,127.2699966430664,128.07000732421875,5046260,BOVA11.SA
2024-10-17,126.5999984741211,127.43000030517578,126.4000015258789,127.30999755859375,4162953,BOVA11.SA
2024-10-18,128.1199951171875,128.22999572753906,126.66000366210938,127.0,6988117,BOVA11.SA
2024-10-21,127.36000061035156,127.62000274658203,126.66000366210938,126.75,3711321,BOVA11.SA
2024-10-22,126.0,126.69999694824219,125.62999725341797,126.5,4744929,BOVA11.SA
2024-10-23,125.83000183105469,125.98999786376953,125.16999816894531,125.80999755859375,4258243,BOVA11.SA
2024-10-24,125.58000183105469,126.7300033569336,125.4000015258789,126.5999984741211,6300104,BOVA11.SA
2024-10-25,127.0,127.05000305175781,126.29000091552734,126.3499984741211,4081060,BOVA11.SA
2024-10-28,127.0999984741211,127.93000030517578,127.02999877929688,127.83999633789062,3418291,BOVA11.SA
2024-10-29,128.0,128.22999572753906,127.16999816894531,127.25,3100162,BOVA11.SA
2024-10-30,127.25,127.55000305175781,126.95999908447266,127.2300033569336,3682918,BOVA11.SA
2024-10-31,127.0,127.22000122070312,126.1500015258789,126.26000213623047,4435733,BOVA11.SA
2024-11-01,126.30999755859375,126.44000244140625,124.58000183105469,124.5999984741211,5589793,BOVA11.SA
2024-11-04,125.80999755859375,127.18000030517578,125.76000213623047,127.1500015258789,4552805,BOVA11.SA
2024-11-05,126.83999633789062,127.33999633789062,126.23999786376953,127.1500015258789,2657011,BOVA11.SA
2024-11-06,125.58000183105469,127.19000244140625,125.3499984741211,126.30000305175781,5676064,BOVA11.SA
2024-11-07,126.44999694824219,127.83000183105469,125.88999938964844,126.05999755859375,5513780,BOVA11.SA
2024-11-08,124.80999755859375,124.87999725341797,123.58000183105469,124.5,13722670,BOVA11.SA
2024-11-11,124.05000305175781,124.69000244140625,123.87999725341797,124.3499984741211,6195424,BOVA11.SA
2024-11-12,124.5999984741211,124.80000305175781,123.9800033569336,124.19999694824219,4149523,BOVA11.SA
2024-11-13,124.3499984741211,124.6500015258789,123.5,124.33000183105469,4630754,BOVA11.SA
2024-11-14,124.20999908447266,125.05000305175781,124.01000213623047,124.2699966430664,3889073,BOVA11.SA
2024-11-18,124.08999633789062,124.9000015258789,123.81999969482422,124.41000366210938,4611947,BOVA11.SA
2024-11-19,124.19999694824219,125.19999694824219,123.8499984741211,124.87999725341797,5651357,BOVA11.SA
2024-11-21,124.05000305175781,124.1500015258789,123.23999786376953,123.5999984741211,4861613,BOVA11.SA
2024-11-22,124.55999755859375,126.0199966430664,123.93000030517578,126.0199966430664,7262965,BOVA11.SA
2024-11-25,125.9000015258789,126.08000183105469,125.5,125.66999816894531,3918747,BOVA11.SA
2024-11-26,126.0,126.91000366210938,125.69999694824219,126.6500015258789,3205126,BOVA11.SA
2024-11-27,126.69999694824219,126.83999633789062,123.5199966430664,124.0999984741211,8802278,BOVA11.SA
2024-11-28,123.93000030517578,123.97000122070312,121.12000274658203,121.30000305175781,10752320,BOVA11.SA
2024-11-29,121.5,122.80999755859375,120.66000366210938,122.31999969482422,9089798,BOVA11.SA
2024-12-02,121.77999877929688,122.62999725341797,121.43000030517578,121.87999725341797,6273105,BOVA11.SA
2024-12-03,122.23999786376953,123.0999984741211,122.22000122070312,122.68000030517578,4769047,BOVA11.SA
2024-12-04,122.72000122070312,123.41999816894531,122.5199966430664,122.75,4701990,BOVA11.SA
2024-12-05,123.55000305175781,124.68000030517578,123.55000305175781,124.51000213623047,9165643,BOVA11.SA
2024-12-06,124.36000061035156,124.36000061035156,122.45999908447266,122.45999908447266,6531287,BOVA11.SA
2024-12-09,123.30000305175781,124.18000030517578,123.30000305175781,123.76000213623047,4413229,BOVA11.SA
2024-12-10,124.54000091552734,125.1500015258789,124.3499984741211,124.77999877929688,3560377,BOVA11.SA
2024-12-11,125.08999633789062,127.36000061035156,124.04000091552734,126.61000061035156,5884278,BOVA11.SA
2024-12-12,125.05000305175781,125.05000305175781,122.5999984741211,122.72000122070312,5715906,BOVA11.SA
2024-12-13,122.80999755859375,122.94000244140625,121.31999969482422,121.62999725341797,7518342,BOVA11.SA
2024-12-16,121.69999694824219,121.83999633789062,120.22000122070312,120.22000122070312,8866424,BOVA11.SA
2024-12-17,120.77999877929688,122.19999694824219,120.4800033569336,121.5999984741211,12280783,BOVA11.SA
2024-12-18,120.94999694824219,120.94999694824219,117.3499984741211,118.0999984741211,7704020,BOVA11.SA
2024-12-19,118.30000305175781,118.7699966430664,117.83000183105469,117.9800033569336,6515286,BOVA11.SA
2024-12-20,118.0,119.08999633789062,117.66000366210938,119.05000305175781,6972532,BOVA11.SA
2024-12-23,118.5999984741211,118.5999984741211,117.52999877929688,117.69999694824219,6218302,BOVA11.SA
2024-12-26,117.9000015258789,118.56999969482422,117.38999938964844,117.95999908447266,3231104,BOVA11.SA
2024-12-27,118.30000305175781,118.47000122070312,117.0199966430664,117.26000213623047,6917466,BOVA11.SA
2024-12-30,117.43000030517578,118.0,117.08000183105469,117.2699966430664,6590812,BOVA11.SA
2025-01-02,117.19999694824219,117.70999908447266,116.11000061035156,117.0999984741211,6517660,BOVA11.SA
2025-01-03,117.0,117.30999755859375,115.3499984741211,115.44999694824219,4414043,BOVA11.SA
2025-01-06,116.66999816894531,117.2699966430664,116.41999816894531,117.06999969482422,4168578,BOVA11.SA
2025-01-07,117.75,118.63999938964844,117.69999694824219,118.1500015258789,7383945,BOVA11.SA
2025-01-08,117.7300033569336,117.73999786376953,116.31999969482422,116.66999816894531,3495340,BOVA11.SA
2025-01-09,116.69000244140625,117.13999938964844,116.51000213623047,116.81999969482422,5919452,BOVA11.SA
2025-01-10,116.9800033569336,116.9800033569336,115.7699966430664,115.95999908447266,3592912,BOVA11.SA
2025-01-13,116.0199966430664,116.75,115.76000213623047,116.0199966430664,3718257,BOVA11.SA
2025-01-14,116.0199966430664,116.51000213623047,115.26000213623047,116.45999908447266,3582816,BOVA11.SA
2025-01-15,117.38999938964844,119.91999816894531,117.12000274658203,119.56999969482422,8644592,BOVA11.SA
2025-01-16,119.33000183105469,119.33000183105469,117.73999786376953,118.33000183105469,7647777,BOVA11.SA
2025-01-17,118.36000061035156,119.5999984741211,118.0,119.25,6997811,BOVA11.SA
2025-01-20,118.93000030517578,120.16999816894531,118.44000244140625,119.80999755859375,4679447,BOVA11.SA
2025-01-21,119.36000061035156,120.45999908447266,119.23999786376953,120.30000305175781,5793213,BOVA11.SA
2025-01-22,120.54000091552734,120.8499984741211,119.80000305175781,119.91999816894531,4576819,BOVA11.SA
2025-01-23,120.27999877929688,120.91000366210938,119.12000274658203,119.48999786376953,4066569,BOVA11.SA
2025-01-24,119.43000030517578,119.87000274658203,119.16000366210938,119.44999694824219,5044118,BOVA11.SA
2025-01-27,119.16999816894531,121.87000274658203,119.16999816894531,121.87000274658203,7409840,BOVA11.SA
2025-01-28,121.5,121.80000305175781,120.87000274658203,121.02999877929688,2958806,BOVA11.SA
2025-01-29,121.5,121.73999786376953,120.16999816894531,120.16999816894531,4311326,BOVA11.SA
2025-01-30,121.1500015258789,124.05999755859375,121.1500015258789,123.94999694824219,16488642,BOVA11.SA
2025-01-31,123.95999908447266,124.4000015258789,122.93000030517578,123.0,8503720,BOVA11.SA
2025-02-03,122.88999938964844,123.37999725341797,122.4800033569336,122.63999938964844,3562259,BOVA11.SA
2025-02-04,122.43000030517578,122.76000213623047,121.58000183105469,121.91000366210938,2660619,BOVA11.SA
2025-02-05,122.22000122070312,122.7699966430664,121.54000091552734,122.37000274658203,4473279,BOVA11.SA
2025-02-06,122.25,123.94999694824219,122.16000366210938,123.16000366210938,6981434,BOVA11.SA
2025-02-07,123.05999755859375,123.47000122070312,121.16999816894531,121.4800033569336,6120942,BOVA11.SA
2025-02-10,123.83999633789062,123.83999633789062,122.25,122.55000305175781,6481627,BOVA11.SA
2025-02-11,122.69000244140625,123.79000091552734,122.56999969482422,123.44999694824219,7147384,BOVA11.SA
2025-02-12,122.0999984741211,122.5999984741211,121.0199966430664,121.25,4593602,BOVA11.SA
2025-02-13,121.1500015258789,121.75,120.68000030517578,121.68000030517578,3154628,BOVA11.SA
2025-02-14,122.6500015258789,125.33000183105469,122.58000183105469,124.87000274658203,11048997,BOVA11.SA
2025-02-17,125.27999877929688,126.37000274658203,125.25,125.25,5792507,BOVA11.SA
2025-02-18,125.41999816894531,126.12999725341797,124.9000015258789,125.30000305175781,3443654,BOVA11.SA
2025-02-19,124.30999755859375,124.83999633789062,123.88999938964844,124.01000213623047,3616668,BOVA11.SA
2025-02-20,124.18000030517578,124.76000213623047,123.9000015258789,124.47000122070312,5140519,BOVA11.SA
2025-02-21,124.19999694824219,124.4800033569336,123.33000183105469,123.94000244140625,4231262,BOVA11.SA
2025-02-24,124.19999694824219,124.27999877929688,122.08999633789062,122.48999786376953,4477314,BOVA11.SA
2025-02-25,122.80000305175781,123.66999816894531,122.5199966430664,122.83000183105469,3433189,BOVA11.SA
2025-02-26,123.54000091552734,123.58000183105469,121.68000030517578,121.81999969482422,3745713,BOVA11.SA
2025-02-27,121.5199966430664,122.7300033569336,121.30000305175781,121.75,3274651,BOVA11.SA
2025-02-28,121.75,121.87000274658203,119.62000274658203,120.01000213623047,5463003,BOVA11.SA
2025-03-05,120.01000213623047,120.5,119.79000091552734,120.05000305175781,1982232,BOVA11.SA
2025-03-06,120.12999725341797,121.11000061035156,119.66999816894531,120.4000015258789,5149963,BOVA11.SA
2025-03-07,119.62999725341797,122.7699966430664,119.30000305175781,121.94999694824219,4519840,BOVA11.SA
2025-03-10,121.02999877929688,121.7699966430664,120.4000015258789,121.30000305175781,4547893,BOVA11.SA
2025-03-11,121.30000305175781,121.41000366210938,119.5999984741211,120.55000305175781,3428352,BOVA11.SA
2025-03-12,120.88999938964844,120.9800033569336,120.0199966430664,120.73999786376953,4720349,BOVA11.SA
2025-03-13,120.73999786376953,122.73999786376953,120.51000213623047,122.51000213623047,5549188,BOVA11.SA
2025-03-14,123.37000274658203,126.08000183105469,123.27999877929688,125.75,7213452,BOVA11.SA
2025-03-17,126.0,128.1999969482422,125.83999633789062,127.76000213623047,4073001,BOVA11.SA
2025-03-18,127.9000015258789,128.6999969482422,127.55000305175781,128.25999450683594,4801922,BOVA11.SA
2025-03-19,128.5,129.86000061035156,128.38999938964844,129.60000610351562,7899333,BOVA11.SA
2025-03-20,129.0500030517578,129.60000610351562,128.60000610351562,128.85000610351562,6757298,BOVA11.SA
2025-03-21,128.88999938964844,129.44000244140625,128.5800018310547,128.97999572753906,5257169,BOVA11.SA
2025-03-24,128.6300048828125,129.19000244140625,127.80000305175781,128.19000244140625,6358388,BOVA11.SA
2025-03-25,128.39999389648438,130.22999572753906,128.22999572753906,129.0399932861328,6685920,BOVA11.SA
2025-03-26,129.33999633789062,129.72999572753906,128.9600067138672,129.24000549316406,8570253,BOVA11.SA
2025-03-27,129.39999389648438,130.58999633789062,129.25999450683594,129.77999877929688,6392746,BOVA11.SA
2025-03-28,129.38999938964844,129.80999755859375,128.14999389648438,128.69000244140625,5515634,BOVA11.SA
2025-03-31,127.93000030517578,128.0,127.01000213623047,127.30000305175781,6663067,BOVA11.SA
2025-04-01,127.1500015258789,128.86000061035156,126.94000244140625,128.0399932861328,4683553,BOVA11.SA
2025-04-02,128.0,128.89999389648438,127.23999786376953,128.89999389648438,4936701,BOVA11.SA
2025-04-03,127.25,129.44000244140625,127.18000030517578,128.10000610351562,5193549,BOVA11.SA
2025-04-04,125.41000366210938,126.76000213623047,123.47000122070312,124.05000305175781,17446784,BOVA11.SA
2025-04-07,122.80999755859375,125.55000305175781,120.91999816894531,122.7300033569336,5994293,BOVA11.SA
2025-04-08,123.52999877929688,124.68000030517578,120.48999786376953,121.04000091552734,6341511,BOVA11.SA
2025-04-09,120.4000015258789,125.77999877929688,120.05999755859375,124.55000305175781,9471066,BOVA11.SA
2025-04-10,124.26000213623047,124.58999633789062,121.93000030517578,123.41000366210938,4592067,BOVA11.SA
2025-04-11,123.98999786376953,125.37999725341797,123.05000305175781,124.72000122070312,5170974,BOVA11.SA
2025-04-14,126.22000122070312,126.94000244140625,125.3499984741211,126.41000366210938,4241669,BOVA11.SA
2025-04-15,126.12000274658203,126.91999816894531,125.97000122070312,126.19999694824219,5049103,BOVA11.SA
2025-04-16,125.93000030517578,126.41999816894531,124.93000030517578,125.27999877929688,9516436,BOVA11.SA
2025-04-17,125.12999725341797,127.05999755859375,124.91000366210938,126.52999877929688,10332642,BOVA11.SA
2025-04-22,126.25,127.83000183105469,125.5999984741211,127.33000183105469,5150618,BOVA11.SA
2025-04-23,128.7100067138672,130.16000366210938,128.7100067138672,129.0800018310547,7829728,BOVA11.SA
2025-04-24,129.60000610351562,131.6999969482422,128.66000366210938,131.3800048828125,10175544,BOVA11.SA
2025-04-25,131.22999572753906,131.82000732421875,130.9499969482422,131.49000549316406,9907461,BOVA11.SA
2025-04-28,131.58999633789062,132.4600067138672,131.4499969482422,131.64999389648438,6756509,BOVA11.SA
2025-04-29,131.94000244140625,132.9199981689453,131.69000244140625,131.86000061035156,11331366,BOVA11.SA
2025-04-30,131.1999969482422,132.05999755859375,130.72999572753906,131.6300048828125,9180293,BOVA11.SA
2025-05-02,131.6199951171875,132.1199951171875,131.1699981689453,131.85000610351562,5741260,BOVA11.SA
2025-05-05,131.7899932861328,132.10000610351562,130.27999877929688,130.33999633789062,3325658,BOVA11.SA
2025-05-06,130.8699951171875,131.02999877929688,130.13999938964844,130.3800048828125,4659894,BOVA11.SA
2025-05-07,130.94000244140625,130.99000549316406,129.72000122070312,130.2100067138672,3107370,BOVA11.SA
2025-05-08,132.6300048828125,134.47000122070312,132.50999450683594,133.0399932861328,5772982,BOVA11.SA
2025-05-09,133.5500030517578,134.02999877929688,132.9499969482422,133.24000549316406,7205629,BOVA11.SA
2025-05-12,134.27999877929688,134.35000610351562,133.13999938964844,133.38999938964844,5031648,BOVA11.SA
2025-05-13,133.89999389648438,136.27999877929688,133.77000427246094,135.61000061035156,10001857,BOVA11.SA
2025-05-14,135.57000732421875,135.99000549316406,134.99000549316406,135.19000244140625,10297464,BOVA11.SA
2025-05-15,135.14999389648438,136.44000244140625,135.1300048828125,136.07000732421875,6874103,BOVA11.SA
2025-05-16,134.97999572753906,136.11000061035156,134.4499969482422,136.11000061035156,10660550,BOVA11.SA
2025-05-19,135.6999969482422,136.97999572753906,135.3800048828125,136.4199981689453,4123908,BOVA11.SA
2025-05-20,136.5399932861328,137.0500030517578,135.75,136.83999633789062,3465298,BOVA11.SA
2025-05-21,136.38999938964844,136.4199981689453,134.33999633789062,134.58999633789062,3912091,BOVA11.SA
2025-05-22,134.82000732421875,135.67999267578125,133.83999633789062,134.0500030517578,6065741,BOVA11.SA
2025-05-23,132.25999450683594,134.6300048828125,131.8000030517578,134.47000122070312,5062985,BOVA11.SA
2025-05-26,134.55999755859375,135.72000122070312,134.52000427246094,135.00999450683594,3834088,BOVA11.SA
2025-05-27,136.64999389648438,137.19000244140625,136.14999389648438,136.4600067138672,5172279,BOVA11.SA
2025-05-28,135.97999572753906,136.10000610351562,135.39999389648438,135.7100067138672,3717190,BOVA11.SA
2025-05-29,135.6999969482422,135.92999267578125,134.77000427246094,135.36000061035156,4519155,BOVA11.SA
2025-05-30,135.22999572753906,135.42999267578125,133.50999450683594,133.99000549316406,5037477,BOVA11.SA
2025-06-02,135.02999877929688,135.60000610351562,133.3300018310547,133.60000610351562,3143725,BOVA11.SA
2025-06-03,133.50999450683594,134.57000732421875,133.0500030517578,134.39999389648438,4421313,BOVA11.SA
2025-06-04,135.00999450683594,135.63999938964844,133.6300048828125,133.80999755859375,4990188,BOVA11.SA
2025-06-05,134.11000061035156,134.39999389648438,132.91000366210938,133.25,4926223,BOVA11.SA
2025-06-06,133.47000122070312,133.86000061035156,132.49000549316406,133.05999755859375,8299346,BOVA11.SA
2025-06-09,132.61000061035156,132.94000244140625,131.07000732421875,132.72999572753906,5320983,BOVA11.SA
2025-06-10,133.67999267578125,134.32000732421875,133.0,133.35000610351562,5714411,BOVA11.SA
2025-06-11,133.0,134.42999267578125,132.50999450683594,133.97000122070312,4996750,BOVA11.SA
2025-06-12,133.13999938964844,134.85000610351562,133.02999877929688,134.66000366210938,3017576,BOVA11.SA
2025-06-13,134.0,134.60000610351562,133.39999389648438,133.99000549316406,6901899,BOVA11.SA
2025-06-16,135.1699981689453,136.8699951171875,135.14999389648438,136.07000732421875,7774867,BOVA11.SA
2025-06-17,136.0399932861328,136.41000366210938,135.1699981689453,135.52000427246094,5284805,BOVA11.SA
2025-06-18,135.58999633789062,136.0800018310547,135.3000030517578,135.4199981689453,8894582,BOVA11.SA
2025-06-20,134.61000061035156,135.0,133.74000549316406,133.89999389648438,5885813,BOVA11.SA
2025-06-23,134.02999877929688,134.11000061035156,132.8000030517578,133.47000122070312,7548143,BOVA11.SA
2025-06-24,133.5399932861328,135.05999755859375,133.13999938964844,134.07000732421875,7467005,BOVA11.SA
2025-06-25,133.24000549316406,133.52999877929688,132.52000427246094,132.5500030517578,6663014,BOVA11.SA
2025-06-26,133.3699951171875,134.2899932861328,132.94000244140625,133.9600067138672,7773826,BOVA11.SA
2025-06-27,133.42999267578125,134.19000244140625,133.3699951171875,133.7899932861328,3731569,BOVA11.SA
2025-06-30,133.55999755859375,136.0399932861328,133.41000366210938,135.85000610351562,4715665,BOVA11.SA
2025-07-01,135.97999572753906,136.6699981689453,135.77999877929688,136.52000427246094,2903180,BOVA11.SA
2025-07-02,136.58999633789062,136.8000030517578,135.25,135.91000366210938,3619807,BOVA11.SA
2025-07-03,136.4499969482422,138.14999389648438,136.08999633789062,137.9199981689453,3879378,BOVA11.SA
2025-07-04,137.38999938964844,138.4499969482422,137.38999938964844,138.1300048828125,5528911,BOVA11.SA
2025-07-07,138.0500030517578,138.08999633789062,136.1699981689453,136.4499969482422,3691359,BOVA11.SA
2025-07-08,136.33999633789062,136.39999389648438,135.66000366210938,136.14999389648438,2574588,BOVA11.SA
2025-07-09,135.94000244140625,135.94000244140625,134.11000061035156,134.11000061035156,8538960,BOVA11.SA
2025-07-10,133.0,134.02999877929688,132.92999267578125,133.61000061035156,5335029,BOVA11.SA
2025-07-11,133.5,133.5,132.52999877929688,133.5,4964400,BOVA11.SA
2025-07-14,132.8800048828125,132.88999938964844,131.85000610351562,132.08999633789062,4839858,BOVA11.SA
2025-07-15,132.77999877929688,132.97000122070312,131.35000610351562,132.3699951171875,5716437,BOVA11.SA
2025-07-16,132.22000122070312,132.64999389648438,131.27999877929688,132.39999389648438,6592146,BOVA11.SA
2025-07-17,132.6699981689453,132.77999877929688,132.00999450683594,132.47000122070312,3403032,BOVA11.SA
2025-07-18,131.27999877929688,132.19000244140625,130.3000030517578,130.3000030517578,6597946,BOVA11.SA
2025-07-21,130.64999389648438,131.88999938964844,130.64999389648438,131.1999969482422,4533839,BOVA11.SA
2025-07-22,131.75999450683594,132.27999877929688,129.99000549316406,131.14999389648438,4538075,BOVA11.SA
2025-07-23,130.89999389648438,132.75999450683594,130.64999389648438,132.38999938964844,3129788,BOVA11.SA
2025-07-24,131.57000732421875,131.57000732421875,130.69000244140625,130.77999877929688,3916773,BOVA11.SA
2025-07-25,130.99000549316406,131.1999969482422,130.3000030517578,130.4499969482422,3619992,BOVA11.SA
2025-07-28,130.5,130.72000122070312,128.6999969482422,129.25,3943153,BOVA11.SA
2025-07-29,129.25,130.42999267578125,129.1999969482422,129.5,4698897,BOVA11.SA
2025-07-30,129.02000427246094,132.1999969482422,128.9600067138672,130.92999267578125,6126767,BOVA11.SA
2025-07-31,129.3699951171875,130.52999877929688,129.0800018310547,129.8800048828125,4106736,BOVA11.SA
2025-08-01,131.61000061035156,131.8699951171875,129.1999969482422,129.57000732421875,3674664,BOVA11.SA
2025-08-04,130.74000549316406,131.0,129.5399932861328,130.0,2924525,BOVA11.SA
2025-08-05,129.9600067138672,131.27999877929688,129.77999877929688,130.16000366210938,2816372,BOVA11.SA
2025-08-06,131.02000427246094,132.24000549316406,131.02000427246094,131.49000549316406,4891658,BOVA11.SA
2025-08-07,132.11000061035156,133.9499969482422,132.11000061035156,133.52000427246094,8358557,BOVA11.SA
2025-08-08,133.36000061035156,133.60000610351562,132.5800018310547,132.91000366210938,4351216,BOVA11.SA
2025-08-11,132.52999877929688,133.2899932861328,132.4499969482422,132.5,3229323,BOVA11.SA
2025-08-12,134.16000366210938,135.36000061035156,134.16000366210938,135.10000610351562,8271166,BOVA11.SA
2025-08-13,134.32000732421875,134.64999389648438,133.6199951171875,133.66000366210938,5346125,BOVA11.SA
2025-08-14,132.92999267578125,134.52999877929688,132.69000244140625,133.36000061035156,4263444,BOVA11.SA
2025-08-15,133.22000122070312,133.57000732421875,132.69000244140625,133.55999755859375,10216210,BOVA11.SA
2025-08-18,133.7899932861328,134.94000244140625,133.6199951171875,134.3300018310547,4133988,BOVA11.SA
2025-08-19,132.8300018310547,132.88999938964844,131.1699981689453,131.1699981689453,7544379,BOVA11.SA
2025-08-20,131.39999389648438,132.1300048828125,131.22000122070312,131.8000030517578,1983546,BOVA11.SA
2025-08-21,131.05999755859375,132.10000610351562,131.0,131.6300048828125,2072659,BOVA11.SA
2025-08-22,132.1699981689453,135.27000427246094,132.14999389648438,135.14999389648438,7227115,BOVA11.SA
2025-08-25,135.74000549316406,136.0,135.11000061035156,135.11000061035156,3739175,BOVA11.SA
2025-08-26,135.0500030517578,135.2100067138672,134.1699981689453,134.94000244140625,3641902,BOVA11.SA
2025-08-27,134.92999267578125,136.35000610351562,134.52000427246094,136.1999969482422,4390981,BOVA11.SA
2025-08-28,137.08999633789062,139.1999969482422,137.08999633789062,138.30999755859375,9155113,BOVA11.SA
2025-08-29,138.0,139.3800048828125,138.0,138.5,7865623,BOVA11.SA
2025-09-01,138.6999969482422,139.0,137.8300018310547,138.2899932861328,3683348,BOVA11.SA
2025-09-02,136.8800048828125,138.14999389648438,136.61000061035156,137.3699951171875,5174520,BOVA11.SA
2025-09-03,137.27000427246094,137.5800018310547,136.64999389648438,136.8699951171875,2481577,BOVA11.SA
2025-09-04,137.0,138.44000244140625,136.83999633789062,138.00999450683594,3507092,BOVA11.SA
2025-09-05,139.16000366210938,140.39999389648438,138.8699951171875,139.64999389648438,6904393,BOVA11.SA
2025-09-08,139.86000061035156,139.86000061035156,138.36000061035156,138.8000030517578,2536075,BOVA11.SA
2025-09-09,139.0500030517578,139.25999450683594,138.60000610351562,138.60000610351562,6058267,BOVA11.SA
2025-09-10,138.6999969482422,140.1300048828125,138.5500030517578,139.16000366210938,2656062,BOVA11.SA
2025-09-11,139.61000061035156,140.91000366210938,139.4199981689453,139.9600067138672,4508267,BOVA11.SA
2025-09-12,139.2100067138672,140.22999572753906,139.2100067138672,139.2100067138672,4222527,BOVA11.SA
2025-09-15,139.6999969482422,141.16000366210938,139.60000610351562,140.4499969482422,3362145,BOVA11.SA
2025-09-16,141.0399932861328,141.6300048828125,140.55999755859375,141.11000061035156,10040633,BOVA11.SA
2025-09-17,141.00999450683594,143.27999877929688,140.86000061035156,142.60000610351562,12057854,BOVA11.SA
2025-09-18,142.36000061035156,142.66000366210938,141.97000122070312,142.52999877929688,5660966,BOVA11.SA
2025-09-19,142.85000610351562,143.3300018310547,142.42999267578125,142.7899932861328,3737202,BOVA11.SA
2025-09-22,141.9600067138672,142.3699951171875,141.10000610351562,141.99000549316406,3199428,BOVA11.SA
2025-09-23,142.36000061035156,144.1199951171875,142.08999633789062,143.3300018310547,3067703,BOVA11.SA
2025-09-24,143.5,143.77999877929688,143.0500030517578,143.4199981689453,2322354,BOVA11.SA
2025-09-25,143.24000549316406,143.49000549316406,142.1999969482422,142.27999877929688,5367085,BOVA11.SA
2025-09-26,142.60000610351562,143.25999450683594,142.11000061035156,142.44000244140625,2944933,BOVA11.SA
2025-09-29,144.2100067138672,144.63999938964844,143.25,143.4499969482422,4049167,BOVA11.SA
2025-09-30,144.11000061035156,144.5500030517578,142.83999633789062,143.24000549316406,3469293,BOVA11.SA
2025-10-01,143.8000030517578,143.92999267578125,142.27000427246094,142.52000427246094,3510934,BOVA11.SA
2025-10-02,142.60000610351562,142.69000244140625,140.6999969482422,140.99000549316406,5220210,BOVA11.SA
2025-10-03,140.9600067138672,141.58999633789062,140.75,141.22000122070312,2614872,BOVA11.SA
2025-10-06,141.22000122070312,141.57000732421875,140.4499969482422,140.6699981689453,4551231,BOVA11.SA
2025-10-07,139.99000549316406,139.99000549316406,138.17999267578125,138.4499969482422,9177105,BOVA11.SA
2025-10-08,138.83999633789062,139.42999267578125,138.72999572753906,139.1999969482422,3431823,BOVA11.SA
2025-10-09,139.86000061035156,140.25999450683594,138.66000366210938,138.75,3877461,BOVA11.SA
2025-10-10,139.25999450683594,139.4499969482422,137.3000030517578,137.80999755859375,6748065,BOVA11.SA
2025-10-13,138.77999877929688,139.3000030517578,138.6300048828125,138.75,3493492,BOVA11.SA
2025-10-14,138.42999267578125,139.60000610351562,138.2899932861328,138.74000549316406,4748680,BOVA11.SA
2025-10-15,138.41000366210938,140.0,138.30999755859375,139.49000549316406,4650090,BOVA11.SA
2025-10-16,138.75,140.17999267578125,138.57000732421875,139.16000366210938,14644409,BOVA11.SA
2025-10-17,138.88999938964844,140.4199981689453,138.30999755859375,140.39999389648438,10830393,BOVA11.SA
2025-10-20,140.8000030517578,142.14999389648438,140.36000061035156,141.27000427246094,5163325,BOVA11.SA
2025-10-21,141.1999969482422,141.8000030517578,140.80999755859375,141.1699981689453,1973798,BOVA11.SA
2025-10-22,141.63999938964844,142.0399932861328,140.9600067138672,141.8800048828125,3175811,BOVA11.SA
2025-10-23,142.94000244140625,143.22000122070312,142.02999877929688,142.67999267578125,11427664,BOVA11.SA
2025-10-24,143.55999755859375,144.1999969482422,143.0,143.0,3681850,BOVA11.SA
2025-10-27,144.47999572753906,144.9499969482422,143.6999969482422,144.0,2784188,BOVA11.SA
2025-10-28,143.77999877929688,144.9199981689453,143.42999267578125,144.32000732421875,7127646,BOVA11.SA
2025-10-29,144.92999267578125,146.00999450683594,144.92999267578125,145.3000030517578,7824595,BOVA11.SA
2025-10-30,144.5399932861328,146.16000366210938,144.39999389648438,145.6999969482422,4150599,BOVA11.SA
2025-10-31,146.19000244140625,146.75,145.7899932861328,146.41000366210938,7137184,BOVA11.SA
2025-11-03,147.10000610351562,147.89999389648438,146.52000427246094,147.3699951171875,3777802,BOVA11.SA
2025-11-04,146.89999389648438,147.75999450683594,146.80999755859375,147.52999877929688,2854961,BOVA11.SA
2025-11-05,147.27999877929688,150.5,147.19000244140625,150.3800048828125,5283624,BOVA11.SA
2025-11-06,150.30999755859375,151.13999938964844,150.0500030517578,150.10000610351562,6158385,BOVA11.SA
2025-11-07,149.67999267578125,150.94000244140625,149.25999450683594,150.8000030517578,3507259,BOVA11.SA
2025-11-10,151.6699981689453,152.4600067138672,151.47999572753906,152.25,4778721,BOVA11.SA
2025-11-11,152.77000427246094,155.30999755859375,152.77000427246094,154.8000030517578,8330821,BOVA11.SA
2025-11-12,154.88999938964844,154.88999938964844,153.47999572753906,154.44000244140625,4346406,BOVA11.SA
2025-11-13,154.14999389648438,155.14999389648438,153.42999267578125,154.10000610351562,4161660,BOVA11.SA
2025-11-14,153.49000549316406,155.2100067138672,153.49000549316406,154.33999633789062,7939875,BOVA11.SA
2025-11-17,154.4600067138672,154.74000549316406,153.44000244140625,153.7899932861328,8053478,BOVA11.SA
2025-11-18,152.69000244140625,153.86000061035156,152.52999877929688,153.52999877929688,7529211,BOVA11.SA
2025-11-19,152.99000549316406,153.1699981689453,152.0,152.0,7891763,BOVA11.SA
2025-11-21,151.94000244140625,151.9499969482422,150.49000549316406,151.9499969482422,4459107,BOVA11.SA
2025-11-24,151.6300048828125,152.77000427246094,151.39999389648438,152.35000610351562,8827527,BOVA11.SA
2025-11-25,152.35000610351562,153.22999572753906,151.6199951171875,152.97000122070312,3894640,BOVA11.SA
2025-11-26,153.2100067138672,155.74000549316406,153.08999633789062,155.74000549316406,6121621,BOVA11.SA
2025-11-27,155.2100067138672,155.5500030517578,154.9600067138672,155.32000732421875,2593684,BOVA11.SA
2025-11-28,155.41000366210938,156.52000427246094,155.25,155.85000610351562,2909967,BOVA11.SA
2025-12-01,155.7100067138672,155.99000549316406,154.77999877929688,155.5,2922763,BOVA11.SA
2025-12-02,155.60000610351562,157.97000122070312,155.57000732421875,157.97000122070312,5854674,BOVA11.SA
2025-12-03,158.36000061035156,158.7100067138672,157.8699951171875,158.39999389648438,5161918,BOVA11.SA
2025-12-04,159.10000610351562,161.3800048828125,159.08999633789062,161.2899932861328,8662644,BOVA11.SA
2025-12-05,161.2899932861328,161.74000549316406,153.72999572753906,154.17999267578125,11032774,BOVA11.SA
2025-12-08,155.75,156.07000732421875,154.3000030517578,155.25,8262578,BOVA11.SA
2025-12-09,153.6699981689453,155.6699981689453,152.0399932861328,154.5500030517578,6497394,BOVA11.SA
2025-12-10,155.1999969482422,156.57000732421875,154.42999267578125,156.0,4233612,BOVA11.SA
2025-12-11,155.35000610351562,156.74000549316406,154.9199981689453,156.19000244140625,4440966,BOVA11.SA
2025-12-12,156.61000061035156,158.1199951171875,156.19000244140625,157.5,3112840,BOVA11.SA
2025-12-15,158.86000061035156,159.8300018310547,158.41000366210938,159.3699951171875,5085276,BOVA11.SA
2025-12-16,157.5,157.89999389648438,155.16000366210938,155.16000366210938,20385628,BOVA11.SA
2025-12-17,154.94000244140625,154.99000549316406,153.41000366210938,154.35000610351562,7486059,BOVA11.SA
2025-12-18,154.1300048828125,155.44000244140625,154.00999450683594,154.86000061035156,6167703,BOVA11.SA
2025-12-19,155.0500030517578,156.5,154.92999267578125,155.3000030517578,5110290,BOVA11.SA
2025-12-22,155.3000030517578,155.3300018310547,154.13999938964844,155.07000732421875,3770850,BOVA11.SA
2025-12-23,155.82000732421875,157.42999267578125,155.82000732421875,157.42999267578125,4205277,BOVA11.SA
2025-12-26,156.5399932861328,157.97000122070312,156.22000122070312,157.82000732421875,5194154,BOVA11.SA
2025-12-29,157.75999450683594,157.99000549316406,156.6699981689453,157.41000366210938,2733806,BOVA11.SA
2025-12-30,158.3000030517578,159.0,157.9600067138672,158.0,3535678,BOVA11.SA
2026-01-02,158.8300018310547,159.11000061035156,157.0399932861328,157.36000061035156,2619309,BOVA11.SA
2026-01-05,157.35000610351562,159.0500030517578,157.1300048828125,158.52000427246094,3437932,BOVA11.SA
2026-01-06,160.14999389648438,161.07000732421875,160.14999389648438,160.1999969482422,3425870,BOVA11.SA
2026-01-07,159.9600067138672,160.24000549316406,158.66000366210938,158.8000030517578,3347432,BOVA11.SA
2026-01-08,159.00999450683594,159.75,158.8000030517578,159.60000610351562,2149246,BOVA11.SA
2026-01-09,159.5,161.10000610351562,159.5,160.10000610351562,2640967,BOVA11.SA
2026-01-12,159.80999755859375,160.44000244140625,159.24000549316406,160.14999389648438,3082884,BOVA11.SA
2026-01-13,159.2899932861328,159.92999267578125,158.69000244140625,159.07000732421875,5029000,BOVA11.SA
2026-01-14,159.97000122070312,162.24000549316406,158.8300018310547,162.24000549316406,6972588,BOVA11.SA
2026-01-15,162.5,163.0,161.6699981689453,162.5500030517578,8335462,BOVA11.SA
2026-01-16,162.5500030517578,162.66000366210938,161.0,161.57000732421875,11433980,BOVA11.SA
2026-01-19,161.50999450683594,162.0800018310547,161.13999938964844,161.94000244140625,3188923,BOVA11.SA
2026-01-20,160.75,163.30999755859375,160.3800048828125,162.9199981689453,3941185,BOVA11.SA
2026-01-21,164.9600067138672,168.9499969482422,164.92999267578125,168.9499969482422,6040015,BOVA11.SA
2026-01-22,169.5500030517578,174.72999572753906,169.2899932861328,172.74000549316406,9245398,BOVA11.SA
2026-01-23,173.16000366210938,177.3000030517578,172.35000610351562,175.6999969482422,9630509,BOVA11.SA
2026-01-26,176.36000061035156,176.60000610351562,174.41000366210938,175.3000030517578,6867173,BOVA11.SA
2026-01-27,177.4499969482422,179.97000122070312,177.17999267578125,178.74000549316406,4322901,BOVA11.SA
