ticker,price_id,asset_id,data,open_price,high_price,low_price,close_price,volume,source
FLRY3.SA,1,1,2021-02-26,19.197778859273566,19.821176178376103,18.822324795503512,19.00650978088379,3118280,yfinance
VALE3.SA,5077,6,2021-02-26,55.801205161156766,56.46584569273088,54.338984527204545,54.627960205078125,42856000,yfinance
PETR3.SA,2495,3,2021-02-26,6.764810977253045,6.823969455787854,6.495637840653749,6.5518388748168945,47419800,yfinance
SAPR11.SA,3830,5,2021-02-26,14.761548399732932,14.951831292547183,14.402938815704221,14.446849822998047,3123100,yfinance
KFOF11.SA,1248,2,2021-02-26,66.2597064031043,66.55987780361681,66.23360389281477,66.34453582763672,3835,yfinance
SAPR11.SA,3831,5,2021-03-01,14.717637226679182,14.72495596046335,14.241929302048423,14.293160438537598,1922300,yfinance
FLRY3.SA,2,1,2021-03-01,19.21194763854016,19.36779768956166,18.361862182617188,18.361862182617188,2233115,yfinance
VALE3.SA,5078,6,2021-03-01,55.48332752440505,57.40790650616834,55.11343902699584,56.96866226196289,32798000,yfinance
PETR3.SA,2496,3,2021-03-01,6.702693996389796,6.773684509886747,6.504511934642386,6.510427951812744,40852500,yfinance
KFOF11.SA,1249,2,2021-03-01,65.98566167148056,65.98566167148056,65.56803131103516,65.56803131103516,6998,yfinance
FLRY3.SA,3,1,2021-03-02,18.220182798289102,18.276855551829726,17.49052539505443,18.15642738342285,3198027,yfinance
VALE3.SA,5079,6,2021-03-02,56.35024928821728,59.05506143042844,54.87069543586871,58.7198486328125,47565800,yfinance
SAPR11.SA,3832,5,2021-03-02,14.161424080651516,14.490758680351686,13.810133282609115,14.454166412353516,3045300,yfinance
PETR3.SA,2497,3,2021-03-02,6.477890303846501,6.5755023286538785,6.134769212754965,6.48084831237793,52848600,yfinance
KFOF11.SA,1250,2,2021-03-02,65.62020158656274,65.87469481636275,65.26782519640635,65.32003021240234,10706,yfinance
KFOF11.SA,1251,2,2021-03-03,65.7050694123403,65.78989887258598,64.7066716215269,65.54845428466797,10561,yfinance
VALE3.SA,5080,6,2021-03-03,58.951038065243296,60.106940772404926,57.59285326621215,57.99741744995117,41473300,yfinance
FLRY3.SA,4,1,2021-03-03,18.12346135464463,18.275153235168588,17.299996990279276,18.202919006347656,3611712,yfinance
PETR3.SA,2498,3,2021-03-03,6.418732800196271,6.474933278277914,6.09335914671573,6.202802658081055,55664000,yfinance
SAPR11.SA,3833,5,2021-03-03,14.432210395582969,14.81277612953624,14.073600860248158,14.607855796813965,2234400,yfinance
PETR3.SA,2499,3,2021-03-04,6.24717099971728,6.545922513605685,6.190969968508485,6.4690165519714355,47489800,yfinance
VALE3.SA,5081,6,2021-03-04,57.44835902631245,58.65627510417649,56.361807780627466,57.13626480102539,48492500,yfinance
KFOF11.SA,1252,2,2021-03-04,65.54843207176424,65.86165724241698,64.73927410051701,65.26131439208984,4358,yfinance
FLRY3.SA,5,1,2021-03-04,18.282375335868625,18.672437221195732,18.109013199235942,18.412395477294922,1884966,yfinance
SAPR11.SA,3834,5,2021-03-04,14.871324771128926,15.186023308825382,14.732271636724674,14.966466903686523,1975400,yfinance
VALE3.SA,5082,6,2021-03-05,57.209745660004465,60.76119353811155,56.7325945740033,60.525638580322266,46503300,yfinance
PETR3.SA,2500,3,2021-03-05,6.551838567831586,6.744104601380395,6.445353085785314,6.525217056274414,43166600,yfinance
FLRY3.SA,6,1,2021-03-05,18.53519054584364,18.53519054584364,18.094564743235427,18.181245803833008,2576385,yfinance
KFOF11.SA,1253,2,2021-03-05,65.81598874861794,65.82251562232034,64.70013231571357,65.16996765136719,1787,yfinance
SAPR11.SA,3835,5,2021-03-05,15.017694256910936,15.134791173869257,14.717633232717068,14.761544227600098,1917400,yfinance
FLRY3.SA,7,1,2021-03-08,18.159576834955562,18.311267240781255,17.51669663944415,17.653940200805664,4856479,yfinance
KFOF11.SA,1254,2,2021-03-08,65.12433188424366,65.5550112365731,64.60881805419922,64.60881805419922,5978,yfinance
SAPR11.SA,3836,5,2021-03-08,14.695680955299446,14.856688910066703,14.48344326019287,14.483443260192871,1528000,yfinance
VALE3.SA,5083,6,2021-03-08,59.91561066772672,61.56450001538428,59.73441702376121,60.199485778808594,39677300,yfinance
PETR3.SA,2501,3,2021-03-08,6.418732709854729,6.504512712351373,6.173223609755171,6.211676597595215,40592700,yfinance
VALE3.SA,5084,6,2021-03-09,58.88881717242432,59.98203373971213,57.9103551666572,59.595481872558594,40537000,yfinance
FLRY3.SA,8,1,2021-03-09,17.632270959296974,17.98621720820056,17.393899472826647,17.581707000732422,2381367,yfinance
KFOF11.SA,1255,2,2021-03-09,64.62186683155198,65.16348319485111,64.60881805419922,64.60881805419922,4669,yfinance
SAPR11.SA,3837,5,2021-03-09,14.57126333557151,14.629811801873888,14.35902566868997,14.424891471862793,1170200,yfinance
PETR3.SA,2502,3,2021-03-09,6.253087375594186,6.477890969438979,6.146601878433756,6.327035903930664,33864000,yfinance
FLRY3.SA,9,1,2021-03-10,17.632268626402322,17.841746394548696,17.415567436559584,17.733396530151367,2130886,yfinance
PETR3.SA,2503,3,2021-03-10,6.415774178882614,6.593250751495361,6.350699115887873,6.593250751495361,33131800,yfinance
SAPR11.SA,3838,5,2021-03-10,14.395617155302189,14.834731326688651,14.263882764295703,14.798137664794922,2115700,yfinance
KFOF11.SA,1256,2,2021-03-10,64.67401214716485,64.82409535153427,63.96273246412048,64.43909454345703,5538,yfinance
VALE3.SA,5085,6,2021-03-10,58.88882788471015,59.094181585463716,57.81373002061776,58.677433013916016,31311800,yfinance
FLRY3.SA,10,1,2021-03-11,17.913980928598633,18.16679923139818,17.7839593357627,17.950098037719727,1852410,yfinance
SAPR11.SA,3839,5,2021-03-11,14.893282954264953,15.427537968280058,14.79814080903139,15.310441017150879,1806700,yfinance
PETR3.SA,2504,3,2021-03-11,6.655366994226426,6.847633039000922,6.637619506879576,6.7884745597839355,39160900,yfinance
VALE3.SA,5086,6,2021-03-11,59.78875948635844,60.45918640780714,59.31764967302948,60.21759033203125,26203200,yfinance
KFOF11.SA,1257,2,2021-03-11,64.51744136152395,64.51744136152395,61.41783745787348,63.19929122924805,33752,yfinance
FLRY3.SA,11,1,2021-03-12,17.733399463991773,17.899536729445984,17.639494966403383,17.755069732666016,2056548,yfinance
KFOF11.SA,1258,2,2021-03-12,63.2971913740131,63.2971913740131,61.757176835083094,61.97904586791992,16277,yfinance
VALE3.SA,5087,6,2021-03-12,59.79480614484272,60.06056231339973,58.41167320731272,58.828426361083984,21115500,yfinance
SAPR11.SA,3840,5,2021-03-12,15.361668836604094,15.442173503896667,15.105518764595942,15.281164169311523,1527200,yfinance
PETR3.SA,2505,3,2021-03-12,6.747062184935253,6.826926714577722,6.6524081783289395,6.71452522277832,19890600,yfinance
KFOF11.SA,1259,2,2021-03-15,61.99859560804907,63.29716491699219,61.99859560804907,63.29716491699219,5786,yfinance
SAPR11.SA,3841,5,2021-03-15,15.551952369233295,15.712960314765205,15.38362569037189,15.58122730255127,3226300,yfinance
PETR3.SA,2506,3,2021-03-15,6.726357288821171,6.8801703453063965,6.696777768084408,6.8801703453063965,17028300,yfinance
VALE3.SA,5088,6,2021-03-15,58.28483911567421,58.79822796865572,57.83788930804986,58.47811508178711,20059000,yfinance
FLRY3.SA,12,1,2021-03-15,17.755068705467494,18.52797052698856,17.74062186052047,18.311267852783203,1431938,yfinance
SAPR11.SA,3842,5,2021-03-16,15.63977461291307,15.63977461291307,15.07624475150312,15.368987083435059,2926700,yfinance
FLRY3.SA,13,1,2021-03-16,18.253479441818268,18.484628947912533,18.11623588362295,18.159576416015625,1522819,yfinance
PETR3.SA,2507,3,2021-03-16,6.8446762703578035,6.868339779167844,6.732274744555752,6.776643753051758,15310200,yfinance
KFOF11.SA,1260,2,2021-03-16,63.2906287681703,63.2906287681703,61.63315626011589,62.27265548706055,7571,yfinance
VALE3.SA,5089,6,2021-03-16,58.61099117184014,59.09417876659772,57.994920882841605,58.29087829589844,19174300,yfinance
VALE3.SA,5090,6,2021-03-17,58.22444628061456,59.26330641642623,58.019087956807105,59.130428314208984,21424300,yfinance
KFOF11.SA,1261,2,2021-03-17,62.01161631122159,62.98391113411436,61.404746661272235,62.644588470458984,3889,yfinance
FLRY3.SA,14,1,2021-03-17,18.15957656304625,18.318490388724566,17.950098782500422,18.239032745361328,2217314,yfinance
SAPR11.SA,3843,5,2021-03-17,15.3323953945567,15.873969078063965,15.098200124259373,15.873969078063965,2972200,yfinance
PETR3.SA,2508,3,2021-03-17,6.767767340516024,7.028066409871845,6.6997348471866625,6.992570877075195,25962600,yfinance
KFOF11.SA,1262,2,2021-03-18,62.64460577713816,62.64460577713816,61.528749334158405,61.99205780029297,9862,yfinance
FLRY3.SA,15,1,2021-03-18,18.231812405361378,18.325715440273672,17.87064272809971,18.0223331451416,1321862,yfinance
PETR3.SA,2509,3,2021-03-18,6.921582725011034,6.9570782698557005,6.732274656992935,6.79439115524292,26139300,yfinance
SAPR11.SA,3844,5,2021-03-18,15.837373703788918,16.15207221200929,15.698321978314459,16.02765655517578,2632600,yfinance
VALE3.SA,5091,6,2021-03-18,59.00962816447722,59.35390115420169,57.698975256935206,58.079490661621094,19156100,yfinance
KFOF11.SA,1263,2,2021-03-19,62.21390455461909,62.41619775702899,61.74407432292012,62.08992385864258,9676,yfinance
PETR3.SA,2510,3,2021-03-19,6.797347483500189,6.986656068889157,6.738189008964341,6.957076549530029,37789800,yfinance
FLRY3.SA,16,1,2021-03-19,18.05845041421011,18.347384381868608,18.000663036259134,18.28959846496582,1700022,yfinance
VALE3.SA,5092,6,2021-03-19,58.0432509842871,58.07949340095791,56.43664515915118,57.24598693847656,38643000,yfinance
SAPR11.SA,3845,5,2021-03-19,16.020338243441568,16.488727349883614,15.910560048272746,16.349674224853516,2116800,yfinance
SAPR11.SA,3846,5,2021-03-22,16.269168170316025,16.335035360957416,15.917877417498856,15.954469680786133,1913300,yfinance
PETR3.SA,2511,3,2021-03-22,6.871295223317858,6.89495872329459,6.735230239497231,6.826926231384277,18776800,yfinance
VALE3.SA,5093,6,2021-03-22,56.48495284394087,56.67822880973466,55.476294041456434,56.2977180480957,21120800,yfinance
KFOF11.SA,1264,2,2021-03-22,61.75061845762182,61.992063021667114,61.60053519829218,61.8223991394043,3025,yfinance
FLRY3.SA,17,1,2021-03-22,18.26792922343735,18.54963978466168,18.044004582358774,18.217365264892578,1110406,yfinance
SAPR11.SA,3847,5,2021-03-23,15.954471587263242,16.181348113652103,15.903241854177221,16.05693244934082,1620800,yfinance
PETR3.SA,2512,3,2021-03-23,6.747064456701305,6.87721404169811,6.6701579093933105,6.6701579093933105,15989200,yfinance
VALE3.SA,5094,6,2021-03-23,56.37622958264829,56.64198573892505,54.99913787841797,54.99913787841797,20518500,yfinance
FLRY3.SA,18,1,2021-03-23,18.13790804536163,18.57131049248576,18.05122843256579,18.383502960205078,1109134,yfinance
KFOF11.SA,1265,2,2021-03-23,61.81587197258189,62.122565339400396,61.34603663317641,61.79629135131836,11868,yfinance
FLRY3.SA,19,1,2021-03-24,18.267927434788856,18.47018178811655,17.921204642621284,17.942874908447266,1821444,yfinance
KFOF11.SA,1266,2,2021-03-24,61.678838548895946,61.98553692425669,61.34604263305663,61.34604263305664,12432,yfinance
SAPR11.SA,3848,5,2021-03-24,16.108163876592016,16.35699523138525,15.91788099375568,15.991066932678223,1954900,yfinance
PETR3.SA,2513,3,2021-03-24,6.735230384885466,6.897916880214498,6.664239883422851,6.664239883422852,22253300,yfinance
VALE3.SA,5095,6,2021-03-24,55.56688759285195,57.16141530295838,55.452128415634675,56.261474609375,24726000,yfinance
KFOF11.SA,1267,2,2021-03-25,61.36562700291032,61.36562700291032,60.60866877919703,60.92189407348633,7394,yfinance
FLRY3.SA,20,1,2021-03-25,17.9139823943734,18.36183166202309,17.64671722605699,18.137907028198242,1884330,yfinance
SAPR11.SA,3849,5,2021-03-25,15.99838505430963,16.59118848468991,15.691005239315109,16.40090560913086,2200800,yfinance
VALE3.SA,5096,6,2021-03-25,56.19504109010856,56.34603808209357,54.727350143691766,55.83264923095703,23644400,yfinance
PETR3.SA,2514,3,2021-03-25,6.619871357534672,6.838759476368816,6.501553836666514,6.791431903839111,23611500,yfinance
PETR3.SA,2515,3,2021-03-26,6.86242219832992,7.033982725079049,6.791431129718494,6.892001152038574,21935500,yfinance
FLRY3.SA,21,1,2021-03-26,18.13068214356435,18.340159915664533,17.957321480627662,18.174022674560547,1664072,yfinance
KFOF11.SA,1268,2,2021-03-26,60.92189958223634,61.85504369561402,60.7783381834786,61.19596862792969,8166,yfinance
SAPR11.SA,3850,5,2021-03-26,16.496047582179713,16.518002385666332,16.042295899412924,16.174030303955078,1454500,yfinance
VALE3.SA,5097,6,2021-03-26,56.617820531552404,57.81975968705043,56.406425702816605,57.69895935058594,26712800,yfinance
KFOF11.SA,1269,2,2021-03-29,61.65926932029095,61.90724078755824,61.00672121240351,61.56138610839844,6442,yfinance
VALE3.SA,5098,6,2021-03-29,57.98284328478205,59.46261192122081,57.904326510069694,59.178741455078125,25960500,yfinance
SAPR11.SA,3851,5,2021-03-29,16.122799647853,16.247215312164283,15.932516785029538,16.05693244934082,1000600,yfinance
FLRY3.SA,22,1,2021-03-29,17.950102571428314,18.17402724348828,17.863421487644402,18.015111923217773,1130131,yfinance
PETR3.SA,2516,3,2021-03-29,6.829884664654017,6.998487183008746,6.829884664654017,6.9955291748046875,16628800,yfinance
FLRY3.SA,23,1,2021-03-30,17.986218624038028,18.542417828886116,17.986218624038028,18.49907875061035,1800235,yfinance
PETR3.SA,2517,3,2021-03-30,6.90974993364674,7.04581494051168,6.90974993364674,6.97482442855835,15046700,yfinance
SAPR11.SA,3852,5,2021-03-30,16.056934293665076,16.305765650868796,16.020340625896477,16.247217178344727,1444700,yfinance
VALE3.SA,5099,6,2021-03-30,59.136460688495056,59.49281135683363,58.333155632259725,58.62910842895508,18118600,yfinance
KFOF11.SA,1270,2,2021-03-30,61.561373745873084,63.21884620448538,61.19594847197449,61.99205780029297,3915,yfinance
SAPR11.SA,3853,5,2021-03-31,16.25453262863117,16.371630955988373,15.830055903142485,16.10084342956543,3259300,yfinance
KFOF11.SA,1271,2,2021-03-31,61.4700121980024,62.37705341036944,61.4700121980024,61.96595001220703,7907,yfinance
PETR3.SA,2518,3,2021-03-31,6.977782233733445,7.134553295675802,6.962992755742576,7.081310272216797,16817600,yfinance
VALE3.SA,5100,6,2021-03-31,58.68951813202252,59.52906115887774,58.405643009203544,59.17271041870117,18792000,yfinance
FLRY3.SA,24,1,2021-03-31,18.49907713657971,18.665214395111878,18.159577735876667,18.491853713989258,2233857,yfinance
SAPR11.SA,3854,5,2021-04-01,15.859332906730993,16.26185348671629,15.859332906730993,16.239898681640625,2701500,yfinance
KFOF11.SA,1272,2,2021-04-01,61.97901502841028,61.97901502841028,61.03934425769589,61.34604263305664,4794,yfinance
PETR3.SA,2519,3,2021-04-01,7.1375111554754005,7.152301198509771,6.942287100881345,6.986656665802002,17294200,yfinance
VALE3.SA,5101,6,2021-04-01,59.49280699049644,59.71024299890361,58.06135403649287,58.82238006591797,17193400,yfinance
FLRY3.SA,25,1,2021-04-01,18.491852539305263,18.83857387952524,18.455735428647316,18.556861877441406,2000450,yfinance
PETR3.SA,2520,3,2021-04-05,7.039898038416123,7.08426759646846,6.960034075123123,7.060604095458984,13356000,yfinance
SAPR11.SA,3855,5,2021-04-05,16.254532670446114,16.3130825322281,15.859330874756454,15.910560607910156,1483400,yfinance
KFOF11.SA,1273,2,2021-04-05,61.82240302640162,61.82892990112305,61.35909449211432,61.82892990112305,6996,yfinance
FLRY3.SA,26,1,2021-04-05,18.694108083061515,18.83135165121416,18.61465043457678,18.715778350830078,1165020,yfinance
VALE3.SA,5102,6,2021-04-05,60.29611638631574,62.70602694589022,60.27799748563704,62.446311950683594,35908700,yfinance
KFOF11.SA,1274,2,2021-04-06,61.50919255007675,62.38360471744112,61.50919255007675,62.18131637573242,9050,yfinance
FLRY3.SA,27,1,2021-04-06,18.780789104159734,19.553690996164793,18.643545525695455,19.445341110229492,5964553,yfinance
PETR3.SA,2521,3,2021-04-06,7.069477893598589,7.140468400019899,6.977781893327196,7.00736141204834,15745800,yfinance
SAPR11.SA,3856,5,2021-04-06,15.881286127242147,16.01301912069071,15.815418932565139,15.837373733520508,1311400,yfinance
VALE3.SA,5103,6,2021-04-06,62.6939571649538,63.15298473389726,61.63697814941406,61.63697814941406,22227800,yfinance
KFOF11.SA,1275,2,2021-04-07,61.99205780029297,62.57935197516284,61.894174608057,61.99205780029297,4906,yfinance
VALE3.SA,5104,6,2021-04-07,61.83024654598212,63.61200911046343,61.69736846303271,63.152976989746094,32822700,yfinance
SAPR11.SA,3857,5,2021-04-07,15.844693949208557,15.991065816839978,15.588543878806359,15.66172981262207,1834700,yfinance
FLRY3.SA,28,1,2021-04-07,19.358657408467195,19.734273899378604,19.300870031242646,19.51034927368164,2012645,yfinance
PETR3.SA,2522,3,2021-04-07,6.977783804324939,7.116806846951289,6.971867786124018,7.039900302886963,22334400,yfinance
KFOF11.SA,1276,2,2021-04-08,61.99206511892271,63.47987388520941,61.99206511892271,62.54020309448242,6036,yfinance
SAPR11.SA,3858,5,2021-04-08,15.749557386904446,15.749557386904446,15.347035342179746,15.464132308959961,2568200,yfinance
VALE3.SA,5105,6,2021-04-08,63.38249735470691,63.59993338674857,62.88722741684813,63.11674118041992,25936300,yfinance
FLRY3.SA,29,1,2021-04-08,19.430890579764725,19.524793601631025,19.156402013832295,19.30086898803711,2405015,yfinance
PETR3.SA,2523,3,2021-04-08,7.031025324714251,7.042856794384085,6.865380235877163,6.921581268310547,21325900,yfinance
SAPR11.SA,3859,5,2021-04-09,15.412899220675598,15.66173057014102,15.412899220675598,15.551952362060547,2001100,yfinance
PETR3.SA,2524,3,2021-04-09,6.84467297985232,6.986654528638958,6.829883505524389,6.9511590003967285,21537900,yfinance
KFOF11.SA,1277,2,2021-04-09,62.54020544796218,63.29063673387723,61.99859432655271,63.284114837646484,2928,yfinance
VALE3.SA,5106,6,2021-04-09,62.81474230127427,63.21337653159444,62.17451659470652,62.21075439453125,18854800,yfinance
FLRY3.SA,30,1,2021-04-09,19.257532412853116,19.373105714977054,19.019159463810418,19.0625,1827701,yfinance
VALE3.SA,5107,6,2021-04-12,62.150368051170986,62.591276724344574,61.733614843652134,62.452362060546875,14787500,yfinance
FLRY3.SA,31,1,2021-04-12,19.25030506004683,19.59702784404426,19.221412834007797,19.488677978515625,1796524,yfinance
SAPR11.SA,3860,5,2021-04-12,15.55926799982133,15.625135190746258,15.40557742236137,15.486082077026367,1425300,yfinance
KFOF11.SA,1278,2,2021-04-12,63.26453377833886,63.897506206640884,62.488004955746376,63.023094177246094,5227,yfinance
PETR3.SA,2525,3,2021-04-12,6.98074142710899,7.16709147666494,6.977783418172227,7.022152423858643,13987300,yfinance
SAPR11.SA,3861,5,2021-04-13,15.471445347927398,15.471445347927398,15.325074891292637,15.449490547180176,1309500,yfinance
PETR3.SA,2526,3,2021-04-13,7.0251104327954055,7.081311474228873,6.960035928734165,7.022152423858643,17292200,yfinance
KFOF11.SA,1279,2,2021-04-13,63.244965767317886,63.258019518358886,61.60054661301008,62.0181770324707,7224,yfinance
FLRY3.SA,32,1,2021-04-13,19.539242818933523,20.052102904291335,19.539242818933523,19.654817581176758,2582006,yfinance
VALE3.SA,5108,6,2021-04-13,62.75434926393909,62.98990419706029,62.12016006980515,62.561073303222656,17605600,yfinance
VALE3.SA,5109,6,2021-04-14,62.79661886698444,65.0978111509325,62.67581852952129,64.62670135498047,38030200,yfinance
FLRY3.SA,33,1,2021-04-14,19.662041885215412,19.842625998267316,19.532020271863242,19.633148193359375,1809885,yfinance
PETR3.SA,2527,3,2021-04-14,7.057646904236243,7.22624943896738,7.001445871265053,7.1345534324646,26209700,yfinance
KFOF11.SA,1280,2,2021-04-14,62.018141185635464,62.49449827380161,61.796272353105586,61.802799224853516,4259,yfinance
SAPR11.SA,3862,5,2021-04-14,15.434854575556889,15.456810774333086,15.17138577386481,15.200660705566406,1934100,yfinance
FLRY3.SA,34,1,2021-04-15,19.640371765253786,19.82817930269382,19.44534080479497,19.582584381103516,2186879,yfinance
SAPR11.SA,3863,5,2021-04-15,15.478766764197578,15.588544974685794,15.22993540927459,15.23725414276123,3377300,yfinance
PETR3.SA,2528,3,2021-04-15,7.190474125609466,7.221058989433746,6.99167338578828,7.010024070739746,15755200,yfinance
VALE3.SA,5110,6,2021-04-15,65.62932600045743,66.36618735168136,64.95889907737356,65.35752868652344,19378200,yfinance
KFOF11.SA,1281,2,2021-04-15,61.98553099082449,62.35748313887021,61.848496512970385,62.18782424926758,3460,yfinance
VALE3.SA,5111,6,2021-04-16,65.61725707354266,65.90113217568754,64.92871111041215,65.6353759765625,17401500,yfinance
FLRY3.SA,35,1,2021-04-16,19.560911479993784,19.734273609117544,19.401997656011822,19.647592544555664,2159095,yfinance
SAPR11.SA,3864,5,2021-04-16,15.105519606708786,15.61050104585913,15.105519606708786,15.588544845581055,3296800,yfinance
KFOF11.SA,1282,2,2021-04-16,62.25962033997628,62.63809447695076,62.024702611621244,62.6185188293457,3219,yfinance
PETR3.SA,2529,3,2021-04-16,6.976380002153708,7.0742510904455,6.860158230646631,6.9274444580078125,38648600,yfinance
KFOF11.SA,1283,2,2021-04-19,62.618491656763105,62.80773113240563,62.226963938919454,62.7359504699707,2332,yfinance
FLRY3.SA,36,1,2021-04-19,19.71982971437461,20.05210425612806,19.488681635353288,19.575361251831055,2239053,yfinance
PETR3.SA,2530,3,2021-04-19,6.9274450897502255,7.429035338024303,6.875450996433941,7.276111602783203,53749800,yfinance
VALE3.SA,5112,6,2021-04-19,65.8346819389582,66.3661896388291,65.0132580158455,65.06761932373047,23297500,yfinance
SAPR11.SA,3865,5,2021-04-19,15.603183349109896,15.734917767719445,15.39094564927677,15.456812858581543,1970600,yfinance
FLRY3.SA,37,1,2021-04-20,19.48868268642432,19.662043389777974,19.26475801845338,19.37310791015625,1700446,yfinance
KFOF11.SA,1284,2,2021-04-20,62.64460786312115,63.23190205754714,62.638080989142495,62.892574310302734,1956,yfinance
VALE3.SA,5113,6,2021-04-20,65.20049623419072,65.44209233163427,63.430811386905496,64.1193618774414,20895800,yfinance
PETR3.SA,2531,3,2021-04-20,7.282225756014224,7.34339546369034,7.068132945862949,7.095659255981445,32032000,yfinance
SAPR11.SA,3866,5,2021-04-20,15.427536554030246,16.064252388844658,15.405580354241597,15.976428985595703,2839300,yfinance
SAPR11.SA,3867,5,2021-04-22,16.049618438995854,16.093529452288976,15.6470963967734,15.683690071105957,1540800,yfinance
PETR3.SA,2532,3,2021-04-22,7.190472257144309,7.199647888914606,7.06813341699505,7.09871768951416,17247700,yfinance
KFOF11.SA,1285,2,2021-04-22,63.07526864094299,63.297132488831444,62.0181394813278,62.6511116027832,6520,yfinance
FLRY3.SA,38,1,2021-04-22,19.45978783464236,19.50312837316444,19.004713641208866,19.084171295166016,1347419,yfinance
VALE3.SA,5114,6,2021-04-22,64.77166851289006,64.77166851289006,63.02010248097237,64.1616439819336,19799100,yfinance
SAPR11.SA,3868,5,2021-04-23,15.808102134770138,15.8812880706901,15.544633323820522,15.822739601135254,1564300,yfinance
PETR3.SA,2533,3,2021-04-23,7.144595078783416,7.15988721464438,7.037548377683895,7.117068767547607,16676900,yfinance
FLRY3.SA,39,1,2021-04-23,19.257532865787358,19.286426557259986,18.88191633769149,18.968597412109375,1366189,yfinance
VALE3.SA,5115,6,2021-04-23,64.7172999329137,65.29108655502489,64.30054683614267,65.22464752197266,12795400,yfinance
KFOF11.SA,1286,2,2021-04-23,63.26452959240475,63.26452959240475,62.5467277542594,62.5793571472168,3111,yfinance
SAPR11.SA,3869,5,2021-04-26,15.895920303860493,15.969106222113309,15.595859295338697,15.676363945007324,1176500,yfinance
VALE3.SA,5116,6,2021-04-26,66.40848353046577,66.85543800039972,65.32130781715315,65.57498168945312,16807500,yfinance
PETR3.SA,2534,3,2021-04-26,7.1415372657664395,7.211882031297727,7.089543181817739,7.12624454498291,11732500,yfinance
KFOF11.SA,1287,2,2021-04-26,62.44883679369369,62.7685888735936,62.15519220775253,62.5662956237793,3604,yfinance
FLRY3.SA,40,1,2021-04-26,18.997493203307396,19.084172826257362,18.564089244363668,18.694110870361328,1813597,yfinance
KFOF11.SA,1288,2,2021-04-27,62.76858075018889,62.77510264428877,61.998574070068564,62.122554779052734,3904,yfinance
FLRY3.SA,41,1,2021-04-27,18.737448468904446,18.75189531396807,18.2968211555121,18.3546085357666,1473508,yfinance
VALE3.SA,5117,6,2021-04-27,65.76221334854283,66.80107347059415,65.5447772947152,66.51116180419922,24113300,yfinance
PETR3.SA,2535,3,2021-04-27,7.141538944217463,7.230234412177124,6.918270418522754,6.954971790313721,22021900,yfinance
SAPR11.SA,3870,5,2021-04-27,15.698324831408609,15.72027963631294,15.259210586547852,15.259210586547852,1548800,yfinance
FLRY3.SA,42,1,2021-04-28,18.40516882514484,18.535188943754846,18.152350547968986,18.397945404052734,1619851,yfinance
KFOF11.SA,1289,2,2021-04-28,62.12256540424362,62.63807890337684,61.60705688365638,61.99205780029297,5731,yfinance
PETR3.SA,2536,3,2021-04-28,7.022255851891676,7.224115667633643,7.013080803465408,7.2027058601379395,19082500,yfinance
SAPR11.SA,3871,5,2021-04-28,15.332395273486416,15.471447012867499,15.207979604210044,15.427536010742188,1166500,yfinance
VALE3.SA,5118,6,2021-04-28,66.77688861455592,67.90634744121013,66.03398621307272,67.59831237792969,20570600,yfinance
KFOF11.SA,1290,2,2021-04-29,61.99206691933182,62.64461499216689,61.67884165381044,61.82892990112305,3614,yfinance
FLRY3.SA,43,1,2021-04-29,18.491853860266552,18.701331655998484,18.39794936584784,18.4412899017334,1541483,yfinance
SAPR11.SA,3872,5,2021-04-29,15.449490270531323,15.734913842377745,15.36166688139874,15.69100284576416,1575100,yfinance
PETR3.SA,2537,3,2021-04-29,7.245526135387583,7.309753818825861,6.9916727793719815,7.058959007263184,18139100,yfinance
VALE3.SA,5119,6,2021-04-29,67.76141551661911,68.22044308099548,66.97622926966237,67.616455078125,19724300,yfinance
KFOF11.SA,1291,2,2021-04-30,61.82891023111456,62.501033735740464,61.76365644029998,62.122554779052734,3011,yfinance
VALE3.SA,5120,6,2021-04-30,67.03662059751179,67.38089354118307,65.84676361083984,65.84676361083984,36888200,yfinance
SAPR11.SA,3873,5,2021-04-30,15.588544616184258,15.756872690694415,15.36898820025713,15.625138282775879,2324300,yfinance
FLRY3.SA,44,1,2021-04-30,18.701334926900547,19.24308733707884,18.33294176848884,18.455739974975586,3507256,yfinance
PETR3.SA,2538,3,2021-04-30,7.00084666454486,7.159887449488827,6.967203847875735,7.065074920654297,27333100,yfinance
KFOF11.SA,1292,2,2021-05-03,62.12256824864624,62.18130015809536,61.9790118691459,62.03773880004883,2142,yfinance
SAPR11.SA,3874,5,2021-05-03,15.544634919409239,15.734917813970599,15.229936339784905,15.310441017150879,2155200,yfinance
FLRY3.SA,45,1,2021-05-03,18.499075339470398,18.549637831643373,17.93565135424589,18.123458862304688,2682007,yfinance
VALE3.SA,5121,6,2021-05-03,66.2574733983486,66.65006647043526,65.38773392154951,65.50852966308594,19641000,yfinance
PETR3.SA,2539,3,2021-05-03,7.08648455810247,7.114010871846141,6.964145709995955,7.037549018859863,15331500,yfinance
SAPR11.SA,3875,5,2021-05-04,15.317755501783363,15.412896224718155,15.003057009459594,15.017694473266602,1626200,yfinance
PETR3.SA,2540,3,2021-05-04,7.052841132438561,7.114010847965301,6.8754496574401855,6.8754496574401855,15023900,yfinance
VALE3.SA,5122,6,2021-05-04,65.80449728216614,67.08495362804301,65.62934479989265,66.49908447265625,20775600,yfinance
FLRY3.SA,46,1,2021-05-04,18.058448995305092,18.708552563028462,18.058448995305092,18.58575439453125,2186030,yfinance
KFOF11.SA,1293,2,2021-05-04,62.037746614982424,62.06384913596505,61.51570615242348,61.8615608215332,2483,yfinance
SAPR11.SA,3876,5,2021-05-05,15.149433178052638,15.149433178052638,14.8347345959412,14.973786354064941,1533100,yfinance
PETR3.SA,2541,3,2021-05-05,6.9610871992385865,7.208823440761403,6.936619429500008,7.156829357147217,21290700,yfinance
FLRY3.SA,47,1,2021-05-05,18.52797053728893,18.831351359248618,18.43406604508107,18.816905975341797,1741698,yfinance
VALE3.SA,5123,6,2021-05-05,67.64059636747523,68.14190737657918,66.67421675285776,66.86749267578125,25990600,yfinance
KFOF11.SA,1294,2,2021-05-05,61.99206844789953,62.40317195164558,61.8615608215332,61.8615608215332,3234,yfinance
KFOF11.SA,1295,2,2021-05-06,61.848507597957315,61.861561347833096,61.3590965270996,61.35909652709961,2779,yfinance
VALE3.SA,5124,6,2021-05-06,67.61041984258073,69.57941745276976,67.33258590877605,69.48882293701172,38194400,yfinance
PETR3.SA,2542,3,2021-05-06,7.1109522469179,7.169063417867259,7.034490394800502,7.055899620056152,12919700,yfinance
FLRY3.SA,48,1,2021-05-06,18.795233794608215,18.853021173037952,18.491852979948508,18.592979431152344,804676,yfinance
SAPR11.SA,3877,5,2021-05-06,14.885961522531701,15.068925650000473,14.820094324970503,14.85668659210205,1433400,yfinance
VALE3.SA,5125,6,2021-05-07,70.38874928200741,70.39479045116718,68.9693786615463,69.73040008544922,21678700,yfinance
KFOF11.SA,1296,2,2021-05-07,61.352554054497965,61.4373884714825,61.04586071004384,61.30035400390625,13469,yfinance
PETR3.SA,2543,3,2021-05-07,7.101776288347896,7.318928241729736,7.046724247373275,7.318928241729736,21358800,yfinance
SAPR11.SA,3878,5,2021-05-07,14.995741087426957,15.120156761288515,14.907919079939763,15.10551929473877,905600,yfinance
FLRY3.SA,49,1,2021-05-07,18.701329282080643,18.83857283391516,18.448510982555515,18.53519058227539,1385277,yfinance
KFOF11.SA,1297,2,2021-05-10,61.66576945557065,61.67229632781246,60.7260989945419,60.81745529174805,5774,yfinance
SAPR11.SA,3879,5,2021-05-10,15.20797801307485,15.215296745314278,14.864004577348977,15.039649963378906,1735700,yfinance
VALE3.SA,5126,6,2021-05-10,72.35775627211859,72.7503447424199,69.27137756347656,69.27137756347656,38889400,yfinance
FLRY3.SA,50,1,2021-05-10,18.535192201214752,18.845797901714754,18.397948637392822,18.766340255737305,1334163,yfinance
PETR3.SA,2544,3,2021-05-10,7.4045655899558,7.4810274432185775,7.349513545627021,7.410682678222656,21003500,yfinance
PETR3.SA,2545,3,2021-05-11,7.312812282650868,7.523847180714172,7.2914030550741575,7.508554458618164,18213400,yfinance
SAPR11.SA,3880,5,2021-05-11,15.00305891751503,15.17138558498689,14.91523551940918,14.91523551940918,1518900,yfinance
FLRY3.SA,51,1,2021-05-11,18.549639343673277,18.94692611888906,18.441289467558597,18.816905975341797,797359,yfinance
VALE3.SA,5127,6,2021-05-11,68.84256495013038,71.7054672241211,68.44393059640254,71.7054672241211,28693600,yfinance
KFOF11.SA,1298,2,2021-05-11,60.301960737491555,61.202475150387066,60.301960737491555,60.425941467285156,8588,yfinance
PETR3.SA,2546,3,2021-05-12,7.450443057451337,7.606425305783326,7.410682567667571,7.413741111755371,18141800,yfinance
VALE3.SA,5128,6,2021-05-12,71.27058224831507,71.54841616851895,68.83047023532049,69.05394744873047,31737900,yfinance
SAPR11.SA,3881,5,2021-05-12,14.798139703407822,14.878644374758995,14.446848876266513,14.476123809814453,4252100,yfinance
KFOF11.SA,1299,2,2021-05-12,60.6869661322239,61.293835992687995,60.119247560000616,60.32154083251953,9785,yfinance
FLRY3.SA,52,1,2021-05-12,18.71577685342776,18.78078619048396,18.202916812700916,18.340160369873047,1427378,yfinance
PETR3.SA,2547,3,2021-05-13,7.444325325982297,7.517728627673524,7.325045033653753,7.493260860443115,15503000,yfinance
SAPR11.SA,3882,5,2021-05-13,14.541992817982349,14.805460273062412,14.541992817982349,14.710319519042969,2734900,yfinance
FLRY3.SA,53,1,2021-05-13,18.354605952052033,19.0697202988926,18.289596619465105,18.737445831298828,2268640,yfinance
KFOF11.SA,1300,2,2021-05-13,60.68697692159473,60.69350379697736,60.36722972750643,60.615196228027344,2521,yfinance
VALE3.SA,5129,6,2021-05-13,67.64665885211556,68.98751300593864,66.87355491681002,67.94261169433594,34338500,yfinance
KFOF11.SA,1301,2,2021-05-14,60.660851567331044,61.23509192119269,60.556446493240436,60.621700286865234,5247,yfinance
PETR3.SA,2548,3,2021-05-14,7.707354148585336,7.869452885358646,7.6553600710609055,7.841926574707031,21194500,yfinance
SAPR11.SA,3883,5,2021-05-14,14.82009449924331,15.259208689513109,14.724953766039196,15.186022758483887,2687200,yfinance
VALE3.SA,5130,6,2021-05-14,67.16345313534167,67.51980839517918,66.20915574838486,66.77690124511719,25644200,yfinance
FLRY3.SA,54,1,2021-05-14,19.091393400983474,19.120287091337918,18.925256142493676,18.9397029876709,719627,yfinance
VALE3.SA,5131,6,2021-05-17,67.3446570601924,68.74590893308647,67.14533992887749,68.52847290039062,26097500,yfinance
SAPR11.SA,3884,5,2021-05-17,15.156749062802367,15.31775840336808,14.951830114308759,15.090883255004883,1394300,yfinance
KFOF11.SA,1302,2,2021-05-17,60.621712136003495,60.9153567539836,60.621712136003495,60.68696594238281,6022,yfinance
PETR3.SA,2549,3,2021-05-17,7.835811358137366,7.933682441711426,7.8144015481675755,7.933682441711426,11417200,yfinance
FLRY3.SA,55,1,2021-05-17,18.939704294474105,19.286427141602392,18.80968413995622,19.084171295166016,1184851,yfinance
FLRY3.SA,56,1,2021-05-18,19.084169974446695,19.20696815842768,18.9324795611655,19.06972312927246,1522925,yfinance
VALE3.SA,5132,6,2021-05-18,69.19285805648123,69.70021033052012,68.36539751439155,69.2170181274414,27081500,yfinance
SAPR11.SA,3885,5,2021-05-18,15.186020869331928,15.186020869331928,14.878641113971888,14.922552108764648,1058100,yfinance
PETR3.SA,2550,3,2021-05-18,7.936741470883012,7.967325748850178,7.796051342131671,7.829694747924805,14226100,yfinance
KFOF11.SA,1303,2,2021-05-18,60.686954080490025,60.686954080490025,60.62170028686523,60.621700286865234,4191,yfinance
KFOF11.SA,1304,2,2021-05-19,60.62172167272787,60.88274191785394,60.62172167272787,60.78485870361328,4102,yfinance
SAPR11.SA,3886,5,2021-05-19,14.915235964296311,15.273846904344976,14.864006228833816,15.04697036743164,1586700,yfinance
VALE3.SA,5133,6,2021-05-19,67.70704645716548,68.11775843647074,66.34203243652412,67.79764556884766,32914300,yfinance
FLRY3.SA,57,1,2021-05-19,18.896361029208418,19.611475428486717,18.780786276493632,19.5175724029541,2310104,yfinance
PETR3.SA,2551,3,2021-05-19,7.704297641708724,7.826636508417385,7.670654234604693,7.805227279663086,13930700,yfinance
KFOF11.SA,1305,2,2021-05-20,60.79789298552972,61.05238629477367,58.14854982850507,58.79457092285156,13364,yfinance
FLRY3.SA,58,1,2021-05-20,19.57536208687449,19.965425491333008,19.30809688081631,19.965425491333008,1760044,yfinance
PETR3.SA,2552,3,2021-05-20,7.796051770436939,7.823578088805817,7.649245128041419,7.698180675506592,12138100,yfinance
SAPR11.SA,3887,5,2021-05-20,14.9884228552676,15.134794733847503,14.959149317095033,15.07624626159668,1005900,yfinance
VALE3.SA,5134,6,2021-05-20,67.4654433444065,67.70703941440786,66.5594615379477,67.10909271240234,20951000,yfinance
PETR3.SA,2553,3,2021-05-21,7.731823535501866,7.808285395920113,7.719589357823251,7.774641990661621,17829100,yfinance
SAPR11.SA,3888,5,2021-05-21,15.046972298075518,15.06160976605879,14.893283071968506,14.973786354064941,1084700,yfinance
FLRY3.SA,59,1,2021-05-21,19.914857106162152,19.92208052799386,19.481454718356066,19.662038803100586,1229602,yfinance
VALE3.SA,5135,6,2021-05-21,67.10910521472616,67.19366316377038,65.53269620916033,66.07628631591797,27775000,yfinance
KFOF11.SA,1306,2,2021-05-21,58.80110756301633,60.54993660691997,58.79458068825921,59.90391540527344,7168,yfinance
VALE3.SA,5136,6,2021-05-24,65.23070349717882,66.5232374385705,64.9347506697177,66.30580139160156,19332500,yfinance
KFOF11.SA,1307,2,2021-05-24,60.57602553146771,61.000182681639835,60.0278826814718,60.55644989013672,7696,yfinance
PETR3.SA,2554,3,2021-05-24,7.8541626930236825,7.875571921414564,7.734882372927214,7.854162693023682,14621400,yfinance
FLRY3.SA,60,1,2021-05-24,19.705382572422838,19.89319010986287,19.40922368970105,19.582584381103516,2293031,yfinance
SAPR11.SA,3889,5,2021-05-24,15.003059351224497,15.17870475660821,14.951829615809114,15.120156288146973,1358100,yfinance
SAPR11.SA,3890,5,2021-05-25,15.215296739501635,15.229932808069456,15.054287422106627,15.112835884094238,932800,yfinance
KFOF11.SA,1308,2,2021-05-25,60.56298735509815,61.27426737044371,60.56298735509815,61.00019836425781,1904,yfinance
VALE3.SA,5137,6,2021-05-25,66.60778445203523,66.97621743734223,64.49382681544984,64.65690612792969,23310100,yfinance
FLRY3.SA,61,1,2021-05-25,19.582582171247385,19.712603770912807,19.27197793858745,19.365880966186523,1377430,yfinance
PETR3.SA,2555,3,2021-05-25,7.8602790976281,7.89698046214291,7.685945574430907,7.71347188949585,19370700,yfinance
PETR3.SA,2556,3,2021-05-26,7.7318227314111505,7.789933319268115,7.652302334843177,7.783816814422607,10711300,yfinance
VALE3.SA,5138,6,2021-05-26,64.24620075328916,66.63195134423574,64.04084245137055,66.5594711303711,28241800,yfinance
FLRY3.SA,62,1,2021-05-26,19.517574614765525,19.633147919529403,19.163628355514,19.286426544189453,2670978,yfinance
SAPR11.SA,3891,5,2021-05-26,15.120156324410345,15.193342259138817,15.003059387207031,15.003059387207031,876300,yfinance
KFOF11.SA,1309,2,2021-05-26,61.202461097298084,61.2089879695399,60.484659485587706,60.81745529174805,2118,yfinance
FLRY3.SA,63,1,2021-05-27,19.214189937156725,19.329763227614535,18.809681228982193,18.838573455810547,8209121,yfinance
SAPR11.SA,3892,5,2021-05-27,15.025015328290587,15.061607597073424,14.907918393098818,15.054288864135742,1064100,yfinance
PETR3.SA,2557,3,2021-05-27,7.759348657284316,7.8296934180329085,7.6645355449456645,7.722646713256836,20444900,yfinance
KFOF11.SA,1310,2,2021-05-27,60.83052717040021,61.04586921167231,59.05559576090827,59.49932861328125,25075,yfinance
VALE3.SA,5139,6,2021-05-27,66.92185890071725,67.70099921028138,66.29974751397766,67.03661346435547,55448700,yfinance
SAPR11.SA,3893,5,2021-05-28,15.105517917132023,15.105517917132023,14.732270929587067,14.85668659210205,2314200,yfinance
PETR3.SA,2558,3,2021-05-28,7.799109569506186,8.184477406472944,7.799109569506186,8.169184684753418,47632100,yfinance
KFOF11.SA,1311,2,2021-05-28,60.680443570746846,60.680443570746846,59.77340215269561,60.39332580566406,4837,yfinance
FLRY3.SA,64,1,2021-05-28,18.853022927283902,19.15640523122109,18.853022927283902,19.091394424438477,2484656,yfinance
VALE3.SA,5140,6,2021-05-28,67.10910568041028,68.09964561156993,66.0883645066413,67.39901733398438,25153500,yfinance
PETR3.SA,2559,3,2021-05-31,8.169182854803571,8.215060426327588,8.080487422129417,8.150832176208496,20413800,yfinance
FLRY3.SA,65,1,2021-05-31,19.091393251400262,19.156404054188396,18.86024519142403,19.12028694152832,914221,yfinance
KFOF11.SA,1312,2,2021-05-31,60.39332340063694,60.876207558700344,59.838653580978196,60.22365951538086,7321,yfinance
VALE3.SA,5141,6,2021-05-31,67.94864519419926,69.39217604345771,67.94864519419926,69.32573699951172,17812600,yfinance
SAPR11.SA,3894,5,2021-05-31,14.842053194003293,14.893282935569783,14.666407767530007,14.74691104888916,1944700,yfinance
KFOF11.SA,1313,2,2021-06-01,60.54992488772918,60.55645176122305,59.845171906764094,60.45856857299805,3231,yfinance
SAPR11.SA,3895,5,2021-06-01,14.834732312886805,14.981102782475874,14.69567918025746,14.783502578735352,2726900,yfinance
VALE3.SA,5142,6,2021-06-01,70.66658534037413,71.2705732492662,68.37142944335938,68.37142944335938,31468400,yfinance
FLRY3.SA,66,1,2021-06-01,19.091395854051278,19.37310791015625,19.01193819536698,19.37310791015625,1641697,yfinance
PETR3.SA,2560,3,2021-06-01,8.319049133896273,8.404686028641343,8.187534664557665,8.328224182128906,29437700,yfinance
VALE3.SA,5143,6,2021-06-02,68.98750782604738,69.8814074561028,68.55263574307442,69.33782196044922,20338300,yfinance
PETR3.SA,2561,3,2021-06-02,8.346575599160529,8.744176975011095,8.334341423481384,8.741118431091309,44727900,yfinance
KFOF11.SA,1314,2,2021-06-02,60.58256853725852,61.27427296944558,60.30197760901001,60.88926696777344,5444,yfinance
SAPR11.SA,3896,5,2021-06-02,14.76154866081599,15.032336235046388,14.703000184753442,15.032336235046387,3439300,yfinance
FLRY3.SA,67,1,2021-06-02,19.71982613272176,19.727049554536972,18.99748833434512,19.25030517578125,2843515,yfinance
PETR3.SA,2562,3,2021-06-04,8.744177347809222,8.958270764461068,8.670774040677694,8.848165512084961,42167500,yfinance
FLRY3.SA,68,1,2021-06-04,19.243081626164418,19.46700623990063,19.11306149540227,19.394773483276367,1548058,yfinance
VALE3.SA,5144,6,2021-06-04,69.15661872942674,69.32573461435722,67.8822038147635,68.19023895263672,18455100,yfinance
SAPR11.SA,3897,5,2021-06-04,15.025017336357568,15.025017336357568,14.805459506600304,14.849371910095215,2394000,yfinance
KFOF11.SA,1315,2,2021-06-04,60.882731786891085,60.882731786891085,60.05399301991,60.60865783691406,12927,yfinance
PETR3.SA,2563,3,2021-06-07,8.857340763030457,8.909334846354996,8.710534145416808,8.783937454223633,39270400,yfinance
KFOF11.SA,1316,2,2021-06-07,60.073574878598734,60.34764885692961,59.15348467116732,59.21221160888672,15013,yfinance
VALE3.SA,5145,6,2021-06-07,67.7674398598089,68.03923717693095,66.86145801885925,67.52584838867188,22746100,yfinance
SAPR11.SA,3898,5,2021-06-07,14.871323344015062,15.0103764650752,14.827412346382289,14.951828002929688,1643700,yfinance
FLRY3.SA,69,1,2021-06-07,19.438117520629582,19.893190251967013,19.271980251059123,19.719829559326172,2274791,yfinance
KFOF11.SA,1317,2,2021-06-08,59.18608634335424,60.02787364366668,59.17303757728007,59.969146728515625,8123,yfinance
PETR3.SA,2564,3,2021-06-08,8.713590742426447,9.040847306488311,8.698298608601272,8.994970321655273,51187500,yfinance
SAPR11.SA,3899,5,2021-06-08,15.010380559194763,15.068929037309523,14.842053859103054,14.87132740020752,1459500,yfinance
FLRY3.SA,70,1,2021-06-08,19.633145127129833,20.138781733545436,19.597028017950418,19.755943298339844,2079454,yfinance
VALE3.SA,5146,6,2021-06-08,67.9365703408225,68.11172280075984,66.25747987766988,66.3903579711914,22676500,yfinance
FLRY3.SA,71,1,2021-06-09,19.78483728644803,19.907635468593053,19.54646580568534,19.712604522705078,1121541,yfinance
PETR3.SA,2565,3,2021-06-09,9.004147340331675,9.15707103559308,8.961328308975313,9.025556564331055,26326900,yfinance
KFOF11.SA,1318,2,2021-06-09,59.969146728515625,60.52381138974774,59.05557876843311,59.969146728515625,13385,yfinance
VALE3.SA,5147,6,2021-06-09,66.43866177424363,68.45597892897388,65.95546966356999,67.7674331665039,22517600,yfinance
SAPR11.SA,3900,5,2021-06-09,14.92255355283073,14.937191017813248,14.84205028723787,14.864005088806152,1091500,yfinance
VALE3.SA,5148,6,2021-06-10,67.77952311386777,68.47411012292504,67.06681720503663,67.5439682006836,30750900,yfinance
KFOF11.SA,1319,2,2021-06-10,60.03441001431939,60.03441001431939,58.70973850296204,59.30355453491211,11813,yfinance
PETR3.SA,2566,3,2021-06-10,9.05614134105318,9.138719692422185,8.988854542376275,9.043907165527344,18571600,yfinance
FLRY3.SA,72,1,2021-06-10,19.763165117333376,20.001536575159175,19.59702787734815,19.842622756958008,1123768,yfinance
SAPR11.SA,3901,5,2021-06-10,14.915236953090465,15.003060359638072,14.864007214231735,14.929874420166016,1223800,yfinance
VALE3.SA,5149,6,2021-06-11,68.46202793623637,69.31365309199292,68.26271082215777,69.05997467041016,18359200,yfinance
KFOF11.SA,1320,2,2021-06-11,59.44710455951113,59.923466651885406,59.31007011668846,59.68854904174805,5769,yfinance
SAPR11.SA,3902,5,2021-06-11,14.959148406982422,15.12015634690006,14.812776537307764,14.959148406982422,1302700,yfinance
PETR3.SA,2567,3,2021-06-11,9.046966950500124,9.083668898754922,8.890984691293161,8.961329460144043,15355500,yfinance
FLRY3.SA,73,1,2021-06-11,19.813730199010216,19.893186376255944,19.351432673621648,19.53201675415039,938824,yfinance
KFOF11.SA,1321,2,2021-06-14,59.962631710072976,60.164919984754064,59.68856276143165,60.0344123840332,7719,yfinance
PETR3.SA,2568,3,2021-06-14,9.056140511276988,9.172362251335535,8.906275374962593,8.94909381866455,17589000,yfinance
FLRY3.SA,74,1,2021-06-14,19.560913690896783,19.575360536623307,19.20696889269357,19.286426544189453,1836927,yfinance
SAPR11.SA,3903,5,2021-06-14,14.981102343008239,15.537313461303711,14.944510075660789,15.537313461303711,2946800,yfinance
VALE3.SA,5150,6,2021-06-14,69.40426355472405,69.62773616641024,68.32312447766193,68.68551635742188,19212700,yfinance
SAPR11.SA,3904,5,2021-06-15,15.544632460063713,15.617818391917009,15.281163663754068,15.515358924865723,2066800,yfinance
FLRY3.SA,75,1,2021-06-15,19.257531384562725,19.373104680515418,19.185297161437166,19.2286376953125,746351,yfinance
VALE3.SA,5151,6,2021-06-15,68.71571633160832,68.77007765064826,67.19366851943491,67.34466552734375,20587900,yfinance
PETR3.SA,2569,3,2021-06-15,9.004147781383953,9.046966231480098,8.894042528727997,9.013322830200195,11804900,yfinance
KFOF11.SA,1322,2,2021-06-15,60.16491531706889,60.16491531706889,59.70813377143782,59.71466064453125,4700,yfinance
VALE3.SA,5152,6,2021-06-16,67.34466323683708,67.4231800193765,65.24882410105532,65.32130432128906,38217700,yfinance
KFOF11.SA,1323,2,2021-06-16,59.71467922668229,60.021377636421754,59.38187829499193,59.4471321105957,12530,yfinance
FLRY3.SA,76,1,2021-06-16,19.264755539124614,19.293647768424822,18.88191560305568,19.06972312927246,2872253,yfinance
SAPR11.SA,3905,5,2021-06-16,15.588543254375741,15.617818185091592,15.251889926576617,15.303119659423828,1652000,yfinance
PETR3.SA,2570,3,2021-06-16,9.050024253290262,9.111193964204247,8.90627619100727,9.043907165527344,27586600,yfinance
KFOF11.SA,1324,2,2021-06-17,59.50585413817428,59.936533232406546,58.820676741861725,59.10127258300781,4276,yfinance
VALE3.SA,5153,6,2021-06-17,65.03741224762699,65.93131629833245,63.35832675222752,63.96231460571289,33680600,yfinance
FLRY3.SA,77,1,2021-06-17,19.048055934148877,19.33698993998273,18.990268548562753,19.076948165893555,1180715,yfinance
SAPR11.SA,3906,5,2021-06-17,15.303120174710848,15.471446844278312,15.142112238068787,15.200660705566406,1413600,yfinance
PETR3.SA,2571,3,2021-06-17,9.01943920243875,9.068374736766774,8.676890462142577,8.765585899353027,17692600,yfinance
SAPR11.SA,3907,5,2021-06-18,15.222613097509502,15.390941136323073,15.164064639284671,15.376303672790527,1910200,yfinance
KFOF11.SA,1325,2,2021-06-18,59.101281901290946,59.688576193791654,58.76195907592774,58.761959075927734,15175,yfinance
PETR3.SA,2572,3,2021-06-18,8.707476326915051,8.796172363713112,8.597371646208307,8.790055274963379,20238900,yfinance
VALE3.SA,5154,6,2021-06-18,64.63274675059611,65.8890380859375,64.33678936050322,65.8890380859375,59819400,yfinance
FLRY3.SA,78,1,2021-06-18,19.12028458949281,19.127508011136253,18.643541683121697,19.048051834106445,1986346,yfinance
SAPR11.SA,3908,5,2021-06-21,15.368988029566816,15.368988029566816,14.995741009911518,15.339713096618652,2072300,yfinance
VALE3.SA,5155,6,2021-06-21,65.0796998033167,66.85542580153235,64.71126679541396,66.50511169433594,22673600,yfinance
KFOF11.SA,1326,2,2021-06-21,58.977318251514085,59.64292035842893,58.827234918566795,59.04909896850586,4117,yfinance
PETR3.SA,2573,3,2021-06-21,8.817580942769625,9.007206596567507,8.805347349527183,8.973563194274902,9180700,yfinance
FLRY3.SA,79,1,2021-06-21,19.048053448471894,19.170850165769657,18.81690539733946,19.05527687072754,909131,yfinance
VALE3.SA,5156,6,2021-06-22,66.85543268706274,67.69497563204453,66.54739751914356,67.28426361083984,18576100,yfinance
FLRY3.SA,80,1,2021-06-22,18.94692597131734,19.156403760485848,18.853021479840873,19.12751007080078,1693553,yfinance
PETR3.SA,2574,3,2021-06-22,8.967444822637168,9.046965209084597,8.83898890350787,8.98273754119873,14020000,yfinance
KFOF11.SA,1327,2,2021-06-22,59.38186256675511,59.38186256675511,58.82719781321434,59.375335693359375,4923,yfinance
SAPR11.SA,3909,5,2021-06-22,15.398263951725449,15.442174958062978,15.090884115551287,15.325078010559082,1363100,yfinance
SAPR11.SA,3910,5,2021-06-23,15.332394847409004,15.500721514132998,15.24457144969335,15.251890182495117,1519900,yfinance
PETR3.SA,2575,3,2021-06-23,9.016381122134165,9.138719964243375,8.927685680364094,9.00414752960205,11843000,yfinance
VALE3.SA,5157,6,2021-06-23,67.89428570497606,69.00562128891896,67.74328872184931,68.29291534423828,29491400,yfinance
FLRY3.SA,81,1,2021-06-23,19.055277893036635,19.38755241252631,19.026382741415652,19.206968307495117,1261310,yfinance
KFOF11.SA,1328,2,2021-06-23,59.31661827534243,59.31661827534243,58.46177695113742,58.48135757446289,11043,yfinance
FLRY3.SA,82,1,2021-06-24,19.279201651500394,19.438115481328424,19.127509782936716,19.2286376953125,1014011,yfinance
KFOF11.SA,1329,2,2021-06-24,58.207295253182785,58.72933578491211,58.09636325821824,58.72933578491211,5436,yfinance
PETR3.SA,2576,3,2021-06-24,9.11119467144939,9.178480891991706,9.00108941660047,9.141778945922852,13328500,yfinance
VALE3.SA,5158,6,2021-06-24,68.81008454257139,68.93326577034111,67.9170041945217,68.38510131835938,23136700,yfinance
SAPR11.SA,3911,5,2021-06-24,15.332397404927475,15.515361567774315,15.273848928652718,15.420219421386719,1516000,yfinance
PETR3.SA,2577,3,2021-06-25,9.150952536773618,9.224355829177982,8.961326927210871,8.994970321655273,18279900,yfinance
FLRY3.SA,83,1,2021-06-25,19.185296845905228,19.26475449003654,18.643543103469913,18.824127197265625,1157597,yfinance
SAPR11.SA,3912,5,2021-06-25,15.508041398668015,15.544633669488892,15.222616381823684,15.434855461120605,1627000,yfinance
KFOF11.SA,1330,2,2021-06-25,58.72280806229949,58.72933493795254,56.11914227404353,56.77821731567383,7298,yfinance
VALE3.SA,5159,6,2021-06-25,68.73618558340506,70.19590736521153,68.61300433306054,69.22891998291016,26139200,yfinance
VALE3.SA,5160,6,2021-06-28,69.74627108827995,70.02959165920214,67.75686662098259,68.12025451660156,18866400,yfinance
SAPR11.SA,3913,5,2021-06-28,15.449492762714119,15.478766299876865,15.127475478490066,15.178705215454102,2964200,yfinance
FLRY3.SA,84,1,2021-06-28,18.816903815385892,19.214189083949833,18.708552490660416,19.178071975708008,1326210,yfinance
PETR3.SA,2578,3,2021-06-28,9.0194402707324,9.040849496616996,8.875692194537507,8.955212593078613,11154700,yfinance
KFOF11.SA,1331,2,2021-06-28,57.42422520837118,57.502532762295615,55.47310804130698,56.1191291809082,13555,yfinance
VALE3.SA,5161,6,2021-06-29,68.12025289504149,69.62924867917502,68.12025289504149,69.2966537475586,19589500,yfinance
KFOF11.SA,1332,2,2021-06-29,55.85812029933394,57.29372920759659,55.727612661558815,56.112613677978516,16623,yfinance
SAPR11.SA,3914,5,2021-06-29,15.19334178348974,15.259208983092739,14.856687052640465,14.91523551940918,2915000,yfinance
PETR3.SA,2579,3,2021-06-29,8.967448464159673,9.102021525361339,8.869577359052208,9.077553749084473,18376200,yfinance
FLRY3.SA,85,1,2021-06-29,19.12751007174018,19.199744295956393,18.824127791080304,18.99748992919922,910934,yfinance
VALE3.SA,5162,6,2021-06-30,68.87783485197588,70.38682602094507,68.7854465826576,69.75243377685547,18903100,yfinance
FLRY3.SA,86,1,2021-06-30,18.845796281294216,18.968594450882613,18.52074522506816,18.722999572753906,1684433,yfinance
KFOF11.SA,1333,2,2021-06-30,56.11913575606362,56.575917427775636,56.001676900688125,56.158287048339844,9449,yfinance
SAPR11.SA,3915,5,2021-06-30,15.025015303073546,15.207979438491806,14.878643436376707,15.200660705566406,2913500,yfinance
PETR3.SA,2580,3,2021-06-30,9.053084253349782,9.325288285649767,9.013323759852982,9.264119148254395,38599800,yfinance
SAPR11.SA,3916,5,2021-07-01,15.317775276053748,15.37028456061318,15.017721199449358,15.070230484008789,1810800,yfinance
FLRY3.SA,87,1,2021-07-01,18.694104207781244,18.694104207781244,18.275148706534836,18.397945404052734,1506488,yfinance
PETR3.SA,2581,3,2021-07-01,9.34058148682117,9.432335489301359,9.043909084310306,9.102020263671875,14822500,yfinance
VALE3.SA,5163,6,2021-07-01,69.85098081316659,70.43609867280388,68.21880375856982,68.53907775878906,22129200,yfinance
KFOF11.SA,1334,2,2021-07-01,55.59057002657431,55.59709192252714,54.82708502363815,55.427433013916016,9237,yfinance
PETR3.SA,2582,3,2021-07-02,9.209066694833668,9.209066694833668,8.994973251403856,9.184598922729492,10708800,yfinance
SAPR11.SA,3917,5,2021-07-02,15.077735250477472,15.25776773507538,15.01772442227817,15.212759971618652,1240600,yfinance
FLRY3.SA,88,1,2021-07-02,18.491852539305263,18.77356308034093,18.434065162252548,18.556861877441406,1450708,yfinance
KFOF11.SA,1335,2,2021-07-02,55.46005742931976,55.53183811317313,54.94454387189398,55.427433013916016,7351,yfinance
VALE3.SA,5164,6,2021-07-02,68.98254079119735,69.98032566216116,68.7238573910054,69.9556884765625,19688800,yfinance
KFOF11.SA,1336,2,2021-07-05,55.47963185080258,56.00167227121539,54.83361068891521,55.64276885986328,9943,yfinance
PETR3.SA,2583,3,2021-07-05,9.08672678045962,9.169305725794551,8.9368616111616,9.080610275268555,9676800,yfinance
SAPR11.SA,3918,5,2021-07-05,15.160248742635309,15.18275333900341,15.047728622336715,15.107739448547363,832300,yfinance
FLRY3.SA,89,1,2021-07-05,18.491854293027938,18.737449207745446,18.390726373594955,18.6074275970459,807751,yfinance
VALE3.SA,5165,6,2021-07-05,70.152791254223,70.18974468835299,69.15500624114365,69.70317077636719,13732900,yfinance
PETR3.SA,2584,3,2021-07-06,8.994971742857539,9.068375046859598,8.741118431091309,8.741118431091309,26086000,yfinance
FLRY3.SA,90,1,2021-07-06,18.49907517426413,18.52074543973679,17.92120435042285,17.950098037719727,1654210,yfinance
VALE3.SA,5166,6,2021-07-06,69.90642061482984,70.42994793512828,69.39520953894625,70.07271575927734,19028000,yfinance
SAPR11.SA,3919,5,2021-07-06,15.085233112540232,15.130240865046359,14.852689957922156,14.875194549560547,2278200,yfinance
KFOF11.SA,1337,2,2021-07-06,55.916838764363206,57.42422302565183,55.57098912679881,56.7651481628418,4995,yfinance
VALE3.SA,5167,6,2021-07-07,70.7132546263114,71.18751217652247,70.21436459211992,70.27595520019531,21460000,yfinance
PETR3.SA,2585,3,2021-07-07,8.866517246107222,8.866517246107222,8.649365842971687,8.786996841430664,15385400,yfinance
KFOF11.SA,1338,2,2021-07-07,55.897275237159,57.22194714524166,55.897275237159,56.90219497680664,7587,yfinance
SAPR11.SA,3920,5,2021-07-07,15.002719157912237,15.137743859256773,14.740171286494613,15.077733039855957,2892200,yfinance
FLRY3.SA,91,1,2021-07-07,18.152353728665037,18.340161248919966,17.870641717758534,18.1884708404541,2253900,yfinance
KFOF11.SA,1339,2,2021-07-08,57.176255286313335,57.18277718150164,56.18437957763672,56.18437957763672,4465,yfinance
FLRY3.SA,92,1,2021-07-08,17.986217056469663,18.0440044371988,17.63949423314309,17.8561954498291,1457283,yfinance
PETR3.SA,2586,3,2021-07-08,8.59431449053492,8.73194550949671,8.563729625201928,8.612665176391602,13636300,yfinance
SAPR11.SA,3921,5,2021-07-08,14.995218295373688,14.995218295373688,14.815185829142434,14.845191955566406,2043200,yfinance
VALE3.SA,5168,6,2021-07-08,68.9948533471345,70.52848635001538,68.67457934959381,70.00495910644531,21824500,yfinance
FLRY3.SA,93,1,2021-07-12,18.044003555266592,18.152353427789677,17.70450417112479,17.971769332885742,1476583,yfinance
VALE3.SA,5169,6,2021-07-12,71.02122387970063,71.63098368596904,70.83029155399436,70.87340545654297,22333300,yfinance
KFOF11.SA,1340,2,2021-07-12,56.90219201437404,57.99847301546238,56.77168438651345,57.424232482910156,7367,yfinance
PETR3.SA,2587,3,2021-07-12,8.686066075095514,8.747235788662275,8.563727231319614,8.701358795166016,12806700,yfinance
SAPR11.SA,3922,5,2021-07-12,14.957710914219206,15.385288167379835,14.822686217269377,15.377786636352539,3497900,yfinance
VALE3.SA,5170,6,2021-07-13,70.8918826301561,71.39077744751437,70.73790373447851,71.29222869873047,12698500,yfinance
KFOF11.SA,1341,2,2021-07-13,57.42423943413628,58.72933578491211,57.42423943413628,58.72933578491211,5106,yfinance
SAPR11.SA,3923,5,2021-07-13,15.21275892425367,15.400292928311563,15.182752796834373,15.355283737182617,877300,yfinance
FLRY3.SA,94,1,2021-07-13,17.885088852654818,18.123460333281955,17.820079511427952,18.051227569580078,1119102,yfinance
PETR3.SA,2588,3,2021-07-13,8.664658694154028,8.7717054239961,8.575963232301623,8.735003471374512,8356500,yfinance
KFOF11.SA,1342,2,2021-07-14,58.72930656136378,59.146936787516545,57.763533551794886,59.11430740356445,8718,yfinance
VALE3.SA,5171,6,2021-07-14,71.60634872795009,71.71105325181847,70.485382527729,70.90420532226562,19483600,yfinance
FLRY3.SA,95,1,2021-07-14,18.23903171651665,18.361829885696558,18.04400225226825,18.181245803833008,1344026,yfinance
PETR3.SA,2589,3,2021-07-14,8.82675454834763,8.866514446452635,8.621836804212183,8.676889419555664,15431200,yfinance
SAPR11.SA,3924,5,2021-07-14,15.415291048601684,15.5578172598244,15.332777078542707,15.437795639038086,1464900,yfinance
PETR3.SA,2590,3,2021-07-15,8.649363918522344,8.683006732869483,8.438329067810429,8.471972465515137,14057500,yfinance
KFOF11.SA,1343,2,2021-07-15,59.11431803318828,60.03441305779787,58.403043137749016,58.79457092285156,8715,yfinance
FLRY3.SA,96,1,2021-07-15,18.195694558032066,18.31126785658401,17.986216767304978,18.051227569580078,1117087,yfinance
VALE3.SA,5172,6,2021-07-15,70.82412118202372,71.54474587969057,70.52232390637144,71.12592315673828,18236100,yfinance
SAPR11.SA,3925,5,2021-07-15,15.377786091374627,15.392789152897521,15.070230484008789,15.070230484008789,1702600,yfinance
SAPR11.SA,3926,5,2021-07-16,15.160245351391094,15.415291663426952,15.115237599493776,15.30277156829834,1342500,yfinance
KFOF11.SA,1344,2,2021-07-16,59.381872630544976,59.851708023749694,58.79457838903907,59.355770111083984,6465,yfinance
PETR3.SA,2591,3,2021-07-16,8.533143993450635,8.551494677659118,8.254822852298062,8.30987548828125,13025200,yfinance
VALE3.SA,5173,6,2021-07-16,71.0397065007271,71.36614573180391,69.59846618223824,69.84483337402344,19576800,yfinance
FLRY3.SA,97,1,2021-07-16,18.13068242560938,18.325713357078108,18.04400282331668,18.072895050048828,1377112,yfinance
VALE3.SA,5174,6,2021-07-19,68.98254408736908,69.08109283447266,67.88005464922804,69.08109283447266,18644300,yfinance
PETR3.SA,2592,3,2021-07-19,8.0866063067928,8.236471479236618,8.052962902426216,8.212003707885742,15763200,yfinance
FLRY3.SA,98,1,2021-07-19,18.00066214258838,18.116235431704325,17.776736064145506,17.993438720703125,1294502,yfinance
KFOF11.SA,1345,2,2021-07-19,59.381872041598896,60.36722098265581,58.912036653053974,60.04094696044922,16407,yfinance
SAPR11.SA,3927,5,2021-07-19,15.115241317649124,15.280272166485817,15.002721194842007,15.092738151550293,1359100,yfinance
SAPR11.SA,3928,5,2021-07-20,15.04772663116455,15.257765210494195,14.972712750634624,15.04772663116455,1511600,yfinance
VALE3.SA,5175,6,2021-07-20,69.08109200293221,69.67237038124765,67.8800538321447,69.66004943847656,13066600,yfinance
KFOF11.SA,1346,2,2021-07-20,59.4601776632716,60.30196521058284,59.4601776632716,60.132301330566406,6547,yfinance
PETR3.SA,2593,3,2021-07-20,8.144716849073182,8.432213598196492,8.065197030190046,8.346576690673828,13316700,yfinance
FLRY3.SA,99,1,2021-07-20,17.9862183668508,18.231813291794133,17.921207558794173,18.094568252563477,1112421,yfinance
FLRY3.SA,100,1,2021-07-21,18.087345929231482,18.087345929231482,17.437242192281328,17.574485778808594,2335449,yfinance
KFOF11.SA,1347,2,2021-07-21,60.132306709296365,60.295443729680485,59.93654029341671,59.9756965637207,6781,yfinance
VALE3.SA,5176,6,2021-07-21,69.45064554006936,70.7502278538566,69.29050616563775,70.46074676513672,19607100,yfinance
PETR3.SA,2594,3,2021-07-21,8.398570721712957,8.56372862521087,8.334343037035579,8.481149673461914,12603000,yfinance
SAPR11.SA,3929,5,2021-07-21,15.055228830609895,15.100236588617479,14.815185546875,14.815185546875,2452900,yfinance
PETR3.SA,2595,3,2021-07-22,8.484206821892524,8.54843507935882,8.377160115020445,8.493382453918457,6989400,yfinance
FLRY3.SA,101,1,2021-07-22,17.62504753740495,17.841748755928386,17.574483578838215,17.67561149597168,1552194,yfinance
KFOF11.SA,1348,2,2021-07-22,59.91694631815034,60.230171492028695,59.72117996215821,59.7211799621582,7646,yfinance
SAPR11.SA,3930,5,2021-07-22,14.830187910344458,15.08523424497639,14.830187910344458,14.942708015441895,1589600,yfinance
VALE3.SA,5177,6,2021-07-22,70.0172760537059,70.6455078125,69.40752100854363,70.6455078125,12083800,yfinance
PETR3.SA,2596,3,2021-07-23,8.533141232273683,8.539258319483038,8.340457652039337,8.380217552185059,7828900,yfinance
FLRY3.SA,102,1,2021-07-23,17.711728021754993,17.863418431375514,17.610600107975834,17.6900577545166,769787,yfinance
VALE3.SA,5178,6,2021-07-23,69.98032652656462,70.51617004800063,69.4752759632103,70.28828430175781,13163300,yfinance
KFOF11.SA,1349,2,2021-07-23,59.8647408181591,60.19754162928928,59.61024754451401,59.83863830566406,3708,yfinance
SAPR11.SA,3931,5,2021-07-23,14.942709611221412,15.017723499554263,14.702666313173022,14.807684898376465,1769100,yfinance
VALE3.SA,5179,6,2021-07-26,70.48536752783323,71.96972135938351,70.48536752783323,71.81574249267578,16419900,yfinance
FLRY3.SA,103,1,2021-07-26,17.762289581717784,17.863416020802248,17.34333259935979,17.43001365661621,1476583,yfinance
SAPR11.SA,3932,5,2021-07-26,14.845192668887242,14.845192668887242,14.687663359133726,14.717669486999512,1299300,yfinance
PETR3.SA,2597,3,2021-07-26,8.361868107280667,8.575961524326296,8.34963393105743,8.54843521118164,10639300,yfinance
KFOF11.SA,1350,2,2021-07-26,59.83865625178247,59.903915041864316,59.07517620187309,59.64942169189453,5306,yfinance
VALE3.SA,5180,6,2021-07-27,71.2614152406483,71.47698940605252,70.1466097868054,70.32522583007812,22106500,yfinance
SAPR11.SA,3933,5,2021-07-27,14.695164891100173,14.845192668887242,14.650157130072422,14.717669486999512,1181200,yfinance
PETR3.SA,2598,3,2021-07-27,8.536203692844984,8.560671469552272,8.419981899324815,8.511735916137695,7616200,yfinance
KFOF11.SA,1351,2,2021-07-27,59.77340776781966,59.77340776781966,58.272550054553655,58.2921257019043,8483,yfinance
FLRY3.SA,104,1,2021-07-27,17.365007857271888,17.480581172467456,17.076072377710297,17.27110481262207,1260355,yfinance
KFOF11.SA,1352,2,2021-07-28,58.5531412689492,59.34924574266629,58.53356064461674,59.34272384643555,6788,yfinance
PETR3.SA,2599,3,2021-07-28,8.57290160190209,8.69829897124049,8.46891345415451,8.66771411895752,12508600,yfinance
VALE3.SA,5181,6,2021-07-28,71.1382524953583,72.43167432818855,70.98427359385319,72.24690246582031,25209200,yfinance
FLRY3.SA,105,1,2021-07-28,17.34333768604531,17.588932625921828,17.184423828848193,17.574485778808594,1269475,yfinance
SAPR11.SA,3934,5,2021-07-28,14.770177142007777,14.897700309753418,14.710166323702225,14.897700309753418,916200,yfinance
KFOF11.SA,1353,2,2021-07-29,59.38841083604719,59.629850474670334,58.72933578491211,58.72933578491211,7664,yfinance
PETR3.SA,2600,3,2021-07-29,8.661600530959662,8.692185395598367,8.563729430802026,8.634074211120605,6722500,yfinance
FLRY3.SA,106,1,2021-07-29,17.545592854449776,17.545592854449776,17.19887143061559,17.37945556640625,1606595,yfinance
SAPR11.SA,3935,5,2021-07-29,14.87519722392159,14.95021111209873,14.702666282653807,14.702666282653809,1080900,yfinance
VALE3.SA,5182,6,2021-07-29,71.67409264603398,72.40702893881871,70.6763077856331,71.18135833740234,30576800,yfinance
PETR3.SA,2601,3,2021-07-30,8.572903132552362,8.640189352902498,8.404686706640561,8.41080379486084,16455300,yfinance
KFOF11.SA,1354,2,2021-07-30,58.35085294504536,59.34925079345703,58.35085294504536,59.34925079345703,8482,yfinance
SAPR11.SA,3936,5,2021-07-30,14.740172425139884,14.75517548884174,14.485126065291952,14.642655372619629,1981300,yfinance
VALE3.SA,5183,6,2021-07-30,69.91258345255879,69.91258345255879,66.98698425292969,66.98698425292969,41956700,yfinance
FLRY3.SA,107,1,2021-07-30,17.40112048769235,17.40112048769235,16.779909147666896,16.87381362915039,2538103,yfinance
FLRY3.SA,108,1,2021-08-02,17.090519074210334,17.603379217179068,17.061626841452252,17.263879776000977,2106390,yfinance
VALE3.SA,5184,6,2021-08-02,68.30503684447294,68.59451791079721,67.09168243408203,67.09168243408203,23109400,yfinance
SAPR11.SA,3937,5,2021-08-02,14.74766986570763,14.762672925247353,14.56763744354248,14.56763744354248,2756800,yfinance
KFOF11.SA,1355,2,2021-08-02,58.73585092675062,58.97729051714036,57.424227962256076,57.90711212158203,6512,yfinance
PETR3.SA,2602,3,2021-08-02,8.453620484111546,8.631011922031075,8.331281661987305,8.331281661987305,18167000,yfinance
KFOF11.SA,1356,2,2021-08-03,57.91362154264887,59.36227856259275,57.91362154264887,58.507442474365234,2985,yfinance
VALE3.SA,5185,6,2021-08-03,67.6152054687075,69.61693092158427,67.4057964461104,69.37672424316406,36641400,yfinance
FLRY3.SA,109,1,2021-08-03,17.263877283084454,17.30721781753582,16.86659197271006,17.148303985595703,2081151,yfinance
SAPR11.SA,3938,5,2021-08-03,14.61264691354177,14.657656097465425,14.320094371891393,14.597643852233887,1737300,yfinance
PETR3.SA,2603,3,2021-08-03,8.349633049628041,8.471972465515137,8.153890917580796,8.471972465515137,14480700,yfinance
KFOF11.SA,1357,2,2021-08-04,58.115931469214516,58.115931469214516,56.84346468147784,57.358978271484375,9110,yfinance
SAPR11.SA,3939,5,2021-08-04,14.545136434403132,14.7101672684201,14.380107031157022,14.492627143859863,1495700,yfinance
FLRY3.SA,110,1,2021-08-04,17.071202738791403,17.16563973219352,16.824215148457686,16.84600830078125,2405757,yfinance
PETR3.SA,2604,3,2021-08-04,8.419979583498323,8.438330265142175,8.086605852953808,8.166126251220703,21499300,yfinance
VALE3.SA,5186,6,2021-08-04,68.98255186167879,69.75244641370645,68.74850560952521,69.30282592773438,18828200,yfinance
KFOF11.SA,1358,2,2021-08-05,56.81736991968484,57.30678105542758,56.79126739501953,56.79126739501953,3501,yfinance
FLRY3.SA,111,1,2021-08-05,16.99855968129322,17.245547283012293,16.737043310688705,16.79515838623047,2999509,yfinance
PETR3.SA,2605,3,2021-08-05,8.887927791404765,9.144839726648259,8.72888754182938,8.952156066894531,56764100,yfinance
SAPR11.SA,3940,5,2021-08-05,14.560139880894086,14.560139880894086,14.177570343017578,14.177570343017578,1938900,yfinance
VALE3.SA,5187,6,2021-08-05,67.52897796367313,67.74454745818076,66.45728626307627,67.18406677246094,32215200,yfinance
PETR3.SA,2606,3,2021-08-06,8.952154767072349,8.988856133430916,8.808406095987813,8.903219223022461,14207700,yfinance
KFOF11.SA,1359,2,2021-08-06,56.797771868631095,58.70973748395666,56.58895673221702,56.8630256652832,4059,yfinance
FLRY3.SA,112,1,2021-08-06,16.787890307330873,16.9331764948792,16.613546588406262,16.635339736938477,1827065,yfinance
VALE3.SA,5188,6,2021-08-06,67.65832913868319,68.29888194000033,67.44275961397628,67.5659408569336,19273100,yfinance
SAPR11.SA,3941,5,2021-08-06,14.200075963575355,14.25258525929149,14.08755583978778,14.185072898864746,2114300,yfinance
PETR3.SA,2607,3,2021-08-09,8.808404481167745,8.854282055741898,8.67077350751807,8.820638656616211,16383300,yfinance
FLRY3.SA,113,1,2021-08-09,16.63534096014117,17.00582157376418,16.584488807160398,16.867799758911133,2734924,yfinance
VALE3.SA,5189,6,2021-08-09,66.64206586332192,67.41196036127648,66.32179181976058,67.14096069335938,21502300,yfinance
KFOF11.SA,1360,2,2021-08-09,56.89565718637494,58.52050018310547,56.88913031290131,58.52050018310547,2965,yfinance
SAPR11.SA,3942,5,2021-08-09,14.17757063866909,14.417613938631638,14.15506747352943,14.260086059570312,1453200,yfinance
KFOF11.SA,1361,2,2021-08-10,58.17466322878405,58.72932810966597,57.10448475929166,57.73093032836914,7391,yfinance
FLRY3.SA,114,1,2021-08-10,16.962236125717574,17.158374486784076,16.889592288285538,16.998558044433594,1696946,yfinance
PETR3.SA,2608,3,2021-08-10,8.884868137124707,9.01944117767677,8.817581908527531,8.823698997497559,13708300,yfinance
VALE3.SA,5190,6,2021-08-10,67.10399210780756,68.2064814210067,67.0362410266176,67.78765869140625,17440500,yfinance
SAPR11.SA,3943,5,2021-08-10,14.275089108599294,14.41761392357135,14.155067458743392,14.207576751708984,1402600,yfinance
VALE3.SA,5191,6,2021-08-11,67.86774765955573,68.0586800092751,67.29494591133414,67.30110168457031,14680600,yfinance
PETR3.SA,2609,3,2021-08-11,8.811464289539158,9.053084039102202,8.750295153591395,8.961329460144043,13417700,yfinance
KFOF11.SA,1362,2,2021-08-11,57.443814781134435,57.633054348428736,56.32143112879441,56.46499252319336,3425,yfinance
FLRY3.SA,115,1,2021-08-11,16.91865081144443,16.91865081144443,16.322975717709326,16.490055084228516,3631224,yfinance
SAPR11.SA,3944,5,2021-08-11,14.200075823644577,14.357603709240665,14.080054168684418,14.170069694519043,1088100,yfinance
KFOF11.SA,1363,2,2021-08-12,56.77167303510336,57.90058320670641,52.934692787766,53.189186096191406,16893,yfinance
SAPR11.SA,3945,5,2021-08-12,14.162566963404077,14.237580849097144,13.99753755949602,14.042545318603516,1198500,yfinance
PETR3.SA,2610,3,2021-08-12,8.994973211603488,9.09896138842554,8.918511351196551,9.010265350341797,14101100,yfinance
VALE3.SA,5192,6,2021-08-12,67.25796508789062,67.73838308487063,67.0300793793747,67.25796508789062,14849500,yfinance
FLRY3.SA,116,1,2021-08-12,16.46099436429557,17.361771949538085,16.308443795611943,17.151107788085938,7049084,yfinance
VALE3.SA,5193,6,2021-08-13,67.56592165256924,67.68910755957647,66.49423010644679,66.70364379882812,11855200,yfinance
SAPR11.SA,3946,5,2021-08-13,14.177570107732054,14.530134943273376,13.997537639502193,14.507630348205566,2153000,yfinance
PETR3.SA,2611,3,2021-08-13,9.013325500942324,9.190717025363412,8.982741218015567,9.150957107543945,14005900,yfinance
FLRY3.SA,117,1,2021-08-13,17.238279523847712,17.289130204991764,16.751568800135185,17.020349502563477,2439692,yfinance
KFOF11.SA,1364,2,2021-08-13,54.37682286309898,55.17293217323001,53.57418667935574,54.487754821777344,5025,yfinance
KFOF11.SA,1365,2,2021-08-16,54.507328180812614,55.13377360060592,54.1419029305696,54.520381927490234,3708,yfinance
VALE3.SA,5194,6,2021-08-16,66.05078803065463,67.07321018843369,65.23777962166417,67.0116195678711,21856700,yfinance
SAPR11.SA,3947,5,2021-08-16,14.447619244112259,14.65765783500895,14.305093006333403,14.47762393951416,2642300,yfinance
PETR3.SA,2612,3,2021-08-16,9.108137075496115,9.108137075496115,8.848166631905023,8.976622581481934,14341000,yfinance
FLRY3.SA,118,1,2021-08-16,16.918651168762818,17.107523691773466,16.664399186863847,16.831480026245117,2425058,yfinance
FLRY3.SA,119,1,2021-08-17,16.72977644387174,16.86779972780345,16.352029978233944,16.671661376953125,2144778,yfinance
SAPR11.SA,3948,5,2021-08-17,14.282589752901952,14.440117622008406,14.057548100330228,14.21507740020752,2934100,yfinance
PETR3.SA,2613,3,2021-08-17,8.869804715104234,9.206346308523035,8.84715299578048,8.979827880859375,20573000,yfinance
KFOF11.SA,1366,2,2021-08-17,54.553022299190076,54.553022299190076,53.1891991065202,54.03098678588867,3991,yfinance
VALE3.SA,5195,6,2021-08-17,66.58662063685881,67.33187777823203,65.07762964219552,65.9029541015625,23402600,yfinance
FLRY3.SA,120,1,2021-08-18,16.64986835804439,16.80968479332979,16.28665212560764,16.5118465423584,2011691,yfinance
PETR3.SA,2614,3,2021-08-18,9.005717979729537,9.086617350951402,8.86333491355935,8.873043060302734,15096100,yfinance
SAPR11.SA,3949,5,2021-08-18,14.252584527600117,14.440118534542224,14.087555116568597,14.260086059570312,2298300,yfinance
VALE3.SA,5196,6,2021-08-18,65.12690154933216,65.12690154933216,63.69182205200195,63.69182205200195,35379200,yfinance
KFOF11.SA,1367,2,2021-08-18,54.024437345356205,54.024437345356205,53.19569878409074,53.90045166015625,2836,yfinance
KFOF11.SA,1368,2,2021-08-19,53.90045220360936,53.90045220360936,53.18917742639505,53.228328704833984,5726,yfinance
FLRY3.SA,121,1,2021-08-19,16.395619819969944,17.31819074657228,16.315711592857387,17.172903060913086,2316043,yfinance
PETR3.SA,2615,3,2021-08-19,8.740368503456681,8.873043428387298,8.688592953103916,8.788908004760742,13268300,yfinance
SAPR11.SA,3950,5,2021-08-19,14.14006144690866,14.740169571078056,14.14006144690866,14.695161819458008,2219100,yfinance
VALE3.SA,5197,6,2021-08-19,60.766233855044824,61.76401409507184,59.92858828374868,60.05792999267578,60456900,yfinance
SAPR11.SA,3951,5,2021-08-20,14.665157130485907,15.602827060332086,14.650155498994152,15.400291442871094,6023300,yfinance
KFOF11.SA,1369,2,2021-08-20,53.189191841554226,53.502412111043746,52.90206911240015,53.28707504272461,7350,yfinance
PETR3.SA,2616,3,2021-08-20,8.737131736813424,8.788907282913781,8.610928920345453,8.78567123413086,12420500,yfinance
VALE3.SA,5198,6,2021-08-20,60.10718634628379,61.03721998898874,60.01480278828491,60.08255386352539,31351100,yfinance
FLRY3.SA,122,1,2021-08-20,17.005822378626842,17.652348121888345,16.816948401853868,17.57970428466797,1895252,yfinance
FLRY3.SA,123,1,2021-08-23,17.623287249359255,17.732251506135164,17.238276486441094,17.56517219543457,3133551,yfinance
KFOF11.SA,1370,2,2021-08-23,53.28053508304978,53.998336751101604,53.27400821029566,53.61985778808594,2380,yfinance
SAPR11.SA,3952,5,2021-08-23,15.400290537562682,15.400290537562682,14.987714934221223,15.055227279663086,1866600,yfinance
PETR3.SA,2617,3,2021-08-23,8.905400697809174,9.08337902295603,8.834208873979978,9.080142974853516,21931900,yfinance
VALE3.SA,5199,6,2021-08-23,60.08871355553574,60.316603977947615,59.22643563086868,59.251068115234375,19773500,yfinance
KFOF11.SA,1371,2,2021-08-24,53.67207624306357,55.38827579448603,53.61987120505808,55.283870697021484,13164,yfinance
FLRY3.SA,124,1,2021-08-24,17.739518249842444,18.037356471529893,17.54338138606444,17.652345657348633,3146700,yfinance
VALE3.SA,5200,6,2021-08-24,61.209683910864136,62.37376389103468,61.03722831366296,61.41293716430664,29779200,yfinance
SAPR11.SA,3953,5,2021-08-24,15.182752220959914,15.242763042751422,15.040225982666016,15.040225982666016,1993100,yfinance
PETR3.SA,2618,3,2021-08-24,9.135156296802073,9.183695793151855,9.07690865429706,9.183695793151855,9774200,yfinance
VALE3.SA,5201,6,2021-08-25,61.64698011341771,61.874870539983924,60.69847437899311,61.283592224121094,15088600,yfinance
FLRY3.SA,125,1,2021-08-25,17.507061916780874,17.724991959108717,17.441682463282536,17.57970428466797,1369583,yfinance
PETR3.SA,2619,3,2021-08-25,9.157807355477685,9.212818945268744,9.093088237449646,9.206347465515137,9107100,yfinance
SAPR11.SA,3954,5,2021-08-25,15.055228171266451,15.122740520706543,14.800181835775168,14.897700309753418,1747600,yfinance
KFOF11.SA,1372,2,2021-08-25,55.30345444506909,55.433962080659235,54.161495208740234,54.161495208740234,5197,yfinance
SAPR11.SA,3955,5,2021-08-26,14.837690598375586,15.032726130111442,14.800182939904724,14.965213775634766,1381900,yfinance
PETR3.SA,2620,3,2021-08-26,9.115740235147083,9.271066863764952,9.1125041865659,9.131919860839844,17813300,yfinance
VALE3.SA,5202,6,2021-08-26,61.27743878520682,61.46837580739934,60.50138854980469,60.50138854980469,18032300,yfinance
KFOF11.SA,1373,2,2021-08-26,54.650882686788314,54.650882686788314,52.89552736914692,53.90045166015625,9485,yfinance
FLRY3.SA,126,1,2021-08-26,17.57970535209705,17.732257419522707,17.44894790649414,17.44894790649414,1403411,yfinance
PETR3.SA,2621,3,2021-08-27,9.193403162354063,9.41992161579376,9.180459585787494,9.410213470458984,10210800,yfinance
SAPR11.SA,3956,5,2021-08-27,14.972713415286963,15.00271954113924,14.815185546875,14.815185546875,1291100,yfinance
VALE3.SA,5203,6,2021-08-27,60.981798426054226,62.20746902476503,60.91404734129036,62.016536712646484,19572800,yfinance
KFOF11.SA,1374,2,2021-08-27,53.83520685983989,54.81402880274607,53.82215809116132,54.487754821777344,2212,yfinance
FLRY3.SA,127,1,2021-08-27,17.528855272133192,17.528855272133192,17.296396459653458,17.361774444580078,1380081,yfinance
FLRY3.SA,128,1,2021-08-30,17.48526904512828,17.543384115833586,17.238281463964025,17.260074615478516,1372552,yfinance
SAPR11.SA,3957,5,2021-08-30,14.792678754428591,14.882695687838897,14.53013234608732,14.635150909423828,1505400,yfinance
PETR3.SA,2622,3,2021-08-30,9.34549387950032,9.468461253443285,9.274302664258121,9.293718338012695,15703900,yfinance
VALE3.SA,5204,6,2021-08-30,62.096613193682415,62.60166381878226,61.560764907672954,61.62236022949219,13031600,yfinance
KFOF11.SA,1375,2,2021-08-30,54.51386960508118,55.00328068666775,53.86784837138007,54.81404113769531,6005,yfinance
PETR3.SA,2623,3,2021-08-31,9.290483222079942,9.313135563816076,8.973357844332481,9.034841537475586,30637100,yfinance
VALE3.SA,5205,6,2021-08-31,60.975626682315124,61.13576600752111,60.17493475534689,60.778533935546875,20433600,yfinance
SAPR11.SA,3958,5,2021-08-31,14.627650838264014,14.74767247427016,14.40261062844518,14.537633895874023,1267700,yfinance
FLRY3.SA,129,1,2021-08-31,17.2818664105846,17.65961140185428,17.078465148413756,17.187429428100586,2447752,yfinance
KFOF11.SA,1376,2,2021-08-31,54.814044560209965,54.977181597591546,54.30505780014701,54.7487907409668,3338,yfinance
PETR3.SA,2624,3,2021-09-01,9.093087591963124,9.099559688470437,8.772726221408222,8.986300468444824,18159400,yfinance
KFOF11.SA,1377,2,2021-09-01,53.521975971494534,55.55792718910138,53.339263358096225,55.140296936035156,10270,yfinance
SAPR11.SA,3959,5,2021-09-01,14.567642115108525,14.62765294174124,14.455121994018555,14.455121994018555,1893300,yfinance
VALE3.SA,5206,6,2021-09-01,59.96553082184051,61.33901969503284,58.95542982213585,60.883243560791016,20847500,yfinance
FLRY3.SA,130,1,2021-09-01,17.21648748227703,17.536118886410417,17.085730048828466,17.36903953552246,1765240,yfinance
KFOF11.SA,1378,2,2021-09-02,55.44701785429742,55.44701785429742,54.75531839904851,54.87929916381836,1468,yfinance
PETR3.SA,2625,3,2021-09-02,8.93128961408481,9.138391781577,8.830974578857422,8.830974578857422,15610800,yfinance
FLRY3.SA,131,1,2021-09-02,17.347245306516395,17.39809746141034,16.940442760697447,16.976764678955078,1386762,yfinance
VALE3.SA,5207,6,2021-09-02,60.833968258373034,61.591546346016344,60.304285282934394,60.69231033325195,24448600,yfinance
SAPR11.SA,3960,5,2021-09-02,14.432617826547576,14.515133252159705,14.245083808898926,14.245083808898926,1495000,yfinance
KFOF11.SA,1379,2,2021-09-03,54.97717220390236,55.72107656897116,53.67207612784533,53.71122741699219,7428,yfinance
SAPR11.SA,3961,5,2021-09-03,14.372606998130848,14.372606998130848,14.17757144808373,14.245083808898926,1351200,yfinance
VALE3.SA,5208,6,2021-09-03,61.69009488681274,62.13355007193397,60.67383343540304,60.73542404174805,38716500,yfinance
PETR3.SA,2626,3,2021-09-03,8.856862736432817,8.889221988606229,8.730659307546457,8.834210395812988,34286600,yfinance
FLRY3.SA,132,1,2021-09-03,17.02034926652388,17.492531217646988,16.918647905646175,17.29639434814453,2932063,yfinance
PETR3.SA,2627,3,2021-09-06,8.788906285870437,8.924817233268975,8.746838890891114,8.85686206817627,7621100,yfinance
KFOF11.SA,1380,2,2021-09-06,54.16150282763852,54.55303076803236,54.16150282763852,54.357269287109375,4910,yfinance
FLRY3.SA,133,1,2021-09-06,17.252806909070568,17.543380737304688,17.05667005254577,17.543380737304688,1665875,yfinance
SAPR11.SA,3962,5,2021-09-06,14.222578048706055,14.335099594711028,14.200074884121772,14.222578048706055,1002900,yfinance
VALE3.SA,5209,6,2021-09-06,59.67604577908335,60.082552219402416,59.22643014558578,59.7807502746582,11916100,yfinance
KFOF11.SA,1381,2,2021-09-08,54.468184734910864,54.787931874879646,53.38495261790958,53.3914794921875,4956,yfinance
SAPR11.SA,3963,5,2021-09-08,14.237579333215779,14.237579333215779,13.712485050813058,13.73498821258545,2633500,yfinance
PETR3.SA,2628,3,2021-09-08,8.814792288718785,8.82126438425283,8.339104376800451,8.364992141723633,26766100,yfinance
VALE3.SA,5210,6,2021-09-08,59.41736900210568,59.57750834774949,58.32719593626824,58.5366096496582,22635100,yfinance
FLRY3.SA,134,1,2021-09-08,17.478003131106565,17.528853813521778,17.06393622724904,17.107521057128906,2110632,yfinance
FLRY3.SA,135,1,2021-09-09,17.100259313661905,17.81216450820066,17.056673011465666,17.594234466552734,1944458,yfinance
PETR3.SA,2629,3,2021-09-09,8.471780333446432,8.588275599116926,8.11582305728565,8.442656517028809,40726600,yfinance
KFOF11.SA,1382,2,2021-09-09,52.89554033716023,53.38495134687798,52.74545708216601,52.99995040893555,4918,yfinance
SAPR11.SA,3964,5,2021-09-09,13.79500350541532,14.05755144720532,13.58496629660026,14.012543678283691,2017600,yfinance
VALE3.SA,5211,6,2021-09-09,58.610523303737004,58.95543449220792,57.38484803216176,58.32719802856445,28997700,yfinance
FLRY3.SA,136,1,2021-09-10,17.76131153215352,17.76857591491622,17.151107788085938,17.151107788085938,1509669,yfinance
KFOF11.SA,1383,2,2021-09-10,53.50895269348017,53.59378216766827,52.41919838835464,52.432247161865234,8395,yfinance
VALE3.SA,5212,6,2021-09-10,58.82608687858247,59.244909579190065,58.39494323730469,58.39494323730469,18022000,yfinance
SAPR11.SA,3965,5,2021-09-10,14.170070339171252,14.31259659745964,13.95253161619839,13.982536315917969,1461700,yfinance
PETR3.SA,2630,3,2021-09-10,8.623871367423614,8.656231233796316,8.423241306896465,8.436184883117676,16917300,yfinance
KFOF11.SA,1384,2,2021-09-13,52.66062412396933,53.18266454032357,52.66062412396933,52.836814880371094,5449,yfinance
PETR3.SA,2631,3,2021-09-13,8.620636092028736,8.759783097858703,8.520321052770479,8.698299407958984,8394200,yfinance
FLRY3.SA,137,1,2021-09-13,17.369039403927932,17.616026971311268,17.238280502136814,17.528854370117188,1005315,yfinance
SAPR11.SA,3966,5,2021-09-13,14.230080539850636,14.53013610839844,14.14756654619388,14.530136108398438,1277700,yfinance
VALE3.SA,5213,6,2021-09-13,58.327204314418886,58.51198087047718,57.859111850780444,58.36416244506836,18832800,yfinance
FLRY3.SA,138,1,2021-09-14,17.514326938675687,17.77584329286468,17.456211866781835,17.645084381103516,949111,yfinance
KFOF11.SA,1385,2,2021-09-14,52.89554269292513,53.1957141948283,52.82376201001933,52.97385025024414,7716,yfinance
PETR3.SA,2632,3,2021-09-14,8.591512192988215,8.698299328569302,8.533265169482029,8.633580207824707,12296700,yfinance
SAPR11.SA,3967,5,2021-09-14,14.590143629938739,14.687660666080466,14.335097312927248,14.335097312927246,1339600,yfinance
VALE3.SA,5214,6,2021-09-14,58.604358277832326,58.8692021195557,57.32325296442335,57.95148468017578,25571600,yfinance
KFOF11.SA,1386,2,2021-09-15,53.202236914678565,53.202236914678565,52.432230086084125,52.72587966918945,5012,yfinance
FLRY3.SA,139,1,2021-09-15,17.64508248003775,17.695933162466257,17.41262368684059,17.601497650146484,979016,yfinance
VALE3.SA,5215,6,2021-09-15,57.82215211623612,58.167068031373304,56.50409317016601,56.504093170166016,35084400,yfinance
SAPR11.SA,3968,5,2021-09-15,14.290088512927108,14.402610044041587,13.99753596587915,14.125059127807617,1438400,yfinance
PETR3.SA,2633,3,2021-09-15,8.656231499796288,8.834209844495632,8.614164104268253,8.727422714233398,12428700,yfinance
FLRY3.SA,140,1,2021-09-16,17.507061789586817,17.870279503716528,17.456211103902,17.695934295654297,1494823,yfinance
PETR3.SA,2634,3,2021-09-16,8.695062626956641,8.717714346768862,8.491195914220512,8.646522521972656,9982400,yfinance
VALE3.SA,5216,6,2021-09-16,55.69724826935592,55.69724826935592,54.151298787254234,54.1574592590332,39726500,yfinance
KFOF11.SA,1387,2,2021-09-16,53.1696113543784,53.443680309856326,52.719351657131824,53.13698196411133,2145,yfinance
SAPR11.SA,3969,5,2021-09-16,14.117560386657717,14.177571214083969,13.967534033477575,14.117560386657715,1578900,yfinance
PETR3.SA,2635,3,2021-09-17,8.610928090080943,8.640051909105928,8.251734733581543,8.251734733581543,31723100,yfinance
VALE3.SA,5217,6,2021-09-17,54.3791817288389,54.6871394882961,52.40209347701121,53.06112289428711,74648800,yfinance
FLRY3.SA,141,1,2021-09-17,17.57970535209705,17.768579340338338,17.23828223509684,17.44894790649414,2012221,yfinance
KFOF11.SA,1388,2,2021-09-17,53.22835708227626,53.22835708227626,52.53013069945032,52.68674087524414,7971,yfinance
SAPR11.SA,3970,5,2021-09-17,14.065049503242081,14.087554097524764,13.810003157788291,13.847509384155273,1795800,yfinance
KFOF11.SA,1389,2,2021-09-20,52.621483178603896,52.94123038273408,52.43224361494189,52.8759765625,3451,yfinance
FLRY3.SA,142,1,2021-09-20,17.361773218673353,17.441681434904297,16.998556992653608,17.129314422607422,1637030,yfinance
PETR3.SA,2636,3,2021-09-20,8.03816104774821,8.167599909786592,7.928137860712291,8.164363861083984,20098700,yfinance
VALE3.SA,5218,6,2021-09-20,50.9978081544079,51.699951488063235,49.97538611122331,50.967010498046875,49636100,yfinance
SAPR11.SA,3971,5,2021-09-20,13.727487199468186,13.967531903335766,13.652474749703508,13.840008735656738,2092100,yfinance
VALE3.SA,5219,6,2021-09-21,52.16804516594821,52.16804516594821,50.819193307830275,51.81081771850586,32380300,yfinance
KFOF11.SA,1390,2,2021-09-21,52.84986503226295,52.875967551617784,52.386556515444276,52.85639190673828,9111,yfinance
SAPR11.SA,3972,5,2021-09-21,13.952528943561253,14.402610799309185,13.870013531289079,14.102555274963379,3028500,yfinance
FLRY3.SA,143,1,2021-09-21,17.18016498441167,17.44894569504925,17.085729471592966,17.24554443359375,1005421,yfinance
PETR3.SA,2637,3,2021-09-21,8.245262767942302,8.361758045897387,8.14171168407696,8.293802261352539,11818300,yfinance
KFOF11.SA,1391,2,2021-09-22,52.791144588859005,53.34580950234831,52.471397399902344,52.471397399902344,11203,yfinance
VALE3.SA,5220,6,2021-09-22,54.26215215746248,55.11211851644272,53.28284881227829,53.65239715576172,62161000,yfinance
FLRY3.SA,144,1,2021-09-22,17.24554340928496,17.36177206492756,16.998555863044707,17.03487777709961,1761210,yfinance
SAPR11.SA,3973,5,2021-09-22,14.297588692839467,14.657654982998368,14.207573193377668,14.432613372802734,1883900,yfinance
PETR3.SA,2638,3,2021-09-22,8.394118211465484,8.652995930305607,8.394118211465484,8.56238842010498,12562500,yfinance
SAPR11.SA,3974,5,2021-09-23,14.432615583913757,14.657657228586304,14.417612521448095,14.515130996704102,1645700,yfinance
VALE3.SA,5221,6,2021-09-23,53.847700637286536,54.62278079165314,52.77347010625199,53.650535583496094,47485400,yfinance
PETR3.SA,2639,3,2021-09-23,8.562388136816844,8.91834545135498,8.562388136816844,8.91834545135498,14710700,yfinance
KFOF11.SA,1392,2,2021-09-23,52.477887370781694,53.15001073763918,52.477887370781694,52.63450241088867,1164,yfinance
FLRY3.SA,145,1,2021-09-23,17.10752233124837,17.260074389855646,16.97676489320398,16.998558044433594,1319741,yfinance
KFOF11.SA,1393,2,2021-09-24,52.39961624145508,53.37191155023343,52.39961624145508,52.39961624145508,8477,yfinance
PETR3.SA,2640,3,2021-09-24,8.850390283862694,9.008952958557842,8.785670547687344,8.91834545135498,12849300,yfinance
SAPR11.SA,3975,5,2021-09-24,14.43261330999964,14.837687348126773,14.26758394119075,14.822684288024902,2687100,yfinance
VALE3.SA,5222,6,2021-09-24,53.22898473409423,53.56893226322715,52.351919486468795,52.821048736572266,26631600,yfinance
FLRY3.SA,146,1,2021-09-24,16.88959384445285,16.925917235848903,16.628078944268715,16.853273391723633,1400760,yfinance
VALE3.SA,5223,6,2021-09-27,53.43975866956259,53.93608441994217,52.01197986750027,53.575740814208984,38386300,yfinance
SAPR11.SA,3976,5,2021-09-27,14.85268981474103,15.047725314748295,14.717666558524284,14.860191345214844,1972100,yfinance
FLRY3.SA,147,1,2021-09-27,16.758833236440825,16.860534599052293,16.21400744683138,16.381088256835938,2505865,yfinance
KFOF11.SA,1394,2,2021-09-27,52.399596201052404,52.751967671404664,52.38654245560518,52.445274353027344,2122,yfinance
PETR3.SA,2641,3,2021-09-27,8.960415158120046,9.183696993966915,8.850391956160749,9.057494163513184,19582400,yfinance
KFOF11.SA,1395,2,2021-09-28,52.464853734914264,52.804176462567995,52.399599938659186,52.438751220703125,3370,yfinance
VALE3.SA,5224,6,2021-09-28,52.67827562955912,52.895841858198374,50.692977957639336,50.8901481628418,35896000,yfinance
FLRY3.SA,148,1,2021-09-28,16.293917044352167,16.424674480912017,16.0832513875243,16.199480056762695,2150399,yfinance
PETR3.SA,2642,3,2021-09-28,9.041311559890321,9.329313049371866,8.934524442211867,8.979827880859375,16663600,yfinance
SAPR11.SA,3977,5,2021-09-28,14.66515545595575,14.927703292487998,14.620147705078125,14.620147705078125,2159800,yfinance
KFOF11.SA,1396,2,2021-09-29,52.85639064738732,53.176137789409395,52.44528717907323,52.46486282348633,3015,yfinance
VALE3.SA,5225,6,2021-09-29,51.51565149280842,52.21594783088885,50.890149220864664,51.53605270385742,39704900,yfinance
SAPR11.SA,3978,5,2021-09-29,14.792681748772628,15.010221880599284,14.567641515850005,14.747673988342285,1595500,yfinance
PETR3.SA,2643,3,2021-09-29,9.063964281859462,9.186931036310735,8.91510913993094,9.115739822387695,27541000,yfinance
FLRY3.SA,149,1,2021-09-29,16.28665238153084,16.293916765067053,16.090515495386306,16.235801696777344,1938307,yfinance
FLRY3.SA,150,1,2021-09-30,16.27212110216877,16.417407281128746,16.0687198638916,16.0687198638916,1779026,yfinance
PETR3.SA,2644,3,2021-09-30,9.16751294951715,9.196636760548916,9.025129941941058,9.109265327453613,19250400,yfinance
VALE3.SA,5226,6,2021-09-30,52.623882073718356,53.262979944028764,51.488458495250846,51.835201263427734,39151000,yfinance
KFOF11.SA,1397,2,2021-09-30,52.53664475709795,53.117412121740124,52.432234679678615,52.85639190673828,2552,yfinance
SAPR11.SA,3979,5,2021-09-30,14.852691895197552,15.03272579024566,14.372605323791506,14.372605323791504,1754000,yfinance
KFOF11.SA,1398,2,2021-10-01,52.53663335918325,52.53663335918325,51.22501067280408,52.477901458740234,7339,yfinance
SAPR11.SA,3980,5,2021-10-01,14.35010156668104,14.41011239160899,14.050047442041283,14.207576751708984,2583600,yfinance
PETR3.SA,2645,3,2021-10-01,9.057492654334096,9.30989889039835,9.025132785523834,9.28077507019043,10554300,yfinance
FLRY3.SA,151,1,2021-10-01,16.061455034312562,16.07598379873737,15.683708628600584,15.727294921875,2847439,yfinance
VALE3.SA,5227,6,2021-10-01,52.18194299460355,52.56268254743295,51.454455527768886,51.80799865722656,23191700,yfinance
SAPR11.SA,3981,5,2021-10-04,14.23758395366302,14.297594789148919,13.922526709669253,14.012543678283691,1353100,yfinance
VALE3.SA,5228,6,2021-10-04,52.07316280241707,52.35192228103642,51.29128759342465,51.325279235839844,25090000,yfinance
KFOF11.SA,1399,2,2021-10-04,52.09291378181727,52.45833910899676,51.23155052593227,51.57740020751953,11254,yfinance
PETR3.SA,2646,3,2021-10-04,9.193402523050754,9.526708083142594,9.183694378391078,9.507291793823242,20216400,yfinance
FLRY3.SA,152,1,2021-10-04,15.690976478086844,15.72003401335737,15.138886246613426,15.356816291809082,2796112,yfinance
VALE3.SA,5229,6,2021-10-05,51.66523293185993,51.74002181613716,50.9581413269043,50.9581413269043,21889400,yfinance
FLRY3.SA,153,1,2021-10-05,15.385875296412904,15.393139680230536,15.051715110135142,15.356816291809082,2877768,yfinance
PETR3.SA,2647,3,2021-10-05,9.546124088254494,9.749990195514634,9.542888039921715,9.665855407714844,15317400,yfinance
KFOF11.SA,1400,2,2021-10-05,51.64265555723134,51.78621693391273,51.22502517700195,51.22502517700195,7141,yfinance
SAPR11.SA,3982,5,2021-10-05,14.072551552946159,14.125060844102125,13.847509894143757,13.952529907226562,1001600,yfinance
VALE3.SA,5230,6,2021-10-06,50.3530411251038,52.53550427984693,50.25785620400142,52.39272689819336,27318400,yfinance
PETR3.SA,2648,3,2021-10-06,9.568777293364832,9.627024937962078,9.384326830282362,9.429630279541016,14920700,yfinance
FLRY3.SA,154,1,2021-10-06,15.182472549519217,15.378610912595272,14.942749352870665,15.356816291809082,4669202,yfinance
SAPR11.SA,3983,5,2021-10-06,13.832508244882739,13.952529890458091,13.659975877443653,13.900020599365234,1596500,yfinance
KFOF11.SA,1401,2,2021-10-06,51.551278723127176,52.7128130674102,51.094497232188296,52.14509963989258,13418,yfinance
FLRY3.SA,155,1,2021-10-07,15.473046432891188,15.596539488457632,15.029921958682246,15.356816291809082,4343535,yfinance
VALE3.SA,5231,6,2021-10-07,53.26298217906605,54.64317365499064,52.83465011306834,53.956478118896484,33115300,yfinance
KFOF11.SA,1402,2,2021-10-07,52.177730462431406,53.1108741760254,52.145106053948474,53.11087417602539,1327,yfinance
PETR3.SA,2649,3,2021-10-07,9.419921363263974,9.54612416316714,9.309898187938558,9.449045181274414,11538500,yfinance
SAPR11.SA,3984,5,2021-10-07,13.967531844407118,14.215076647590166,13.9450272511102,14.035042762756348,1497600,yfinance
FLRY3.SA,156,1,2021-10-08,15.487574855596113,15.778148732496591,15.385874953747567,15.451252937316895,1706491,yfinance
KFOF11.SA,1403,2,2021-10-08,53.104367697960136,53.828696556973384,52.282160597361894,53.51547622680664,7185,yfinance
VALE3.SA,5232,6,2021-10-08,55.384247014598856,55.6426052515827,54.11284147570021,54.289615631103516,37172600,yfinance
PETR3.SA,2650,3,2021-10-08,9.52994474073679,9.7823503458971,9.507292401749083,9.639967918395996,17070200,yfinance
SAPR11.SA,3985,5,2021-10-08,14.155064941701026,14.500126765985396,14.14006188044414,14.342598915100098,993500,yfinance
FLRY3.SA,157,1,2021-10-11,15.451252937316895,15.698240512282313,15.26964481525407,15.451252937316895,1674465,yfinance
VALE3.SA,5233,6,2021-10-11,55.683411797313894,56.4992838727665,54.89473096214665,55.4930419921875,28327900,yfinance
KFOF11.SA,1404,2,2021-10-11,53.50892394407931,54.16147179705588,53.50892394407931,53.90045166015625,11137,yfinance
SAPR11.SA,3986,5,2021-10-11,14.380107171029723,14.65765812044922,14.357602575961913,14.507630348205566,1199300,yfinance
PETR3.SA,2651,3,2021-10-11,9.756463044547433,9.869722276076185,9.610844561621745,9.633496284484863,14617900,yfinance
FLRY3.SA,158,1,2021-10-13,15.44398836462324,15.734562237967031,15.414930830355537,15.625597953796387,1649756,yfinance
SAPR11.SA,3987,5,2021-10-13,14.500127328135106,14.927704575138256,14.500127328135106,14.852690696716309,1402400,yfinance
VALE3.SA,5234,6,2021-10-13,54.93551912339344,54.93551912339344,53.82728693244153,53.84768295288086,32052800,yfinance
KFOF11.SA,1405,2,2021-10-13,54.148439446605366,54.357254623722056,53.33275438309541,53.67207717895508,2529,yfinance
PETR3.SA,2652,3,2021-10-13,9.594663066163077,9.863248891301629,9.559067770830646,9.805001258850098,17118700,yfinance
FLRY3.SA,159,1,2021-10-14,15.62559588412812,15.654651945213995,15.349549345148326,15.545687675476074,1326422,yfinance
KFOF11.SA,1406,2,2021-10-14,54.10929027301941,55.25124951166839,53.65250856897869,53.783016204833984,2393,yfinance
VALE3.SA,5235,6,2021-10-14,54.38480063559494,54.55477438883912,53.800090509459984,53.84768295288086,24030000,yfinance
PETR3.SA,2653,3,2021-10-14,9.83089052581269,9.995925303850196,9.720867957667522,9.788823127746582,15841300,yfinance
SAPR11.SA,3988,5,2021-10-14,14.920203280058349,14.972712566552493,14.72516776538671,14.927704811096191,1096000,yfinance
VALE3.SA,5236,6,2021-10-15,54.04485843689689,55.03750463086902,53.915681899032144,54.85393524169922,26927200,yfinance
FLRY3.SA,160,1,2021-10-15,15.55295279546846,15.618332242010776,15.407665136485537,15.523895263671875,926417,yfinance
KFOF11.SA,1407,2,2021-10-15,53.659029388451394,54.996749929910024,53.521989914158084,53.626399993896484,3081,yfinance
SAPR11.SA,3989,5,2021-10-15,14.957712156381541,15.002719915512234,14.867695207349286,14.905202865600586,1008100,yfinance
PETR3.SA,2654,3,2021-10-15,9.775878493122764,9.83089008332587,9.707923326102357,9.759698867797852,10692300,yfinance
FLRY3.SA,161,1,2021-10-18,15.465782448268618,15.872585013889587,15.313231853494088,15.669183731079102,1022812,yfinance
SAPR11.SA,3990,5,2021-10-18,14.785181050746722,15.15274897909882,14.755176352357953,15.092738151550293,1134000,yfinance
KFOF11.SA,1408,2,2021-10-18,53.626375262874504,53.74383405913811,53.3914576703473,53.72425842285156,2868,yfinance
VALE3.SA,5237,6,2021-10-18,54.33042402154495,54.66357119321594,53.3581737478539,54.33721923828125,20912800,yfinance
PETR3.SA,2655,3,2021-10-18,9.67556537383407,9.853544373710598,9.581722417386631,9.772644996643066,13503600,yfinance
KFOF11.SA,1409,2,2021-10-19,53.67859489092683,54.21368400211184,53.3131646594389,53.63943862915039,5362,yfinance
FLRY3.SA,162,1,2021-10-19,15.480311498426529,15.487575882564068,14.841050102323209,14.913692474365234,2485398,yfinance
VALE3.SA,5238,6,2021-10-19,54.20124872462364,54.5547919628981,53.582541573657124,53.71172332763672,20804500,yfinance
SAPR11.SA,3991,5,2021-10-19,14.965213080555301,15.085234720545742,14.717668269228664,14.740171432495117,1059800,yfinance
PETR3.SA,2656,3,2021-10-19,9.643203954935208,9.70468764447791,9.28724724662512,9.345494270324707,28178500,yfinance
VALE3.SA,5239,6,2021-10-20,53.28338452377446,53.28338452377446,51.86240096957998,52.127559661865234,27576600,yfinance
PETR3.SA,2657,3,2021-10-20,9.413450498011317,9.623788731103991,9.319606934987075,9.546125411987305,17058200,yfinance
KFOF11.SA,1410,2,2021-10-20,53.678599202937114,54.48775731882861,52.57579150358895,53.5219841003418,5087,yfinance
SAPR11.SA,3992,5,2021-10-20,14.882695787107272,15.040223633162753,14.552635603428792,14.695161819458008,764800,yfinance
FLRY3.SA,163,1,2021-10-20,15.000862764775022,15.204264019845455,14.72481767956046,14.79746150970459,1584326,yfinance
SAPR11.SA,3993,5,2021-10-21,14.515130699107132,14.657656928067185,14.125059667622121,14.282588958740234,1161600,yfinance
FLRY3.SA,164,1,2021-10-21,14.60132266872151,14.782932237867945,14.28169276568995,14.543209075927734,2299393,yfinance
PETR3.SA,2658,3,2021-10-21,9.316370070522277,9.442572867524726,9.034840041963232,9.209582328796387,33786700,yfinance
VALE3.SA,5240,6,2021-10-21,50.65218456373386,51.1009178161621,49.598345091895105,51.10091781616211,37556500,yfinance
KFOF11.SA,1411,2,2021-10-21,53.567662448272166,53.70470190815963,52.72587991696751,52.96731948852539,3805,yfinance
KFOF11.SA,1412,2,2021-10-22,52.5301240863222,53.933103551417865,52.5301240863222,53.83522033691406,4522,yfinance
FLRY3.SA,165,1,2021-10-22,14.27442771462409,14.36159883440012,13.678751294378321,14.1654634475708,4354563,yfinance
SAPR11.SA,3994,5,2021-10-22,14.215077844266363,14.372605718293762,13.742491360642397,14.110057830810547,2020000,yfinance
PETR3.SA,2659,3,2021-10-22,9.093088688340513,9.177224101440736,8.678883720127072,9.028368949890137,43723800,yfinance
VALE3.SA,5241,6,2021-10-22,50.767766758610385,52.419912087948596,50.747370735204285,51.72642135620117,35142600,yfinance
KFOF11.SA,1413,2,2021-10-25,52.99342876383272,53.76996256900926,52.99342876383272,53.21529769897461,1354,yfinance
SAPR11.SA,3995,5,2021-10-25,14.185070523194277,14.312593690335287,13.982533475834302,14.035042762756348,2291700,yfinance
VALE3.SA,5242,6,2021-10-25,52.487898022464066,52.73946106907467,51.92358904917249,52.35192108154297,17950000,yfinance
PETR3.SA,2660,3,2021-10-25,9.193404094084933,9.63349685178704,9.17722446743367,9.581721305847168,38562900,yfinance
FLRY3.SA,166,1,2021-10-25,14.274430937592019,14.775670499475911,14.187258328800612,14.594060897827148,1909993,yfinance
FLRY3.SA,167,1,2021-10-26,14.565003120257336,14.710289315179336,14.288958027505673,14.332544326782227,1880618,yfinance
KFOF11.SA,1414,2,2021-10-26,53.20876557393994,53.20876557393994,52.24299232420322,52.99995040893555,1560,yfinance
VALE3.SA,5243,6,2021-10-26,52.35873647166425,52.39952852817915,51.71963325458804,51.7944221496582,16674100,yfinance
PETR3.SA,2661,3,2021-10-26,9.449047035247796,9.669092811860134,9.419923211523043,9.471698760986328,15450300,yfinance
SAPR11.SA,3996,5,2021-10-26,13.990036923175557,14.140064704163079,13.83250904083252,13.83250904083252,1708900,yfinance
PETR3.SA,2662,3,2021-10-27,9.513764894975877,9.578484631782352,9.4069777612944,9.484641075134277,16128000,yfinance
VALE3.SA,5244,6,2021-10-27,51.65843078688854,52.16835210010773,50.618186950683594,50.618186950683594,20087300,yfinance
FLRY3.SA,168,1,2021-10-27,14.150935498164861,14.25263686854589,13.744132955307252,13.81677532196045,3732604,yfinance
KFOF11.SA,1415,2,2021-10-27,52.8433363300537,53.07172712180839,52.78460442443343,52.98689270019531,6915,yfinance
SAPR11.SA,3997,5,2021-10-27,13.907523355573462,14.425116211150504,13.892520290862851,14.185072898864746,2030900,yfinance
VALE3.SA,5245,6,2021-10-28,50.618182375528086,50.77456051314362,50.0062810047224,50.10826110839844,22719000,yfinance
KFOF11.SA,1416,2,2021-10-28,52.88902130056845,52.97385075456179,52.20384385850694,52.85639190673828,5137,yfinance
SAPR11.SA,3998,5,2021-10-28,14.125059868520548,14.410110899724131,14.065049049805541,14.102555274963379,1861200,yfinance
FLRY3.SA,169,1,2021-10-28,13.700545616147194,13.838568894068683,13.293743104097507,13.322800636291504,2444676,yfinance
PETR3.SA,2663,3,2021-10-28,9.394034316746312,9.627024261551837,9.322842481812529,9.575248718261719,20121300,yfinance
FLRY3.SA,170,1,2021-10-29,13.250156300640745,13.911210724851895,13.228363152326116,13.678751945495605,6953643,yfinance
KFOF11.SA,1417,2,2021-10-29,52.83678401619009,53.14348220825195,52.765003376407805,53.14348220825195,5204,yfinance
VALE3.SA,5246,6,2021-10-29,49.64593572830129,49.74112581031259,48.28614558832145,48.687286376953125,30268500,yfinance
SAPR11.SA,3999,5,2021-10-29,14.13256179759389,14.282589563990669,13.689981460571289,13.689981460571289,2140800,yfinance
PETR3.SA,2664,3,2021-10-29,9.513765791320587,9.513765791320587,8.885986507118552,8.95394229888916,33651200,yfinance
VALE3.SA,5247,6,2021-11-01,48.95244720320764,49.53715740422099,48.37453740560736,49.170013427734375,19649600,yfinance
PETR3.SA,2665,3,2021-11-01,9.135155513444335,9.413449507231492,9.089852069697823,9.287246704101562,33225700,yfinance
SAPR11.SA,4000,5,2021-11-01,13.832508486447761,14.110058010148693,13.727488471657146,14.027544021606445,1005800,yfinance
KFOF11.SA,1418,2,2021-11-01,52.76502141685189,53.071719713774385,52.20382984770544,52.445274353027344,11720,yfinance
FLRY3.SA,171,1,2021-11-01,13.802246768067178,13.97659048923581,13.51893730283495,13.882153511047363,5225413,yfinance
KFOF11.SA,1419,2,2021-11-03,52.210369037349295,52.96080026415293,51.355527736517246,52.20384216308594,22915,yfinance
SAPR11.SA,4001,5,2021-11-03,13.997536513596753,14.672658572847347,13.937525695680494,14.485124588012695,1721300,yfinance
VALE3.SA,5248,6,2021-11-03,48.000595569097264,48.20456618479353,45.287815428591074,45.43739318847656,77316900,yfinance
FLRY3.SA,172,1,2021-11-03,13.794982055588337,14.688495258232662,13.744131376240071,14.586793899536133,3258791,yfinance
PETR3.SA,2666,3,2021-11-03,9.17398802094055,9.216055418738,8.892457962036133,8.892457962036133,20517700,yfinance
VALE3.SA,5249,6,2021-11-04,45.47817947441667,45.97450514322346,44.614715043376194,44.9206657409668,30122100,yfinance
SAPR11.SA,4002,5,2021-11-04,14.485125854380565,14.530135044830773,13.915022318949205,13.960031509399414,1605400,yfinance
PETR3.SA,2667,3,2021-11-04,8.94747074622322,8.99601024775163,8.588277941142366,8.630345344543457,16393400,yfinance
KFOF11.SA,1420,2,2021-11-04,52.20384618766982,53.495893571375206,52.13859237564458,53.21529769897461,4336,yfinance
FLRY3.SA,173,1,2021-11-04,14.586796558934845,14.80472808158827,14.383396743125017,14.521418571472168,2317951,yfinance
FLRY3.SA,174,1,2021-11-05,14.57953214220939,15.095301942001235,14.572269227470553,15.029922485351562,3266850,yfinance
VALE3.SA,5250,6,2021-11-05,45.16543009905276,45.321808248870745,43.51328485714551,43.58807373046875,35954600,yfinance
KFOF11.SA,1421,2,2021-11-05,52.745442374845936,52.791120523874376,51.910181947728915,52.138572692871094,2442,yfinance
PETR3.SA,2668,3,2021-11-05,8.733895011899817,8.821266470635294,8.601220108136973,8.636816024780273,17509000,yfinance
SAPR11.SA,4003,5,2021-11-05,14.072551075004483,14.24508200602043,13.990035659835627,14.15506649017334,690400,yfinance
PETR3.SA,2669,3,2021-11-08,8.601219359570386,8.928052826341055,8.594747263068847,8.779197692871094,18249300,yfinance
VALE3.SA,5251,6,2021-11-08,43.78524840645331,46.334855202009344,43.73765595375713,45.96091079711914,27722000,yfinance
FLRY3.SA,175,1,2021-11-08,14.986334405460006,15.39313839597425,14.782933144869471,14.870105743408203,2186667,yfinance
SAPR11.SA,4004,5,2021-11-08,14.065049896343526,14.365104007978015,13.975032947467747,13.990036010742188,641400,yfinance
KFOF11.SA,1422,2,2021-11-08,52.497482156043276,53.16308387293403,51.127132415771484,51.127132415771484,4874,yfinance
VALE3.SA,5252,6,2021-11-09,45.722943910646535,45.75694073935856,44.34955813799792,44.83228302001953,20961500,yfinance
FLRY3.SA,176,1,2021-11-09,14.97906740758845,15.298698743770952,14.891894824266064,15.160676956176758,1462161,yfinance
PETR3.SA,2670,3,2021-11-09,8.772726260212954,9.034839997787637,8.772726260212954,8.915108680725098,16727500,yfinance
KFOF11.SA,1423,2,2021-11-09,51.127159579910874,51.127159579910874,50.252747225883084,50.57249450683594,4111,yfinance
SAPR11.SA,4005,5,2021-11-09,14.020043341204337,14.267588183406039,13.96753404600564,14.170069694519043,736900,yfinance
SAPR11.SA,4006,5,2021-11-10,14.102555946979898,14.642654771922576,14.095055846207556,14.47762393951416,993100,yfinance
FLRY3.SA,177,1,2021-11-10,15.146148753748657,15.487573281539872,15.058977628071304,15.31322956085205,1858030,yfinance
PETR3.SA,2671,3,2021-11-10,8.866569800433775,9.021896424691697,8.775962911556556,8.840682029724121,15039700,yfinance
KFOF11.SA,1424,2,2021-11-10,50.996626401346134,51.20544155895163,49.528393424216475,50.213565826416016,7850,yfinance
VALE3.SA,5253,6,2021-11-10,43.928019836307115,45.063443331106974,43.785242497486855,44.66230773925781,22492600,yfinance
VALE3.SA,5254,6,2021-11-11,46.545612857233465,47.089530952905335,45.96090271990179,46.239662170410156,28795100,yfinance
KFOF11.SA,1425,2,2021-11-11,50.23966836656419,50.572469235526356,47.03566032384125,48.0927848815918,15792,yfinance
SAPR11.SA,4007,5,2021-11-11,14.62765177906619,14.912702825221638,14.552637894045013,14.890199661254883,1485100,yfinance
FLRY3.SA,178,1,2021-11-11,15.46577946682403,15.83626151033228,15.356813727753057,15.545687675476074,2505016,yfinance
PETR3.SA,2672,3,2021-11-11,8.973356931762739,8.973356931762739,8.79861463377586,8.840682029724121,10208400,yfinance
KFOF11.SA,1426,2,2021-11-12,48.295096513827644,48.38645286891196,48.12543257786479,48.15806198120117,4675,yfinance
FLRY3.SA,179,1,2021-11-12,15.4730469750882,15.567483968026616,14.950014260557518,15.029922485351562,1183048,yfinance
PETR3.SA,2673,3,2021-11-12,8.808321923231823,9.012188652104822,8.711242940005809,9.002480506896973,12622800,yfinance
VALE3.SA,5255,6,2021-11-12,45.67535563448897,47.3139002217458,45.55977470581203,46.43684005737305,24542500,yfinance
SAPR11.SA,4008,5,2021-11-12,14.93520645937611,15.10023585119187,14.477623077870952,14.537633895874023,1054000,yfinance
SAPR11.SA,4009,5,2021-11-16,14.492626642423891,14.590145119290904,14.110057127854216,14.237580299377441,972300,yfinance
VALE3.SA,5256,6,2021-11-16,46.23287009463762,46.280462547541624,45.00226153584238,45.09744644165039,17207900,yfinance
KFOF11.SA,1427,2,2021-11-16,48.15805043189837,48.16457232816319,47.6425368498118,47.95575714111328,3759,yfinance
FLRY3.SA,180,1,2021-11-16,15.102564120622512,15.167942098391588,14.456036971278035,14.528680801391602,1907766,yfinance
PETR3.SA,2674,3,2021-11-16,9.112503724626992,9.222526901957215,8.924817236924808,9.138391494750977,13741500,yfinance
PETR3.SA,2675,3,2021-11-17,9.154570366125554,9.183693563092946,8.895692086434332,8.928051948547363,15206200,yfinance
FLRY3.SA,181,1,2021-11-17,14.71028898716239,14.819253263590861,13.76592506789431,13.903946876525879,3950210,yfinance
KFOF11.SA,1428,2,2021-11-17,47.95575776681736,49.42399097013514,47.65558624267578,47.65558624267578,4849,yfinance
VALE3.SA,5257,6,2021-11-17,45.546177700442676,46.03570307122069,44.19318771362305,44.19318771362305,25487600,yfinance
SAPR11.SA,4010,5,2021-11-17,14.342601077130334,14.440118128458657,13.90002071873149,14.06505012512207,1333700,yfinance
KFOF11.SA,1429,2,2021-11-18,47.642532085138846,47.67515649884052,45.81539564727179,46.252601623535156,12831,yfinance
FLRY3.SA,182,1,2021-11-18,14.020180316168261,14.310754237484382,13.816777542713535,13.94753646850586,2462386,yfinance
SAPR11.SA,4011,5,2021-11-18,14.065052980487454,14.350104091352684,13.95253284279779,14.012543678283691,861100,yfinance
VALE3.SA,5258,6,2021-11-18,43.65606188911988,43.95521738027827,42.05150910648664,42.37786102294922,51343900,yfinance
PETR3.SA,2676,3,2021-11-18,8.950706043899695,8.999245541353352,8.746839907709065,8.921582221984863,18571600,yfinance
SAPR11.SA,4012,5,2021-11-19,13.982534916207419,14.425115281242691,13.930025623876269,14.087554931640625,1784800,yfinance
FLRY3.SA,183,1,2021-11-19,13.991118648701674,14.383393840995332,13.918474822474504,14.012911796569824,1407547,yfinance
KFOF11.SA,1430,2,2021-11-19,46.6310821343883,46.644135883116476,45.841499606911896,46.27870559692383,5241,yfinance
PETR3.SA,2677,3,2021-11-19,8.798614501953125,8.860097570709188,8.65946750501854,8.798614501953125,14335200,yfinance
VALE3.SA,5259,6,2021-11-19,43.016960856548884,44.057202064389564,42.70420975069078,43.5336799621582,26849500,yfinance
PETR3.SA,2678,3,2021-11-22,8.876277692141716,9.125447863856841,8.840681776978665,8.87951374053955,15649900,yfinance
FLRY3.SA,184,1,2021-11-22,14.020178521619789,14.092822359983957,13.547996510919292,13.591581344604492,1499277,yfinance
SAPR11.SA,4013,5,2021-11-22,14.125060323891747,14.17006808168629,13.764995399993747,13.847509384155273,1183700,yfinance
VALE3.SA,5260,6,2021-11-22,44.567127696096975,46.92635943200368,44.29516860757637,45.95410919189453,44693500,yfinance
KFOF11.SA,1431,2,2021-11-22,46.611506508753024,46.611506508753024,45.12369778010817,45.29336166381836,11752,yfinance
KFOF11.SA,1432,2,2021-11-23,45.88065210374272,46.004637827192035,45.12369894961469,45.67836380004883,3711,yfinance
VALE3.SA,5261,6,2021-11-23,48.00739808216434,48.932055922821014,47.05554381240736,47.164329528808594,30391600,yfinance
PETR3.SA,2679,3,2021-11-23,8.931290241331789,9.348730654151836,8.915109997601903,9.296955108642578,19705200,yfinance
FLRY3.SA,185,1,2021-11-23,13.64969692283105,13.67875445925716,13.228365583319153,13.533468246459961,2384972,yfinance
SAPR11.SA,4014,5,2021-11-23,13.87751609101158,14.065050092241467,13.787499140882046,13.960031509399414,1251200,yfinance
FLRY3.SA,186,1,2021-11-24,13.439030337534323,13.787719281559687,13.33006605269301,13.504409790039062,1692493,yfinance
SAPR11.SA,4015,5,2021-11-24,14.02004295251126,14.072552246254183,13.779999649245926,13.9750337600708,1452100,yfinance
PETR3.SA,2680,3,2021-11-24,9.228998332340508,9.478168487548828,9.190166371352127,9.478168487548828,50040000,yfinance
KFOF11.SA,1433,2,2021-11-24,45.671822240678246,46.32437008515132,45.665300346785884,45.756656646728516,8026,yfinance
VALE3.SA,5262,6,2021-11-24,47.66744629953601,48.25895690917969,47.25951027334878,48.25895690917969,20764100,yfinance
KFOF11.SA,1434,2,2021-11-25,45.81539829402339,46.4679463483098,45.12369894961469,45.67836380004883,6770,yfinance
PETR3.SA,2681,3,2021-11-25,9.610845578171109,9.934443064072989,9.546125834105444,9.869723320007324,13080500,yfinance
VALE3.SA,5263,6,2021-11-25,48.46971965080015,48.46971965080015,47.456677459613,47.93260192871094,17199200,yfinance
SAPR11.SA,4016,5,2021-11-25,13.952530348649608,14.357603058076016,13.930025752826117,14.305093765258789,687900,yfinance
FLRY3.SA,187,1,2021-11-25,13.504409080465042,13.765925407409668,13.37365018232614,13.765925407409668,1215816,yfinance
VALE3.SA,5264,6,2021-11-26,45.892923019586334,47.15752842443445,45.892923019586334,46.66800308227539,22664200,yfinance
SAPR11.SA,4017,5,2021-11-26,13.89251739632772,14.222576166566702,13.87751433474303,14.125059127807617,1100800,yfinance
FLRY3.SA,188,1,2021-11-26,13.373648587842501,13.504407470391573,12.850617465645216,13.090340614318848,2669069,yfinance
KFOF11.SA,1435,2,2021-11-26,45.31945970815211,45.547855506609885,45.12369828189093,45.1759033203125,4976,yfinance
PETR3.SA,2682,3,2021-11-26,9.49758441115318,9.678798793737872,9.296953738953166,9.439336776733398,30868900,yfinance
SAPR11.SA,4018,5,2021-11-29,14.132561895826152,14.230078943122306,13.982534128386563,14.15506649017334,679600,yfinance
FLRY3.SA,189,1,2021-11-29,13.20657081236972,13.271950261315403,12.988640785217285,12.988640785217285,1200439,yfinance
VALE3.SA,5265,6,2021-11-29,47.78302577171783,48.00059199155721,47.02154659587394,47.252708435058594,18164000,yfinance
KFOF11.SA,1436,2,2021-11-29,45.14980552487143,46.98346412899292,45.12370300292969,45.12370300292969,7432,yfinance
PETR3.SA,2683,3,2021-11-29,9.711159374609968,9.876194145219285,9.517000784645292,9.759698867797852,16259300,yfinance
KFOF11.SA,1437,2,2021-11-30,45.123704902556526,46.23303474977307,45.025821685791016,45.025821685791016,13226,yfinance
PETR3.SA,2684,3,2021-11-30,9.707923787055341,9.798531297931266,9.565540732025509,9.753227233886719,38459400,yfinance
SAPR11.SA,4019,5,2021-11-30,13.982534566390806,14.185071629547494,13.952529870425483,14.050046920776367,1681600,yfinance
VALE3.SA,5266,6,2021-11-30,46.91275658816515,48.57849731968158,46.70199079092988,47.55865478515625,42668700,yfinance
FLRY3.SA,190,1,2021-11-30,12.966846693305943,13.032226137500693,12.400229251617311,12.690801620483398,2017417,yfinance
SAPR11.SA,4020,5,2021-12-01,14.14006395773246,14.395110313485198,14.005039248125613,14.110057830810547,1170600,yfinance
VALE3.SA,5267,6,2021-12-01,48.476518554116545,48.91844618152652,47.57225690361803,47.74903106689453,28194700,yfinance
PETR3.SA,2685,3,2021-12-01,9.856780420424325,10.115658813514926,9.811476963949124,9.821185111999512,25686900,yfinance
KFOF11.SA,1438,2,2021-12-01,44.70607789268838,45.469558080167616,43.74030438088866,44.76480484008789,6064,yfinance
FLRY3.SA,191,1,2021-12-01,12.821560615790212,12.90873321876666,12.247678720861678,12.298528671264648,1663330,yfinance
VALE3.SA,5268,6,2021-12-02,48.25215878281813,50.01308470071651,47.667448549053915,49.965492248535156,24888400,yfinance
PETR3.SA,2686,3,2021-12-02,10.049678322129278,10.727388643320717,9.748876577508513,10.698395729064941,49179200,yfinance
KFOF11.SA,1439,2,2021-12-02,44.764795797152956,45.65878842917056,44.046993928836784,44.9344596862793,9757,yfinance
SAPR11.SA,4021,5,2021-12-02,14.252580977235448,14.957709068303908,14.252580977235448,14.882695198059082,2321800,yfinance
FLRY3.SA,192,1,2021-12-02,12.392965506818468,13.08307748972967,12.392965506818468,13.024962425231934,2214238,yfinance
KFOF11.SA,1440,2,2021-12-03,44.934456585236475,48.92152534399478,44.934456585236475,47.18574523925781,11843,yfinance
SAPR11.SA,4022,5,2021-12-03,14.957709660321104,15.002717411941152,14.665155697864224,14.695161819458008,985500,yfinance
FLRY3.SA,193,1,2021-12-03,13.046757276312041,13.816776104020136,13.046757276312041,13.482617378234863,3055819,yfinance
PETR3.SA,2687,3,2021-12-03,10.680275035414397,10.919466757773838,10.604168892502583,10.897722244262695,32302000,yfinance
VALE3.SA,5269,6,2021-12-03,49.69353481663475,50.543403767696546,48.272556420309876,48.86406707763672,34451500,yfinance
SAPR11.SA,4023,5,2021-12-06,14.980214332010384,15.115239031262991,14.800181876597163,15.002718925476074,1257000,yfinance
KFOF11.SA,1441,2,2021-12-06,47.31625068801246,48.14498434910608,45.93284731659773,47.6359977722168,12702,yfinance
PETR3.SA,2688,3,2021-12-06,10.901347555934306,11.126043189265328,10.901347555934306,10.999198913574219,20230300,yfinance
FLRY3.SA,194,1,2021-12-06,13.518938901480293,13.64243195668925,13.330066392101909,13.40997314453125,1400018,yfinance
VALE3.SA,5270,6,2021-12-06,49.54395263881022,51.66522180984105,48.925245672467945,51.51564407348633,28848800,yfinance
FLRY3.SA,195,1,2021-12-07,13.497144573431838,13.693281449507937,13.2574213983759,13.656959533691406,2308407,yfinance
SAPR11.SA,4024,5,2021-12-07,15.010220837859015,15.010220837859015,14.687662143845651,14.740171432495117,561700,yfinance
KFOF11.SA,1442,2,2021-12-07,47.89051048784785,48.94111345496489,46.33092073736677,47.88398361206055,12390,yfinance
VALE3.SA,5271,6,2021-12-07,53.22218615648016,54.262424801354314,51.74001467113857,51.896392822265625,37125100,yfinance
PETR3.SA,2689,3,2021-12-07,11.129665965058793,11.354361583568686,11.046311417565464,11.303624153137207,33244600,yfinance
VALE3.SA,5272,6,2021-12-08,52.3451258520274,52.3451258520274,50.97854034298009,51.50885772705078,24281000,yfinance
KFOF11.SA,1443,2,2021-12-08,47.08134222678032,47.88397353046745,46.35048662745163,46.72243881225586,9280,yfinance
PETR3.SA,2690,3,2021-12-08,11.339863576189295,11.571806866541078,11.26375675201416,11.26375675201416,22771400,yfinance
SAPR11.SA,4025,5,2021-12-08,14.672657565726436,15.010219287567113,14.507628185476916,14.980213165283203,1177100,yfinance
FLRY3.SA,196,1,2021-12-08,13.686017941758532,14.419716280183312,13.65696040724667,13.983856201171875,1488354,yfinance
SAPR11.SA,4026,5,2021-12-09,14.890199589764354,14.972713575197718,14.440117712569071,14.47762393951416,1031500,yfinance
PETR3.SA,2691,3,2021-12-09,11.144160906520831,11.336239375871857,11.017316660392625,11.26375675201416,12741700,yfinance
KFOF11.SA,1444,2,2021-12-09,46.70285174687913,47.179213891618105,46.60496856880453,46.91166687011719,2661,yfinance
VALE3.SA,5273,6,2021-12-09,50.91735079737101,51.63803804500283,50.61819525132518,51.11452102661133,16925200,yfinance
FLRY3.SA,197,1,2021-12-09,13.962061728086384,14.085556238066925,13.642430348058106,13.838568687438965,1042219,yfinance
SAPR11.SA,4027,5,2021-12-10,14.560138231369557,14.815184561059583,14.395108842475725,14.410110473632812,5324300,yfinance
VALE3.SA,5274,6,2021-12-10,51.33208146720767,51.808005975472106,50.88334819896855,51.43406677246094,16827100,yfinance
PETR3.SA,2692,3,2021-12-10,11.336239750783882,11.604424361933912,11.336239750783882,11.412345886230469,9888400,yfinance
FLRY3.SA,198,1,2021-12-10,14.092820621006958,14.150934215194091,13.773189240978677,13.838568687438965,1306803,yfinance
KFOF11.SA,1445,2,2021-12-10,48.26899005115347,48.57568849473549,47.10092820233249,47.335845947265625,1662,yfinance
KFOF11.SA,1446,2,2021-12-13,47.40109173178061,48.53652398737883,46.826851218517,46.88557815551758,11257,yfinance
VALE3.SA,5275,6,2021-12-13,52.69186761031021,53.528140823778365,52.61707873808185,52.93663024902344,31699100,yfinance
SAPR11.SA,4028,5,2021-12-13,14.395109900311,14.582643895877638,14.177569778683695,14.320096015930176,2848500,yfinance
FLRY3.SA,199,1,2021-12-13,13.925739813386226,14.274428725174632,13.838568687438965,13.838568687438965,1309773,yfinance
PETR3.SA,2693,3,2021-12-13,11.379729486283289,11.568183773352832,11.249261718596802,11.401473999023438,20982700,yfinance
VALE3.SA,5276,6,2021-12-14,53.385368625289935,53.636931715752645,52.50830838524177,52.929840087890625,21063500,yfinance
KFOF11.SA,1447,2,2021-12-14,47.59685352262838,47.786093043272366,46.552772722034476,46.761592864990234,13658,yfinance
FLRY3.SA,200,1,2021-12-14,13.824039416929487,14.027442153444735,13.344593048095703,13.344593048095703,1548588,yfinance
PETR3.SA,2694,3,2021-12-14,11.524693708417852,11.524693708417852,11.209395863852576,11.242012977600098,13373800,yfinance
SAPR11.SA,4029,5,2021-12-14,14.327598431387589,14.507630906546177,14.117559828317104,14.31259536743164,1422700,yfinance
PETR3.SA,2695,3,2021-12-15,11.223893667838295,11.267383389810172,11.035440049281974,11.20577335357666,18062800,yfinance
VALE3.SA,5277,6,2021-12-15,53.086208538156754,53.15419700801073,51.8080024812757,52.630680084228516,22112200,yfinance
KFOF11.SA,1448,2,2021-12-15,46.76159376965907,47.27710232727911,46.65718369616123,46.709388732910156,5090,yfinance
SAPR11.SA,4030,5,2021-12-15,14.402610778808594,14.515130884892722,14.132561379590065,14.402610778808594,1455800,yfinance
FLRY3.SA,201,1,2021-12-15,13.395443499477242,14.027440371060104,13.308270909190075,13.962060928344727,2953167,yfinance
KFOF11.SA,1449,2,2021-12-16,46.67675993878518,47.55117689062906,46.40269096015878,46.409217834472656,7360,yfinance
FLRY3.SA,202,1,2021-12-16,14.078292541446286,14.209049971408188,13.635168099168187,13.64969539642334,3218069,yfinance
VALE3.SA,5278,6,2021-12-16,53.7117184897669,54.70436481660883,53.34457447509575,54.69076919555664,30125700,yfinance
SAPR11.SA,4031,5,2021-12-16,14.410113229352175,14.485127122565837,14.207577577677599,14.245083808898926,1113200,yfinance
PETR3.SA,2696,3,2021-12-16,11.30724776024544,11.611673709338282,11.278254845629245,11.437715530395508,26042200,yfinance
KFOF11.SA,1450,2,2021-12-17,46.409212407158165,46.937774658203125,46.37658301795098,46.937774658203125,4505,yfinance
SAPR11.SA,4032,5,2021-12-17,14.207575050131796,14.410110665775026,14.147564232391069,14.380105972290039,1548800,yfinance
VALE3.SA,5279,6,2021-12-17,54.32363064704446,54.847147698841454,53.75931635360879,53.82730484008789,38744500,yfinance
FLRY3.SA,203,1,2021-12-17,13.591579805375838,13.598844188389572,13.286478657465235,13.424500465393066,1730775,yfinance
PETR3.SA,2697,3,2021-12-17,11.30362258827414,11.412345835931662,11.078927000870896,11.158658027648926,24320600,yfinance
PETR3.SA,2698,3,2021-12-20,10.846983374499656,11.017316641656384,10.66940170672038,10.94483470916748,28386300,yfinance
FLRY3.SA,204,1,2021-12-20,13.424503212619573,13.424503212619573,12.952321158764457,13.061286926269531,1786343,yfinance
SAPR11.SA,4033,5,2021-12-20,14.342599490430361,14.47762275484657,14.192571733384714,14.252582550048828,999400,yfinance
VALE3.SA,5280,6,2021-12-20,53.03180964406944,53.64371617739998,52.54228441740501,53.2221794128418,19195400,yfinance
KFOF11.SA,1451,2,2021-12-20,46.89862420009826,46.93777548499988,46.402686350978875,46.87904357910156,7358,yfinance
SAPR11.SA,4034,5,2021-12-21,14.327597297060628,14.342600359828772,14.110057179234989,14.192572593688965,1095200,yfinance
VALE3.SA,5281,6,2021-12-21,54.25564098968958,54.65677668229179,53.813708056329126,54.622779846191406,19590300,yfinance
PETR3.SA,2699,3,2021-12-21,11.057184989774184,11.173156664497188,10.973830434972738,10.995574951171875,10847300,yfinance
KFOF11.SA,1452,2,2021-12-21,46.50057826798582,48.158051013319685,46.50057826798582,46.657188415527344,11381,yfinance
FLRY3.SA,205,1,2021-12-21,13.042875439203552,13.203537427641951,12.750761524398607,12.91872787475586,1685600,yfinance
KFOF11.SA,1453,2,2021-12-22,46.71591535390036,47.290160859130665,46.46794887208071,46.657188415527344,10027,yfinance
PETR3.SA,2700,3,2021-12-22,11.002822664267379,11.053560095968294,10.872354192755699,10.9520845413208,10066300,yfinance
SAPR11.SA,4035,5,2021-12-22,14.252582527840438,14.357601099146315,14.140062425616897,14.2000732421875,719800,yfinance
VALE3.SA,5282,6,2021-12-22,54.31682321369565,54.49359740541812,53.42616222553536,54.33721923828125,18655600,yfinance
FLRY3.SA,206,1,2021-12-22,12.904122823328334,12.984453083457895,12.685037744311796,12.736156463623047,978485,yfinance
FLRY3.SA,207,1,2021-12-23,12.860306093386958,12.860306093386958,12.568192149121089,12.699644088745117,842110,yfinance
KFOF11.SA,1454,2,2021-12-23,46.66371908559424,48.0862742360393,46.66371908559424,47.851356506347656,7156,yfinance
PETR3.SA,2701,3,2021-12-23,10.999199362000873,11.118795240243568,10.937589322224593,11.031816482543945,6243500,yfinance
SAPR11.SA,4036,5,2021-12-23,14.260086651124656,14.342602075448886,14.140064996164497,14.170069694519043,536100,yfinance
VALE3.SA,5283,6,2021-12-23,54.357610778712086,54.43239965414859,53.575735569092494,53.813697814941406,13121200,yfinance
SAPR11.SA,4037,5,2021-12-27,14.245081303345085,14.342599776601716,14.125059667622121,14.282588958740234,670900,yfinance
FLRY3.SA,208,1,2021-12-27,12.692340203277556,12.867607965180722,12.648521416400836,12.845699310302734,844125,yfinance
PETR3.SA,2702,3,2021-12-27,11.031814652283307,11.31811959580538,10.959332020602842,11.249261856079102,17868100,yfinance
VALE3.SA,5284,6,2021-12-27,53.62333525821953,54.01767052435838,53.20859877923521,53.6777229309082,11371400,yfinance
KFOF11.SA,1455,2,2021-12-27,48.50391175095578,48.60179498241696,47.5511919203994,48.15806198120117,3901,yfinance
VALE3.SA,5285,6,2021-12-28,53.378571625709455,53.39216724684244,52.05957332670334,52.38592529296875,18923700,yfinance
SAPR11.SA,4038,5,2021-12-28,14.312595674883534,14.477625089631207,14.260086380680683,14.447620391845703,378400,yfinance
FLRY3.SA,209,1,2021-12-28,12.845699159731211,12.977149610337596,12.736155886625285,12.969846725463867,885695,yfinance
KFOF11.SA,1456,2,2021-12-28,48.37337443214308,50.88568785061971,48.223291201895464,50.370174407958984,7416,yfinance
PETR3.SA,2703,3,2021-12-28,11.328989534500739,11.405095657751735,11.234762411967047,11.25650691986084,8078000,yfinance
PETR3.SA,2704,3,2021-12-29,11.238388799235466,11.35798465279733,11.144161658361638,11.216644287109375,11460950,yfinance
VALE3.SA,5286,6,2021-12-29,51.93038198745073,53.018218215856734,51.90998596592594,52.52189254760742,12113500,yfinance
KFOF11.SA,1457,2,2021-12-29,50.36365558771384,52.07333316540197,49.658902542387786,50.24619674682617,3380,yfinance
SAPR11.SA,4039,5,2021-12-29,14.395108198728531,14.470122074242294,14.26008350895789,14.342598915100098,378500,yfinance
FLRY3.SA,210,1,2021-12-29,13.006362042771633,13.093996667272844,12.816488500139839,12.88951587677002,997361,yfinance
VALE3.SA,5287,6,2021-12-30,53.02501943692068,53.69811934659601,52.76666115636706,53.00462341308594,26568500,yfinance
PETR3.SA,2705,3,2021-12-30,11.216644353199243,11.281877889961878,11.071679094849614,11.126041412353516,34157000,yfinance
SAPR11.SA,4040,5,2021-12-30,14.395108198728531,14.455119012985406,14.267585039586335,14.342598915100098,971100,yfinance
FLRY3.SA,211,1,2021-12-30,12.889515473137212,13.25465825333705,12.838396754233107,13.137813568115234,1916249,yfinance
KFOF11.SA,1458,2,2021-12-30,50.65729384194995,52.02112159987176,50.637718200683594,50.637718200683594,4535,yfinance
VALE3.SA,5288,6,2022-01-03,53.71172122466258,54.371220403826996,53.03182601928711,53.03182601928711,18557200,yfinance
SAPR11.SA,4041,5,2022-01-03,14.594487968772558,14.594487968772558,14.014113333441337,14.045065879821777,1681700,yfinance
FLRY3.SA,212,1,2022-01-03,13.15241786447921,13.247353883622763,12.356407165527344,12.356407165527344,3610969,yfinance
KFOF11.SA,1459,2,2022-01-03,50.31144594587332,51.91019141039217,49.600171070123594,51.28374099731445,2289,yfinance
PETR3.SA,2706,3,2022-01-03,11.176779555271754,11.47758131053298,11.147786639990393,11.423219680786133,15578500,yfinance
PETR3.SA,2707,3,2022-01-04,11.44134152571579,11.666036476423551,11.33624245296428,11.568185806274414,17337100,yfinance
SAPR11.SA,4042,5,2022-01-04,14.052803413217834,14.09923296756095,13.758747601086217,13.882560729980469,2315700,yfinance
KFOF11.SA,1460,2,2022-01-04,51.544764513921606,52.830284855223645,49.65890121459961,49.65890121459961,5050,yfinance
FLRY3.SA,213,1,2022-01-04,12.436738550172635,12.495161626655104,11.881723016390827,11.932843208312988,3077770,yfinance
VALE3.SA,5289,6,2022-01-04,53.378565037297534,53.75930462828947,52.283933526007836,52.406314849853516,18178700,yfinance
SAPR11.SA,4043,5,2022-01-05,13.890300636716574,14.137926919493292,13.743271977829496,13.83613109588623,1242900,yfinance
VALE3.SA,5290,6,2022-01-05,52.60348715700076,53.494148101849085,52.440308593874455,52.90263748168945,22039000,yfinance
FLRY3.SA,214,1,2022-01-05,11.750274288168102,12.056992530271986,11.57500577167389,11.604216575622559,2675220,yfinance
KFOF11.SA,1461,2,2022-01-05,50.246221327623786,51.27724888218514,48.941124669763425,49.267398834228516,3923,yfinance
PETR3.SA,2708,3,2022-01-05,11.597176949608112,11.61892215408547,11.075303793326976,11.093424797058105,29552100,yfinance
PETR3.SA,2709,3,2022-01-06,11.140533949720108,11.390598179786116,11.03905843967635,11.082548141479492,30193600,yfinance
FLRY3.SA,215,1,2022-01-06,11.706456354176643,12.32719868452811,11.604216692921732,11.991268157958984,4861675,yfinance
VALE3.SA,5291,6,2022-01-06,53.466948975648926,54.62956894649726,53.24258235306736,53.970069885253906,22044100,yfinance
KFOF11.SA,1462,2,2022-01-06,49.39135448620727,51.074924364345435,48.35380068716424,48.582191467285156,3514,yfinance
SAPR11.SA,4044,5,2022-01-06,13.8051778673996,13.836130413235008,13.364093388469797,13.371831893920898,2064100,yfinance
KFOF11.SA,1463,2,2022-01-07,48.549580334700075,50.44197084765508,48.28856009523267,50.05696487426758,8232,yfinance
VALE3.SA,5292,6,2022-01-07,54.6635657194444,57.11118698120117,54.24882930377255,57.11118698120117,35213100,yfinance
FLRY3.SA,216,1,2022-01-07,12.020477715878174,12.144626021364251,11.757576073578573,12.108112335205078,2061850,yfinance
PETR3.SA,2710,3,2022-01-07,11.1477851661468,11.231139700154744,11.064430632138857,11.1731538772583,16889100,yfinance
SAPR11.SA,4045,5,2022-01-07,13.379571130452966,13.580766379299243,13.162897393889722,13.557552337646484,1058900,yfinance
SAPR11.SA,4046,5,2022-01-10,13.480167107581057,13.611718739424186,13.325399960953058,13.333138465881348,1310300,yfinance
FLRY3.SA,217,1,2022-01-10,12.10080949160846,12.692340219844787,11.837906371289803,12.560888290405273,3297073,yfinance
KFOF11.SA,1464,2,2022-01-10,50.24620100023923,51.179344932242685,49.104241886597435,50.50722122192383,11706,yfinance
VALE3.SA,5293,6,2022-01-10,56.08454553298379,57.294757985055845,55.95536899084228,56.43129348754883,25056700,yfinance
PETR3.SA,2711,3,2022-01-10,11.1260416270973,11.25650939438631,11.013693480583347,11.133289337158203,17334600,yfinance
SAPR11.SA,4047,5,2022-01-11,13.286710054160519,13.503383782867205,13.255756031787124,13.433738708496094,637500,yfinance
PETR3.SA,2712,3,2022-01-11,11.180400628400127,11.629791035168253,11.107918014850732,11.593549728393555,30661100,yfinance
KFOF11.SA,1465,2,2022-01-11,51.153225543172795,51.153225543172795,49.07159630935405,49.92643737792969,5926,yfinance
VALE3.SA,5294,6,2022-01-11,56.757640175682674,57.89306364663986,56.642054076713606,57.505523681640625,28418800,yfinance
FLRY3.SA,218,1,2022-01-11,12.48055703369617,13.072087784585426,12.378317378777163,13.042876243591309,2703216,yfinance
SAPR11.SA,4048,5,2022-01-12,13.356354685139728,13.797439157534713,13.33313916913037,13.72005558013916,1020300,yfinance
FLRY3.SA,219,1,2022-01-12,12.977149850063775,13.320383968348828,12.86030516704638,13.152419090270996,2862073,yfinance
KFOF11.SA,1466,2,2022-01-12,49.841631299160625,50.872658682601674,49.835109401508795,50.39630126953125,3548,yfinance
PETR3.SA,2713,3,2022-01-12,11.66240910409744,12.050189528707703,11.651537195040081,11.977706909179688,25548000,yfinance
VALE3.SA,5295,6,2022-01-12,58.804118015071886,58.865311263363985,57.74348345842336,58.13102340698242,27335400,yfinance
FLRY3.SA,220,1,2022-01-13,13.145116772841726,13.174328314137558,12.758065327792774,12.779973983764648,2886464,yfinance
SAPR11.SA,4049,5,2022-01-13,13.712317074802707,13.820654673544071,13.619457962703224,13.72005558013916,680200,yfinance
VALE3.SA,5296,6,2022-01-13,57.682294287808894,57.947458132903265,56.90721433589881,57.247161865234375,23154200,yfinance
PETR3.SA,2714,3,2022-01-13,11.905227351791323,12.485087074670007,11.897980332216399,12.26763916015625,32479700,yfinance
KFOF11.SA,1467,2,2022-01-13,50.592039140784735,50.592039140784735,49.91991558374086,50.50068283081055,2314,yfinance
PETR3.SA,2715,3,2022-01-14,12.347368609623912,12.590185208840698,12.184283040372513,12.524950981140137,28261000,yfinance
FLRY3.SA,221,1,2022-01-14,12.772670583787567,13.17432778330034,12.728853273609365,13.093996047973633,1640848,yfinance
SAPR11.SA,4050,5,2022-01-14,13.720054797156145,13.836129418640782,13.634934195250821,13.7355318069458,725900,yfinance
KFOF11.SA,1468,2,2022-01-14,50.46806633879395,50.47459321361566,49.93297710998952,50.14179229736328,2394,yfinance
VALE3.SA,5297,6,2022-01-14,56.9208193651352,57.74349182470291,56.370105986651474,57.580318450927734,21183400,yfinance
FLRY3.SA,222,1,2022-01-17,13.130509335401964,13.26195977742602,12.838395436645515,12.991754531860352,1533636,yfinance
SAPR11.SA,4051,5,2022-01-17,13.619459883312807,14.014114855312103,13.619459883312807,13.890301704406738,731700,yfinance
PETR3.SA,2716,3,2022-01-17,12.474213147246815,12.662667443931301,12.419852208245745,12.485086441040039,7079200,yfinance
VALE3.SA,5298,6,2022-01-17,57.11118848670485,57.51912450988657,57.11118848670485,57.28116226196289,9688500,yfinance
KFOF11.SA,1469,2,2022-01-17,50.48764659553917,51.87757220963366,50.27230453491212,50.27230453491211,4890,yfinance
PETR3.SA,2717,3,2022-01-18,12.514078140753394,12.659043403661844,12.253142603005873,12.52857494354248,14950100,yfinance
FLRY3.SA,223,1,2022-01-18,12.889514955551176,13.042875537467552,12.794578929580808,13.02826976776123,1236495,yfinance
SAPR11.SA,4052,5,2022-01-18,13.898036315209495,13.913513325370404,13.735532136426714,13.843868255615234,683900,yfinance
VALE3.SA,5299,6,2022-01-18,57.505531757907605,59.06928745595007,57.43754328185154,58.68174743652344,24080200,yfinance
KFOF11.SA,1470,2,2022-01-18,50.89874979616401,51.35553145676218,50.572475759009116,51.01620864868164,6907,yfinance
KFOF11.SA,1471,2,2022-01-19,51.01619520549916,51.34899602969451,50.324496022134085,51.29026412963867,7931,yfinance
PETR3.SA,2718,3,2022-01-19,12.615554471375093,12.73877453101403,12.412603378295898,12.412603378295898,19605900,yfinance
VALE3.SA,5300,6,2022-01-19,60.15712730574802,60.51067051402884,59.749186051408245,59.97355270385742,29332500,yfinance
FLRY3.SA,224,1,2022-01-19,13.174327735298492,13.393412808270496,13.020967150233565,13.240052223205566,1967364,yfinance
SAPR11.SA,4053,5,2022-01-19,13.751008897328752,14.145663793464665,13.751008897328752,14.068280220031738,1144700,yfinance
PETR3.SA,2719,3,2022-01-20,12.50320436772308,12.626424408095932,12.329246907636287,12.492332458496094,18238900,yfinance
VALE3.SA,5301,6,2022-01-20,60.3746883225109,60.490269247203976,58.906112383393804,58.953704833984375,22748800,yfinance
KFOF11.SA,1472,2,2022-01-20,51.29028359525901,51.35553741455079,50.618159797313886,51.35553741455078,7889,yfinance
FLRY3.SA,225,1,2022-01-20,13.327686721677438,13.510257367968707,13.072087226021365,13.502954483032227,3382122,yfinance
SAPR11.SA,4054,5,2022-01-20,14.122451760940246,14.640919912024493,14.122451760940246,14.617704391479492,1376400,yfinance
FLRY3.SA,226,1,2022-01-21,13.473745143108005,13.984942684718881,13.327687436544196,13.9703369140625,2319012,yfinance
PETR3.SA,2720,3,2022-01-21,12.412603758607194,12.619178367494202,12.390858553595992,12.535823822021484,16277600,yfinance
KFOF11.SA,1473,2,2022-01-21,50.898743048333856,51.544764162262126,50.898743048333856,51.531715393066406,3248,yfinance
VALE3.SA,5302,6,2022-01-21,58.79053903155166,58.96731323673907,57.342358929405414,57.72990417480469,32752300,yfinance
SAPR11.SA,4055,5,2022-01-21,14.509364660112,14.532580174916983,14.370074523219902,14.431981086730957,1191700,yfinance
FLRY3.SA,227,1,2022-01-24,13.90461208072384,13.90461208072384,13.444531793501602,13.451834678649902,1518895,yfinance
SAPR11.SA,4056,5,2022-01-24,14.501627314577611,14.718301042173751,14.370075672102994,14.695085525512695,1312300,yfinance
PETR3.SA,2721,3,2022-01-24,12.48508591864993,12.7134057238768,12.093680538261005,12.557568550109863,25099100,yfinance
VALE3.SA,5303,6,2022-01-24,56.90721815026971,57.08399232978555,55.80579140119626,57.022804260253906,29040100,yfinance
KFOF11.SA,1474,2,2022-01-24,51.53172992523056,51.557832449529066,50.70299095903198,50.82044982910156,3942,yfinance
PETR3.SA,2722,3,2022-01-25,12.459717330693833,13.054072426176386,12.365489494098078,12.97434139251709,21039200,yfinance
FLRY3.SA,228,1,2022-01-25,13.32768754961859,14.057971657271036,13.254658695717096,13.90461254119873,2215829,yfinance
KFOF11.SA,1475,2,2022-01-25,50.90527305674977,51.55782108473024,50.605101561304316,50.650779724121094,13012,yfinance
VALE3.SA,5304,6,2022-01-25,57.151981353759766,57.82508124822494,56.465291026629416,57.151981353759766,22490500,yfinance
SAPR11.SA,4057,5,2022-01-25,14.509364906842997,14.842113244861624,14.447458342279223,14.780206680297852,1150800,yfinance
SAPR11.SA,4058,5,2022-01-26,14.842112315164092,15.089738557908085,14.749251736150681,14.942709922790527,1445500,yfinance
VALE3.SA,5305,6,2022-01-26,58.40299385060257,58.851721947871056,56.98881070752392,57.315162658691406,25806800,yfinance
PETR3.SA,2723,3,2022-01-26,13.046824194519134,13.554201243969151,13.046824194519134,13.354873657226562,22400800,yfinance
KFOF11.SA,1476,2,2022-01-26,50.572481291614935,51.56435228251549,50.27230974201941,50.48765182495117,13410,yfinance
FLRY3.SA,229,1,2022-01-26,13.941126250353275,14.174817093685025,13.882703170240147,13.977639198303223,1785707,yfinance
KFOF11.SA,1477,2,2022-01-27,50.494145896940985,51.629582629325,48.96065959529062,49.593631744384766,20077,yfinance
VALE3.SA,5306,6,2022-01-27,57.79108005554857,58.10383116044549,56.61485932029072,57.444332122802734,20994900,yfinance
FLRY3.SA,230,1,2022-01-27,14.087183254077512,14.393902964545822,13.911915481147409,14.298965454101562,2396531,yfinance
SAPR11.SA,4059,5,2022-01-27,14.942709480558872,15.167121678884621,14.865325912999344,15.066522598266602,1132500,yfinance
PETR3.SA,2724,3,2022-01-27,13.47084483864535,13.64842721439098,13.24977482005183,13.405611991882324,27254700,yfinance
KFOF11.SA,1478,2,2022-01-28,49.59365212669131,50.40933719456452,49.43704198765269,49.6067008972168,4097,yfinance
PETR3.SA,2725,3,2022-01-28,13.354871990780653,13.699163418339605,12.854744787791253,13.006957054138184,24342500,yfinance
VALE3.SA,5307,6,2022-01-28,58.18542124371398,58.70893816442532,56.31570980416421,56.88002395629883,28453000,yfinance
FLRY3.SA,231,1,2022-01-28,14.211332058377327,14.642200858235842,14.109093130791297,14.452325820922852,1848910,yfinance
SAPR11.SA,4060,5,2022-01-28,15.082001763403708,15.283198477438162,14.996879679320555,15.12843132019043,1131400,yfinance
SAPR11.SA,4061,5,2022-01-31,15.112956177902342,15.68559231304666,15.035572597267914,15.654638290405273,2231700,yfinance
VALE3.SA,5308,6,2022-01-31,56.390506561269596,56.390506561269596,54.983123779296875,54.983123779296875,31397700,yfinance
PETR3.SA,2726,3,2022-01-31,13.064943529453414,13.108432553083057,12.695283372373598,12.782262802124023,22445000,yfinance
KFOF11.SA,1479,2,2022-01-31,49.6197537957958,49.95255469177683,49.280426025390625,49.280426025390625,5125,yfinance
FLRY3.SA,232,1,2022-01-31,14.45232434057231,14.890495981599436,14.386599849970933,14.76634693145752,2097906,yfinance
PETR3.SA,2727,3,2022-02-01,12.742397963537243,13.21353299490271,12.586560789567644,13.159172058105469,19064200,yfinance
FLRY3.SA,233,1,2022-02-01,14.737137179616816,14.788257382941042,14.101790512521559,14.35008716583252,2193241,yfinance
VALE3.SA,5309,6,2022-02-01,55.411447776699035,58.015447119596566,55.32306328566978,58.00184631347656,24131300,yfinance
KFOF11.SA,1480,2,2022-02-01,48.94764251748932,50.18095823336905,47.70779992553071,48.425601959228516,8095,yfinance
SAPR11.SA,4062,5,2022-02-01,15.515347864799464,15.654638012272894,15.275460097466897,15.345105171203613,1139800,yfinance
FLRY3.SA,234,1,2022-02-02,14.328175934501543,14.547261003716947,14.218632661333478,14.277055740356445,1549331,yfinance
PETR3.SA,2728,3,2022-02-02,13.26789743698309,13.271520947019496,12.829379450531942,12.923605918884277,11735200,yfinance
SAPR11.SA,4063,5,2022-02-02,15.36831843787719,15.43796350141799,15.11295369688386,15.236766815185547,828600,yfinance
KFOF11.SA,1481,2,2022-02-02,48.41906365054288,50.85307008429092,48.36686358988036,48.81059646606445,13695,yfinance
VALE3.SA,5310,6,2022-02-02,58.13101968693248,58.66813733340283,57.60070244254546,58.328189849853516,17489000,yfinance
KFOF11.SA,1482,2,2022-02-03,49.12380513867157,49.12380513867157,48.55609165167205,48.61481857299805,7471,yfinance
SAPR11.SA,4064,5,2022-02-03,15.182601686351367,15.53856410107609,15.09747959762629,15.445703506469727,1304500,yfinance
FLRY3.SA,235,1,2022-02-03,14.247844458243392,14.37199350341005,14.05797092510926,14.174817085266113,1759514,yfinance
VALE3.SA,5311,6,2022-02-03,58.674950706584475,59.00129745811164,58.0086512091687,58.30100631713867,19179400,yfinance
PETR3.SA,2729,3,2022-02-03,12.854745885412433,12.858369394805349,12.568440256180603,12.785886764526367,16656900,yfinance
FLRY3.SA,236,1,2022-02-04,14.145605792835081,14.20402739681538,13.714737046835403,14.160211563110352,4691153,yfinance
KFOF11.SA,1483,2,2022-02-04,49.43051788244012,50.226627349853516,48.60178399761197,50.226627349853516,3870,yfinance
VALE3.SA,5312,6,2022-02-04,58.30100833285939,59.946353328931515,58.1650313795531,59.830772399902344,24535400,yfinance
PETR3.SA,2730,3,2022-02-04,12.86924162216618,13.257023496327735,12.731526141987466,13.014206886291504,25527800,yfinance
SAPR11.SA,4065,5,2022-02-04,15.492132638364087,15.515346677186747,15.205813859810466,15.368319511413574,1138700,yfinance
VALE3.SA,5313,6,2022-02-07,59.93276020724984,61.353738621141936,59.93276020724984,61.27894973754883,24915800,yfinance
FLRY3.SA,237,1,2022-02-07,14.152908689885793,14.262450489921742,13.911914957261768,13.963033676147461,2424846,yfinance
SAPR11.SA,4066,5,2022-02-07,15.368320373212288,15.445702474918988,15.128431134820781,15.399272918701172,1300400,yfinance
KFOF11.SA,1484,2,2022-02-07,50.14178204613513,50.18093830851332,49.078130680806,50.115684509277344,6271,yfinance
PETR3.SA,2731,3,2022-02-07,12.996087655071728,13.028704773088853,12.804009839243834,12.858370780944824,20018000,yfinance
KFOF11.SA,1485,2,2022-02-08,50.11568346741682,50.344074249267585,48.63439686497141,50.34407424926758,6458,yfinance
FLRY3.SA,238,1,2022-02-08,13.955731553855305,14.006851752656123,13.78776666348776,13.831583976745605,1088349,yfinance
SAPR11.SA,4067,5,2022-02-08,15.22902920535807,15.41474889371989,15.120693089472562,15.352842330932617,1064800,yfinance
VALE3.SA,5314,6,2022-02-08,61.49651321229765,62.196809562302924,60.85061490549452,62.135616302490234,26598600,yfinance
PETR3.SA,2732,3,2022-02-08,12.76776368553146,12.793132393257483,12.474209718642047,12.673537254333496,16102100,yfinance
PETR3.SA,2733,3,2022-02-09,12.69528391331135,13.010583149911588,12.586560658359044,12.684412002563477,10506700,yfinance
KFOF11.SA,1486,2,2022-02-09,50.33753582226697,50.33753582226697,49.437021669710745,49.593631744384766,4029,yfinance
FLRY3.SA,239,1,2022-02-09,13.955730198671102,14.116393665015156,13.787765324613945,13.882702827453613,1225678,yfinance
VALE3.SA,5315,6,2022-02-09,61.190561084731094,62.41437438130097,60.73503259713658,62.14921569824219,24815300,yfinance
SAPR11.SA,4068,5,2022-02-09,15.221294080602243,15.430229329894445,15.221294080602243,15.27546215057373,538900,yfinance
PETR3.SA,2734,3,2022-02-10,12.753269560860925,13.083064212957913,12.702532134767724,12.90185832977295,14021700,yfinance
KFOF11.SA,1487,2,2022-02-10,49.60669176097331,52.13858093161439,49.60016986618501,50.898738861083984,12023,yfinance
FLRY3.SA,240,1,2022-02-10,13.809673990795355,13.926520148235312,13.524862959156179,13.597891807556152,1803204,yfinance
VALE3.SA,5316,6,2022-02-10,62.8562882071202,64.23647936016528,62.57073356325722,63.82174301147461,47888900,yfinance
SAPR11.SA,4069,5,2022-02-10,15.368320663927053,15.461179778119254,15.252244557233288,15.25998306274414,621800,yfinance
SAPR11.SA,4070,5,2022-02-11,15.352842501552535,15.46891712357253,15.198075354879947,15.368319511413574,2431600,yfinance
FLRY3.SA,241,1,2022-02-11,13.70013257053337,13.802371483972717,13.218143635013623,13.32038402557373,1732366,yfinance
VALE3.SA,5317,6,2022-02-11,63.47500677432458,63.50220320071144,62.27838994924212,62.52995300292969,34555300,yfinance
KFOF11.SA,1488,2,2022-02-11,50.898746086017844,51.074931862678284,49.98517785286723,50.833492279052734,3727,yfinance
PETR3.SA,2735,3,2022-02-11,12.98158851748076,13.50346092945553,12.894610473397174,13.481717109680176,26448100,yfinance
SAPR11.SA,4071,5,2022-02-14,15.36832276733976,15.445704881101298,15.066526914986762,15.112957954406738,961400,yfinance
PETR3.SA,2736,3,2022-02-14,13.481718340699468,13.550576080427316,13.04682393309796,13.133803367614746,13473300,yfinance
VALE3.SA,5318,6,2022-02-14,61.94524826990043,62.6659354775912,61.74807805158744,62.257999420166016,22804400,yfinance
KFOF11.SA,1489,2,2022-02-14,50.76826099312053,51.64920022430409,49.724179704334105,50.57249450683594,6440,yfinance
FLRY3.SA,242,1,2022-02-14,13.247355317754128,13.502954819784637,13.159722173451605,13.283869743347168,1556436,yfinance
FLRY3.SA,243,1,2022-02-15,13.334988163297673,13.875398635864258,13.196233364522712,13.875398635864258,4093478,yfinance
SAPR11.SA,4072,5,2022-02-15,15.198076052481557,15.391534256717703,15.120693951562272,15.306413650512695,778000,yfinance
KFOF11.SA,1490,2,2022-02-15,49.74373551551856,51.459934938572424,49.74373551551856,50.409332275390625,6123,yfinance
PETR3.SA,2737,3,2022-02-15,13.046825111133014,13.064945425066876,12.662668096274993,12.861995697021484,14294900,yfinance
VALE3.SA,5319,6,2022-02-15,60.52425706484801,61.149764473741044,59.62679577673545,60.40867614746094,29624900,yfinance
FLRY3.SA,244,1,2022-02-16,13.868098237957229,13.999548699031681,13.670920330664286,13.72934341430664,2032794,yfinance
VALE3.SA,5320,6,2022-02-16,60.80982440562305,61.61210089709932,60.57865735527138,60.850616455078125,20774700,yfinance
KFOF11.SA,1491,2,2022-02-16,50.409332275390625,51.225017263665556,50.409332275390625,50.409332275390625,10189,yfinance
SAPR11.SA,4073,5,2022-02-16,15.34510500159731,15.507610663843172,15.283198434067693,15.329627990722656,856200,yfinance
PETR3.SA,2738,3,2022-02-16,12.9562200257826,13.430979914633948,12.9562200257826,13.144674301147461,18446000,yfinance
SAPR11.SA,4074,5,2022-02-17,15.391532870236988,15.46117793556584,15.18259915021927,15.229028701782227,925500,yfinance
KFOF11.SA,1492,2,2022-02-17,50.89221921175743,51.19891758089444,50.73560907933189,50.833492279052734,4000,yfinance
FLRY3.SA,245,1,2022-02-17,13.729345325695748,13.76585975805573,13.378809729282013,13.473747253417969,1603944,yfinance
VALE3.SA,5321,6,2022-02-17,60.408675278668625,60.51066057550308,58.04264336548529,58.23301315307617,36259300,yfinance
PETR3.SA,2739,3,2022-02-17,13.09756088158923,13.25702294195708,12.97071731765222,13.083064079284668,10212000,yfinance
FLRY3.SA,246,1,2022-02-18,13.510257851114925,13.575983817893704,13.247355461120605,13.247355461120605,1300441,yfinance
VALE3.SA,5322,6,2022-02-18,58.77012116130023,59.17125669211028,58.0834258091145,58.355384826660156,22690600,yfinance
KFOF11.SA,1493,2,2022-02-18,50.82696625766222,51.198918440005656,50.74213680503878,51.159767150878906,5703,yfinance
PETR3.SA,2740,3,2022-02-18,13.010583376436191,13.112058231826275,12.814880684619986,12.999710083007812,14031600,yfinance
SAPR11.SA,4075,5,2022-02-18,15.236769623426348,15.468918894036513,15.221292611793919,15.437966346740723,882700,yfinance
FLRY3.SA,247,1,2022-02-21,13.283869189727982,13.38610957712752,12.947937965393066,12.947937965393066,1379869,yfinance
VALE3.SA,5323,6,2022-02-21,58.87891676094475,59.82397056929246,58.13103316122047,58.402992248535156,14561000,yfinance
KFOF11.SA,1494,2,2022-02-21,51.06841325336416,51.146715835342754,50.40933830994655,51.140193939208984,14024,yfinance
PETR3.SA,2741,3,2022-02-21,13.00333565539224,13.438230088020754,13.00333565539224,13.351250648498535,6224000,yfinance
SAPR11.SA,4076,5,2022-02-21,15.244507305606826,15.53082462549217,15.213553284014363,15.283198356628418,1488600,yfinance
PETR3.SA,2742,3,2022-02-22,13.488965739169975,13.641178010142877,12.974340336733023,13.144674301147461,21847400,yfinance
VALE3.SA,5324,6,2022-02-22,58.940110184742494,59.422835102165,58.335003937044696,59.41603469848633,23591200,yfinance
SAPR11.SA,4077,5,2022-02-22,15.360582012471962,15.515347693311504,15.229030371975403,15.329627990722656,667500,yfinance
KFOF11.SA,1495,2,2022-02-22,51.13366088178604,51.13366088178604,49.14338752136963,50.213565826416016,18917,yfinance
FLRY3.SA,248,1,2022-02-22,13.137814090286975,14.014154434204102,13.09399677766695,14.014154434204102,3247656,yfinance
KFOF11.SA,1496,2,2022-02-23,50.213552059112196,50.89220237989755,49.31303787231445,49.31303787231445,4276,yfinance
VALE3.SA,5325,6,2022-02-23,59.89196569230128,60.06193949234144,58.16503644861929,58.7905387878418,24413800,yfinance
PETR3.SA,2743,3,2022-02-23,13.217157383022478,13.336752545410498,13.061320214993273,13.148298263549805,19561500,yfinance
FLRY3.SA,249,1,2022-02-23,13.992245066340168,14.225935911308806,13.685526847839355,13.685526847839355,1977438,yfinance
SAPR11.SA,4078,5,2022-02-23,15.329628123991412,15.848096185047641,15.298675577942015,15.708806037902832,1695200,yfinance
SAPR11.SA,4079,5,2022-02-24,15.430227379215623,15.608208579755734,14.942711859165202,15.561779022216797,1772300,yfinance
PETR3.SA,2744,3,2022-02-24,13.409237309428038,13.644805544887515,12.662668464233258,12.941725730895996,23081700,yfinance
VALE3.SA,5326,6,2022-02-24,57.53272439683955,59.857964360266216,56.92761818157099,59.51801681518555,37212500,yfinance
FLRY3.SA,250,1,2022-02-24,13.378808873162967,13.568682432163689,12.743460744997725,13.356900215148926,3885310,yfinance
KFOF11.SA,1497,2,2022-02-24,49.156441842465284,49.162963737886535,47.31625668880915,48.36033248901367,6740,yfinance
VALE3.SA,5327,6,2022-02-25,58.82451804631983,62.82910470406111,57.85906831035341,62.74071502685547,51028300,yfinance
SAPR11.SA,4080,5,2022-02-25,15.329626507513114,15.755235409572537,15.329626507513114,15.407010078430176,1087600,yfinance
KFOF11.SA,1498,2,2022-02-25,48.9345656501566,48.94109252315239,48.360325290161285,48.61481857299805,4920,yfinance
PETR3.SA,2745,3,2022-02-25,12.901859534140522,13.220782305414508,12.760519153260944,13.180916786193848,20527100,yfinance
FLRY3.SA,251,1,2022-02-25,13.305778343215666,13.481046108210592,13.072087497515511,13.115904808044434,2036081,yfinance
SAPR11.SA,4081,5,2022-03-02,15.484395588580535,15.608208727166394,15.306414386359492,15.492134094238281,1013100,yfinance
FLRY3.SA,252,1,2022-03-02,13.013664702597191,13.26926420917491,12.787276737013592,13.042876243591309,2223040,yfinance
KFOF11.SA,1499,2,2022-03-02,48.92805603246476,48.92805603246476,47.94270706176758,47.94270706176758,3901,yfinance
PETR3.SA,2746,3,2022-03-02,13.760772304490898,13.800637811568562,13.463594829445793,13.597686767578125,16218600,yfinance
VALE3.SA,5328,6,2022-03-02,67.28921988467846,67.78554041028613,65.99061773438028,67.75154876708984,42191500,yfinance
VALE3.SA,5329,6,2022-03-03,68.12548526132437,68.84617757679943,67.64956077796258,67.78553771972656,38621400,yfinance
PETR3.SA,2747,3,2022-03-03,13.623056987502162,13.731780230015946,13.304134277969498,13.488965034484863,15435300,yfinance
FLRY3.SA,253,1,2022-03-03,13.10860171275809,13.254657935058367,12.999058438192321,13.072087287902832,1782313,yfinance
KFOF11.SA,1500,2,2022-03-03,47.92965118728735,50.154842376708984,47.47286955413009,50.154842376708984,16874,yfinance
SAPR11.SA,4082,5,2022-03-03,15.52308676390573,16.0338163336117,15.52308676390573,15.871312141418457,1878400,yfinance
VALE3.SA,5330,6,2022-03-04,67.09204772835706,69.41048728929017,66.71130813763206,69.32890319824219,30533200,yfinance
PETR3.SA,2748,3,2022-03-04,13.46359542369909,13.626679585319154,13.151921135507152,13.398361206054688,18097200,yfinance
FLRY3.SA,254,1,2022-03-04,13.086692243618723,13.167023973302216,12.81648699362217,13.035572052001953,1036386,yfinance
SAPR11.SA,4083,5,2022-03-04,15.824882245317758,15.964170917380919,15.654638075069977,15.840357780456543,1508600,yfinance
KFOF11.SA,1501,2,2022-03-04,50.14179086499294,50.14179086499294,47.981858365558345,48.93457794189453,11594,yfinance
PETR3.SA,2749,3,2022-03-07,13.554201055454923,13.590441680272496,12.235021021730516,12.372737884521484,31859200,yfinance
SAPR11.SA,4084,5,2022-03-07,15.739760826082314,16.080247705013544,15.43796647655752,15.445703506469727,1891200,yfinance
KFOF11.SA,1502,2,2022-03-07,48.77795750176938,49.267368446603186,48.19719024551691,48.712703704833984,5262,yfinance
VALE3.SA,5331,6,2022-03-07,71.00823722063357,72.00088332278496,70.62069726851155,71.43656921386719,55305300,yfinance
FLRY3.SA,255,1,2022-03-07,12.823791944400819,13.115905895014922,12.45134625115959,12.487860679626465,2190590,yfinance
SAPR11.SA,4085,5,2022-03-08,15.414752173235478,15.584994888127696,14.973667635038534,15.182602882385254,1246000,yfinance
KFOF11.SA,1503,2,2022-03-08,48.71272476412673,49.247814095997576,48.12543038072026,48.425601959228516,4937,yfinance
FLRY3.SA,256,1,2022-03-08,12.531676874778439,12.648521558317972,12.203049263602505,12.297986030578613,1954320,yfinance
PETR3.SA,2750,3,2022-03-08,12.437971482056124,12.880114271278455,12.15529075189294,12.572063446044922,37221100,yfinance
VALE3.SA,5332,6,2022-03-08,72.74196741516164,72.82355668570929,67.79913285606915,68.30225372314453,53060200,yfinance
KFOF11.SA,1504,2,2022-03-09,48.614825987573475,48.614825987573475,47.96227798774027,47.99490737915039,8866,yfinance
PETR3.SA,2751,3,2022-03-09,12.644546578085635,12.727901120235856,12.29663160672179,12.568440437316895,18729100,yfinance
VALE3.SA,5333,6,2022-03-09,67.63099607215882,67.63805792026041,65.35050393041143,66.5013427734375,41051200,yfinance
FLRY3.SA,257,1,2022-03-09,12.422133774889867,12.823790980720933,12.385620087727363,12.714247703552246,2199604,yfinance
SAPR11.SA,4086,5,2022-03-09,15.213553493360408,15.716544543407434,15.128431408778802,15.708806037902832,1525500,yfinance
VALE3.SA,5334,6,2022-03-10,66.72020819542792,68.69710540771484,66.42367522956835,68.69710540771484,33107000,yfinance
KFOF11.SA,1505,2,2022-03-10,47.99490737915039,48.52999653987177,47.99490737915039,47.99490737915039,5292,yfinance
FLRY3.SA,258,1,2022-03-10,12.538980195511696,12.714247965471406,12.378317457581625,12.612009048461914,1713278,yfinance
PETR3.SA,2752,3,2022-03-10,13.115682320778985,13.249775679887435,12.611930148562795,12.919981002807617,26817700,yfinance
SAPR11.SA,4087,5,2022-03-10,15.523085621958002,15.662375762716286,15.25224384559122,15.608207702636719,1040700,yfinance
PETR3.SA,2753,3,2022-03-11,12.952597882250691,13.093938258053834,12.53944728356833,12.615554809570312,24275700,yfinance
SAPR11.SA,4088,5,2022-03-11,15.646899333808062,15.747498428524308,15.329627990722656,15.329627990722656,468800,yfinance
KFOF11.SA,1506,2,2022-03-11,47.994900059122934,48.61481857299805,47.994900059122934,48.61481857299805,3214,yfinance
VALE3.SA,5335,6,2022-03-11,68.7888898126326,69.48080547233658,68.31584834620661,68.33702850341797,24321500,yfinance
FLRY3.SA,259,1,2022-03-11,12.706944574252185,12.765367654286257,12.12271746671335,12.173837661743164,2294727,yfinance
VALE3.SA,5336,6,2022-03-14,67.05912845626787,67.21445145034778,64.4256186077271,64.6727294921875,37172800,yfinance
KFOF11.SA,1507,2,2022-03-14,48.034053732800956,48.58219160666371,47.79913607870388,48.216766357421875,5487,yfinance
FLRY3.SA,260,1,2022-03-14,12.261470724060116,12.400225529870998,12.013174127624454,12.137322425842285,1802674,yfinance
SAPR11.SA,4089,5,2022-03-14,15.422488224295147,15.615946427859374,15.051048827684383,15.13616943359375,1402900,yfinance
PETR3.SA,2754,3,2022-03-14,12.615554906857723,12.738774970750153,12.224149510084848,12.456092834472656,20240500,yfinance
FLRY3.SA,261,1,2022-03-15,12.042388763102904,12.232263070805411,11.837908682610934,11.94014835357666,1505003,yfinance
PETR3.SA,2755,3,2022-03-15,12.235020660931601,12.325623602794959,11.865361874721343,12.224148750305176,19469500,yfinance
VALE3.SA,5337,6,2022-03-15,62.829963799313504,63.246526658015064,61.6226463124792,62.81584548950195,47128500,yfinance
KFOF11.SA,1508,2,2022-03-15,48.588723485831295,48.614826003258585,47.805667877197266,47.805667877197266,5989,yfinance
SAPR11.SA,4090,5,2022-03-15,15.167124017309185,15.298675659652007,14.9968798472367,15.143908500671387,966900,yfinance
PETR3.SA,2756,3,2022-03-16,12.260389777425448,12.35461622114226,12.021196702816713,12.23501968383789,20123900,yfinance
SAPR11.SA,4091,5,2022-03-16,15.259982917755714,15.46891813665654,15.120694247790825,15.329627990722656,1606700,yfinance
FLRY3.SA,262,1,2022-03-16,12.013175408511756,12.612009048461914,12.013175408511756,12.612009048461914,2541602,yfinance
KFOF11.SA,1509,2,2022-03-16,47.831764138041365,48.58871713023567,47.30972381487285,47.6359977722168,7524,yfinance
VALE3.SA,5338,6,2022-03-16,64.87747642951767,66.28248285414544,63.0559070629472,64.34088897705078,37906100,yfinance
SAPR11.SA,4092,5,2022-03-17,15.360581867847822,15.468917991012386,15.143908145549714,15.399272918701172,1207900,yfinance
FLRY3.SA,263,1,2022-03-17,12.597401610753701,12.597401610753701,12.093505546323554,12.312590599060059,4965918,yfinance
VALE3.SA,5339,6,2022-03-17,65.5905613078709,67.05911335716523,65.35756878929196,66.57901000976562,40663500,yfinance
PETR3.SA,2757,3,2022-03-17,12.332872235085178,12.437971981413478,11.597176775769487,11.912474632263184,33975100,yfinance
KFOF11.SA,1510,2,2022-03-17,47.56423522505599,48.26898843627733,47.3488931363138,47.492454528808594,11941,yfinance
FLRY3.SA,264,1,2022-03-18,12.312591674580501,12.42213347195706,11.808695566134391,12.049689292907715,10584232,yfinance
VALE3.SA,5340,6,2022-03-18,67.36271358530499,67.84281158447266,66.22599829524627,67.84281158447266,46080900,yfinance
SAPR11.SA,4093,5,2022-03-18,15.391533550236234,15.46117861864201,15.213552364740986,15.368319511413574,1148000,yfinance
PETR3.SA,2758,3,2022-03-18,11.86173525504936,12.158912750474451,11.825494636579366,12.017572402954102,34149500,yfinance
KFOF11.SA,1511,2,2022-03-18,47.57076060580194,48.32771386260494,47.57076060580194,47.851356506347656,6230,yfinance
VALE3.SA,5341,6,2022-03-21,68.71828686332438,70.20095710726095,68.59120053460914,69.76321411132812,25374600,yfinance
KFOF11.SA,1512,2,2022-03-21,48.327715381272085,48.51695494605637,47.492454528808594,47.492454528808594,4137,yfinance
PETR3.SA,2759,3,2022-03-21,12.039319227860805,12.51770264516073,12.021197533689874,12.419851303100586,12200800,yfinance
SAPR11.SA,4094,5,2022-03-21,15.468919738223516,15.49987376317763,15.229031948705716,15.383797645568848,1647400,yfinance
FLRY3.SA,265,1,2022-03-21,12.19574543212963,12.210351201078709,11.83790556999784,11.96935749053955,4623602,yfinance
VALE3.SA,5342,6,2022-03-22,69.55140833624358,69.86912147012387,67.91340973086811,68.202880859375,29489800,yfinance
SAPR11.SA,4095,5,2022-03-22,15.41475095891366,15.507611553520023,15.298676322632513,15.445703506469727,1119500,yfinance
KFOF11.SA,1513,2,2022-03-22,47.59033401081799,48.49737548828125,47.49245079830136,48.49737548828125,3710,yfinance
PETR3.SA,2760,3,2022-03-22,12.499583342863916,12.546695880537575,12.187908979834978,12.340121269226074,15178400,yfinance
FLRY3.SA,266,1,2022-03-22,12.086202661071791,12.41482950159114,12.064293269527443,12.356407165527344,4794124,yfinance
VALE3.SA,5343,6,2022-03-23,68.8383150894953,69.8550057745329,67.98401459477807,68.09697723388672,26309600,yfinance
FLRY3.SA,267,1,2022-03-23,12.356266111549436,12.356266111549436,11.799815448878574,11.837928771972656,14287992,yfinance
SAPR11.SA,4096,5,2022-03-23,15.4611806497751,15.747499465942383,15.430228101955688,15.747499465942383,1311700,yfinance
KFOF11.SA,1514,2,2022-03-23,48.47126998780711,48.47126998780711,47.66211177258338,47.8317756652832,2509,yfinance
PETR3.SA,2761,3,2022-03-23,12.394483517628279,12.698909477096034,12.29663216824672,12.459717750549316,11845600,yfinance
SAPR11.SA,4097,5,2022-03-24,15.801666181417842,15.82488169727555,15.600469471891254,15.755236625671387,917100,yfinance
KFOF11.SA,1515,2,2022-03-24,47.85786680017955,48.15804325421177,47.83176926191642,48.027530670166016,7534,yfinance
PETR3.SA,2762,3,2022-03-24,12.445217502308399,12.742394977805436,12.340117780305794,12.673537254333496,15222400,yfinance
VALE3.SA,5344,6,2022-03-24,67.92047923013678,68.90892806149982,67.29210930314007,68.42176818847656,23122800,yfinance
FLRY3.SA,268,1,2022-03-24,11.959890400194226,12.11234214777675,11.906531748909968,11.99038028717041,5458926,yfinance
SAPR11.SA,4098,5,2022-03-25,15.76297630891822,15.910003492430768,15.623686155300796,15.732022285461426,898500,yfinance
KFOF11.SA,1516,2,2022-03-25,47.96227945874479,49.58060073852539,47.73388864750764,49.58060073852539,9782,yfinance
PETR3.SA,2763,3,2022-03-25,12.626426174422836,12.800383658844762,12.499582607393677,12.684412002563477,13764200,yfinance
VALE3.SA,5345,6,2022-03-25,68.9795336596446,69.40315845500028,66.57902188123201,67.23563385009766,22505500,yfinance
FLRY3.SA,269,1,2022-03-25,12.051361771466754,12.39438013557601,12.051361771466754,12.333398818969727,4817136,yfinance
SAPR11.SA,4099,5,2022-03-28,15.793927662950646,16.018339888147654,15.685591540976347,15.832618713378906,1770500,yfinance
PETR3.SA,2764,3,2022-03-28,12.597432848298473,12.601057740288896,12.195156934308592,12.350994110107422,18674900,yfinance
KFOF11.SA,1517,2,2022-03-28,49.202124902885,49.82857044539161,48.74533827205646,49.69153594970703,3802,yfinance
FLRY3.SA,270,1,2022-03-28,12.39437959670986,12.478227361596991,12.234303647577931,12.41724681854248,3169606,yfinance
VALE3.SA,5346,6,2022-03-28,67.56745086624029,68.01931219010096,66.09184240882915,67.31327819824219,16274200,yfinance
VALE3.SA,5347,6,2022-03-29,67.31328456565186,67.53922063556618,65.94358215477673,66.73433685302734,38228800,yfinance
PETR3.SA,2765,3,2022-03-29,12.372737792690884,12.655418535145303,12.285759740777776,12.503206253051758,21261100,yfinance
SAPR11.SA,4100,5,2022-03-29,15.879047384877202,16.134412117266947,15.755234270746946,16.080244064331055,1469300,yfinance
FLRY3.SA,271,1,2022-03-29,12.562076633091678,12.798377682204347,12.562076633091678,12.729774475097656,3333765,yfinance
KFOF11.SA,1518,2,2022-03-29,49.76981505904374,50.22007460290855,48.94108160115696,49.98515701293945,4290,yfinance
KFOF11.SA,1519,2,2022-03-30,49.99170714462483,50.23967361450195,48.98678253741768,50.23967361450195,2829,yfinance
VALE3.SA,5348,6,2022-03-30,68.00519790168981,68.56296543463385,67.26386001175618,67.68748474121094,22007500,yfinance
FLRY3.SA,272,1,2022-03-30,12.760265074906199,12.828869052606496,12.310530200461326,12.379134178161621,2849029,yfinance
SAPR11.SA,4101,5,2022-03-30,16.087982888046774,16.087982888046774,15.786187124886474,15.82487964630127,932700,yfinance
PETR3.SA,2766,3,2022-03-30,12.611929349672302,12.756894611015566,12.485085782865339,12.72427749633789,9334000,yfinance
SAPR11.SA,4102,5,2022-03-31,15.817145669614995,15.917743302151596,15.708808054611122,15.762977600097656,1093800,yfinance
VALE3.SA,5349,6,2022-03-31,68.07579672234154,68.40763356290832,67.32740240896923,67.4968490600586,17981400,yfinance
PETR3.SA,2767,3,2022-03-31,12.54669181967344,12.894608078873112,12.535819911804671,12.771388053894043,17115000,yfinance
KFOF11.SA,1520,2,2022-03-31,50.735616975964476,50.87917836075982,50.08306884765625,50.08306884765625,1191,yfinance
FLRY3.SA,273,1,2022-03-31,12.455359926819279,12.4858505832755,12.112341583487781,12.203813552856445,3330266,yfinance
KFOF11.SA,1521,2,2022-04-01,50.5307640621546,51.33399004051147,49.23375211576364,50.39908981323242,10082,yfinance
FLRY3.SA,274,1,2022-04-01,12.341020592214948,12.745020268988052,12.318153369611286,12.661170959472656,3271304,yfinance
SAPR11.SA,4103,5,2022-04-01,15.87131151257716,16.118937781899817,15.793927934421584,15.979647636413574,1519100,yfinance
PETR3.SA,2768,3,2022-04-01,12.85836893784643,12.96709218815552,12.695283371137227,12.767765998840332,15174000,yfinance
VALE3.SA,5350,6,2022-04-01,68.32997542139462,68.83832080612864,67.82869188550758,68.45706176757812,22457700,yfinance
SAPR11.SA,4104,5,2022-04-04,15.971909188744025,16.018340221386627,15.623685299738487,15.701068878173828,1046000,yfinance
FLRY3.SA,275,1,2022-04-04,12.760265131989744,12.80600034642737,12.554453968868655,12.729774475097656,1944140,yfinance
VALE3.SA,5351,6,2022-04-04,68.32292276180381,69.3678556805881,68.16759977256667,69.14898681640625,16914000,yfinance
KFOF11.SA,1522,2,2022-04-04,50.14888797439496,51.34714139441912,49.37858328074712,49.54317855834961,10763,yfinance
PETR3.SA,2769,3,2022-04-04,12.673542504878444,12.684414417696345,12.456094571080204,12.637300491333008,15451000,yfinance
SAPR11.SA,4105,5,2022-04-05,15.67011468697935,15.92547945987655,15.639160665552305,15.685591697692871,957300,yfinance
FLRY3.SA,276,1,2022-04-05,12.798378756609875,12.798378756609875,12.39438060247667,12.424870491027832,2293349,yfinance
PETR3.SA,2770,3,2022-04-05,12.648171447920252,12.861994449581074,12.601057530268557,12.622802734375,11994100,yfinance
VALE3.SA,5352,6,2022-04-05,68.73947847478145,69.03601149565938,66.94615126479525,67.1509017944336,25764400,yfinance
KFOF11.SA,1523,2,2022-04-05,49.41151471049912,50.34641487786267,49.41151471049912,49.549774169921875,5429,yfinance
KFOF11.SA,1524,2,2022-04-06,50.03698769756363,50.68878389401166,49.51028055468443,50.17524719238281,2168,yfinance
FLRY3.SA,277,1,2022-04-06,12.36388876474667,12.37913409301966,12.051361076951407,12.23430347442627,2941820,yfinance
VALE3.SA,5353,6,2022-04-06,67.3062249077654,68.28761177175744,67.3062249077654,68.16758728027344,22615800,yfinance
PETR3.SA,2771,3,2022-04-06,12.655419826002115,12.814881908260013,12.506831038210843,12.662668228149414,15020900,yfinance
SAPR11.SA,4106,5,2022-04-06,15.654635601201278,15.74749617720451,15.476654429494598,15.670112609863281,1120800,yfinance
VALE3.SA,5354,6,2022-04-07,67.42624630400871,68.97246247176409,67.1720736357034,68.57707977294922,19946600,yfinance
FLRY3.SA,278,1,2022-04-07,12.081851787457005,12.31053017077215,12.081851787457005,12.241926193237305,2384972,yfinance
SAPR11.SA,4107,5,2022-04-07,15.623685690035789,15.786189880437446,15.538563604033568,15.693330764770508,1058300,yfinance
KFOF11.SA,1525,2,2022-04-07,50.201545715332024,50.6755807867579,50.201545715332024,50.20154571533203,6974,yfinance
PETR3.SA,2772,3,2022-04-07,12.684412001668113,13.325881003079985,12.669915199011177,13.296887397766113,15668500,yfinance
VALE3.SA,5355,6,2022-04-08,68.23113511562629,68.76772254084165,66.80494860117419,67.17914581298828,26887400,yfinance
PETR3.SA,2773,3,2022-04-08,13.249776654471182,13.499840312905967,13.188165926093946,13.441854476928711,14064700,yfinance
FLRY3.SA,279,1,2022-04-08,12.135210389534743,12.188568267620843,11.830305365698036,12.051361083984375,2593459,yfinance
SAPR11.SA,4108,5,2022-04-08,15.654637813191306,16.09572229060184,15.615946762038062,16.064769744873047,1408600,yfinance
KFOF11.SA,1526,2,2022-04-08,50.17523073359938,50.543922598843324,50.03038606566785,50.26081848144531,7775,yfinance
KFOF11.SA,1527,2,2022-04-11,50.260834067016184,50.68878298505002,49.45761297195373,50.35301208496094,14452,yfinance
VALE3.SA,5356,6,2022-04-11,66.23305456141168,66.86848630344599,65.60468466834789,66.36720275878906,16515800,yfinance
FLRY3.SA,280,1,2022-04-11,11.952266598114376,11.952266598114376,11.624493598937988,11.624493598937988,2693036,yfinance
SAPR11.SA,4109,5,2022-04-11,16.01060231774476,16.43620980118316,15.940957242132068,16.118938446044922,2237800,yfinance
PETR3.SA,2774,3,2022-04-11,13.3005137467577,13.376619895307309,13.180917185472872,13.26427173614502,7072800,yfinance
PETR3.SA,2775,3,2022-04-12,13.430982219008259,13.539705485855738,13.224407597250645,13.278768539428711,11454600,yfinance
SAPR11.SA,4110,5,2022-04-12,16.19632045496234,16.26596552381351,15.863572120666504,15.863572120666504,1276700,yfinance
KFOF11.SA,1528,2,2022-04-12,50.339828884535315,50.69535535603195,50.339828884535315,50.68218994140625,5567,yfinance
VALE3.SA,5357,6,2022-04-12,67.14384509343154,67.50392401016985,65.83062117272749,65.92240905761719,16822600,yfinance
FLRY3.SA,281,1,2022-04-12,11.78456903158067,11.79981513130853,11.350081014504307,11.449174880981445,2822306,yfinance
FLRY3.SA,282,1,2022-04-13,11.510155514780903,11.601626717554764,11.395816318588444,11.487287521362305,2713927,yfinance
KFOF11.SA,1529,2,2022-04-13,50.69534035113786,51.643410661184085,50.20813978538577,51.38664245605469,10812,yfinance
SAPR11.SA,4111,5,2022-04-13,15.879049719502657,16.09572196310258,15.840357193167698,15.956433296203613,744300,yfinance
VALE3.SA,5358,6,2022-04-13,66.00711346892794,66.63548326293953,65.5270101602505,65.94357299804688,23674700,yfinance
PETR3.SA,2776,3,2022-04-13,13.441852930132262,13.673796247350838,13.41285932423433,13.604938507080078,21697400,yfinance
FLRY3.SA,283,1,2022-04-14,11.433927955558346,11.868417483059327,11.380570079416419,11.8074369430542,3645752,yfinance
SAPR11.SA,4112,5,2022-04-14,15.971906799771165,15.971906799771165,15.701066529711476,15.82487964630127,1225600,yfinance
PETR3.SA,2777,3,2022-04-14,13.573552279288188,13.833295451140906,13.42400272541073,13.675874710083008,36376800,yfinance
VALE3.SA,5359,6,2022-04-14,65.88004693987624,66.36721224282171,64.50328245756938,65.01868438720703,24980700,yfinance
KFOF11.SA,1530,2,2022-04-14,51.031135163156044,52.571744969749886,51.024549943805894,51.14305877685547,7329,yfinance
PETR3.SA,2778,3,2022-04-18,13.569614909949061,13.711293265943043,13.3649685625439,13.427936553955078,20888700,yfinance
KFOF11.SA,1531,2,2022-04-18,51.07721943061485,51.57758557234627,50.71510772786807,51.48541259765625,12316,yfinance
VALE3.SA,5360,6,2022-04-18,64.67977542949481,64.95512825966661,63.55012210230126,63.945499420166016,14812600,yfinance
FLRY3.SA,284,1,2022-04-18,11.79219223974858,12.226681019356162,11.69309837518023,12.104719161987305,3385940,yfinance
SAPR11.SA,4113,5,2022-04-18,15.84035898042238,15.948696590414947,15.6701162732471,15.739761352539062,800300,yfinance
PETR3.SA,2779,3,2022-04-19,13.553873632555991,13.801810775590225,13.518454040693957,13.66013240814209,14946200,yfinance
SAPR11.SA,4114,5,2022-04-19,15.701067669091582,15.739758717345296,15.267720253611786,15.352842330932617,1507800,yfinance
FLRY3.SA,285,1,2022-04-19,11.959889157619111,12.127586216717075,11.8303046460068,12.0818510055542,2443510,yfinance
VALE3.SA,5361,6,2022-04-19,63.324193529982864,63.324193529982864,61.3119922461379,61.90506362915039,34550900,yfinance
KFOF11.SA,1532,2,2022-04-19,51.3471547394351,52.604665398206095,50.701943896451986,51.99237060546875,9177,yfinance
FLRY3.SA,286,1,2022-04-20,12.0818510055542,12.310529374069935,11.95226649394189,12.0818510055542,1243494,yfinance
SAPR11.SA,4115,5,2022-04-20,15.329626677586651,15.53082337381564,15.275458620134398,15.422487258911133,945800,yfinance
PETR3.SA,2780,3,2022-04-20,13.636522611813822,13.845103853367814,13.5341986622123,13.821490287780762,10192200,yfinance
KFOF11.SA,1533,2,2022-04-20,52.57832640322111,53.55272782875572,52.34130875418832,52.80217361450195,5979,yfinance
VALE3.SA,5362,6,2022-04-20,61.149607688198316,61.19196800622629,59.58927313035941,60.29530715942383,29635700,yfinance
SAPR11.SA,4116,5,2022-04-22,15.275459238477533,15.461178932675471,15.252243723214443,15.314151763916016,910800,yfinance
VALE3.SA,5363,6,2022-04-22,58.77733544832107,58.88324163455944,56.539208772685484,56.800437927246094,39058200,yfinance
KFOF11.SA,1534,2,2022-04-22,52.72975393692474,53.63832331174979,51.66317948550473,53.302547454833984,5189,yfinance
FLRY3.SA,287,1,2022-04-22,11.906531462171714,12.051361312697736,11.837928254501763,11.898909568786621,1394928,yfinance
PETR3.SA,2781,3,2022-04-22,13.569614482825823,13.656196031269165,13.069805409923859,13.132773399353027,15533100,yfinance
KFOF11.SA,1535,2,2022-04-25,53.328882980346684,54.63248010778626,52.670501708984375,52.670501708984375,10523,yfinance
SAPR11.SA,4117,5,2022-04-25,15.244505771700096,15.56951558587343,15.136168182996425,15.476655006408691,1355500,yfinance
VALE3.SA,5364,6,2022-04-25,55.02830100841698,56.20737669542782,54.74588628323862,55.83317947387695,38943700,yfinance
FLRY3.SA,288,1,2022-04-25,11.815060188535172,12.028494016310965,11.708343660097531,11.914154052734375,1469372,yfinance
PETR3.SA,2782,3,2022-04-25,12.951741862954716,13.176065440698723,12.758901532315347,13.042258262634277,13116200,yfinance
PETR3.SA,2783,3,2022-04-26,13.01471086643354,13.290196430993907,12.963548896991123,13.022582054138184,13847200,yfinance
KFOF11.SA,1536,2,2022-04-26,52.72317370171431,53.31571785375902,52.347896575927734,52.347896575927734,5748,yfinance
VALE3.SA,5365,6,2022-04-26,55.833181623503776,56.0026283104895,54.964757252802464,55.07066345214844,37069400,yfinance
SAPR11.SA,4118,5,2022-04-26,15.38379680602722,15.646900099902243,15.38379680602722,15.437966346740723,909300,yfinance
FLRY3.SA,289,1,2022-04-26,11.837927322166355,11.967511063014848,11.731210030572727,11.769323348999023,1954002,yfinance
PETR3.SA,2784,3,2022-04-27,13.18393560976944,13.278388346340869,12.995031637901903,13.061934471130371,7241600,yfinance
SAPR11.SA,4119,5,2022-04-27,15.608207674703623,15.685591250094063,15.399272463940116,15.523085594177246,733800,yfinance
KFOF11.SA,1537,2,2022-04-27,52.3807984080558,53.190609366550625,51.38664656935578,52.3412971496582,4456,yfinance
VALE3.SA,5366,6,2022-04-27,56.807498711556335,58.389013466812315,56.58862988094758,58.01481628417969,49408800,yfinance
FLRY3.SA,290,1,2022-04-27,11.990378478222956,12.0666051114147,11.754077457129384,11.822681427001953,2070546,yfinance
SAPR11.SA,4120,5,2022-04-28,15.56178085905526,15.778453137124613,15.492135776541769,15.762977600097656,1379600,yfinance
KFOF11.SA,1538,2,2022-04-28,52.045032354788844,54.13209941232404,51.36031535025956,51.8343505859375,13401,yfinance
VALE3.SA,5367,6,2022-04-28,60.027006731342006,60.40120926625551,57.06872801203289,59.44805908203125,56032800,yfinance
FLRY3.SA,291,1,2022-04-28,11.853172906105417,11.876040899143462,11.586381966696466,11.59400463104248,2090059,yfinance
PETR3.SA,2785,3,2022-04-28,13.105226317065851,13.3020014915001,13.105226317065851,13.156388282775879,6915000,yfinance
FLRY3.SA,292,1,2022-04-29,11.73120927122382,11.73120927122382,10.991815567016602,10.991815567016602,3566324,yfinance
VALE3.SA,5368,6,2022-04-29,60.84601823307322,61.56617063643732,58.805580139160156,58.805580139160156,47492200,yfinance
KFOF11.SA,1539,2,2022-04-29,51.88044316539435,52.736335754394524,51.81460102365957,52.73633575439453,2050,yfinance
SAPR11.SA,4121,5,2022-04-29,15.808993472861017,15.933168064868152,15.343338012695312,15.343338012695312,1146700,yfinance
PETR3.SA,2786,3,2022-04-29,13.392516938693557,13.774261230342587,13.160322189331055,13.160322189331055,17172000,yfinance
FLRY3.SA,293,1,2022-05-02,10.984194021254778,11.16713641466928,10.862232168678283,11.014684677124023,2628772,yfinance
SAPR11.SA,4122,5,2022-05-02,15.428708528376575,15.428708528376575,15.017380709897353,15.102749824523926,1329500,yfinance
VALE3.SA,5369,6,2022-05-02,58.71379791684825,58.74203454042481,56.93458898121563,58.54434585571289,31473600,yfinance
PETR3.SA,2787,3,2022-05-02,13.183933631237492,13.223288056492343,12.65264138392154,12.924190521240234,15992700,yfinance
KFOF11.SA,1540,2,2022-05-02,53.12147521972656,53.12147521972656,51.69383455998468,53.12147521972656,7866,yfinance
KFOF11.SA,1541,2,2022-05-03,54.44952515085846,54.44952515085846,52.15202140485918,53.3870964050293,8633,yfinance
PETR3.SA,2788,3,2022-05-03,13.030453739150207,13.152453400039446,12.873032981600447,13.01077651977539,11244200,yfinance
SAPR11.SA,4123,5,2022-05-03,15.164837837219238,15.30453314868869,15.056183954594605,15.164837837219238,1007000,yfinance
FLRY3.SA,294,1,2022-05-03,11.014683817867656,11.167135543520141,10.824118004451416,11.052796363830566,2271715,yfinance
VALE3.SA,5370,6,2022-05-03,58.56552737388604,59.45513186231784,58.0289453276941,58.2478141784668,27364600,yfinance
KFOF11.SA,1542,2,2022-05-04,52.47072817620841,53.57300107707285,52.47072817620841,52.982025146484375,3397,yfinance
SAPR11.SA,4124,5,2022-05-04,15.071707843123168,15.389905468851481,14.900968123064455,15.265730857849121,903700,yfinance
VALE3.SA,5371,6,2022-05-04,57.845372849522136,58.021881370924724,56.376820658665544,57.76064682006836,34032200,yfinance
FLRY3.SA,295,1,2022-05-04,11.045173907840638,11.29672026206079,10.808872880652062,11.212872505187988,3032171,yfinance
PETR3.SA,2789,3,2022-05-04,13.144581609113049,13.624711990356445,13.002903250253391,13.624711990356445,20809800,yfinance
VALE3.SA,5372,6,2022-05-05,57.577083603107425,58.74203557082473,55.8331784962745,56.715721130371094,30906600,yfinance
PETR3.SA,2790,3,2022-05-05,13.577486677399731,13.774261846637408,13.124903187642914,13.534195899963379,24557500,yfinance
KFOF11.SA,1543,2,2022-05-05,52.57034823549526,53.12148485673822,52.09889566531886,52.49066925048828,7161,yfinance
SAPR11.SA,4125,5,2022-05-05,15.172595861092763,15.21916244030415,14.838877591744653,14.932007789611816,1323100,yfinance
FLRY3.SA,296,1,2022-05-05,11.098533570601786,11.106155463386937,10.709779264436873,10.801250457763672,3480321,yfinance
PETR3.SA,2791,3,2022-05-06,13.852973760157877,14.124522983543358,13.51452019110389,14.045812606811523,17397400,yfinance
FLRY3.SA,297,1,2022-05-06,10.824119230801323,11.182382137205815,10.542082966759814,10.618308067321777,4704091,yfinance
SAPR11.SA,4126,5,2022-05-06,14.924249411530097,15.14155571326552,14.838880294648172,14.900967597961426,1000000,yfinance
KFOF11.SA,1544,2,2022-05-06,52.490653047344146,53.09490711671363,51.49462551374034,52.019195556640625,4779,yfinance
VALE3.SA,5373,6,2022-05-06,55.91789546129367,57.118156596633526,55.247165258171684,56.31327819824219,25204100,yfinance
PETR3.SA,2792,3,2022-05-09,13.908069226328067,13.978908408397555,13.42793732591829,13.483034133911133,25131000,yfinance
FLRY3.SA,298,1,2022-05-09,10.51159230981462,10.686912045448462,10.32864913904397,10.618308067321777,2778085,yfinance
SAPR11.SA,4127,5,2022-05-09,14.80007456327221,15.094990359403814,14.706944349961844,14.963054656982422,1171600,yfinance
VALE3.SA,5374,6,2022-05-09,54.738830966991245,55.05654959071714,53.715083525972624,54.004554748535156,37050200,yfinance
KFOF11.SA,1545,2,2022-05-09,52.019209675078805,52.437544595009044,50.46540873265044,51.063026428222656,4842,yfinance
PETR3.SA,2793,3,2022-05-10,13.616843092015685,13.774263850821029,13.439746614954194,13.652262687683105,17456300,yfinance
FLRY3.SA,299,1,2022-05-10,10.709781315266836,10.862233847271803,10.481102902709686,10.82412052154541,2903961,yfinance
SAPR11.SA,4128,5,2022-05-10,15.017379900836678,15.296772003173828,15.00961880351093,15.296772003173828,1218800,yfinance
VALE3.SA,5375,6,2022-05-10,53.84921455294591,54.32226145965244,52.86077119352883,53.33381271362305,31905000,yfinance
KFOF11.SA,1546,2,2022-05-10,50.996608154669815,51.906309995670235,50.46539148107751,51.12940979003906,7910,yfinance
VALE3.SA,5376,6,2022-05-11,54.625847163890924,56.40505029935605,54.44933868119508,55.55781173706055,33933400,yfinance
FLRY3.SA,300,1,2022-05-11,10.831740914925371,10.831740914925371,10.313402877361044,10.435364723205566,3720303,yfinance
SAPR11.SA,4129,5,2022-05-11,15.327816722551757,15.4287080294032,15.226925415700313,15.389904022216797,936300,yfinance
KFOF11.SA,1547,2,2022-05-11,51.12941260009427,51.12941260009427,50.804045029317166,51.08293151855469,6095,yfinance
PETR3.SA,2794,3,2022-05-11,13.786067934525425,14.506265777584906,13.762455874933579,14.340973854064941,25063600,yfinance
PETR3.SA,2795,3,2022-05-12,14.372457874349069,14.462974267845128,14.049746731876047,14.396071434020996,28681700,yfinance
VALE3.SA,5377,6,2022-05-12,54.39992554240159,55.00005340576172,53.5668051504601,55.00005340576172,27737200,yfinance
KFOF11.SA,1548,2,2022-05-12,50.81732817043822,51.40830415079443,50.7974084286826,51.12277603149414,2382,yfinance
SAPR11.SA,4130,5,2022-05-12,15.327816722551757,15.389904022216797,15.149315921049517,15.389904022216797,1234800,yfinance
FLRY3.SA,301,1,2022-05-12,10.359139572586146,10.938458187548807,10.328648916298507,10.877477645874023,3099828,yfinance
SAPR11.SA,4131,5,2022-05-13,15.436468216561714,15.45199041063208,15.257967425586195,15.343338012695312,854900,yfinance
PETR3.SA,2796,3,2022-05-13,14.451170096964972,14.636137750383611,14.403942971548044,14.415750503540039,19959600,yfinance
KFOF11.SA,1549,2,2022-05-13,51.12275877709118,52.32463513997328,50.87707529028101,51.22236251831055,2039,yfinance
VALE3.SA,5378,6,2022-05-13,55.36718938383965,56.023801271444704,54.92945171651119,54.93650817871094,26086800,yfinance
FLRY3.SA,302,1,2022-05-13,10.953702008067054,11.1900030199717,10.846985496648866,11.113777160644531,1458979,yfinance
SAPR11.SA,4132,5,2022-05-16,15.289013101139133,15.389904410536277,15.20364250684138,15.273490905761719,967000,yfinance
VALE3.SA,5379,6,2022-05-16,55.550760580692966,56.93458670496353,55.437792544452535,56.58156967163086,23828800,yfinance
PETR3.SA,2797,3,2022-05-16,14.459040359647817,14.907687513481822,14.407878394356532,14.82110595703125,21906600,yfinance
KFOF11.SA,1550,2,2022-05-16,50.9965934192571,51.43484274219006,50.80402755737305,50.80402755737305,10438,yfinance
FLRY3.SA,303,1,2022-05-16,11.12140247060825,11.27385499644732,10.915592061810877,11.08328914642334,1800341,yfinance
VALE3.SA,5380,6,2022-05-17,57.78888886111267,57.838311031667594,55.67784845224848,56.341522216796875,29305300,yfinance
KFOF11.SA,1551,2,2022-05-17,50.97005142038896,51.08957492944531,50.77748548546162,50.98997116088867,3594,yfinance
SAPR11.SA,4133,5,2022-05-17,15.234685591252319,15.591688687618621,15.2036426804211,15.506318092346191,1184000,yfinance
FLRY3.SA,304,1,2022-05-17,11.129025153158285,11.426306769572028,11.129025153158285,11.220497131347656,2126114,yfinance
PETR3.SA,2798,3,2022-05-17,14.954912634927588,14.970655008533601,14.63220148238118,14.832911491394043,17808600,yfinance
PETR3.SA,2799,3,2022-05-18,14.762074922269889,14.970657656251175,14.380332053098769,14.498396873474121,16176800,yfinance
FLRY3.SA,305,1,2022-05-18,11.235739707946777,11.548266598923052,11.144268516795238,11.235739707946777,2540966,yfinance
KFOF11.SA,1552,2,2022-05-18,50.84388391728341,52.05239708930826,49.794733727817366,49.94746017456055,20993,yfinance
SAPR11.SA,4134,5,2022-05-18,15.483035567717561,15.560643581367895,15.312294385019687,15.358860969543457,1025900,yfinance
VALE3.SA,5381,6,2022-05-18,55.571940878583014,55.95319992192083,54.66115628393364,54.91532897949219,30631700,yfinance
KFOF11.SA,1553,2,2022-05-19,50.153288826729074,51.441485627217794,50.133369093287506,50.299373626708984,3935,yfinance
PETR3.SA,2800,3,2022-05-19,14.502330303927275,14.718784205013902,14.34884590226621,14.620396614074707,9932100,yfinance
VALE3.SA,5382,6,2022-05-19,54.91532186440335,56.75100912712059,54.69645305526824,56.37681198120117,29984300,yfinance
SAPR11.SA,4135,5,2022-05-19,15.413188076941637,15.545123780289364,15.242446884210427,15.405426979064941,1318800,yfinance
FLRY3.SA,306,1,2022-05-19,11.151892642196914,11.311967054971094,11.098534761572367,11.174759864807129,2276487,yfinance
VALE3.SA,5383,6,2022-05-20,57.90186296122974,58.21957617853717,56.89223389711555,57.372337341308594,38372000,yfinance
PETR3.SA,2801,3,2022-05-20,14.758137029664109,14.911621414568563,14.545619496130866,14.825039863586426,14632500,yfinance
SAPR11.SA,4136,5,2022-05-20,15.521839046356474,15.529600143513003,15.273489858459238,15.366620063781738,1212100,yfinance
FLRY3.SA,307,1,2022-05-20,11.289096646771537,11.494907773445643,11.190002800321231,11.418681144714355,1677858,yfinance
KFOF11.SA,1554,2,2022-05-20,50.159946857980295,50.664602223392606,49.867777162311384,50.339229583740234,4428,yfinance
SAPR11.SA,4137,5,2022-05-23,15.413188678872915,15.599450594353545,15.296773686454166,15.56064510345459,1574200,yfinance
FLRY3.SA,308,1,2022-05-23,11.540645949967896,11.540645949967896,11.159515791822534,11.243364334106445,2087514,yfinance
KFOF11.SA,1555,2,2022-05-23,50.32593460844395,50.85714607204825,50.18649140927071,50.46537780761719,8979,yfinance
PETR3.SA,2802,3,2022-05-23,14.931303227018027,15.458660879278327,14.888013939475503,15.37208080291748,18272800,yfinance
VALE3.SA,5384,6,2022-05-23,58.10660816431154,59.05975311509411,58.085422616710126,58.54434585571289,27632800,yfinance
KFOF11.SA,1556,2,2022-05-24,50.46539148107751,51.78014996188674,50.46539148107751,51.12940979003906,8286,yfinance
VALE3.SA,5385,6,2022-05-24,57.76769820394179,59.370392917822564,57.188750574088324,59.3350944519043,35176800,yfinance
PETR3.SA,2803,3,2022-05-24,14.787321211024386,15.13960799008983,14.665543802549161,14.96129035949707,18318600,yfinance
FLRY3.SA,309,1,2022-05-24,11.121400658446,11.411060333251953,11.083287340471415,11.411060333251953,2102996,yfinance
SAPR11.SA,4138,5,2022-05-24,15.521839374203134,15.886602066596843,15.506317179562222,15.871081352233887,1430200,yfinance
VALE3.SA,5386,6,2022-05-25,59.30686057214122,59.87168997033036,58.890303065601294,59.518672943115234,24607700,yfinance
FLRY3.SA,310,1,2022-05-25,11.266230222358951,11.44917337329553,11.144268378701373,11.372946739196777,1827171,yfinance
PETR3.SA,2804,3,2022-05-25,14.974338241696053,15.348370768949136,14.830813437897284,15.265734672546387,18592200,yfinance
KFOF11.SA,1557,2,2022-05-25,51.70710291325813,51.713739448192065,51.00324012385681,51.4614143371582,18552,yfinance
SAPR11.SA,4139,5,2022-05-25,15.824514768448319,16.088386156234296,15.808994054085227,15.956450462341309,1894000,yfinance
VALE3.SA,5387,6,2022-05-26,59.41982744184242,59.76578261348134,58.671427695918,59.483367919921875,27450600,yfinance
KFOF11.SA,1558,2,2022-05-26,51.33525626857232,52.391048064022414,51.05636978149414,51.05636978149414,8584,yfinance
FLRY3.SA,311,1,2022-05-26,11.388191392516484,11.799812879605087,11.380568729557416,11.746454238891602,3024005,yfinance
PETR3.SA,2805,3,2022-05-26,15.252685139572215,15.483192826350606,15.200495064264246,15.313573837280273,11256100,yfinance
SAPR11.SA,4140,5,2022-05-26,15.956452714547686,16.01077892318138,15.785712990230625,15.886604309082031,1173600,yfinance
FLRY3.SA,312,1,2022-05-27,11.76170141991324,11.868417947271597,11.647362228393538,11.7388334274292,1172974,yfinance
VALE3.SA,5388,6,2022-05-27,59.94230007944908,60.634210526103416,59.801090018265405,60.52124786376953,19834500,yfinance
PETR3.SA,2806,3,2022-05-27,15.287483825944209,15.287483825944209,14.635101898676485,14.67424488067627,20720200,yfinance
KFOF11.SA,1559,2,2022-05-27,51.79342954617826,51.97935386731324,50.797402054905604,51.35517501831055,5003,yfinance
SAPR11.SA,4141,5,2022-05-27,15.84003940514194,15.871083799210135,15.692581493874377,15.785713195800781,742800,yfinance
KFOF11.SA,1560,2,2022-05-30,51.39502839828951,52.557060671207935,51.39502839828951,52.391056060791016,2185,yfinance
PETR3.SA,2807,3,2022-05-30,14.787324260724692,14.787324260724692,13.939227390423332,14.356751441955566,12468200,yfinance
VALE3.SA,5389,6,2022-05-30,60.916614289740735,61.71443617854134,60.725987474744215,61.17784881591797,16147900,yfinance
SAPR11.SA,4142,5,2022-05-30,15.855557610821304,15.894361613360147,15.545121149677124,15.591686248779297,599500,yfinance
FLRY3.SA,313,1,2022-05-30,11.746456320944237,11.906531500557547,11.472042718479228,11.586381912231445,754940,yfinance
SAPR11.SA,4143,5,2022-05-31,15.646013447844417,15.777949137326631,15.506316661301144,15.545122146606445,680900,yfinance
PETR3.SA,2808,3,2022-05-31,14.552463472010668,14.682939504838195,14.313257135311407,14.465478897094727,28056100,yfinance
KFOF11.SA,1561,2,2022-05-31,52.35783733746056,52.97537450479688,52.35783733746056,52.908973693847656,3170,yfinance
VALE3.SA,5390,6,2022-05-31,61.58029489134567,61.728561405536794,60.01996018111035,60.8671989440918,41369800,yfinance
FLRY3.SA,314,1,2022-05-31,11.69309736779666,11.776945896607621,11.5406440955941,11.571135520935059,2958999,yfinance
FLRY3.SA,315,1,2022-06-01,11.66260572837119,12.074228013961271,11.639738508861015,11.723587036132812,2738424,yfinance
KFOF11.SA,1562,2,2022-06-01,52.39328644983864,53.578713231840844,51.9512596130371,51.95125961303711,2348,yfinance
VALE3.SA,5391,6,2022-06-01,60.85307147604493,62.6816969292058,60.71892329388914,62.300437927246094,26258900,yfinance
PETR3.SA,2809,3,2022-06-01,14.387195441783122,14.578560190458425,14.343702322248143,14.452432632446289,7669200,yfinance
SAPR11.SA,4144,5,2022-06-01,15.59944815835863,15.77018785081713,15.475273567429195,15.646013259887695,875000,yfinance
PETR3.SA,2810,3,2022-06-02,14.439385043827444,14.491575126433295,14.243670160189485,14.317605972290039,9524900,yfinance
SAPR11.SA,4145,5,2022-06-02,15.71586390840958,16.02630043029785,15.70810281032761,16.02630043029785,1369600,yfinance
FLRY3.SA,316,1,2022-06-02,11.853172889669835,12.17332324995749,11.853172889669835,12.119964599609375,2121766,yfinance
VALE3.SA,5392,6,2022-06-02,63.5430640275921,63.74075269826442,62.83702998284108,63.47246170043945,25142400,yfinance
KFOF11.SA,1563,2,2022-06-02,52.23924791604415,52.6410872626962,52.00484205630249,52.17227554321289,1689,yfinance
SAPR11.SA,4146,5,2022-06-03,15.987495693467777,15.995256791196972,15.514079093933107,15.514079093933105,488500,yfinance
VALE3.SA,5393,6,2022-06-03,63.190044610310515,63.40891343217226,62.38516626072826,62.45576858520508,18431900,yfinance
KFOF11.SA,1564,2,2022-06-03,52.62768726314313,52.62768726314313,51.16766726287625,51.66996765136719,1637,yfinance
FLRY3.SA,317,1,2022-06-03,12.07422895342455,12.07422895342455,11.799814588946674,11.8760404586792,1759407,yfinance
PETR3.SA,2811,3,2022-06-03,14.313255299947254,14.748176459664998,14.21322363230328,14.682937622070312,13929600,yfinance
FLRY3.SA,318,1,2022-06-06,11.937023284482589,11.982758503759914,11.56351501073137,11.632118225097656,799056,yfinance
PETR3.SA,2812,3,2022-06-06,14.73948207794722,14.835165291522925,14.51767295267713,14.67424488067627,9285200,yfinance
VALE3.SA,5394,6,2022-06-06,63.288888298469736,63.39479447741429,62.51931381225586,62.51931381225586,14932800,yfinance
KFOF11.SA,1565,2,2022-06-06,51.6632798410593,52.165580336099154,51.308321642110855,51.63648986816406,2956,yfinance
SAPR11.SA,4147,5,2022-06-06,15.537362244587735,15.622731358269675,15.327817048655842,15.483036041259766,709900,yfinance
KFOF11.SA,1566,2,2022-06-07,51.63648986816406,51.63648986816406,51.44896516756223,51.63648986816406,2987,yfinance
SAPR11.SA,4148,5,2022-06-07,15.428705884647153,15.576163755957637,15.32005349540668,15.45198917388916,955300,yfinance
FLRY3.SA,319,1,2022-06-07,11.59400393505458,11.616871155819386,11.334834904649037,11.472042083740234,1782950,yfinance
VALE3.SA,5395,6,2022-06-07,62.30044746754309,64.17143890961921,62.20866497373575,63.980812072753906,27004800,yfinance
PETR3.SA,2813,3,2022-06-07,14.591608514470957,15.061324290090226,14.591608514470957,14.726434707641602,10982800,yfinance
KFOF11.SA,1567,2,2022-06-08,51.63647984491582,52.15887144080853,50.89977361712702,50.91316604614258,10707,yfinance
SAPR11.SA,4149,5,2022-06-08,15.374381780085796,15.498556379035097,15.242446083667417,15.351099967956543,873600,yfinance
VALE3.SA,5396,6,2022-06-08,63.38773369973525,63.77605456688707,61.319053797642695,61.777976989746094,26959100,yfinance
PETR3.SA,2814,3,2022-06-08,14.674243406273977,14.887353885343613,14.59595745014023,14.669893264770508,7258500,yfinance
FLRY3.SA,320,1,2022-06-08,11.296719968452402,11.776945444764435,11.296719968452402,11.510153770446777,1736077,yfinance
PETR3.SA,2815,3,2022-06-09,14.67424451294889,14.735133225846491,14.448085251405658,14.495926856994629,11378500,yfinance
SAPR11.SA,4150,5,2022-06-09,15.358863826289499,15.397667840332206,15.094992386019992,15.157079696655273,640500,yfinance
VALE3.SA,5397,6,2022-06-09,61.424972838218665,61.424972838218665,59.62458354866007,59.68812942504883,36291100,yfinance
FLRY3.SA,321,1,2022-06-09,11.510153714916639,11.609247566667873,11.296719913951963,11.502531051635742,1450178,yfinance
KFOF11.SA,1568,2,2022-06-09,50.93325119287493,51.743628376826535,50.3840697496324,51.067195892333984,5422,yfinance
KFOF11.SA,1569,2,2022-06-10,51.067202368447944,51.79051610044485,50.23003511650617,50.39746856689453,5413,yfinance
FLRY3.SA,322,1,2022-06-10,11.433927466716138,11.761700457019296,11.243362420084436,11.555890083312988,1900449,yfinance
VALE3.SA,5398,6,2022-06-10,58.862063099209415,60.00583485963689,58.16308548271202,59.702239990234375,28689500,yfinance
PETR3.SA,2816,3,2022-06-10,14.400241792822081,14.421987521902599,14.07405087933596,14.313257217407227,14670200,yfinance
SAPR11.SA,4151,5,2022-06-10,14.963054606332031,15.13379431700844,14.885445108650739,15.00961971282959,794800,yfinance
VALE3.SA,5399,6,2022-06-13,57.96539075145415,58.509039951978274,56.55332274100893,57.810062408447266,31050500,yfinance
SAPR11.SA,4152,5,2022-06-13,14.831121038026554,15.063948084287896,14.823359939114075,14.947534561157227,1601200,yfinance
PETR3.SA,2817,3,2022-06-13,14.108844645248205,14.261068077044339,13.791352334257946,14.095797538757324,21250400,yfinance
FLRY3.SA,323,1,2022-06-13,11.403437534141629,11.494908725293168,11.083287208760588,11.235739707946777,2369596,yfinance
KFOF11.SA,1570,2,2022-06-13,50.55151796735941,50.80601501464844,49.97554639379517,50.80601501464844,12856,yfinance
FLRY3.SA,324,1,2022-06-14,11.235740826275297,11.266231483327452,10.770761389831971,10.9155912399292,2644149,yfinance
SAPR11.SA,4153,5,2022-06-14,14.955291109813619,15.164836275860141,14.652614265431595,14.72246265411377,1243900,yfinance
KFOF11.SA,1571,2,2022-06-14,51.489132373526836,51.489132373526836,49.64067077636719,49.64067077636719,29077,yfinance
VALE3.SA,5400,6,2022-06-14,58.12778662392251,58.459623500667355,57.11109583331917,57.697105407714844,22634500,yfinance
PETR3.SA,2818,3,2022-06-14,14.17842976112773,14.478526436231911,14.078398089123878,14.221922874450684,14558700,yfinance
SAPR11.SA,4154,5,2022-06-15,14.823357870820278,14.939771377707846,14.660377776955242,14.800074577331543,1287000,yfinance
FLRY3.SA,325,1,2022-06-15,11.045174698553303,11.411061031703712,10.999439485084872,11.350080490112305,2088468,yfinance
KFOF11.SA,1572,2,2022-06-15,49.714352463957916,50.872989315238414,49.674164953107734,49.73444366455078,8321,yfinance
PETR3.SA,2819,3,2022-06-15,14.395893031142363,14.430687528279854,13.89573457798796,14.03490924835205,20159500,yfinance
VALE3.SA,5401,6,2022-06-15,57.96539524577075,59.14447083312465,57.570017895906545,57.661800384521484,33610300,yfinance
SAPR11.SA,4155,5,2022-06-17,14.590529126665217,15.079467919601186,14.590529126665217,15.025141716003418,3157800,yfinance
VALE3.SA,5402,6,2022-06-17,56.02380090771955,56.02380090771955,53.73625208917155,54.65409851074219,56914600,yfinance
FLRY3.SA,326,1,2022-06-17,11.167137268445716,11.228118584846493,10.839365005493164,10.839365005493164,4222748,yfinance
KFOF11.SA,1573,2,2022-06-17,50.096099483473495,51.38198738929372,49.74783498210698,51.32170867919922,5528,yfinance
PETR3.SA,2820,3,2022-06-17,13.526051715303447,13.660877077252685,12.543129541750448,13.017193794250488,37348400,yfinance
SAPR11.SA,4156,5,2022-06-20,14.683661336979418,14.877684345406589,14.435312123037132,14.489638328552246,929100,yfinance
VALE3.SA,5403,6,2022-06-20,53.37617865949059,53.78567974390932,52.423033670084365,53.30557632446289,26725700,yfinance
KFOF11.SA,1574,2,2022-06-20,50.705555860664745,52.024932536795575,50.22334660749363,50.611793518066406,17891,yfinance
FLRY3.SA,327,1,2022-06-20,10.732647107829592,10.90034493570518,10.625930588599834,10.755515098571777,1526425,yfinance
PETR3.SA,2821,3,2022-06-20,12.521382367325426,13.343383210647257,12.42569916766924,13.130271911621094,10868300,yfinance
KFOF11.SA,1575,2,2022-06-21,50.61180380703165,51.3686014717588,49.82821616616386,50.0626220703125,20328,yfinance
VALE3.SA,5404,6,2022-06-21,54.22341781048377,54.816483833645556,53.48914174375079,53.65858840942383,20981000,yfinance
PETR3.SA,2822,3,2022-06-21,13.33033449873677,13.382525407285533,12.891063990992432,12.991096496582031,23224300,yfinance
SAPR11.SA,4157,5,2022-06-21,14.559487885512727,14.598291898166584,14.163680739274946,14.18696403503418,1054200,yfinance
FLRY3.SA,328,1,2022-06-21,10.755516096107465,10.946081161499023,10.549704931239985,10.946081161499023,2804702,yfinance
FLRY3.SA,329,1,2022-06-22,10.854611953027124,10.9689511593057,10.641178099859932,10.82412052154541,1871816,yfinance
SAPR11.SA,4158,5,2022-06-22,14.218006113504245,14.489638626951901,14.09383150397585,14.380986213684082,1003400,yfinance
VALE3.SA,5405,6,2022-06-22,52.24652391716513,53.693895991137104,51.80878083165153,53.199668884277344,32228300,yfinance
PETR3.SA,2823,3,2022-06-22,12.769285929057537,13.186809857750603,12.630111286159849,12.930206298828125,13553800,yfinance
KFOF11.SA,1576,2,2022-06-22,50.31710296955211,50.62517993142445,50.08269714091705,50.43096160888672,2960,yfinance
KFOF11.SA,1577,2,2022-06-23,50.35729029552051,50.558207386633086,50.042514565480595,50.16306686401367,9964,yfinance
PETR3.SA,2824,3,2022-06-23,12.947606273072292,13.134622549965394,12.52573211462604,12.656208992004395,14734000,yfinance
SAPR11.SA,4159,5,2022-06-23,14.412028607171859,14.5517254079325,14.29561509996401,14.303376197814941,2598600,yfinance
FLRY3.SA,330,1,2022-06-23,10.862232855444033,11.037553366876361,10.717403001808721,10.79362964630127,1552830,yfinance
VALE3.SA,5406,6,2022-06-23,53.96924951899444,54.58349575212073,51.13805120724904,51.25807571411133,31943300,yfinance
VALE3.SA,5407,6,2022-06-24,51.38515218356584,52.867822463695944,51.258065851748306,52.68425750732422,22394300,yfinance
SAPR11.SA,4160,5,2022-06-24,14.466356494575816,14.637097706600786,14.357704072580457,14.567249298095703,740200,yfinance
FLRY3.SA,331,1,2022-06-24,10.831741422570824,10.99943925755411,10.610684940260885,10.976572036743164,1853682,yfinance
PETR3.SA,2825,3,2022-06-24,12.834526998571427,12.90411433660771,12.538780397143967,12.57357406616211,15527600,yfinance
KFOF11.SA,1578,2,2022-06-24,50.2300439917174,51.22794610164684,50.1630716216613,51.22125244140625,7661,yfinance
FLRY3.SA,332,1,2022-06-27,11.037552261116952,11.045174153902103,10.740269148278836,10.801250457763672,990999,yfinance
VALE3.SA,5408,6,2022-06-27,54.0116096311205,55.755514751656555,53.700952897761354,55.10596466064453,28825700,yfinance
KFOF11.SA,1579,2,2022-06-27,51.194456428314666,51.194456428314666,50.16306570027325,50.76582717895508,3735,yfinance
PETR3.SA,2826,3,2022-06-27,12.699698950962427,13.499953998806435,12.699698950962427,13.42166805267334,17707400,yfinance
SAPR11.SA,4161,5,2022-06-27,14.582770680732835,14.706945293296847,14.497400079490772,14.598291397094727,800300,yfinance
VALE3.SA,5409,6,2022-06-28,56.48272318980724,56.64511338908732,55.62136079930472,56.09440231323242,26052000,yfinance
SAPR11.SA,4162,5,2022-06-28,14.62157346266962,14.792313170519767,14.357702063087924,14.373224258422852,1112700,yfinance
KFOF11.SA,1580,2,2022-06-28,50.76582733969202,50.8997720644171,50.28361815521976,50.75912857055664,7157,yfinance
FLRY3.SA,333,1,2022-06-28,10.862231337918223,10.862231337918223,10.618306880520466,10.717401504516602,2220283,yfinance
PETR3.SA,2827,3,2022-06-28,13.782652564157488,13.852239887288938,13.521699687641384,13.617382049560547,12443600,yfinance
VALE3.SA,5410,6,2022-06-29,56.20736176288426,56.54625503377464,55.09888870500153,55.628414154052734,18636600,yfinance
SAPR11.SA,4163,5,2022-06-29,14.458594873898845,14.512922563213644,14.186963828715726,14.28785514831543,936000,yfinance
KFOF11.SA,1581,2,2022-06-29,50.76581776371974,51.623076103448284,50.43764456361837,51.067195892333984,9192,yfinance
FLRY3.SA,334,1,2022-06-29,10.725025012522712,10.854610300261278,10.603063159669253,10.702157020568848,1647741,yfinance
PETR3.SA,2828,3,2022-06-29,13.739161980254703,13.873987331815393,13.365129449970906,13.430367469787598,10631700,yfinance
KFOF11.SA,1582,2,2022-06-30,51.13418866791285,51.14758620900813,50.48454588574107,50.8462028503418,4960,yfinance
SAPR11.SA,4164,5,2022-06-30,14.264569568335466,14.450832941312905,14.093829870097075,14.155917167663574,1082700,yfinance
FLRY3.SA,335,1,2022-06-30,11.60162731123441,12.508719804520105,11.517778768642708,12.424870491027832,12839510,yfinance
PETR3.SA,2829,3,2022-06-30,13.20420764408338,13.37382664337378,13.095477346169773,13.282493591308594,19935200,yfinance
VALE3.SA,5411,6,2022-06-30,54.35756522304303,55.10596505083355,53.778617461891606,54.05397033691406,27471300,yfinance
FLRY3.SA,336,1,2022-07-01,12.31053027078481,12.485850777231018,11.708343650922536,12.09709644317627,8863742,yfinance
VALE3.SA,5412,6,2022-07-01,53.319695887838385,54.03279187755888,52.10532169167606,53.023162841796875,26721000,yfinance
KFOF11.SA,1583,2,2022-07-01,51.109813155305524,51.3058440042385,50.01474587557383,50.33245086669922,10543,yfinance
PETR3.SA,2830,3,2022-07-01,13.308591278437351,13.660877281495955,13.047638345615734,13.530401229858398,13968700,yfinance
SAPR11.SA,4165,5,2022-07-01,14.520602740811277,14.72826830586841,14.273002134691845,14.616447448730469,907900,yfinance
VALE3.SA,5413,6,2022-07-04,52.24652477852072,52.95962074658726,51.949991741483764,52.719566345214844,12474200,yfinance
FLRY3.SA,337,1,2022-07-04,11.944644066069067,12.051360588756449,11.662606275344498,11.799814224243164,2712230,yfinance
KFOF11.SA,1584,2,2022-07-04,50.44062171822852,51.799310660111104,50.12291664039431,50.291908264160156,6828,yfinance
SAPR11.SA,4166,5,2022-07-04,14.57651171205653,14.648396001277584,14.273001453564145,14.320923805236816,709300,yfinance
PETR3.SA,2831,3,2022-07-04,13.55214283231393,13.974016874510992,13.534746417851693,13.852238655090332,5781000,yfinance
KFOF11.SA,1585,2,2022-07-05,50.27163297109903,51.02195623613151,50.12291950852101,50.23107147216797,10385,yfinance
SAPR11.SA,4167,5,2022-07-05,14.272998381488136,14.376830375001132,14.049358249444452,14.12124252319336,734600,yfinance
PETR3.SA,2832,3,2022-07-05,13.70001647113476,13.70001647113476,12.97804741552755,13.260746002197266,17539000,yfinance
FLRY3.SA,338,1,2022-07-05,11.723586250014394,11.998000574740129,11.43392659937052,11.746454238891602,3335780,yfinance
VALE3.SA,5414,6,2022-07-05,52.486564866793906,52.54304887946494,51.23688705946583,52.45832824707031,26472200,yfinance
FLRY3.SA,339,1,2022-07-06,11.769323206476349,12.158076737015516,11.654984023482529,11.906530380249023,2444994,yfinance
VALE3.SA,5415,6,2022-07-06,52.705453350373624,53.270277470293614,51.92175496869992,52.95256423950195,23138800,yfinance
KFOF11.SA,1586,2,2022-07-06,50.49468803485521,50.7853537932459,50.021513617574705,50.17022705078125,12061,yfinance
SAPR11.SA,4168,5,2022-07-06,14.097283184020185,14.376833019642486,14.00942579593961,14.265013694763184,1043300,yfinance
PETR3.SA,2833,3,2022-07-06,13.386875110831454,13.404271527826268,12.734493297371671,13.060684204101562,11767100,yfinance
KFOF11.SA,1587,2,2022-07-07,50.190504267181346,50.72451833212212,49.78492546616213,50.1093864440918,9243,yfinance
SAPR11.SA,4169,5,2022-07-07,14.336897660932024,14.44871698330925,14.137219429016113,14.137219429016113,1430400,yfinance
PETR3.SA,2834,3,2022-07-07,13.34338340154175,13.5738911213645,13.312939048323381,13.44776439666748,10338500,yfinance
FLRY3.SA,340,1,2022-07-07,12.043738807050898,12.264795303344727,11.815060417271583,12.264795303344727,3316268,yfinance
VALE3.SA,5416,6,2022-07-07,54.54819468218737,55.22598675449667,54.279898283602144,54.4917106628418,34251200,yfinance
KFOF11.SA,1588,2,2022-07-08,50.62989151169186,50.67044785108684,49.784933392862605,50.291908264160156,9766,yfinance
SAPR11.SA,4170,5,2022-07-08,14.137219429016113,14.217089503043269,14.049360519477428,14.137219429016113,1832600,yfinance
PETR3.SA,2835,3,2022-07-08,13.53909770151053,13.739161901284406,13.465161058264206,13.56954288482666,4878800,yfinance
VALE3.SA,5417,6,2022-07-08,54.24459514389978,54.97180932390891,53.16436395327558,53.23496627807617,24149200,yfinance
FLRY3.SA,341,1,2022-07-08,12.21905875881028,12.386757378221471,12.112342226449153,12.135210990905762,2640861,yfinance
FLRY3.SA,342,1,2022-07-11,12.005625044641635,12.264794853356737,11.944644502691402,12.04373836517334,1189199,yfinance
PETR3.SA,2836,3,2022-07-11,13.386872325209827,13.61303067636024,13.317285012617978,13.560840606689453,10408500,yfinance
VALE3.SA,5418,6,2022-07-11,52.35242833618578,52.359490185267894,51.22983134308261,51.42046356201172,22076800,yfinance
KFOF11.SA,1589,2,2022-07-11,50.29191229294825,50.69073008152094,49.78493738103791,49.940406799316406,10069,yfinance
SAPR11.SA,4171,5,2022-07-11,14.073321870723401,14.169166564941406,14.001437588347923,14.169166564941406,1129200,yfinance
VALE3.SA,5419,6,2022-07-12,50.83444496548756,51.660503403389946,50.17077132138909,51.575782775878906,22460000,yfinance
SAPR11.SA,4172,5,2022-07-12,14.137217933590481,14.42475352120574,14.05734634458808,14.304946899414062,1096900,yfinance
FLRY3.SA,343,1,2022-07-12,12.043738160902848,12.30290719432176,11.990379513063461,12.173322677612305,1824626,yfinance
PETR3.SA,2837,3,2022-07-12,13.478207744867198,13.478207744867198,13.208557068285824,13.295540809631348,9506400,yfinance
KFOF11.SA,1590,2,2022-07-12,50.02151734549437,50.21078712651215,48.81153678002813,49.62945556640625,11255,yfinance
SAPR11.SA,4173,5,2022-07-13,14.225077866802746,14.472679989549198,14.225077866802746,14.312936782836914,610800,yfinance
PETR3.SA,2838,3,2022-07-13,13.22160538421416,13.486907603141885,13.186811718579902,13.352082252502441,8369200,yfinance
VALE3.SA,5420,6,2022-07-13,51.5051851679427,51.99235041808213,51.05332377726162,51.39928436279297,22980800,yfinance
FLRY3.SA,344,1,2022-07-13,12.0818510055542,12.333397365101598,12.02087046703688,12.0818510055542,1807446,yfinance
KFOF11.SA,1591,2,2022-07-13,49.60917575036886,49.60917575036886,49.21035803321517,49.4942626953125,8309,yfinance
VALE3.SA,5421,6,2022-07-14,49.775402797242684,50.00839533716573,47.699660871769304,47.975013732910156,57715800,yfinance
FLRY3.SA,345,1,2022-07-14,11.975134453973826,12.272417584853068,11.868417926799548,12.21143627166748,1387929,yfinance
SAPR11.SA,4174,5,2022-07-14,14.233065107648823,14.280987460051003,14.137220402844465,14.273001670837402,543500,yfinance
PETR3.SA,2839,3,2022-07-14,13.186812371239524,13.199860307578065,12.860621428694168,12.925859451293945,11563000,yfinance
KFOF11.SA,1592,2,2022-07-14,49.494251659965826,49.494251659965826,48.669571976323965,49.2779426574707,14405,yfinance
SAPR11.SA,4175,5,2022-07-15,14.217088997802477,14.336897151433542,14.113256991202705,14.19312858581543,462400,yfinance
KFOF11.SA,1593,2,2022-07-15,49.27795767094695,50.02151977123857,48.87237881235288,49.683536529541016,8962,yfinance
VALE3.SA,5422,6,2022-07-15,47.657293905088196,48.35626604077818,47.05716609619834,48.27154541015625,36589000,yfinance
FLRY3.SA,346,1,2022-07-15,12.234304725726101,12.501097226889893,12.135211623617634,12.462983131408691,2511697,yfinance
PETR3.SA,2840,3,2022-07-15,12.978049067038237,13.239001960843112,12.930207468135867,13.182461738586426,5827800,yfinance
FLRY3.SA,347,1,2022-07-18,12.455360244018877,12.455360244018877,11.807437632326064,11.929399490356445,2462704,yfinance
VALE3.SA,5423,6,2022-07-18,49.69773231582278,49.69773231582278,48.50453314442961,48.525718688964844,22131300,yfinance
SAPR11.SA,4176,5,2022-07-18,14.193129029796568,14.320922975804919,13.865656852722166,13.865656852722168,1113100,yfinance
KFOF11.SA,1594,2,2022-07-18,50.09587643912454,50.562294962437214,49.615940855334166,49.6362190246582,7922,yfinance
PETR3.SA,2841,3,2022-07-18,13.360779809397663,13.656526376808142,13.360779809397663,13.621732711791992,13368200,yfinance
VALE3.SA,5424,6,2022-07-19,48.158580804540655,48.906975156737225,48.003252455229166,48.631622314453125,21785500,yfinance
PETR3.SA,2842,3,2022-07-19,13.621732749210103,13.834844051712727,13.499955336092267,13.773955345153809,11651400,yfinance
SAPR11.SA,4177,5,2022-07-19,13.93753996390038,14.185140523009578,13.8896160956156,14.161178588867188,949700,yfinance
FLRY3.SA,348,1,2022-07-19,12.043739823997138,12.097097708304117,11.586383005820329,11.632118225097656,2197271,yfinance
KFOF11.SA,1595,2,2022-07-19,49.63622579360671,50.251352694919504,49.379360351781635,49.52131271362305,7255,yfinance
SAPR11.SA,4178,5,2022-07-20,14.129231850287944,14.432742086765852,14.12124453835116,14.296960830688477,826400,yfinance
VALE3.SA,5425,6,2022-07-20,48.33509961125555,48.34922331144516,46.725342532894,47.57964324951172,40427400,yfinance
KFOF11.SA,1596,2,2022-07-20,49.5145558630625,50.14320503798798,49.34556420482679,49.35908126831055,10799,yfinance
PETR3.SA,2843,3,2022-07-20,13.682619428127238,13.891382217407227,13.673921635298049,13.891382217407227,16825300,yfinance
FLRY3.SA,349,1,2022-07-20,11.563513408511811,11.662606498365959,11.40343823596942,11.540644645690918,2136613,yfinance
SAPR11.SA,4179,5,2022-07-21,14.225076684894336,14.265013244966289,14.065335014878514,14.20910358428955,1174400,yfinance
VALE3.SA,5426,6,2022-07-21,47.52314965740254,48.44805791559327,47.05010814190915,48.41275405883789,26987300,yfinance
FLRY3.SA,350,1,2022-07-21,11.472042211730653,11.594004064405691,11.34245769508214,11.540644645690918,1416243,yfinance
PETR3.SA,2844,3,2022-07-21,13.839192212905651,13.869636563653858,13.308588656681481,13.739160537719727,17144600,yfinance
KFOF11.SA,1597,2,2022-07-21,49.41315434141248,49.96744671249378,49.156288906058165,49.17656707763672,6339,yfinance
SAPR11.SA,4180,5,2022-07-22,14.217089234744613,14.320922766498832,14.113257226414374,14.296960830688477,888400,yfinance
FLRY3.SA,351,1,2022-07-22,11.578759445612278,11.723588528177459,11.426306156805708,11.639739990234375,1834276,yfinance
PETR3.SA,2845,3,2022-07-22,13.721762948954897,13.965319407947206,13.678271494427854,13.887033462524414,11108300,yfinance
VALE3.SA,5427,6,2022-07-22,49.28119082998258,49.951921185961346,48.695181133176256,48.864627838134766,27884000,yfinance
KFOF11.SA,1598,2,2022-07-22,49.17656642666083,49.17656642666083,48.66283040553723,48.710147857666016,24345,yfinance
FLRY3.SA,352,1,2022-07-25,11.700719990532793,11.776945855467348,11.372946998243187,11.433927536010742,1431726,yfinance
VALE3.SA,5428,6,2022-07-25,49.88837095253829,50.290810164885414,49.45062788135213,49.768341064453125,19833200,yfinance
SAPR11.SA,4181,5,2022-07-25,14.352869660289292,14.624432156730007,14.296960003391009,14.456703186035156,1258500,yfinance
PETR3.SA,2846,3,2022-07-25,14.156685428756575,14.530717944721241,14.065352370419006,14.487226486206055,14075100,yfinance
KFOF11.SA,1599,2,2022-07-25,48.77098258796793,49.22387889206408,48.568190580979966,49.00080871582031,11159,yfinance
PETR3.SA,2847,3,2022-07-26,14.561164367328256,14.878656705079571,14.513322760705327,14.695990562438965,10807900,yfinance
SAPR11.SA,4182,5,2022-07-26,14.456703186035156,14.568522499831722,14.336896560763993,14.456703186035156,747200,yfinance
VALE3.SA,5429,6,2022-07-26,50.354351534319115,50.42495386662892,49.125853714967974,49.67655944824219,19791500,yfinance
FLRY3.SA,353,1,2022-07-26,11.40343823596942,11.586381400432222,11.365324916102068,11.540644645690918,1555481,yfinance
KFOF11.SA,1600,2,2022-07-26,49.000813291449774,49.615945321462476,48.7236696903829,49.561866760253906,7182,yfinance
FLRY3.SA,354,1,2022-07-27,11.594005045971626,11.921777311879088,11.525401064402278,11.837928771972656,1841805,yfinance
KFOF11.SA,1601,2,2022-07-27,49.6564961951403,50.38654121941048,49.48074346917565,50.02151870727539,4472,yfinance
VALE3.SA,5430,6,2022-07-27,49.401204757003796,49.8601279799865,48.93521968506714,49.789520263671875,21666900,yfinance
SAPR11.SA,4183,5,2022-07-27,14.480663220315613,14.816122676402115,14.464690121205859,14.688328742980957,801000,yfinance
PETR3.SA,2848,3,2022-07-27,14.787321363416165,14.817765715848719,14.43938472197787,14.791669845581055,11672500,yfinance
FLRY3.SA,355,1,2022-07-28,11.754078489251535,12.249549335803769,11.754078489251535,12.150455474853516,1386126,yfinance
SAPR11.SA,4184,5,2022-07-28,14.720277908570711,14.911968807667474,14.5685220421685,14.648393630981445,1058800,yfinance
PETR3.SA,2849,3,2022-07-28,14.883004486420187,15.283131207269852,14.752526794836998,15.104813575744629,19301100,yfinance
KFOF11.SA,1602,2,2022-07-28,50.02153013631109,50.690735649519624,49.724103171677946,50.609622955322266,7021,yfinance
VALE3.SA,5431,6,2022-07-28,50.45319357236258,50.813272453292,49.64125332135455,49.909549713134766,21778700,yfinance
PETR3.SA,2850,3,2022-07-29,15.687608335859432,16.257355733627673,15.417957642919308,16.074687957763672,49607100,yfinance
KFOF11.SA,1603,2,2022-07-29,50.616376509952936,50.616376509952936,50.37978923439433,50.5555419921875,4737,yfinance
VALE3.SA,5432,6,2022-07-29,49.18939229394943,49.64831551611732,48.03149685173005,49.24587631225586,77006600,yfinance
FLRY3.SA,356,1,2022-07-29,12.165701856961018,12.470606149540341,12.112343201036822,12.325777053833008,1729078,yfinance
SAPR11.SA,4185,5,2022-07-29,14.648394333132748,14.84008524141796,14.552548117278183,14.792162895202637,723000,yfinance
SAPR11.SA,4186,5,2022-08-01,14.76021415061366,14.991841624806746,14.624432895533841,14.73625373840332,866900,yfinance
PETR3.SA,2851,3,2022-08-01,16.06598898849856,16.074687611837536,15.700655103725309,15.874624252319336,21493500,yfinance
KFOF11.SA,1604,2,2022-08-01,50.4873147489131,50.63060830454038,49.93461029064471,50.05743408203125,6924,yfinance
VALE3.SA,5433,6,2022-08-01,48.67398501166649,49.31647314175734,47.960889173260966,48.066795349121094,38874000,yfinance
FLRY3.SA,357,1,2022-08-01,12.310529374069935,12.379133347164927,12.066605678199757,12.0818510055542,1307758,yfinance
FLRY3.SA,358,1,2022-08-02,12.081852319502929,12.257172832245358,11.967512351909688,12.15807819366455,2058351,yfinance
SAPR11.SA,4187,5,2022-08-02,14.736253314271405,14.903982288612168,14.664369032861384,14.832098007202148,769800,yfinance
PETR3.SA,2852,3,2022-08-02,15.87027561042854,16.18341775201549,15.796338142337946,15.883322715759277,14991800,yfinance
VALE3.SA,5434,6,2022-08-02,48.24330812325084,49.75422056539654,47.29016322924115,49.59889221191406,32636900,yfinance
KFOF11.SA,1605,2,2022-08-02,50.050599117586515,50.81483646790563,49.81860156116918,50.4873046875,8992,yfinance
KFOF11.SA,1606,2,2022-08-03,50.15295602414304,50.49413259573585,49.90730847612091,50.48048782348633,10207,yfinance
FLRY3.SA,359,1,2022-08-03,12.196191377957595,12.37151188871285,12.180946049117962,12.272418022155762,1096514,yfinance
VALE3.SA,5435,6,2022-08-03,49.46475230682914,49.52829818327124,47.671424865722656,47.671424865722656,31934600,yfinance
PETR3.SA,2853,3,2022-08-03,16.018148825682648,16.09643311645763,15.778940834924207,15.796338081359863,12927700,yfinance
SAPR11.SA,4188,5,2022-08-03,14.840085220669026,15.359248286976918,14.728265905181642,15.28736400604248,1271700,yfinance
KFOF11.SA,1607,2,2022-08-04,50.41906915053356,50.49412840653205,50.11201234395128,50.33718490600586,4519,yfinance
FLRY3.SA,360,1,2022-08-04,12.38675715619116,12.920339808432436,12.333398505516772,12.607812881469727,2328344,yfinance
VALE3.SA,5436,6,2022-08-04,47.777319953719626,48.045616323770965,47.17719212518226,47.396060943603516,40540800,yfinance
PETR3.SA,2854,3,2022-08-04,15.857228225368848,16.1138318267818,15.591925999947826,16.03989601135254,11361700,yfinance
SAPR11.SA,4189,5,2022-08-04,15.35924869799637,15.678733553241232,15.343274074378137,15.439120292663574,952100,yfinance
KFOF11.SA,1608,2,2022-08-05,50.48728636845003,50.49411135467444,50.15293492660231,50.41905212402344,9170,yfinance
SAPR11.SA,4190,5,2022-08-05,15.175546722319785,15.319315303436989,14.51261500538699,14.696318626403809,2495000,yfinance
VALE3.SA,5437,6,2022-08-05,47.932646957192716,48.5398366170771,47.65729413313024,48.010311126708984,36129300,yfinance
FLRY3.SA,361,1,2022-08-05,12.607811728974788,12.790754115620096,11.67785215567637,11.769323348999023,5331777,yfinance
PETR3.SA,2855,3,2022-08-05,15.96160592283069,16.39652705610078,15.957255782406214,16.318241119384766,14332200,yfinance
SAPR11.SA,4191,5,2022-08-08,14.816124931116189,14.840086868563123,14.432743072509766,14.432743072509766,1869700,yfinance
FLRY3.SA,362,1,2022-08-08,11.784568760680905,11.998002588456698,11.609249024997819,11.914154052734375,2627818,yfinance
VALE3.SA,5438,6,2022-08-08,48.596323570952094,48.81519239650587,47.84086737442128,48.41981506347656,35705300,yfinance
KFOF11.SA,1609,2,2022-08-08,50.43953822608017,50.494127721691584,50.22118544957535,50.38494873046875,8187,yfinance
PETR3.SA,2856,3,2022-08-08,16.36173324690121,17.135894024376416,16.36173324690121,17.105449676513672,24523600,yfinance
PETR3.SA,2857,3,2022-08-09,17.283765981850138,17.440336190896613,17.15328831900614,17.331605911254883,16911500,yfinance
SAPR11.SA,4192,5,2022-08-09,14.512614243921817,14.688330543054196,14.129232396674421,14.1452054977417,1836500,yfinance
KFOF11.SA,1610,2,2022-08-09,50.35766523547326,52.8755448530879,50.35766523547326,52.3774299621582,25724,yfinance
FLRY3.SA,363,1,2022-08-09,11.97513417009172,12.104718686638668,11.769323784770295,12.0132474899292,2479565,yfinance
VALE3.SA,5439,6,2022-08-09,48.42687178173136,49.53535038569244,48.11622046982645,49.42238235473633,35174600,yfinance
KFOF11.SA,1611,2,2022-08-10,52.37060254728119,54.55413047339069,52.37060254728119,54.02872085571289,7695,yfinance
FLRY3.SA,364,1,2022-08-10,12.142831116334888,12.539206504821777,12.127585019584957,12.539206504821777,2376171,yfinance
PETR3.SA,2858,3,2022-08-10,17.50557929507928,17.50557929507928,17.0793566939424,17.270721435546875,15755100,yfinance
VALE3.SA,5440,6,2022-08-10,49.93779459932384,49.99427323387844,48.801079259741705,49.45769119262695,30202200,yfinance
SAPR11.SA,4193,5,2022-08-10,14.296961602899673,14.552549504985736,14.241051939746356,14.464692115783691,1486900,yfinance
SAPR11.SA,4194,5,2022-08-11,14.496639199687628,14.58449810842193,14.19312896026077,14.20910358428955,2031500,yfinance
PETR3.SA,2859,3,2022-08-11,17.475132944118236,17.618656069139178,16.901037125849232,16.944528579711914,31853400,yfinance
FLRY3.SA,365,1,2022-08-11,12.546831218257832,12.638303188304292,12.15045576499185,12.241926193237305,1957077,yfinance
KFOF11.SA,1612,2,2022-08-11,54.02871219887022,55.76871447796414,52.9778879259435,54.3835334777832,14587,yfinance
VALE3.SA,5441,6,2022-08-11,49.98721455651087,51.99941058858551,49.8107060381427,51.1804084777832,51158600,yfinance
KFOF11.SA,1613,2,2022-08-12,54.38354398506711,56.5466074275775,54.342604461958985,56.1235466003418,23583,yfinance
SAPR11.SA,4195,5,2022-08-12,14.209103689095356,14.384819984436035,14.129232091786315,14.384819984436035,1650300,yfinance
VALE3.SA,5442,6,2022-08-12,51.0779653024692,51.83544921875,50.721506948998666,51.83544921875,35608400,yfinance
PETR3.SA,2860,3,2022-08-12,16.793109332243443,18.34939046712322,16.488162495404698,18.33887481689453,52964400,yfinance
FLRY3.SA,366,1,2022-08-12,12.325776154393942,12.493474004160678,12.043739106890968,12.333398818969727,1991330,yfinance
PETR3.SA,2861,3,2022-08-15,17.818360000096053,18.543923773334274,17.571247249969215,18.275779724121094,29426900,yfinance
FLRY3.SA,367,1,2022-08-15,12.165700510409529,12.93558574902719,12.135210624156766,12.745019912719727,2365990,yfinance
SAPR11.SA,4196,5,2022-08-15,14.29696254995956,14.776190659828004,14.265014821794551,14.616447448730469,1367600,yfinance
KFOF11.SA,1614,2,2022-08-15,56.15083820849087,56.80589657126641,55.75507215412404,56.30095672607422,19237,yfinance
VALE3.SA,5443,6,2022-08-15,50.49871730112024,50.907165075024224,49.78579491323614,50.72150802612305,26735800,yfinance
VALE3.SA,5444,6,2022-08-16,51.61265904178869,52.2438918681319,51.323034501868825,51.85029983520508,22070200,yfinance
SAPR11.SA,4197,5,2022-08-16,14.672358721373008,14.8400877228852,14.560537863607374,14.640409469604492,1555800,yfinance
FLRY3.SA,368,1,2022-08-16,12.745019748857565,12.76788774142851,12.470604608906733,12.722151756286621,1456434,yfinance
PETR3.SA,2862,3,2022-08-16,18.302070843571297,18.607016674244235,18.23897694288985,18.4860897064209,12902900,yfinance
KFOF11.SA,1615,2,2022-08-16,56.635292484675894,57.65199688005095,56.60117275622493,57.5905876159668,20219,yfinance
SAPR11.SA,4198,5,2022-08-17,14.688330675920204,14.864048500066112,14.61644638848307,14.824111938476562,1992600,yfinance
VALE3.SA,5445,6,2022-08-17,50.73635132618945,51.092815305462246,50.41702101806271,50.669517517089844,29131700,yfinance
KFOF11.SA,1616,2,2022-08-17,57.576929433243265,58.3343414845986,57.48822544023314,57.863521575927734,9264,yfinance
PETR3.SA,2863,3,2022-08-17,18.375680092893468,19.127532097672656,18.3073293636439,19.10124397277832,19005700,yfinance
FLRY3.SA,369,1,2022-08-17,12.60019101197474,12.653548895114703,12.424870491027832,12.424870491027832,1784540,yfinance
KFOF11.SA,1617,2,2022-08-18,58.19106212595013,58.197887113510056,56.942354905431756,57.467769622802734,9716,yfinance
PETR3.SA,2864,3,2022-08-18,19.243195777133018,19.57443168967319,19.174847069419812,19.353609085083008,14964500,yfinance
SAPR11.SA,4199,5,2022-08-18,14.82410830337157,15.03177380244221,14.80813520607666,14.872032165527344,1580600,yfinance
FLRY3.SA,370,1,2022-08-18,12.52396138270121,12.52396138270121,12.226679065599733,12.386754989624023,1153461,yfinance
VALE3.SA,5446,6,2022-08-18,50.72150864698269,50.95172157738097,50.283355059994854,50.2907829284668,27692000,yfinance
PETR3.SA,2865,3,2022-08-19,19.085472246971975,19.216914896063592,18.438774654119886,18.564960479736328,21653900,yfinance
FLRY3.SA,371,1,2022-08-19,12.371509814581534,12.53920686190139,12.226679214886426,12.432490348815918,1734381,yfinance
SAPR11.SA,4200,5,2022-08-19,14.816125269526774,14.959893850643978,14.680344001074316,14.696318626403809,1239900,yfinance
KFOF11.SA,1618,2,2022-08-19,58.06824717940225,58.06824717940225,56.68989622200696,57.658836364746094,4004,yfinance
VALE3.SA,5447,6,2022-08-19,49.75609283387232,50.082851077480385,49.369928636175096,49.72638702392578,45903800,yfinance
KFOF11.SA,1619,2,2022-08-22,57.65880864095361,58.23880745000036,57.1811637878418,57.1811637878418,7800,yfinance
VALE3.SA,5448,6,2022-08-22,49.60756248944923,49.68925203888929,48.8872122802795,48.99860763549805,19335700,yfinance
PETR3.SA,2866,3,2022-08-22,18.438768598909533,18.98557032092075,17.960317593563467,18.859384536743164,19298900,yfinance
FLRY3.SA,372,1,2022-08-22,12.386756646306328,12.386756646306328,12.1428329379224,12.2190580368042,999801,yfinance
SAPR11.SA,4201,5,2022-08-22,14.656381938047355,14.736253532287254,14.448716402393197,14.5525484085083,1023400,yfinance
PETR3.SA,2867,3,2022-08-23,18.92773885415599,19.621755785022614,18.86990377564121,19.56917953491211,19895400,yfinance
FLRY3.SA,373,1,2022-08-23,12.18094503037742,12.379133517816838,12.158077039030509,12.2876615524292,1003300,yfinance
KFOF11.SA,1620,2,2022-08-23,57.17436014657869,58.23882919143216,57.05153639479249,57.31765365600586,8850,yfinance
SAPR11.SA,4202,5,2022-08-23,14.55254845950872,14.632420054028534,14.336897134756361,14.440729141235352,1171100,yfinance
VALE3.SA,5449,6,2022-08-23,49.59271187626621,52.206766396756855,49.49617224686654,52.13992691040039,37223500,yfinance
VALE3.SA,5450,6,2022-08-24,51.8205970202072,52.16963319508728,50.357618499524555,50.461585998535156,28773800,yfinance
PETR3.SA,2868,3,2022-08-24,19.674330522555692,19.94247459220813,19.348353384490103,19.700620651245117,16000400,yfinance
SAPR11.SA,4203,5,2022-08-24,14.456704022576206,14.488651746899365,14.288973518751693,14.296960830688477,1402500,yfinance
FLRY3.SA,374,1,2022-08-24,12.32577469317228,12.684037573060468,12.211435508990963,12.57732105255127,1462479,yfinance
KFOF11.SA,1621,2,2022-08-24,57.89764434826689,58.30705505998023,57.33129017399461,57.5905876159668,11107,yfinance
KFOF11.SA,1622,2,2022-08-25,57.86353082309531,58.20470728972691,56.307761762265834,58.04776382446289,19084,yfinance
FLRY3.SA,375,1,2022-08-25,12.577323169844393,12.8212469066139,12.485851961280973,12.767889022827148,1338087,yfinance
PETR3.SA,2869,3,2022-08-25,19.91092423971863,20.137005669369852,19.09072370950012,19.500823974609375,19357900,yfinance
SAPR11.SA,4204,5,2022-08-25,14.34488327730279,14.392807149252295,13.985463378225457,14.089295387268066,2118200,yfinance
VALE3.SA,5451,6,2022-08-25,51.16708755789328,51.5606796238626,50.68437806223502,51.441856384277344,24956700,yfinance
KFOF11.SA,1623,2,2022-08-26,58.04776746682866,59.70588540693897,57.79529499154089,58.78470993041992,7549,yfinance
VALE3.SA,5452,6,2022-08-26,51.72404805432597,52.875118204418,50.669517517089844,50.669517517089844,28510100,yfinance
SAPR11.SA,4205,5,2022-08-26,14.089294558592636,14.161178838864958,13.94552599804799,14.017410278320312,1970600,yfinance
FLRY3.SA,376,1,2022-08-26,12.775507357701871,12.996563038020588,12.478225049066104,12.493471145629883,1523137,yfinance
PETR3.SA,2870,3,2022-08-26,19.563921363070254,19.695363998413086,19.122274028092107,19.695363998413086,12463200,yfinance
SAPR11.SA,4206,5,2022-08-29,13.969488341325956,14.280985882670395,13.913578682461463,14.169166564941406,1223400,yfinance
FLRY3.SA,377,1,2022-08-29,12.455359986733583,12.729774354358605,12.394379444428301,12.55445384979248,1584008,yfinance
VALE3.SA,5453,6,2022-08-29,50.12740267191849,50.42445508017203,49.64469321673192,49.68925476074219,22128100,yfinance
PETR3.SA,2871,3,2022-08-29,19.779487056898116,20.378865148674507,19.72165197687488,20.121238708496094,21428300,yfinance
KFOF11.SA,1624,2,2022-08-29,58.92116471598956,58.92116471598956,58.25928165044569,58.743751525878906,5382,yfinance
SAPR11.SA,4207,5,2022-08-30,14.16916615868088,14.34488244199169,13.721887377165425,13.76980972290039,2093500,yfinance
PETR3.SA,2872,3,2022-08-30,19.82154598734359,19.884637878554486,18.901447717426564,18.985570907592773,22463400,yfinance
VALE3.SA,5454,6,2022-08-30,48.968908349511814,49.44418997364106,47.82526017088711,48.248558044433594,34469300,yfinance
FLRY3.SA,378,1,2022-08-30,12.607812775980111,12.706906641217193,12.211436544131272,12.249549865722656,1593021,yfinance
KFOF11.SA,1625,2,2022-08-30,58.743773919035064,58.750598907470696,58.54589610786914,58.7505989074707,8113,yfinance
PETR3.SA,2873,3,2022-08-31,18.927734420701707,19.6953587241841,18.63330227434391,19.542884826660156,36015200,yfinance
FLRY3.SA,379,1,2022-08-31,12.333397834763064,12.63068018769444,11.898909072217725,12.0132474899292,3327084,yfinance
VALE3.SA,5455,6,2022-08-31,48.582737486387146,48.7758224127695,47.89952087402344,47.89952087402344,33242900,yfinance
SAPR11.SA,4208,5,2022-08-31,13.857669080527243,14.041372681386402,13.761822862491535,13.825719833374023,1356700,yfinance
KFOF11.SA,1626,2,2022-08-31,58.68239170664845,58.96897888183594,58.55274289627844,58.96897888183594,10437,yfinance
KFOF11.SA,1627,2,2022-09-01,59.23034947055114,60.35854620344149,58.7488040047267,59.29914093017578,4924,yfinance
PETR3.SA,2874,3,2022-09-01,19.663816664890234,19.926701903695424,19.26948880668245,19.89515495300293,26204000,yfinance
FLRY3.SA,380,1,2022-09-01,12.013248448587827,12.371512141848655,11.9751351257089,12.333398818969727,1801614,yfinance
SAPR11.SA,4209,5,2022-09-01,13.817731742083744,14.02539726659275,13.721887052878891,13.873642921447754,1947100,yfinance
VALE3.SA,5456,6,2022-09-01,47.513350779383934,47.513350779383934,45.96868563279587,47.44651412963867,40922200,yfinance
VALE3.SA,5457,6,2022-09-02,47.892091838496626,48.13716050841857,46.726165771484375,46.726165771484375,49910300,yfinance
PETR3.SA,2875,3,2022-09-02,20.163299217685967,20.352576931216163,19.542889825850512,19.60598373413086,21607500,yfinance
FLRY3.SA,381,1,2022-09-02,12.379133037130654,12.828867870121787,12.34864161228497,12.691659927368164,1865666,yfinance
KFOF11.SA,1628,2,2022-09-02,59.3060351210532,60.159060960743666,58.3979740017819,58.90016174316406,9133,yfinance
SAPR11.SA,4210,5,2022-09-02,13.969487776627863,14.049359367530128,13.857668463419023,13.937540054321289,1076100,yfinance
FLRY3.SA,382,1,2022-09-05,12.72215077609479,13.103281643544381,12.676414794476678,13.05754566192627,1557390,yfinance
SAPR11.SA,4211,5,2022-09-05,13.977475088060478,14.057346678962743,13.881628874292982,13.937540054321289,689000,yfinance
PETR3.SA,2876,3,2022-09-05,19.87412566820927,19.958248872932643,19.490313421305423,19.563920974731445,12457600,yfinance
VALE3.SA,5458,6,2022-09-05,47.86238861824834,49.36992873044337,47.69901516193627,48.4342155456543,24319700,yfinance
KFOF11.SA,1629,2,2022-09-05,59.3679445610453,61.05335913641605,58.900155233216914,59.50552749633789,10759,yfinance
FLRY3.SA,383,1,2022-09-06,12.958452033484868,13.011812224618081,12.661170442764101,12.722151756286621,1640636,yfinance
SAPR11.SA,4212,5,2022-09-06,13.88961694218804,13.937540813393783,13.729875275107474,13.737862586975098,1102600,yfinance
VALE3.SA,5459,6,2022-09-06,48.025762634161204,48.67927905314188,47.22372567966113,47.28313446044922,24525000,yfinance
PETR3.SA,2877,3,2022-09-06,19.011863496004498,19.174853092726096,18.580731794385336,18.875164031982422,28334900,yfinance
KFOF11.SA,1630,2,2022-09-06,59.512395316517434,60.688746478152645,57.71691058337647,59.73940658569336,10171,yfinance
FLRY3.SA,384,1,2022-09-08,12.722151801899452,13.095660035862512,12.714529137681808,12.91271686553955,1399276,yfinance
SAPR11.SA,4213,5,2022-09-08,13.849682807922363,13.977476759276104,13.689939607018152,13.849682807922363,1553300,yfinance
KFOF11.SA,1631,2,2022-09-08,59.73942338786572,60.17970035578553,59.22347947457297,59.842613220214844,3498,yfinance
VALE3.SA,5460,6,2022-09-08,47.65445534301011,48.048047424676646,47.20145447208357,47.906951904296875,24144700,yfinance
PETR3.SA,2878,3,2022-09-08,18.990828391216716,19.211653026631804,18.512377354415012,18.685882568359375,14310900,yfinance
PETR3.SA,2879,3,2022-09-09,19.0434099253939,19.16433691097765,18.638566362010664,18.654338836669922,9017600,yfinance
VALE3.SA,5461,6,2022-09-09,49.421914498012164,51.71663317280518,49.19169587754446,51.64979934692383,49273400,yfinance
FLRY3.SA,385,1,2022-09-09,12.996565600881913,13.217621324791773,12.920339728433847,12.96607494354248,1069473,yfinance
KFOF11.SA,1632,2,2022-09-09,59.83572358535395,60.186561584472656,59.69813542530105,60.186561584472656,7585,yfinance
SAPR11.SA,4214,5,2022-09-09,13.905588702566487,14.137216128760313,13.81772981353798,13.98546028137207,1631600,yfinance
VALE3.SA,5462,6,2022-09-12,52.05080523662416,52.42954718626304,51.434428167207976,52.1027946472168,24797600,yfinance
SAPR11.SA,4215,5,2022-09-12,14.121243804679846,14.193128084952168,13.993449867178807,14.017410278320312,644500,yfinance
PETR3.SA,2880,3,2022-09-12,18.875158950770217,19.19062040168663,18.57021114331669,18.575469970703125,15413700,yfinance
FLRY3.SA,386,1,2022-09-12,13.072791540586863,13.17950883553082,12.866981156424474,12.950830459594727,941687,yfinance
KFOF11.SA,1633,2,2022-09-12,60.19348210827526,60.19348210827526,59.60874647462875,60.13844680786133,9769,yfinance
VALE3.SA,5463,6,2022-09-13,51.47899160225835,52.72660732618618,50.565556334498794,50.68437957763672,29457800,yfinance
FLRY3.SA,387,1,2022-09-13,12.722150120198203,12.722150120198203,12.295283293137823,12.447735786437988,1863545,yfinance
SAPR11.SA,4216,5,2022-09-13,13.985462816532772,14.00942475154515,13.809746530047123,13.85766887664795,1180300,yfinance
PETR3.SA,2881,3,2022-09-13,18.296808247030903,18.564952255558566,17.92351177033647,18.01289176940918,25361200,yfinance
KFOF11.SA,1634,2,2022-09-13,60.17970017901396,60.193456374008754,59.58808407363318,60.145301818847656,45322,yfinance
PETR3.SA,2882,3,2022-09-14,18.044443081846634,18.501862847209555,17.981351184540948,18.233720779418945,11926000,yfinance
FLRY3.SA,388,1,2022-09-14,12.409623605598156,12.493472908578854,12.318152409610597,12.341019630432129,889089,yfinance
SAPR11.SA,4217,5,2022-09-14,13.865656151344007,13.8736434629935,13.713900276851483,13.721887588500977,1117300,yfinance
VALE3.SA,5464,6,2022-09-14,50.31305553664023,51.22649062457607,49.36249244188605,49.75608444213867,31018300,yfinance
KFOF11.SA,1635,2,2022-09-14,59.849484558105466,60.19344711303711,59.81508620323148,60.19344711303711,2635,yfinance
VALE3.SA,5465,6,2022-09-15,50.35019057898155,50.96656763432085,49.889759088645675,50.75863265991211,36958800,yfinance
FLRY3.SA,389,1,2022-09-15,12.318152838028144,12.600189870607702,12.081851790483274,12.584943771362305,2086983,yfinance
SAPR11.SA,4218,5,2022-09-15,13.761822200893473,13.82571916870412,13.70591254448714,13.817731857299805,860200,yfinance
KFOF11.SA,1636,2,2022-09-15,60.19344711303711,60.19344711303711,59.870121471649036,60.19344711303711,3010,yfinance
PETR3.SA,2883,3,2022-09-15,18.065472332381532,18.338873197215197,18.060213504904045,18.1916561126709,9164700,yfinance
VALE3.SA,5466,6,2022-09-16,49.96402924707426,51.12995540779579,49.45161392619909,50.68437957763672,65178000,yfinance
PETR3.SA,2884,3,2022-09-16,17.965580530294158,18.18114840281561,17.8762004905561,18.091766357421875,34954800,yfinance
FLRY3.SA,390,1,2022-09-16,12.501095301049904,13.034677908475382,12.432491327373477,12.958451271057129,2400985,yfinance
KFOF11.SA,1637,2,2022-09-16,60.2278454679111,60.2278454679111,59.849484558105466,60.19344711303711,14340,yfinance
SAPR11.SA,4219,5,2022-09-16,13.777796831947029,13.849681111205012,13.673964830476546,13.801758766174316,1096700,yfinance
SAPR11.SA,4220,5,2022-09-19,13.777796823702104,13.873643037130018,13.68195061027419,13.817731857299805,897700,yfinance
KFOF11.SA,1638,2,2022-09-19,60.22784065671435,60.85384972748721,59.849479777133425,60.186561584472656,6752,yfinance
VALE3.SA,5467,6,2022-09-19,50.075421781003826,52.399846101468455,50.00116009115646,52.325584411621094,34136800,yfinance
FLRY3.SA,391,1,2022-09-19,12.95083034969242,13.027055446490293,12.62305734551846,12.935585021972656,1931944,yfinance
PETR3.SA,2885,3,2022-09-19,17.823621266612246,18.4177405046854,17.781558662683874,18.307329177856445,24596800,yfinance
SAPR11.SA,4221,5,2022-09-20,13.825719629964777,13.945526258178807,13.785784595034745,13.85766887664795,972600,yfinance
FLRY3.SA,392,1,2022-09-20,12.935586069111615,13.217621571156188,12.889850082249987,13.133773803710938,1721125,yfinance
PETR3.SA,2886,3,2022-09-20,18.50186117516159,18.60175884299418,18.165368412400408,18.275779724121094,21181600,yfinance
KFOF11.SA,1639,2,2022-09-20,60.22784653056442,60.88137329708446,59.932038518165925,60.537410736083984,7943,yfinance
VALE3.SA,5468,6,2022-09-20,51.83545159868074,52.058236663377755,50.79577096601711,51.57552719116211,35289700,yfinance
SAPR11.SA,4222,5,2022-09-21,13.83370635666581,13.99344953647893,13.793771323424462,13.889616012573242,719300,yfinance
KFOF11.SA,1640,2,2022-09-21,60.53741328227686,61.362921364017865,60.14529615618203,60.647483825683594,9406,yfinance
PETR3.SA,2887,3,2022-09-21,18.428255128063373,18.549182099131244,18.12330928920858,18.238977432250977,16168700,yfinance
FLRY3.SA,393,1,2022-09-21,13.133772519560216,13.255735139266367,12.988941908659163,13.08803653717041,2480308,yfinance
VALE3.SA,5469,6,2022-09-21,51.57552924447252,51.976549175856796,50.80320085714412,50.83290100097656,44482000,yfinance
PETR3.SA,2888,3,2022-09-22,18.459800262671404,18.696397359154023,18.270522585485313,18.612274169921875,27515600,yfinance
FLRY3.SA,394,1,2022-09-22,13.187132303977485,13.461545138401444,12.783132633129062,13.431056022644043,1999495,yfinance
KFOF11.SA,1641,2,2022-09-22,60.64747698952515,61.906375885009766,60.53740645852552,61.906375885009766,8287,yfinance
SAPR11.SA,4223,5,2022-09-22,14.02539811839162,14.344882974184054,13.977475770878742,14.328909873962402,836100,yfinance
VALE3.SA,5470,6,2022-09-22,52.1102166156805,52.503808633863414,51.4492780066935,51.99882125854492,34529500,yfinance
FLRY3.SA,395,1,2022-09-23,13.301469764880027,14.033240867893188,13.263356445691695,13.926525115966797,4128898,yfinance
VALE3.SA,5471,6,2022-09-23,51.02597981747072,51.278476336226646,50.37246908117845,50.92201232910156,44160700,yfinance
KFOF11.SA,1642,2,2022-09-23,61.43171115331627,61.906375885009766,60.7093877268736,61.906375885009766,9626,yfinance
PETR3.SA,2889,3,2022-09-23,18.24949294368186,18.302071195260066,17.213726458281457,17.297849655151367,48903800,yfinance
SAPR11.SA,4224,5,2022-09-23,14.257026695847928,14.480665350521821,14.225077446080755,14.392807960510254,837600,yfinance
VALE3.SA,5472,6,2022-09-26,50.27592896499081,51.55325042865172,50.23137308419456,51.03341293334961,18503200,yfinance
PETR3.SA,2890,3,2022-09-26,17.245272774300254,17.460838608766927,17.061253893287983,17.0770263671875,18230500,yfinance
KFOF11.SA,1643,2,2022-09-26,61.84447439661399,63.915130646761796,61.63809474435112,61.85823059082031,4909,yfinance
SAPR11.SA,4225,5,2022-09-26,14.360857869238922,14.360857869238922,13.945526787147335,13.953514099121094,428600,yfinance
FLRY3.SA,396,1,2022-09-26,13.827431804570365,13.827431804570365,13.545394757484441,13.659734725952148,2237887,yfinance
PETR3.SA,2891,3,2022-09-27,17.303107183447366,17.38197356120481,17.213727160600545,17.282075881958008,17568400,yfinance
FLRY3.SA,397,1,2022-09-27,13.713092672757812,13.774072444337174,13.232866371688425,13.377696990966797,2172138,yfinance
VALE3.SA,5473,6,2022-09-27,50.231372616932674,50.66952621530046,49.89719218246189,50.27592849731445,31646600,yfinance
SAPR11.SA,4226,5,2022-09-27,13.82572042253941,13.865656983182781,13.777798073191382,13.79377269744873,1091800,yfinance
KFOF11.SA,1644,2,2022-09-27,62.215952648109955,62.60118905509809,62.105882104140534,62.587432861328125,8819,yfinance
SAPR11.SA,4227,5,2022-09-28,13.801757761576697,13.897602444661777,13.65798921352531,13.665976524353027,1133800,yfinance
VALE3.SA,5474,6,2022-09-28,50.2833555254341,51.12252336481765,50.08284840126408,50.7512092590332,24371000,yfinance
KFOF11.SA,1645,2,2022-09-28,62.57367205405809,62.58743349642012,61.43171901527594,62.53239822387695,5964,yfinance
FLRY3.SA,398,1,2022-09-28,13.385319030434866,13.461544126801828,13.141395330098533,13.240489959716797,1667360,yfinance
PETR3.SA,2892,3,2022-09-28,17.2820750404819,17.35042576416662,16.766820213012547,17.161148071289062,17529400,yfinance
KFOF11.SA,1646,2,2022-09-29,62.53239071349885,62.94514471109434,62.497992360177626,62.793800354003906,18380,yfinance
PETR3.SA,2893,3,2022-09-29,16.98764614292772,17.287335177458527,16.850944685206965,17.176921844482422,24350900,yfinance
SAPR11.SA,4228,5,2022-09-29,13.657990708872477,13.681951120555171,13.44233786318461,13.514222145080566,1386000,yfinance
VALE3.SA,5475,6,2022-09-29,50.44673626675231,51.07796913379915,50.01601053034716,50.818050384521484,34889700,yfinance
FLRY3.SA,399,1,2022-09-29,13.02705537284669,13.270979073183021,12.935584948846149,13.240489959716797,2229403,yfinance
KFOF11.SA,1647,2,2022-09-30,62.93826489170427,63.598672347001205,62.93826489170427,63.591796875,16453,yfinance
FLRY3.SA,400,1,2022-09-30,13.21762173998399,13.553017439452185,12.943208898911298,13.476792335510254,2698762,yfinance
PETR3.SA,2894,3,2022-09-30,17.092795585665076,17.718463673255435,17.034962523829705,17.392486572265625,28412400,yfinance
VALE3.SA,5476,6,2022-09-30,50.86260697491195,54.13760025889402,50.69180565120631,53.498939514160156,55575000,yfinance
SAPR11.SA,4229,5,2022-09-30,13.514222911997274,13.857669717562844,13.474287874643892,13.69792652130127,1012200,yfinance
KFOF11.SA,1648,2,2022-10-03,64.00086539033862,64.00086539033862,63.577936477071624,63.63340377807617,8924,yfinance
FLRY3.SA,401,1,2022-10-03,13.918903660949017,14.239054028134278,13.53777197776636,14.147582054138184,5955433,yfinance
VALE3.SA,5477,6,2022-10-03,54.3900916035361,55.08073610469944,52.8231455381634,54.954490661621094,42688100,yfinance
PETR3.SA,2895,3,2022-10-03,18.591243347641065,19.03289060384177,18.51763580588346,18.932992935180664,46548300,yfinance
SAPR11.SA,4230,5,2022-10-03,13.737863415916117,14.800151583624901,13.737863415916117,14.712292671203613,1871400,yfinance
FLRY3.SA,402,1,2022-10-04,14.41437448418427,14.612562229196678,14.170450749907197,14.24667739868164,3782234,yfinance
SAPR11.SA,4231,5,2022-10-04,14.696317538174878,14.816124172426433,14.344883424069511,14.384819984436035,731800,yfinance
VALE3.SA,5478,6,2022-10-04,55.10301256756073,56.625402710020495,54.99904506830828,56.28379440307617,41717500,yfinance
KFOF11.SA,1649,2,2022-10-04,63.63341301828748,63.77208129093487,63.02328848760012,63.577945709228516,11508,yfinance
PETR3.SA,2896,3,2022-10-04,19.348355837136417,19.35887148881413,18.480835633107382,18.55970001220703,26112400,yfinance
KFOF11.SA,1650,2,2022-10-05,63.57793817918686,63.7720737379002,62.073423304316975,62.12195587158203,13743,yfinance
PETR3.SA,2897,3,2022-10-05,18.664856398823424,19.343100957771835,18.559701877135534,19.216915130615234,24446100,yfinance
FLRY3.SA,403,1,2022-10-05,14.315278358238826,14.597315387694414,14.162826618279503,14.490599632263184,3662084,yfinance
VALE3.SA,5479,6,2022-10-05,56.655108444104144,57.821034540578644,56.52886300457977,57.15266799926758,42621400,yfinance
SAPR11.SA,4232,5,2022-10-05,14.40878100467348,14.456703350642822,14.22507588551383,14.288972854614258,938000,yfinance
KFOF11.SA,1651,2,2022-10-06,62.17048605891622,62.81527887912777,61.449427023114374,61.70595932006836,11998,yfinance
SAPR11.SA,4233,5,2022-10-06,14.360858235163207,14.376832859517771,14.177154625357803,14.201116561889648,757900,yfinance
VALE3.SA,5480,6,2022-10-06,57.33089657732278,57.60567105965653,55.63770513458313,55.867923736572266,76852200,yfinance
PETR3.SA,2898,3,2022-10-06,19.432476988562843,19.83732050986481,19.243199289704233,19.784744262695312,23327000,yfinance
FLRY3.SA,404,1,2022-10-06,14.559200197239544,15.268104782769793,14.521088423495613,15.169010162353516,4047667,yfinance
KFOF11.SA,1652,2,2022-10-07,61.900087019046595,63.092607479285206,61.88622283935547,61.88622283935547,16738,yfinance
VALE3.SA,5481,6,2022-10-07,55.96447131672771,58.994396258300654,55.81594791727599,56.07586669921875,83593200,yfinance
FLRY3.SA,405,1,2022-10-07,15.062294225154728,15.184256845799332,14.704032110613062,14.909842491149902,2348281,yfinance
SAPR11.SA,4234,5,2022-10-07,14.320923036756989,14.352870761683048,14.137219429016113,14.137219429016113,878000,yfinance
PETR3.SA,2899,3,2022-10-07,19.73216630347049,20.194844906936375,19.553404252516984,19.684846878051758,18217500,yfinance
VALE3.SA,5482,6,2022-10-10,56.74422814371128,57.197226170390515,54.568327112306356,54.94706344604492,45515900,yfinance
PETR3.SA,2900,3,2022-10-10,19.768969688020082,19.87938301558827,19.390416297796424,19.506084442138672,12316500,yfinance
FLRY3.SA,406,1,2022-10-10,14.947956281913871,15.214747981193941,14.940333617882983,15.1080322265625,1713171,yfinance
SAPR11.SA,4235,5,2022-10-10,14.17715419848467,14.296960830688477,14.04936025434408,14.296960830688477,822200,yfinance
KFOF11.SA,1653,2,2022-10-10,62.84995460339512,62.84995460339512,62.31609103192265,62.3992919921875,9721,yfinance
KFOF11.SA,1654,2,2022-10-11,62.059550138884696,63.55020061715067,62.059550138884696,63.03713607788086,22697,yfinance
VALE3.SA,5483,6,2022-10-11,54.360389371097554,55.08816759908793,53.491515618653146,54.57575225830078,33885800,yfinance
FLRY3.SA,407,1,2022-10-11,15.062293475104342,15.153765436032806,14.620182080885137,14.757390022277832,2098012,yfinance
PETR3.SA,2901,3,2022-10-11,19.274748001808668,19.60072517647341,19.085470285662865,19.316810607910156,20992200,yfinance
SAPR11.SA,4236,5,2022-10-11,14.2969603417228,14.2969603417228,14.07332170883735,14.105269432067871,621700,yfinance
KFOF11.SA,1655,2,2022-10-13,63.43927845874978,63.43927845874978,62.05262756347656,62.05262756347656,13013,yfinance
VALE3.SA,5484,6,2022-10-13,53.65488520393198,54.0633329631552,52.763733667558235,53.602901458740234,32960000,yfinance
FLRY3.SA,408,1,2022-10-13,14.498221044004765,14.681164985769582,14.322901308281166,14.582070350646973,2046792,yfinance
SAPR11.SA,4237,5,2022-10-13,14.04935861656675,14.177152545810005,13.977474340939441,14.153190612792969,782300,yfinance
PETR3.SA,2902,3,2022-10-13,19.059176989874594,20.25267603791912,18.97505380614548,19.92144012451172,24490200,yfinance
FLRY3.SA,409,1,2022-10-14,14.589693993252489,14.62780731700932,13.88079079677878,14.078978538513184,2539269,yfinance
VALE3.SA,5485,6,2022-10-14,53.92223644650262,54.4792076212021,51.686923878950346,51.857730865478516,34091700,yfinance
PETR3.SA,2903,3,2022-10-14,19.900411146519343,19.937214918336807,19.506083300770705,19.532373428344727,19191500,yfinance
SAPR11.SA,4238,5,2022-10-14,14.153191369306354,14.169165992171584,13.937540054321287,13.937540054321289,438600,yfinance
KFOF11.SA,1656,2,2022-10-14,62.69048551782811,63.4046098804082,62.232893474379644,62.849952697753906,11385,yfinance
KFOF11.SA,1657,2,2022-10-17,63.23126333798651,63.23126333798651,62.06647665751377,62.71126937866211,12797,yfinance
PETR3.SA,2904,3,2022-10-17,19.527114019246092,19.768967942748038,19.169589955958397,19.406187057495117,26406000,yfinance
FLRY3.SA,410,1,2022-10-17,13.987506895928124,14.094222651434672,13.621620561246136,13.674979209899902,4185526,yfinance
VALE3.SA,5486,6,2022-10-17,52.139928339736564,52.90483452465107,51.434433774144544,52.67462158203125,25840500,yfinance
SAPR11.SA,4239,5,2022-10-17,13.977474997380488,14.288972524112184,13.921565341138786,14.161178588867188,524900,yfinance
FLRY3.SA,411,1,2022-10-18,13.697845434661266,14.01037311553955,13.476791263197386,14.01037311553955,4651492,yfinance
SAPR11.SA,4240,5,2022-10-18,14.288974555172308,14.320923805236816,14.121245562605907,14.320923805236816,518000,yfinance
VALE3.SA,5487,6,2022-10-18,53.6920259759695,54.08561805099153,52.53352202658305,53.43952941894531,27494000,yfinance
PETR3.SA,2905,3,2022-10-18,19.584952351663723,19.842580795288086,19.26949083416755,19.842580795288086,18698100,yfinance
KFOF11.SA,1658,2,2022-10-18,62.66969375972049,62.98168813000009,62.371563572488306,62.683563232421875,3432,yfinance
KFOF11.SA,1659,2,2022-10-19,63.224347161919034,63.47394473794712,62.898483366012755,63.057945251464844,9217,yfinance
FLRY3.SA,412,1,2022-10-19,14.025618425029833,14.406750081116963,13.850298695802271,13.957015991210938,2607987,yfinance
VALE3.SA,5488,6,2022-10-19,53.19445656459609,53.56577066905152,52.41470034472183,52.808292388916016,22651000,yfinance
SAPR11.SA,4241,5,2022-10-19,14.296960617605404,14.480664219141572,14.273000205576139,14.34488296508789,499000,yfinance
PETR3.SA,2906,3,2022-10-19,19.87412275453007,20.65226278555459,19.800515211895405,20.578655242919922,21303100,yfinance
KFOF11.SA,1660,2,2022-10-20,63.22433512853976,63.356063337177886,62.7528737179584,63.189666748046875,9849,yfinance
VALE3.SA,5489,6,2022-10-20,52.711756674316625,54.35296445794243,52.22161930046612,53.48408508300781,37240700,yfinance
SAPR11.SA,4242,5,2022-10-20,14.384820068949363,14.48865207966434,14.312935783291296,14.408782005310059,1064000,yfinance
FLRY3.SA,413,1,2022-10-20,14.040864438306455,14.178072396243548,13.880790029180885,13.918903350830078,3586049,yfinance
PETR3.SA,2907,3,2022-10-20,20.852060474274545,21.183296490959847,20.73113348531289,21.130718231201172,27337800,yfinance
VALE3.SA,5490,6,2022-10-21,53.32070232839174,55.45946931626202,53.05335574668258,55.051021575927734,36846800,yfinance
SAPR11.SA,4243,5,2022-10-21,14.336896110377188,14.760212941265262,14.304946865482473,14.648393630981445,1135400,yfinance
KFOF11.SA,1661,2,2022-10-21,63.1966090112992,63.36300562025465,62.496348901201316,63.03021240234375,8779,yfinance
PETR3.SA,2908,3,2022-10-21,21.256899637767308,22.124421690031074,21.09916890253438,21.85102081298828,32623200,yfinance
FLRY3.SA,414,1,2022-10-21,13.765005155336388,14.126838059567758,13.664923779349023,13.988264083862305,2455845,yfinance
PETR3.SA,2909,3,2022-10-24,21.214840725336103,21.35679901341133,19.642787916222645,19.690107345581055,33545600,yfinance
SAPR11.SA,4244,5,2022-10-24,14.576510922011286,15.135610580444336,14.520601260852782,15.135610580444336,1468200,yfinance
VALE3.SA,5491,6,2022-10-24,54.41236686148804,54.91735427470433,52.86027661054311,53.4172477722168,32035800,yfinance
KFOF11.SA,1662,2,2022-10-24,63.030209648243385,63.189671515375935,62.78754154578955,63.06487274169922,8772,yfinance
FLRY3.SA,415,1,2022-10-24,13.865086598048588,14.342397303731252,13.865086598048588,14.088345527648926,3991680,yfinance
FLRY3.SA,416,1,2022-10-25,14.08834737654747,14.25001600899804,13.765007028044234,14.072949409484863,3591945,yfinance
KFOF11.SA,1663,2,2022-10-25,63.05100982739379,63.0648740071238,62.62114620062578,62.74594497680664,9565,yfinance
PETR3.SA,2910,3,2022-10-25,19.669076591364014,19.832066187182225,19.20114111334574,19.395675659179688,24141600,yfinance
SAPR11.SA,4245,5,2022-10-25,15.111647821194014,15.175544790955819,14.832098007202148,14.832098007202148,919300,yfinance
VALE3.SA,5492,6,2022-10-25,53.179606969868175,54.41236686148804,52.66719168807121,53.4172477722168,28158100,yfinance
FLRY3.SA,417,1,2022-10-26,13.918979091723823,14.096045692535315,13.349285142251103,13.487860679626465,2846130,yfinance
VALE3.SA,5493,6,2022-10-26,52.93454365191686,55.58572642295095,52.81572607162901,54.6054573059082,40845700,yfinance
KFOF11.SA,1664,2,2022-10-26,62.51714781611415,63.085674412227014,62.51714781611415,63.03021240234375,11392,yfinance
SAPR11.SA,4246,5,2022-10-26,14.77619074277234,14.872036974653716,14.52859013526303,14.640409469604492,827400,yfinance
PETR3.SA,2911,3,2022-10-26,19.21691065576124,19.416703999878735,18.50186248157669,19.043407440185547,25746100,yfinance
SAPR11.SA,4247,5,2022-10-27,14.680342129584089,15.215479822508353,14.544560878441397,15.063725471496582,1311500,yfinance
KFOF11.SA,1665,2,2022-10-27,63.03021240234375,63.03021240234375,62.97474510280766,63.03021240234375,7405,yfinance
PETR3.SA,2912,3,2022-10-27,19.227427774533286,19.39041735792677,18.922481915579308,19.10124397277832,25148100,yfinance
VALE3.SA,5494,6,2022-10-27,53.46923689704547,53.55835433156339,51.56068241776921,52.65977478027344,52613000,yfinance
FLRY3.SA,418,1,2022-10-27,13.52635319398574,14.180729020422527,13.472462621935108,13.903582572937012,2198700,yfinance
VALE3.SA,5495,6,2022-10-28,50.93687058981591,51.27848458173496,49.496175591123134,50.090274810791016,52793500,yfinance
KFOF11.SA,1666,2,2022-10-28,62.97474490629019,63.03021220565319,62.440881406813716,62.88460922241211,11647,yfinance
PETR3.SA,2913,3,2022-10-28,18.890931490355275,19.043405394636824,18.528150619915902,18.81206512451172,27032800,yfinance
FLRY3.SA,419,1,2022-10-28,13.803501563833768,14.203825591728458,13.757309203145123,14.119140625,2379300,yfinance
SAPR11.SA,4248,5,2022-10-28,14.951906766368833,15.343275952374855,14.927946351432718,15.303340911865234,1229000,yfinance
KFOF11.SA,1667,2,2022-10-31,62.49634963643555,63.28674015033846,62.39928450593189,63.25900650024414,5446,yfinance
VALE3.SA,5496,6,2022-10-31,49.01345901169276,51.53839591212244,48.656994998654284,49.85262680053711,39184100,yfinance
PETR3.SA,2914,3,2022-10-31,17.51341743564084,18.212691211946314,17.09805822706204,17.48712730407715,55281200,yfinance
SAPR11.SA,4249,5,2022-10-31,14.80015018611608,15.335287875614716,14.752226316543844,15.28736400604248,1478700,yfinance
FLRY3.SA,420,1,2022-10-31,13.949771404355232,14.419383945375364,13.818897168317735,14.319302558898926,4024965,yfinance
FLRY3.SA,421,1,2022-11-01,14.242317946623904,14.41168633529314,13.895882956573436,14.149934768676758,3782205,yfinance
PETR3.SA,2915,3,2022-11-01,17.634342044811593,17.82361973491271,17.392488109973577,17.544960021972656,34269700,yfinance
SAPR11.SA,4250,5,2022-11-01,15.463080467122358,16.133999348442877,15.359246948852586,15.84646224975586,3678600,yfinance
VALE3.SA,5497,6,2022-11-01,51.575526849906325,52.5780794647221,51.20421274539785,51.367591857910156,42670000,yfinance
KFOF11.SA,1668,2,2022-11-01,63.93688336143238,63.9438732557647,62.49727436914928,62.68595886230469,3963,yfinance
VALE3.SA,5498,6,2022-11-03,50.23137512256181,50.45416586719132,49.44419097893109,49.867488861083984,34390300,yfinance
SAPR11.SA,4251,5,2022-11-03,15.742629305282957,15.942307514777204,15.598862274123125,15.830488204956055,1148600,yfinance
PETR3.SA,2916,3,2022-11-03,17.408260572077456,17.797329596475276,17.203210409806285,17.5922794342041,24872100,yfinance
FLRY3.SA,422,1,2022-11-03,13.995961500368367,14.550257371701944,13.965167113983084,14.273109436035156,2710680,yfinance
KFOF11.SA,1669,2,2022-11-03,62.89562347659065,62.93056762232443,61.81241893958037,62.881649017333984,2815,yfinance
VALE3.SA,5499,6,2022-11-04,52.83799825553262,54.5014838589054,52.578079515287435,53.65488815307617,61191100,yfinance
FLRY3.SA,423,1,2022-11-04,14.457873828627768,15.073758456377544,14.342396039099953,14.604146003723145,5982375,yfinance
PETR3.SA,2917,3,2022-11-04,17.981353568484803,18.04970430292671,16.50919539753112,16.672183990478516,29167600,yfinance
SAPR11.SA,4252,5,2022-11-04,15.910362092870821,15.910362092870821,15.095674514770506,15.095674514770508,1440600,yfinance
KFOF11.SA,1670,2,2022-11-04,62.895619221811884,63.59445943538757,62.748863416768316,63.03538513183594,4196,yfinance
KFOF11.SA,1671,2,2022-11-07,63.03538954334155,63.03538954334155,62.58114763810959,62.888633728027344,5090,yfinance
PETR3.SA,2918,3,2022-11-07,16.503936770588275,16.772079863742558,16.00971318978882,16.104351043701172,27442700,yfinance
SAPR11.SA,4253,5,2022-11-07,15.095674635211648,15.127623884846518,14.480665290557052,14.504627227783203,1093800,yfinance
FLRY3.SA,424,1,2022-11-07,14.696530385556471,14.7504209502423,13.957469695727667,13.988264083862305,3388770,yfinance
VALE3.SA,5500,6,2022-11-07,53.469235558476015,54.23414177174222,53.053365539411836,53.37269592285156,29445500,yfinance
VALE3.SA,5501,6,2022-11-08,53.20931403228728,55.64513373021276,53.20931403228728,54.99162292480469,39756500,yfinance
FLRY3.SA,425,1,2022-11-08,13.92667580076428,14.419382944764555,13.703416864332318,14.011359214782715,4523190,yfinance
PETR3.SA,2919,3,2022-11-08,15.97290840996835,16.24630932881127,15.767858222250014,16.104351043701172,19140100,yfinance
KFOF11.SA,1672,2,2022-11-08,62.888618310032115,63.021399633503876,61.98711395263672,61.98711395263672,5244,yfinance
SAPR11.SA,4254,5,2022-11-08,14.50462573520526,14.544560769715316,14.233063234949908,14.42475414276123,880400,yfinance
VALE3.SA,5502,6,2022-11-09,55.02874428672568,55.53373165081425,53.855390460490014,54.32324981689453,42208500,yfinance
PETR3.SA,2920,3,2022-11-09,16.046515746262134,16.39352419269664,15.77311484821445,15.80466079711914,15928500,yfinance
KFOF11.SA,1673,2,2022-11-09,61.973129944627466,61.973129944627466,61.14849855090057,61.490928649902344,5422,yfinance
SAPR11.SA,4255,5,2022-11-09,14.376833520587638,14.536576724630473,14.20910452742435,14.225077629089355,819900,yfinance
FLRY3.SA,426,1,2022-11-09,13.942075268559547,14.27311229024792,13.911279334215212,13.965169906616211,2104200,yfinance
VALE3.SA,5503,6,2022-11-10,53.097915855201364,56.046150691032715,53.00879843225863,55.36293411254883,47658100,yfinance
KFOF11.SA,1674,2,2022-11-10,61.21840118372972,61.49094843844184,59.43636185151413,59.47829055786133,7878,yfinance
SAPR11.SA,4256,5,2022-11-10,14.536576724630473,15.015803289910783,14.193129902335246,14.225077629089355,2698100,yfinance
FLRY3.SA,427,1,2022-11-10,13.63413158763897,13.895881586649699,13.264600454081629,13.711116790771484,5259765,yfinance
PETR3.SA,2921,3,2022-11-10,15.410332201419148,15.899298899178152,15.205282038937343,15.610125541687012,39818600,yfinance
SAPR11.SA,4257,5,2022-11-11,14.217087999169035,14.448715454933616,14.05734634458808,14.304946899414062,1028400,yfinance
VALE3.SA,5504,6,2022-11-11,57.91756285785407,61.63070328895286,57.33831385713109,61.11829376220703,80174100,yfinance
KFOF11.SA,1675,2,2022-11-11,59.506232994047984,60.49159471970706,58.78642857542097,58.9122200012207,12905,yfinance
FLRY3.SA,428,1,2022-11-11,13.611035684106426,13.695720642698483,13.23380633099858,13.387778282165527,4558470,yfinance
PETR3.SA,2922,3,2022-11-11,15.5680653002328,16.38300919893146,15.394561070059577,16.141155242919922,34866200,yfinance
KFOF11.SA,1676,2,2022-11-14,59.42935886391473,61.05765747022441,59.42935886391473,59.91854476928711,3030,yfinance
PETR3.SA,2923,3,2022-11-14,16.3356888784772,16.835171242497953,16.277853803974608,16.588058471679688,19816400,yfinance
FLRY3.SA,429,1,2022-11-14,13.564845334172293,13.865087951077722,13.426271344277174,13.44936752319336,3494505,yfinance
SAPR11.SA,4258,5,2022-11-14,14.376831425877073,14.512612672502867,14.017410030860596,14.161178588867188,752000,yfinance
VALE3.SA,5505,6,2022-11-14,61.18514197172017,62.707532173121486,60.43508584167041,61.86835861206055,43822500,yfinance
VALE3.SA,5506,6,2022-11-16,61.875777890147575,62.9525864527909,60.5539006756023,61.222267150878906,32935300,yfinance
SAPR11.SA,4259,5,2022-11-16,14.137218563206702,14.15319166297948,13.801759093195642,13.929553031921387,942100,yfinance
FLRY3.SA,430,1,2022-11-16,13.449367910858111,13.464764336045357,13.049042354377223,13.187616348266602,3950625,yfinance
PETR3.SA,2924,3,2022-11-16,16.693212745905832,16.814139715669988,16.235791986899855,16.40403938293457,25165000,yfinance
KFOF11.SA,1677,2,2022-11-16,59.92554021436114,60.4007517086304,59.40840001909744,60.100250244140625,11421,yfinance
KFOF11.SA,1678,2,2022-11-17,60.17712802815939,60.17712802815939,58.08060749854769,58.28327178955078,6059,yfinance
VALE3.SA,5507,6,2022-11-17,60.05634091674324,61.85349969151794,59.959795630507806,61.712398529052734,31790500,yfinance
FLRY3.SA,431,1,2022-11-17,13.095234522957872,13.487860319329968,12.77189495162158,13.31849193572998,2649150,yfinance
SAPR11.SA,4260,5,2022-11-17,13.785784866688779,13.889616873607274,13.338506068278102,13.466300010681152,3993400,yfinance
PETR3.SA,2925,3,2022-11-17,16.404040727509486,16.451360154831022,16.02022748336505,16.277854919433594,30514800,yfinance
PETR3.SA,2926,3,2022-11-18,16.383010141505732,16.503937126468873,15.794147691268346,15.978166580200195,27497600,yfinance
FLRY3.SA,432,1,2022-11-18,13.464762482349249,13.688019867634681,13.12602575685337,13.164518356323242,2869755,yfinance
KFOF11.SA,1679,2,2022-11-18,59.97447392817838,60.03038243141606,58.07362747192383,58.07362747192383,6430,yfinance
VALE3.SA,5508,6,2022-11-18,62.640698712514464,62.744666225798944,59.930104165758834,60.026649475097656,44324400,yfinance
SAPR11.SA,4261,5,2022-11-18,13.825720525985295,13.90559212444563,13.506235655567986,13.58610725402832,913500,yfinance
FLRY3.SA,433,1,2022-11-21,13.233807960103645,13.626433785760646,13.21071332093632,13.503257751464844,4994850,yfinance
VALE3.SA,5509,6,2022-11-21,58.74189042977118,59.55135812698269,58.13293552262831,59.35084533691406,27745900,yfinance
SAPR11.SA,4262,5,2022-11-21,13.642015317085892,15.694707082794675,13.642015317085892,15.511003494262695,5176600,yfinance
PETR3.SA,2927,3,2022-11-21,16.267342372265027,16.45136227974771,15.526005918910863,15.920333862304688,33579600,yfinance
KFOF11.SA,1680,2,2022-11-21,58.70258042471746,59.75084078944456,56.95547981683897,57.563472747802734,6714,yfinance
VALE3.SA,5510,6,2022-11-22,59.37312383146312,60.494494028365374,58.9572538419592,59.514225006103516,27105100,yfinance
KFOF11.SA,1681,2,2022-11-22,59.38745143456229,59.38745143456229,58.21339950949213,58.4929313659668,4668,yfinance
PETR3.SA,2928,3,2022-11-22,15.795541177144854,15.996532440185545,15.092072884032543,15.996532440185547,44857900,yfinance
SAPR11.SA,4263,5,2022-11-22,15.415157578748813,15.479054546570898,14.975866115399967,15.00781536102295,1096000,yfinance
FLRY3.SA,434,1,2022-11-22,13.549447189405535,13.61103597117126,13.102930834305504,13.233806610107422,1828260,yfinance
FLRY3.SA,435,1,2022-11-23,13.149124345330348,13.233807771338228,12.871976344866582,13.018248558044434,1420650,yfinance
KFOF11.SA,1682,2,2022-11-23,58.49292512661258,58.49292512661258,57.22802601628592,57.54949188232422,4207,yfinance
VALE3.SA,5511,6,2022-11-23,60.100894927978516,60.42022525125686,59.36569466398531,60.100894927978516,22415800,yfinance
PETR3.SA,2929,3,2022-11-23,15.730510884131892,16.20343070439611,15.653660708632838,16.002439498901367,17851100,yfinance
SAPR11.SA,4264,5,2022-11-23,15.111649072256562,15.111649072256562,14.632420997656752,14.672357559204102,773100,yfinance
KFOF11.SA,1683,2,2022-11-24,57.58444227695449,58.492931475657635,57.242012019920985,57.27695083618164,6417,yfinance
FLRY3.SA,436,1,2022-11-24,13.102930408272789,13.534050324814311,13.095233738053544,13.395476341247559,1246665,yfinance
VALE3.SA,5512,6,2022-11-24,60.53162208861797,61.185132820882345,59.8632556205049,60.487060546875,12420900,yfinance
SAPR11.SA,4265,5,2022-11-24,14.776189182440781,15.271391868591309,14.648395235709808,15.271391868591309,745200,yfinance
PETR3.SA,2930,3,2022-11-24,16.020176188586444,16.794582902827713,15.925592214062164,16.623149871826172,13776300,yfinance
PETR3.SA,2931,3,2022-11-25,16.599503627949964,16.599503627949964,16.09111390963241,16.25072479248047,13019700,yfinance
FLRY3.SA,437,1,2022-11-25,13.395476275772605,13.433968877486233,12.964357903139245,13.210711479187012,1945125,yfinance
SAPR11.SA,4266,5,2022-11-25,15.231453937107892,15.511003741703496,15.087685379120217,15.36723518371582,1753200,yfinance
KFOF11.SA,1684,2,2022-11-25,57.27693639911995,58.43701357382745,56.46628462104267,58.00373077392578,10550,yfinance
VALE3.SA,5513,6,2022-11-25,60.89551077569439,61.5490215345736,59.91524180447388,60.07862091064453,20477000,yfinance
SAPR11.SA,4267,5,2022-11-28,15.31931341152148,15.614836326499814,15.183532159837831,15.58288860321045,915000,yfinance
PETR3.SA,2932,3,2022-11-28,16.18569495386851,16.770934751627244,16.09111099469189,16.6527042388916,12320700,yfinance
VALE3.SA,5514,6,2022-11-28,59.85583584141747,61.14800741052298,59.0537959712952,60.37567901611328,16166300,yfinance
FLRY3.SA,438,1,2022-11-28,13.33388801852685,13.510954610064644,13.233806633431403,13.45706558227539,1996995,yfinance
KFOF11.SA,1685,2,2022-11-28,58.49292198770631,58.49292198770631,56.948485801873495,57.339839935302734,3893,yfinance
KFOF11.SA,1686,2,2022-11-29,56.95546826595739,57.34681701660156,56.04697400141703,57.34681701660156,9420,yfinance
FLRY3.SA,439,1,2022-11-29,13.457064698967555,14.057551428323924,13.433968521830469,13.641829490661621,3313170,yfinance
VALE3.SA,5515,6,2022-11-29,61.526741630931696,63.628380673553444,61.35594032779185,62.707523345947266,42574300,yfinance
PETR3.SA,2933,3,2022-11-29,16.788672849930155,17.710867252449933,16.70591214628339,17.368000030517578,24509100,yfinance
SAPR11.SA,4268,5,2022-11-29,15.646786396685537,15.646786396685537,15.247429932295246,15.271391868591309,720200,yfinance
FLRY3.SA,440,1,2022-11-30,13.580241509741706,13.757308100047602,13.287697110575692,13.649528503417969,1358595,yfinance
VALE3.SA,5516,6,2022-11-30,63.123399916736254,64.32645969601518,62.945170726925824,63.650665283203125,59932800,yfinance
PETR3.SA,2934,3,2022-11-30,17.468492882242735,18.018262903592582,17.438935814924292,17.965059280395508,29533500,yfinance
SAPR11.SA,4269,5,2022-11-30,15.415158490378435,15.415158490378435,14.680342555256596,14.73625373840332,860100,yfinance
KFOF11.SA,1687,2,2022-11-30,57.34679376973403,57.45861069986295,56.626989610134345,57.060272216796875,7814,yfinance
VALE3.SA,5517,6,2022-12-01,64.17793547151177,64.42300416704107,62.922897513972764,63.99970626831055,34319300,yfinance
SAPR11.SA,4270,5,2022-12-01,15.159570901930321,15.327301407819228,14.720279403968327,14.728266716003418,997400,yfinance
FLRY3.SA,441,1,2022-12-01,13.549447153667947,13.734213498477784,13.37238056290925,13.441667556762695,1788360,yfinance
PETR3.SA,2935,3,2022-12-01,17.864566590084866,18.059646197818825,17.29115104675293,17.29115104675293,12067600,yfinance
KFOF11.SA,1688,2,2022-12-01,57.363485667673295,57.68075942993164,56.75713571295346,57.68075942993164,7433,yfinance
FLRY3.SA,442,1,2022-12-02,13.45706693132906,13.94207593905876,13.4339707503606,13.503257751464844,2324595,yfinance
PETR3.SA,2936,3,2022-12-02,17.285236930500204,18.000529474737164,17.155184253152516,17.515785217285156,18444400,yfinance
KFOF11.SA,1689,2,2022-12-02,57.68074089873422,58.50566209807446,57.2506554788128,57.6384391784668,2258,yfinance
SAPR11.SA,4271,5,2022-12-02,14.736252993950467,14.736252993950467,14.448715874560559,14.456703186035156,789900,yfinance
VALE3.SA,5518,6,2022-12-02,64.43043060273429,65.15820313799814,63.10112531311911,64.46013641357422,30213600,yfinance
FLRY3.SA,443,1,2022-12-05,13.241506423315265,13.441667652246322,13.141423496148263,13.249204635620117,1639155,yfinance
KFOF11.SA,1690,2,2022-12-05,59.210733764309474,59.210733764309474,56.79943292240285,57.02505111694336,3305,yfinance
VALE3.SA,5519,6,2022-12-05,65.27701699017678,66.08647897234488,64.37100972021754,64.3932876586914,21896500,yfinance
PETR3.SA,2937,3,2022-12-05,17.557166887835383,17.96505984171785,17.243856777833166,17.279325485229492,12452000,yfinance
SAPR11.SA,4272,5,2022-12-05,14.440730822276986,14.488653175197921,14.280987614641692,14.336898803710938,417900,yfinance
KFOF11.SA,1691,2,2022-12-06,57.10965757826126,58.273003530687845,56.3975479961201,56.95454406738281,9338,yfinance
FLRY3.SA,444,1,2022-12-06,13.279998083935098,13.279998083935098,12.656414408190187,12.825782775878906,3281250,yfinance
SAPR11.SA,4273,5,2022-12-06,14.448716249463743,14.592484812889083,14.336896932765782,14.472678184509277,485300,yfinance
PETR3.SA,2938,3,2022-12-06,17.438937162341123,17.7345123684825,17.11971539849407,17.24976921081543,10532200,yfinance
VALE3.SA,5520,6,2022-12-06,64.60123181008031,66.04193247115715,64.51954224687672,65.32901000976562,21335700,yfinance
PETR3.SA,2939,3,2022-12-07,17.243857019967926,17.49214023028832,16.9778388919354,16.989662170410156,13339200,yfinance
SAPR11.SA,4274,5,2022-12-07,14.472677354332042,14.7841748749363,14.472677354332042,14.648393630981445,256500,yfinance
VALE3.SA,5521,6,2022-12-07,63.79919529867743,64.17793162455224,62.27680512888553,63.00457763671875,45441000,yfinance
KFOF11.SA,1692,2,2022-12-07,56.95452475582715,57.20129372166106,56.193061621973925,57.10963821411133,9173,yfinance
FLRY3.SA,445,1,2022-12-07,12.764195868851994,12.972056855042435,12.617922894736218,12.902769088745117,1424430,yfinance
VALE3.SA,5522,6,2022-12-08,63.49471219334173,64.79431156572007,63.38331682826286,63.77690887451172,29827900,yfinance
FLRY3.SA,446,1,2022-12-08,12.779591805040049,12.779591805040049,12.225296633960712,12.279187202453613,3122280,yfinance
KFOF11.SA,1693,2,2022-12-08,57.109626374819,57.109626374819,56.20010205001726,56.50327682495117,3400,yfinance
PETR3.SA,2940,3,2022-12-08,16.989662491225282,17.326618041409272,16.522654257952883,16.623149871826172,13407800,yfinance
SAPR11.SA,4275,5,2022-12-08,14.616446866923159,14.624434179502517,14.113258361816406,14.113258361816406,821900,yfinance
VALE3.SA,5523,6,2022-12-09,65.39584566404521,66.49493803056383,65.00225357531085,65.90083312988281,37713000,yfinance
FLRY3.SA,447,1,2022-12-09,12.309981513579405,12.35617310164012,12.002039905876181,12.086723327636719,2563995,yfinance
SAPR11.SA,4276,5,2022-12-09,14.169165531708979,14.28098484128397,14.017409666268751,14.129230499267578,329400,yfinance
PETR3.SA,2941,3,2022-12-09,16.694086155298187,16.97192642065454,16.433979679254676,16.587678909301758,10363900,yfinance
KFOF11.SA,1694,2,2022-12-09,56.50329843126597,56.933383866659675,56.50329843126597,56.7641716003418,2916,yfinance
KFOF11.SA,1695,2,2022-12-12,56.764170205856566,57.060293009428456,56.0520607579863,56.31998062133789,3968,yfinance
PETR3.SA,2942,3,2022-12-12,16.552210561234208,16.599502546307967,15.730511897753923,16.138404846191406,18581300,yfinance
VALE3.SA,5524,6,2022-12-12,65.46267542216205,65.5740707827005,63.40559218373605,63.932857513427734,34995000,yfinance
SAPR11.SA,4277,5,2022-12-12,14.129231805970937,14.161179530193888,13.689938791369533,13.77779769897461,1205200,yfinance
FLRY3.SA,448,1,2022-12-12,12.055928447856717,12.240694021724114,11.747986852611703,11.932751655578613,2926770,yfinance
PETR3.SA,2943,3,2022-12-13,16.232990561036207,16.38077817121693,15.89012335051813,15.919681549072266,22207900,yfinance
FLRY3.SA,449,1,2022-12-13,11.932751917182092,12.055928712160618,11.501633520207504,11.517030715942383,3598455,yfinance
KFOF11.SA,1696,2,2022-12-13,56.40460171328455,56.475106389593755,56.12257762888572,56.3905029296875,4253,yfinance
VALE3.SA,5525,6,2022-12-13,64.2696751105359,65.126605249027,63.80767655876236,64.2026138305664,31559400,yfinance
SAPR11.SA,4278,5,2022-12-13,13.90559144454849,13.929553379942208,13.562144654358288,13.578119277954102,1377000,yfinance
KFOF11.SA,1697,2,2022-12-14,56.397541251517005,56.397541251517005,54.663100652062,54.97332763671875,5550,yfinance
SAPR11.SA,4279,5,2022-12-14,13.514222968712332,13.570132630611312,13.00304717600848,13.202725410461426,3059700,yfinance
PETR3.SA,2944,3,2022-12-14,15.505875064572617,15.582725249690233,13.95706161371065,14.359044075012207,69775500,yfinance
VALE3.SA,5526,6,2022-12-14,63.897104939341524,65.07445237728034,63.710816003658316,64.74658203125,34564000,yfinance
FLRY3.SA,450,1,2022-12-14,11.363059572464802,12.071326724445093,11.178294764748555,11.91735553741455,6102180,yfinance
FLRY3.SA,451,1,2022-12-15,11.824970433425273,12.240692339313023,11.655602849134263,12.117515563964844,2237550,yfinance
KFOF11.SA,1698,2,2022-12-15,54.97333070494686,55.65723729793222,54.28942411196151,54.92397689819336,4081,yfinance
PETR3.SA,2945,3,2022-12-15,14.069379068795595,15.038866491502672,14.01617544259393,14.725556373596191,24269200,yfinance
SAPR11.SA,4280,5,2022-12-15,13.1388280732369,13.586106879490687,13.122853449300411,13.5701322555542,524400,yfinance
VALE3.SA,5527,6,2022-12-15,65.1191582523568,65.70037880734509,64.7465803904323,64.9552230834961,24782100,yfinance
FLRY3.SA,452,1,2022-12-16,12.11751673013464,12.232995305405941,11.824971571441006,11.994339942932129,2228520,yfinance
SAPR11.SA,4281,5,2022-12-16,13.665977728196507,13.849681323145267,13.482272609823845,13.522209167480469,1100400,yfinance
KFOF11.SA,1699,2,2022-12-16,54.95217474912358,55.600826257529214,52.597280267166106,53.57026290893555,8597,yfinance
VALE3.SA,5528,6,2022-12-16,64.82853772877164,65.0669872953131,62.97310186146194,63.844932556152344,37762100,yfinance
PETR3.SA,2946,3,2022-12-16,14.695997938522542,14.808315692258827,14.376776210986232,14.766935348510742,28123600,yfinance
KFOF11.SA,1700,2,2022-12-19,53.06262644384798,54.028551730451454,51.22242602564166,51.8992805480957,15716,yfinance
FLRY3.SA,453,1,2022-12-19,12.163707733154297,12.256090126416375,11.932750593648477,12.163707733154297,1588335,yfinance
SAPR11.SA,4282,5,2022-12-19,13.466298323931383,13.78578313992126,13.43434908062051,13.665976524353027,647100,yfinance
VALE3.SA,5529,6,2022-12-19,63.33823534800164,63.77042702420886,62.77191541659517,63.61394500732422,27508500,yfinance
PETR3.SA,2947,3,2022-12-19,14.71964479040153,15.157095952759448,14.595503747144377,15.10389232635498,12963900,yfinance
KFOF11.SA,1701,2,2022-12-20,52.604337033342944,53.46450798723586,51.53969877244586,52.174251556396484,11255,yfinance
VALE3.SA,5530,6,2022-12-20,63.61394143400547,65.01483204343924,63.569228228059416,63.897098541259766,22657300,yfinance
PETR3.SA,2948,3,2022-12-20,15.092067833344908,15.570899269153296,15.027040938378802,15.470403671264648,15549900,yfinance
SAPR11.SA,4283,5,2022-12-20,13.618054696111358,14.21708938696829,13.602081595490745,13.977476119995117,1393900,yfinance
FLRY3.SA,454,1,2022-12-20,12.159379441771975,12.528083552142078,11.767142079444499,11.79067611694336,4968600,yfinance
PETR3.SA,2949,3,2022-12-21,15.700953920991465,15.878299713134767,15.316706395975796,15.878299713134766,20946900,yfinance
KFOF11.SA,1702,2,2022-12-21,52.51267234321982,54.99447177978459,52.51267234321982,53.520904541015625,11107,yfinance
VALE3.SA,5531,6,2022-12-21,64.75402775267035,65.12660558129896,63.94925827841179,64.26222229003906,39183700,yfinance
FLRY3.SA,455,1,2022-12-21,11.751449588178634,12.01817149498633,11.610243826601542,11.853431701660156,2428440,yfinance
SAPR11.SA,4284,5,2022-12-21,14.073321955608321,14.257025556820818,13.761822888961092,14.19312858581543,1711300,yfinance
PETR3.SA,2950,3,2022-12-22,16.020177418684895,16.38669006622643,15.771894184611918,16.06155776977539,14139200,yfinance
SAPR11.SA,4285,5,2022-12-22,14.185142095524807,14.328910669469078,14.0813085594877,14.265013694763184,445700,yfinance
VALE3.SA,5532,6,2022-12-22,64.29203013574933,64.56773977958477,63.10723535228065,63.897098541259766,19429200,yfinance
KFOF11.SA,1703,2,2022-12-22,54.289427466878294,54.87462648252011,53.04852476147005,53.86639404296875,6607,yfinance
FLRY3.SA,456,1,2022-12-22,11.845586799890695,12.175067180405762,11.845586799890695,12.088774681091309,2008125,yfinance
PETR3.SA,2951,3,2022-12-23,16.191610825229347,16.906903471972385,16.15023047321273,16.883256912231445,12490700,yfinance
FLRY3.SA,457,1,2022-12-23,12.12799980762733,12.590840808527712,12.120154605529583,12.379032135009766,2416365,yfinance
KFOF11.SA,1704,2,2022-12-23,53.866387019260685,54.839364305301046,53.26708929860189,53.309391021728516,5661,yfinance
VALE3.SA,5533,6,2022-12-23,63.54687578577645,64.47086724158683,63.39784692309586,64.32183837890625,18656500,yfinance
SAPR11.SA,4286,5,2022-12-23,14.273001393135798,14.536576611355725,14.21709020575962,14.432743072509766,381200,yfinance
KFOF11.SA,1705,2,2022-12-26,53.34465451650758,54.994486530422506,53.33760243514602,54.57145309448242,5103,yfinance
PETR3.SA,2952,3,2022-12-26,16.824139782836614,16.930547034862244,16.623149684880314,16.83005142211914,3655300,yfinance
FLRY3.SA,458,1,2022-12-26,12.36334275816601,12.426101234009797,12.151534080505371,12.151534080505371,1315230,yfinance
VALE3.SA,5534,6,2022-12-26,64.39635556862386,65.23093201660913,64.32929428307108,64.91051483154297,18407500,yfinance
SAPR11.SA,4287,5,2022-12-26,14.520602751994698,14.680344439791098,14.43274383348097,14.60047435760498,259700,yfinance
VALE3.SA,5535,6,2022-12-27,65.57369692100605,66.80320487529218,65.17876533780017,66.46043395996094,26720300,yfinance
PETR3.SA,2953,3,2022-12-27,16.96601410698928,16.99557117105749,16.55812008317558,16.942367553710938,15571400,yfinance
KFOF11.SA,1706,2,2022-12-27,54.57145546485084,54.994488919165825,53.81704410125441,54.64196014404297,4286,yfinance
SAPR11.SA,4288,5,2022-12-27,14.432742303319515,14.54456162526431,14.129232062287636,14.249038696289062,462100,yfinance
FLRY3.SA,459,1,2022-12-27,12.190758310825933,12.551617184091574,12.096620598680746,12.31627368927002,2823240,yfinance
SAPR11.SA,4289,5,2022-12-28,14.328909203530968,14.600471699104466,14.145204087049681,14.568522453308105,603200,yfinance
KFOF11.SA,1707,2,2022-12-28,54.63488949912329,57.109642165806484,54.18365325061519,54.84640884399414,19122,yfinance
FLRY3.SA,460,1,2022-12-28,12.355497639696154,12.677132846273947,12.355497639696154,12.590840339660645,2180745,yfinance
PETR3.SA,2954,3,2022-12-28,16.960104838413443,17.143361141807155,16.770936895874144,16.84778594970703,9698400,yfinance
VALE3.SA,5536,6,2022-12-28,66.46044355852415,67.22049992662363,66.09531314558139,66.31140899658203,23314500,yfinance
KFOF11.SA,1708,2,2022-12-29,56.90517405664597,56.954527852496156,54.99446941850236,55.290592193603516,2926,yfinance
PETR3.SA,2955,3,2022-12-29,16.95419304409139,16.983750112018924,16.5403873279267,16.575857162475586,31388400,yfinance
VALE3.SA,5537,6,2022-12-29,66.3188595153566,67.02675517996887,66.1921844065459,66.22943878173828,40110800,yfinance
SAPR11.SA,4290,5,2022-12-29,14.520601610191486,14.744240260205828,14.312936061303848,14.416768074035645,678400,yfinance
FLRY3.SA,461,1,2022-12-29,12.637909430158519,12.763425591522424,12.12015438079834,12.12015438079834,3416490,yfinance
FLRY3.SA,462,1,2023-01-02,11.853431701660156,11.971102645946868,11.633777858350625,11.853431701660156,2002140,yfinance
KFOF11.SA,1709,2,2023-01-02,55.82429307516961,57.24747459835054,52.7288743480524,52.84273147583008,11119,yfinance
SAPR11.SA,4291,5,2023-01-02,14.612748299225524,14.612748299225524,14.0737178866277,14.200054168701172,726200,yfinance
PETR3.SA,2956,3,2023-01-02,15.87238606281924,16.138403026032904,15.346261519741148,15.470403671264648,14365400,yfinance
VALE3.SA,5538,6,2023-01-02,66.08040745955732,66.98949831981655,65.96863296795243,66.6169204711914,12783800,yfinance
FLRY3.SA,463,1,2023-01-03,11.829897549675,11.947568500579445,11.359212174974541,11.414125442504883,2256555,yfinance
VALE3.SA,5539,6,2023-01-03,66.61691592572349,67.13106945588494,66.23688495423217,66.49768829345703,25332600,yfinance
SAPR11.SA,4292,5,2023-01-03,14.27585598077097,14.435879161263816,13.947383880615234,13.947383880615234,808800,yfinance
PETR3.SA,2957,3,2023-01-03,15.582726395306004,15.695044170227728,15.06251336213059,15.251681327819824,28657500,yfinance
KFOF11.SA,1710,2,2023-01-03,52.88543718696734,54.01686957776623,52.88543718696734,53.76069641113281,5678,yfinance
VALE3.SA,5540,6,2023-01-04,66.54240603848373,66.80320939550397,65.53644129912644,66.6169204711914,26395300,yfinance
SAPR11.SA,4293,5,2023-01-04,13.880003826612757,14.301120459263139,13.84631533134561,14.065296173095703,709300,yfinance
FLRY3.SA,464,1,2023-01-04,11.492574912915417,11.727918430240038,11.359214319603522,11.649470329284668,3675000,yfinance
KFOF11.SA,1711,2,2023-01-04,54.06667950114394,54.394010666874046,53.262578301690965,53.789154052734375,8539,yfinance
PETR3.SA,2958,3,2023-01-04,15.216211074729168,15.901945444652572,14.95610458449032,15.505874633789062,24517300,yfinance
SAPR11.SA,4294,5,2023-01-05,14.082141081793583,14.267433447543487,13.981073979050576,14.225320816040039,502300,yfinance
PETR3.SA,2959,3,2023-01-05,15.706865449912318,16.16205151409661,15.635928035576766,16.008352279663086,20367800,yfinance
VALE3.SA,5541,6,2023-01-05,66.6616237039864,68.31587015504172,66.31885278751969,67.73464965820312,29085600,yfinance
KFOF11.SA,1712,2,2023-01-05,53.84607308586882,56.927262470020295,53.84607308586882,54.75690841674805,4226,yfinance
FLRY3.SA,465,1,2023-01-05,11.727917003176769,12.033861810279864,11.727917003176769,11.86127758026123,3204285,yfinance
VALE3.SA,5542,6,2023-01-06,67.80917226106047,69.10574165532668,67.80917226106047,68.80767822265625,31420600,yfinance
KFOF11.SA,1713,2,2023-01-06,54.68575498866378,56.671094084487635,54.68575498866378,55.504085540771484,7848,yfinance
FLRY3.SA,466,1,2023-01-06,11.908345431837176,12.269205074641334,11.782829273417889,12.229981422424316,3760575,yfinance
PETR3.SA,2960,3,2023-01-06,16.049732899845317,16.392600081731366,15.854653315798595,15.907856941223145,14109900,yfinance
SAPR11.SA,4295,5,2023-01-06,14.317965181176232,14.376921251363651,14.166362939875764,14.309542655944824,572000,yfinance
SAPR11.SA,4296,5,2023-01-09,14.149517206690499,14.52010026682941,14.048450121655021,14.511677742004395,561600,yfinance
KFOF11.SA,1714,2,2023-01-09,56.13027921417733,56.13027921417733,54.102246561000925,54.43669509887695,6469,yfinance
PETR3.SA,2961,3,2023-01-09,15.866477454571884,16.14431774766459,15.724601488256676,16.014265060424805,12703400,yfinance
FLRY3.SA,467,1,2023-01-09,12.190756489256398,12.198600119117694,11.790673236274204,11.853431701660156,2096535,yfinance
VALE3.SA,5543,6,2023-01-09,68.20410010525072,69.29202674175222,67.9954574194952,68.88219451904297,19285800,yfinance
FLRY3.SA,468,1,2023-01-10,11.806363667582103,12.284893464245759,11.65731269477253,12.135843276977539,2911860,yfinance
PETR3.SA,2962,3,2023-01-10,16.002445107737103,16.132498949540803,15.647754554455478,16.10885238647461,8949300,yfinance
SAPR11.SA,4297,5,2023-01-10,14.528524023276749,14.638013642418974,14.360076725361413,14.48641300201416,712600,yfinance
KFOF11.SA,1715,2,2023-01-10,54.76402538159182,55.333300173080936,54.11648059955455,55.262142181396484,6130,yfinance
VALE3.SA,5544,6,2023-01-10,68.91945149685743,69.97012379922111,68.80767700095473,69.73167419433594,19821100,yfinance
VALE3.SA,5545,6,2023-01-11,70.03719251240845,70.40232295008131,68.74807615354958,69.48577880859375,23834100,yfinance
PETR3.SA,2963,3,2023-01-11,16.10884350474201,16.45171058744818,16.073374807228834,16.315746307373047,9587400,yfinance
FLRY3.SA,469,1,2023-01-11,12.120154610673188,12.53592675578778,12.065242123672729,12.520237922668457,2947245,yfinance
KFOF11.SA,1716,2,2023-01-11,55.25501901766368,56.47183846487559,54.50784661002185,55.568115234375,8014,yfinance
SAPR11.SA,4298,5,2023-01-11,14.419032693954676,14.680124528967218,14.36849754671434,14.62959098815918,414800,yfinance
FLRY3.SA,470,1,2023-01-12,12.47316884606956,12.65359827916461,12.300584614936826,12.402565956115723,2054115,yfinance
PETR3.SA,2964,3,2023-01-12,16.368959763208334,16.451720483028847,16.085206629838982,16.404428482055664,13092100,yfinance
VALE3.SA,5546,6,2023-01-12,69.65716234002468,70.26818983050353,69.25477755091609,69.85089874267578,18058600,yfinance
KFOF11.SA,1717,2,2023-01-12,55.781580573394635,56.42913055419922,55.36174477142626,56.42913055419922,9705,yfinance
SAPR11.SA,4299,5,2023-01-12,14.629591588801238,14.86541585987577,14.553790471260893,14.595901489257812,772700,yfinance
PETR3.SA,2965,3,2023-01-13,16.286191888114512,16.469449310648482,16.167962493204993,16.368953704833984,7763200,yfinance
FLRY3.SA,471,1,2023-01-13,12.277050258223673,12.316273912892296,11.876967723737419,11.908346176147461,2799510,yfinance
SAPR11.SA,4300,5,2023-01-13,14.52852277597295,14.629591467331693,14.242163357960925,14.259008407592773,560800,yfinance
KFOF11.SA,1718,2,2023-01-13,56.42914616179171,56.49318672054858,54.123588324430315,54.19475173950195,15377,yfinance
VALE3.SA,5547,6,2023-01-13,69.81363138943374,70.25327047344777,69.56772867206004,69.9104995727539,16905800,yfinance
FLRY3.SA,472,1,2023-01-16,11.814210729492414,11.978950560132288,11.673004150390625,11.673004150390625,1819650,yfinance
VALE3.SA,5548,6,2023-01-16,68.55431930417937,68.84492955077062,67.68248856440565,68.74060821533203,19563900,yfinance
SAPR11.SA,4301,5,2023-01-16,14.275854014281634,14.511678292600196,14.208475419557416,14.444299697875977,461700,yfinance
PETR3.SA,2966,3,2023-01-16,16.238899830996093,16.33939543635481,15.813271981698495,15.9610595703125,8501500,yfinance
KFOF11.SA,1719,2,2023-01-16,54.39400658680296,54.92769972700626,54.20899144474375,54.79249572753906,4924,yfinance
PETR3.SA,2967,3,2023-01-17,16.04973431313969,17.09607086858677,16.04973431313969,17.084247589111328,21291000,yfinance
SAPR11.SA,4302,5,2023-01-17,14.4864117215719,14.579056281447315,14.402188080058691,14.477989196777344,419200,yfinance
VALE3.SA,5549,6,2023-01-17,68.93435451223951,69.47086751895316,68.42764841535293,68.65119171142578,18719500,yfinance
KFOF11.SA,1720,2,2023-01-17,54.79249196046064,55.34041449130217,54.32995685161639,54.337074279785156,4496,yfinance
FLRY3.SA,473,1,2023-01-17,11.696536166878309,12.127997861225992,11.688691751580912,12.057394981384277,2120265,yfinance
SAPR11.SA,4303,5,2023-01-18,14.646435913935168,14.73065956143209,14.520101245906018,14.536946296691895,3533700,yfinance
KFOF11.SA,1721,2,2023-01-18,54.785381422030255,54.785381422030255,54.294387396778134,54.32996368408203,3957,yfinance
PETR3.SA,2968,3,2023-01-18,17.314794894205654,17.427112652785947,16.78867029770856,16.865520477294922,13955300,yfinance
FLRY3.SA,474,1,2023-01-18,12.190758038218986,12.214292072958312,11.994638201739473,12.080930709838867,3172470,yfinance
VALE3.SA,5550,6,2023-01-18,69.34419846750771,70.21603509352018,69.23242964309765,69.55284118652344,16737300,yfinance
SAPR11.SA,4304,5,2023-01-19,14.536945970333246,14.604324565531622,14.419033830344194,14.528523445129395,689800,yfinance
KFOF11.SA,1722,2,2023-01-19,54.32995237529486,54.6644008945805,53.42623451657126,53.611244201660156,7162,yfinance
PETR3.SA,2969,3,2023-01-19,16.75911352110958,17.462582789966735,16.73546696466335,17.438936233520508,13175800,yfinance
VALE3.SA,5551,6,2023-01-19,69.895611953746,70.3203505058461,69.5379346906204,69.85089874267578,21712500,yfinance
FLRY3.SA,475,1,2023-01-19,11.93187961318058,12.222135566705912,11.892655963062237,12.159377098083496,6976200,yfinance
FLRY3.SA,476,1,2023-01-20,12.135842676778097,12.135842676778097,11.767139434814453,11.767139434814453,5218185,yfinance
PETR3.SA,2970,3,2023-01-20,17.409379385557926,17.699042940506548,17.078334356305312,17.634016036987305,14077700,yfinance
SAPR11.SA,4305,5,2023-01-20,14.696971296398106,14.696971296398106,14.351655782043462,14.461145401000977,593100,yfinance
VALE3.SA,5552,6,2023-01-20,69.97013200398675,70.46938503446314,69.67206854165731,70.03719329833984,27103900,yfinance
KFOF11.SA,1723,2,2023-01-20,53.61124982052681,54.25168264489746,52.46559359399508,52.906776428222656,15424,yfinance
PETR3.SA,2971,3,2023-01-23,17.663571287876547,18.455712816852227,17.527606983171857,18.041908264160156,12311000,yfinance
SAPR11.SA,4306,5,2023-01-23,14.528523924118758,14.579057470575469,14.402189254760742,14.402189254760742,471900,yfinance
FLRY3.SA,477,1,2023-01-23,11.759293923080921,11.876965652103388,11.34352184213978,11.429814338684082,6401010,yfinance
VALE3.SA,5553,6,2023-01-23,70.30544285246809,70.56624622415569,69.82109048499845,70.2681884765625,13534300,yfinance
KFOF11.SA,1724,2,2023-01-23,53.013518991919256,53.7179924221596,51.59745470272698,52.51540756225586,15523,yfinance
FLRY3.SA,478,1,2023-01-24,11.46119425173905,11.735761392733721,11.359212911451486,11.680848121643066,3551205,yfinance
PETR3.SA,2972,3,2023-01-24,18.19560642514765,18.615322591979467,17.740420428913083,17.905942916870117,13961700,yfinance
VALE3.SA,5554,6,2023-01-24,70.27562799007269,71.01333618164062,69.44850475837761,71.01333618164062,17439800,yfinance
KFOF11.SA,1725,2,2023-01-24,52.93522979426891,53.0490869080097,51.74687467188092,51.9817008972168,15331,yfinance
SAPR11.SA,4307,5,2023-01-24,14.461145326698984,14.528523924118758,14.292698029933312,14.402189254760742,513600,yfinance
KFOF11.SA,1726,2,2023-01-25,52.03152826093297,53.01352174279978,52.03152826093297,52.94236373901367,6738,yfinance
PETR3.SA,2973,3,2023-01-25,17.900035017830227,18.01235278514555,17.35617658953993,17.98279571533203,13845800,yfinance
FLRY3.SA,479,1,2023-01-25,11.822052230236475,12.229980703030655,11.727916098886023,12.143688201904297,4426905,yfinance
VALE3.SA,5555,6,2023-01-25,70.93881952852323,71.83300976901928,70.61840235390233,71.68397521972656,18282900,yfinance
SAPR11.SA,4308,5,2023-01-25,14.376921229417874,14.562213571361127,14.360076178980773,14.553791046142578,438100,yfinance
PETR3.SA,2974,3,2023-01-26,17.98279616146327,18.071468500633618,17.096070514699854,17.480318069458008,18648100,yfinance
SAPR11.SA,4309,5,2023-01-26,14.612747592672765,14.722237211218856,14.520101418680511,14.680126190185547,434900,yfinance
FLRY3.SA,480,1,2023-01-26,12.159376471022124,12.22998013735197,11.806362852620692,11.853431701660156,3544905,yfinance
VALE3.SA,5556,6,2023-01-26,71.90753485231983,73.0252685546875,71.8255672593392,73.0252685546875,26876000,yfinance
KFOF11.SA,1727,2,2023-01-26,52.935239297679765,54.187640628640814,51.946128517758076,53.29103469848633,19138,yfinance
PETR3.SA,2975,3,2023-01-27,17.486230071036534,17.492141710774256,16.96601817694685,17.084247589111328,11009000,yfinance
SAPR11.SA,4310,5,2023-01-27,14.654858613706073,14.764349838684643,14.528523944173667,14.680126190185547,545300,yfinance
VALE3.SA,5557,6,2023-01-27,72.91348710749588,73.24135744821159,70.66311930235851,71.02824401855469,34682400,yfinance
KFOF11.SA,1728,2,2023-01-27,53.29103432569924,55.269255871704345,52.47982125185552,54.728450775146484,14848,yfinance
FLRY3.SA,481,1,2023-01-27,11.84558769972526,11.924035003856826,11.602400585592571,11.66515827178955,2402715,yfinance
VALE3.SA,5558,6,2023-01-30,71.46043663100303,71.7585000641372,70.18622099731448,70.77489471435547,23820000,yfinance
FLRY3.SA,482,1,2023-01-30,11.696536827340957,11.853432212019802,11.649467976274904,11.759294509887695,1768830,yfinance
PETR3.SA,2976,3,2023-01-30,17.285236858522833,17.332528843500505,16.94236968555223,17.137449264526367,8885900,yfinance
KFOF11.SA,1729,2,2023-01-30,54.80672504485164,55.15540847129694,52.30192763400017,54.315731048583984,6895,yfinance
SAPR11.SA,4311,5,2023-01-30,14.747505483552544,14.882262684936563,14.435878451331652,14.452723503112793,746100,yfinance
SAPR11.SA,4312,5,2023-01-31,14.43587727431947,14.62959214114317,14.385343729528794,14.528523445129395,454500,yfinance
VALE3.SA,5559,6,2023-01-31,70.27564803266016,70.7003866496589,69.93287701587944,70.4246826171875,20658600,yfinance
KFOF11.SA,1730,2,2023-01-31,54.39400138902277,55.49696384930832,53.38353834741671,54.43669509887695,11260,yfinance
PETR3.SA,2977,3,2023-01-31,17.137450541021792,17.462583948549728,16.983751296513486,17.41529083251953,13732300,yfinance
FLRY3.SA,483,1,2023-01-31,11.790673781633435,12.206445884651709,11.751450131723637,12.143688201904297,2924775,yfinance
PETR3.SA,2978,3,2023-02-01,17.41529113948937,17.657663853296523,16.900990896425082,17.072423934936523,13730800,yfinance
FLRY3.SA,484,1,2023-02-01,12.088776148514158,12.386877331729403,12.057396911219625,12.237826347351074,3597720,yfinance
VALE3.SA,5560,6,2023-02-01,70.93882714042412,70.93882714042412,68.2488143517285,69.64225769042969,28818100,yfinance
KFOF11.SA,1731,2,2023-02-01,54.43668460022877,55.47829773209995,53.51719540836172,54.486968994140625,9050,yfinance
SAPR11.SA,4313,5,2023-02-01,14.646436013864049,14.730659661935606,14.452722747802198,14.621170043945312,723500,yfinance
FLRY3.SA,485,1,2023-02-02,12.167222790089362,12.582994912084684,12.159377588424524,12.47316837310791,2945460,yfinance
KFOF11.SA,1732,2,2023-02-02,53.88357015521509,54.59473690400488,53.73989650658781,54.055973052978516,7965,yfinance
PETR3.SA,2979,3,2023-02-02,17.025129917410027,17.125625523713712,16.173874210810407,16.26254653930664,17308900,yfinance
SAPR11.SA,4314,5,2023-02-02,14.553792558072814,14.932796593686097,14.536947505885754,14.764350891113281,832800,yfinance
VALE3.SA,5561,6,2023-02-02,68.32332896362776,68.52451850416779,66.21453693699017,66.42317962646484,37844400,yfinance
FLRY3.SA,486,1,2023-02-03,12.308427433543109,12.308427433543109,11.814208053564585,11.853431701660156,2590560,yfinance
VALE3.SA,5562,6,2023-02-03,66.88518096880262,67.63778417467923,66.08786455256342,66.28160095214844,22545600,yfinance
KFOF11.SA,1733,2,2023-02-03,54.05595208904173,54.594715731125206,53.51718844695826,53.55310821533203,9302,yfinance
SAPR11.SA,4315,5,2023-02-03,14.730658568157736,14.747503617807766,14.50325521717938,14.511677742004395,789900,yfinance
PETR3.SA,2980,3,2023-02-03,16.256635127360052,16.80640515025373,16.19160822604106,16.457626342773438,13867500,yfinance
KFOF11.SA,1734,2,2023-02-06,54.55882647947499,54.55882647947499,52.8204161373375,53.86920928955078,7678,yfinance
PETR3.SA,2981,3,2023-02-06,16.463537161196047,17.155183102697865,16.463537161196047,17.0546875,9973700,yfinance
FLRY3.SA,487,1,2023-02-06,11.782828478354254,11.845586946099868,11.571020613566125,11.641623497009277,1839915,yfinance
VALE3.SA,5563,6,2023-02-06,65.72273191555568,65.75999197541222,64.57519711512188,65.45447540283203,17888700,yfinance
SAPR11.SA,4316,5,2023-02-06,14.654858135900326,14.654858135900326,14.376921229417874,14.553791046142578,664700,yfinance
FLRY3.SA,488,1,2023-02-07,11.633778086030002,11.806363083677653,11.602399638264231,11.767139434814453,2571555,yfinance
SAPR11.SA,4317,5,2023-02-07,14.570633862454116,14.696970128857464,14.46956677705027,14.562212944030762,1116500,yfinance
KFOF11.SA,1735,2,2023-02-07,54.012868726177416,54.08470280358325,52.79885253984029,52.81321716308594,23136,yfinance
VALE3.SA,5564,6,2023-02-07,65.26818475149595,66.08040741722354,64.82109247044957,65.88666534423828,16259700,yfinance
PETR3.SA,2982,3,2023-02-07,17.113802444038324,17.291147091399747,16.800492364334723,16.966014862060547,9641500,yfinance
KFOF11.SA,1736,2,2023-02-08,52.920965528526,53.58903279220176,52.920965528526,53.10773849487305,15222,yfinance
FLRY3.SA,489,1,2023-02-08,11.900501271708187,12.073084705351867,11.727916266981813,11.939724922180176,2183370,yfinance
PETR3.SA,2983,3,2023-02-08,17.09015941182328,17.350265925417922,16.983752150465016,17.30888557434082,7466400,yfinance
SAPR11.SA,4318,5,2023-02-08,14.612747746476357,14.654858767952897,14.427455396541589,14.545369148254395,665600,yfinance
VALE3.SA,5565,6,2023-02-08,66.39337901321072,66.594574257921,65.27564534064796,66.11022186279297,14411000,yfinance
SAPR11.SA,4319,5,2023-02-09,14.562214001159651,14.562214001159651,14.334810632844343,14.376921653747559,749800,yfinance
VALE3.SA,5566,6,2023-02-09,66.11022161913473,66.7287022800943,65.17877689543207,65.86431884765625,19782200,yfinance
FLRY3.SA,490,1,2023-02-09,11.924035287001555,11.924035287001555,11.657313346862793,11.657313346862793,2484825,yfinance
KFOF11.SA,1737,2,2023-02-09,53.10774954689294,53.524394912147116,52.82040772669732,52.83477783203125,6695,yfinance
PETR3.SA,2984,3,2023-02-09,17.297062294738794,17.47440697864923,17.19065503338053,17.30888557434082,11087500,yfinance
PETR3.SA,2985,3,2023-02-10,17.302971645856893,17.8822987393681,17.302971645856893,17.781803131103516,22158500,yfinance
FLRY3.SA,491,1,2023-02-10,11.586710440065685,11.649468913201202,11.178783506850408,11.37490177154541,4414515,yfinance
VALE3.SA,5567,6,2023-02-10,65.707832514332,66.28159992512929,64.35164931281497,64.67951965332031,18099100,yfinance
KFOF11.SA,1738,2,2023-02-10,53.19394370385965,53.19394370385965,52.63362479389851,53.050270080566406,15940,yfinance
SAPR11.SA,4320,5,2023-02-10,14.259009847344736,14.671703966401221,14.250587321678378,14.663281440734863,1071500,yfinance
SAPR11.SA,4321,5,2023-02-13,14.696970613207014,14.739081632441025,14.486412304172143,14.68854808807373,377800,yfinance
VALE3.SA,5568,6,2023-02-13,64.02378352448558,64.91052072567118,63.561790577383796,64.61245727539062,13798500,yfinance
PETR3.SA,2986,3,2023-02-13,17.7345114518526,17.941414310963523,17.509874802908946,17.87047576904297,11668100,yfinance
FLRY3.SA,492,1,2023-02-13,11.359214319603522,11.704383607182681,11.319990661896583,11.649470329284668,2433795,yfinance
KFOF11.SA,1739,2,2023-02-13,53.03590545853125,53.05027008056641,51.90090849716215,53.050270080566406,18206,yfinance
FLRY3.SA,493,1,2023-02-14,11.673003361204206,11.759295872050512,11.374902174337356,11.531798362731934,2134545,yfinance
PETR3.SA,2987,3,2023-02-14,17.870473934358518,17.994616088091878,17.722686354099125,17.764066696166992,9956000,yfinance
VALE3.SA,5569,6,2023-02-14,64.82853885880198,65.36505181414378,64.47831480822684,64.9030532836914,20072400,yfinance
KFOF11.SA,1740,2,2023-02-14,53.050278451676085,54.07752172781699,52.91379533874647,53.409454345703125,16410,yfinance
SAPR11.SA,4322,5,2023-02-14,14.781193208205552,14.899106958078722,14.61274751849491,14.621170043945312,827200,yfinance
KFOF11.SA,1741,2,2023-02-15,54.048791219678634,54.28584864359139,53.560311746429456,54.091896057128906,5962,yfinance
VALE3.SA,5570,6,2023-02-15,64.90305089511061,66.49768340642031,64.50066619341293,66.31884765625,28465800,yfinance
SAPR11.SA,4323,5,2023-02-15,14.722238307688944,14.907530669473497,14.629593733229266,14.798039436340332,620800,yfinance
FLRY3.SA,494,1,2023-02-15,11.51610972765168,11.924036710158893,11.42981720943387,11.79067611694336,2665005,yfinance
PETR3.SA,2988,3,2023-02-15,17.634014741084904,17.97097025723146,17.563076203592562,17.840917587280273,13372000,yfinance
SAPR11.SA,4324,5,2023-02-16,14.663280737525003,14.789615403596697,14.461144950523805,14.612747192382812,900600,yfinance
FLRY3.SA,495,1,2023-02-16,11.712225966724807,12.143688482319698,11.6102446317127,12.03386116027832,2136960,yfinance
PETR3.SA,2989,3,2023-02-16,17.734508833681286,18.018260704413056,17.734508833681286,17.82318115234375,10013900,yfinance
KFOF11.SA,1742,2,2023-02-16,54.09189607942499,54.49417135852909,53.53157703705762,54.185279846191406,25337,yfinance
VALE3.SA,5571,6,2023-02-16,66.53494838762661,67.25775027466517,66.24433814016997,66.46043395996094,28740800,yfinance
PETR3.SA,2990,3,2023-02-17,17.80544910431076,17.811359615606502,17.551254272460938,17.551254272460938,9980100,yfinance
VALE3.SA,5572,6,2023-02-17,66.76594827584081,66.87772276566986,65.23092938312115,65.59605407714844,26381400,yfinance
KFOF11.SA,1743,2,2023-02-17,54.17808648009115,54.77431973484123,53.77581126271221,54.71685028076172,6664,yfinance
SAPR11.SA,4325,5,2023-02-17,14.604325116496772,14.814883435239306,14.595902590975173,14.713814735412598,577500,yfinance
FLRY3.SA,496,1,2023-02-17,11.963259080095876,12.120153683619774,11.916190227713892,12.073084831237793,1116570,yfinance
PETR3.SA,2991,3,2023-02-22,17.196566472060304,17.397557712824124,17.113805770874023,17.113805770874023,9615800,yfinance
KFOF11.SA,1744,2,2023-02-22,54.73840897156765,55.140689735792925,54.73840897156765,54.7455940246582,3734,yfinance
FLRY3.SA,497,1,2023-02-22,12.041707200558612,12.041707200558612,11.539642549848129,11.90050220489502,2132445,yfinance
SAPR11.SA,4326,5,2023-02-22,14.604324971365541,14.604324971365541,14.317965532206808,14.343233108520508,729600,yfinance
VALE3.SA,5573,6,2023-02-22,64.86580531234324,65.90901873387328,64.50812807847097,65.0968017578125,16864400,yfinance
KFOF11.SA,1745,2,2023-02-23,55.1119452694787,56.347511114506965,54.37922344017649,54.95390701293945,14497,yfinance
VALE3.SA,5574,6,2023-02-23,64.82854271101046,65.62585904338609,63.7480692731949,64.7912826538086,21485100,yfinance
PETR3.SA,2992,3,2023-02-23,17.113804471992417,17.92367988578269,17.113804471992417,17.752246856689453,15815200,yfinance
SAPR11.SA,4327,5,2023-02-23,14.351656960551253,14.41061303763368,14.23374319995378,14.385345458984375,659800,yfinance
FLRY3.SA,498,1,2023-02-23,11.892655796909079,11.92403424524056,11.586709444961201,11.641623497009277,3387930,yfinance
VALE3.SA,5575,6,2023-02-24,64.12065470792746,64.44107190856248,63.07743551852826,63.368045806884766,17183900,yfinance
FLRY3.SA,499,1,2023-02-24,11.641623755863177,11.680847406305668,11.39843586625358,11.492572784423828,975135,yfinance
KFOF11.SA,1746,2,2023-02-24,54.95391709625958,56.23258252565727,54.60910579321572,56.11764907836914,5477,yfinance
PETR3.SA,2993,3,2023-02-24,17.75224513989072,17.835005826792052,17.42120013722582,17.48622703552246,14924500,yfinance
SAPR11.SA,4328,5,2023-02-24,14.427453915097152,14.486411588115892,14.26743076477185,14.368497848510742,484100,yfinance
VALE3.SA,5576,6,2023-02-27,63.01036854462979,63.62139603362133,62.33227976682701,63.368045806884766,14422200,yfinance
FLRY3.SA,500,1,2023-02-27,11.49257347011248,11.571021561219306,11.312144038878872,11.398436546325684,1253385,yfinance
SAPR11.SA,4329,5,2023-02-27,14.452721436022268,14.452721436022268,14.301119204539912,14.334809303283691,754100,yfinance
PETR3.SA,2994,3,2023-02-27,17.40346800368719,17.982795122149962,17.356176017027575,17.77589225769043,16604500,yfinance
KFOF11.SA,1747,2,2023-02-27,56.11763644583234,56.11763644583234,54.95390472568826,54.96826934814453,7196,yfinance
FLRY3.SA,501,1,2023-02-28,11.39843578812615,11.484728289832969,11.1317138671875,11.1317138671875,2830065,yfinance
PETR3.SA,2995,3,2023-02-28,17.758155565203737,18.16013682235017,16.99557113647461,16.99557113647461,28691200,yfinance
SAPR11.SA,4330,5,2023-02-28,14.402188827057872,14.486412472939513,14.309542655944824,14.309542655944824,554900,yfinance
VALE3.SA,5577,6,2023-02-28,63.382937170743176,64.45596311582972,62.8464241981999,63.57667922973633,21127300,yfinance
KFOF11.SA,1748,2,2023-02-28,55.31309554776419,56.11046658436747,55.31309554776419,55.981163024902344,4501,yfinance
KFOF11.SA,1749,2,2023-03-01,55.828887591532855,56.6916994426357,55.46636234743199,55.64762496948242,15765,yfinance
VALE3.SA,5578,6,2023-03-01,65.40231497256148,66.952240232914,65.20112542981632,66.46788787841797,30916600,yfinance
PETR3.SA,2996,3,2023-03-01,17.02512820048268,17.06650966863558,16.185694728814745,16.99557113647461,25407100,yfinance
FLRY3.SA,502,1,2023-03-01,11.178783416748047,11.351368430938265,11.029733222564651,11.178783416748047,2953440,yfinance
SAPR11.SA,4331,5,2023-03-01,14.326387584043028,14.511678318254086,14.317965058883559,14.46956729888916,1263200,yfinance
SAPR11.SA,4332,5,2023-03-02,14.47798906339893,14.621168770722635,14.36007532379378,14.368497848510742,542800,yfinance
VALE3.SA,5579,6,2023-03-02,66.46787650054425,67.16832457591643,65.88665604867627,66.31884765625,21740900,yfinance
KFOF11.SA,1750,2,2023-03-02,55.596863883484765,56.85845000769634,55.10382939917173,55.61136245727539,10606,yfinance
PETR3.SA,2997,3,2023-03-02,17.1078926954001,17.249768654468525,16.422158329471102,16.528564453125,16485500,yfinance
FLRY3.SA,503,1,2023-03-02,11.194473789861894,11.194473789861894,10.95913028717041,10.95913028717041,1592220,yfinance
VALE3.SA,5580,6,2023-03-03,67.13851760711444,67.287552136355,66.17726621258525,66.54239654541016,19783400,yfinance
SAPR11.SA,4333,5,2023-03-03,14.317964750432798,14.452721937216399,14.183207563649198,14.216896057128906,795300,yfinance
FLRY3.SA,504,1,2023-03-03,10.959129761130047,11.029733436981656,10.864993621438314,10.91206169128418,1286670,yfinance
KFOF11.SA,1751,2,2023-03-03,55.61135808948564,56.684435011660945,55.08207444641895,56.41616439819336,20148,yfinance
PETR3.SA,2998,3,2023-03-03,16.522656037812638,17.16109849839103,16.416248773127897,17.131540298461914,14009500,yfinance
KFOF11.SA,1752,2,2023-03-06,56.677200712677156,56.677200712677156,55.51712092782481,56.408935546875,4491,yfinance
FLRY3.SA,505,1,2023-03-06,10.943439343002131,11.1552479832513,10.739475903618462,11.084644317626953,1957830,yfinance
SAPR11.SA,4334,5,2023-03-06,14.275854835851883,14.393766981796965,14.216897156446837,14.351655960083008,532800,yfinance
PETR3.SA,2999,3,2023-03-06,17.143361084250852,17.421201357981403,16.989661849571224,17.385732650756836,12267300,yfinance
VALE3.SA,5581,6,2023-03-06,65.1489582274766,65.49918229001315,64.17280615238771,64.19515991210938,27298600,yfinance
SAPR11.SA,4335,5,2023-03-07,14.360077670647964,14.427456272962958,14.141098417948678,14.208477020263672,661700,yfinance
KFOF11.SA,1753,2,2023-03-07,56.33642991428681,56.8584672360561,55.46637139913607,56.51769256591797,7544,yfinance
FLRY3.SA,506,1,2023-03-07,11.123867965330588,11.123867965330588,10.880680878243286,11.084644317626953,1167915,yfinance
VALE3.SA,5582,6,2023-03-07,64.71676723777061,65.12660512039625,63.18920156225581,63.58413314819336,20898200,yfinance
PETR3.SA,3000,3,2023-03-07,17.20838842853837,17.285237484084597,16.699998725982088,16.859609603881836,11875100,yfinance
PETR3.SA,3001,3,2023-03-08,16.900991607242744,17.367999880614505,16.8477879760633,17.11971664428711,16672600,yfinance
KFOF11.SA,1754,2,2023-03-08,56.51768770131167,56.83671171086648,55.82889189707833,55.86514663696289,6402,yfinance
FLRY3.SA,507,1,2023-03-08,11.053268697913959,11.641625920578088,11.053268697913959,11.508264541625977,3780945,yfinance
SAPR11.SA,4336,5,2023-03-08,14.275855231088755,14.46114598076557,14.233742601776376,14.419034957885742,636600,yfinance
VALE3.SA,5583,6,2023-03-08,63.785328488087046,64.38890848708094,63.63629961813795,64.16535949707031,22274800,yfinance
PETR3.SA,3002,3,2023-03-09,17.04286663983422,17.580813434241303,16.877344115582062,16.906902313232422,14771700,yfinance
KFOF11.SA,1755,2,2023-03-09,56.6917106386704,56.6917106386704,54.966086595671555,55.61863327026367,7974,yfinance
VALE3.SA,5584,6,2023-03-09,63.435098725474695,64.44851086887628,63.20410229215505,63.32332992553711,24439300,yfinance
FLRY3.SA,508,1,2023-03-09,11.492573726850956,11.76714087354645,11.469039691763866,11.594555854797363,4270980,yfinance
SAPR11.SA,4337,5,2023-03-09,14.402188880119176,14.705391757404755,14.402188880119176,14.612747192382812,936100,yfinance
VALE3.SA,5585,6,2023-03-10,63.04017824653822,64.21752575074666,62.794275473174274,63.11469268798828,21820200,yfinance
SAPR11.SA,4338,5,2023-03-10,14.553790060104046,14.823304423107993,14.402187829306245,14.772770881652832,1213500,yfinance
PETR3.SA,3003,3,2023-03-10,16.723643814898892,17.101979675197807,16.688173982348516,16.78866958618164,13388000,yfinance
FLRY3.SA,509,1,2023-03-10,11.594555641978323,11.60240084389096,11.319989285863926,11.37490177154541,1863120,yfinance
KFOF11.SA,1756,2,2023-03-10,55.82165100679838,56.69171515276611,55.46637771800289,55.79264831542969,8986,yfinance
FLRY3.SA,510,1,2023-03-13,11.272921070514371,11.539643025388408,11.163093736296817,11.44550609588623,1484805,yfinance
PETR3.SA,3004,3,2023-03-13,16.51674215225622,16.605414484927845,16.173874972404025,16.256635665893555,10204000,yfinance
KFOF11.SA,1757,2,2023-03-13,56.56120240014886,56.57570097911091,55.46637437664951,55.82164764404297,9225,yfinance
VALE3.SA,5586,6,2023-03-13,62.86879358063214,64.08339542401401,62.630343964597444,63.3754997253418,23460200,yfinance
SAPR11.SA,4339,5,2023-03-13,14.772771961758353,15.075974839090197,14.570634568293876,14.865416526794434,1429800,yfinance
SAPR11.SA,4340,5,2023-03-14,14.882261346842034,14.941217416342612,14.553790898806005,14.68854808807373,1028700,yfinance
VALE3.SA,5587,6,2023-03-14,63.29756103609761,64.23422762735618,63.13002566271789,63.95246887207031,18077900,yfinance
FLRY3.SA,511,1,2023-03-14,11.33567876103221,11.586711096718217,11.202318961914838,11.304300308227539,1726620,yfinance
PETR3.SA,3005,3,2023-03-14,16.333485941197576,16.59359244700429,15.87830096544828,15.966973304748535,9466300,yfinance
KFOF11.SA,1758,2,2023-03-14,55.95214013126455,55.95214013126455,55.256092385057464,55.77812957763672,8971,yfinance
PETR3.SA,3006,3,2023-03-15,15.724598413749167,15.777802031656128,15.19256336220929,15.576810836791992,19501500,yfinance
FLRY3.SA,512,1,2023-03-15,11.186626465290253,11.52395125057728,11.108179169636138,11.429814338684082,2000880,yfinance
VALE3.SA,5588,6,2023-03-15,62.444648623514794,63.274702749374526,60.99775926171419,62.02581024169922,34103400,yfinance
KFOF11.SA,1759,2,2023-03-15,55.78539011428335,57.27174039684438,55.46636610770397,57.11222839355469,13701,yfinance
SAPR11.SA,4341,5,2023-03-15,14.469569239954717,15.1265102261965,14.469569239954717,15.059131622314453,1205500,yfinance
VALE3.SA,5589,6,2023-03-16,61.850671499706976,62.55888551725851,61.462294571388256,62.254276275634766,20573400,yfinance
FLRY3.SA,513,1,2023-03-16,11.48472811318657,11.712225594911102,11.374900794631746,11.641623497009277,3107580,yfinance
PETR3.SA,3007,3,2023-03-16,15.588635875359442,15.683219845099389,15.352174823479714,15.51769733428955,9928600,yfinance
SAPR11.SA,4342,5,2023-03-16,15.059130546874101,15.160199248695715,14.899107378102615,14.966485977172852,959700,yfinance
KFOF11.SA,1760,2,2023-03-16,57.054216464888555,57.054216464888555,55.84337811999146,56.59743118286133,5243,yfinance
VALE3.SA,5590,6,2023-03-17,63.13763461161599,63.586928684207535,62.92440410214794,63.00056076049805,39906400,yfinance
PETR3.SA,3008,3,2023-03-17,15.36991289292394,15.588639072513406,15.19256819517147,15.582727432250977,25338900,yfinance
SAPR11.SA,4343,5,2023-03-17,14.91595116525368,15.07597594412904,14.705392837524414,14.705392837524414,1131800,yfinance
KFOF11.SA,1761,2,2023-03-17,56.263918965293335,57.249988110115396,56.263918965293335,56.582942962646484,6471,yfinance
FLRY3.SA,514,1,2023-03-17,11.139558649543698,11.61024400500574,11.021886917907533,11.382745742797852,6776175,yfinance
SAPR11.SA,4344,5,2023-03-20,14.654858262901405,14.873839101184151,14.587479667001517,14.646435737609863,805900,yfinance
PETR3.SA,3009,3,2023-03-20,15.665483799281416,15.754156123582714,15.168917430158416,15.216209411621094,11113900,yfinance
FLRY3.SA,515,1,2023-03-20,11.382747649365351,11.39843726858088,10.810080082935054,10.95913028717041,3751545,yfinance
VALE3.SA,5591,6,2023-03-20,62.992939957732595,63.960067872416204,62.299953918048814,63.51839065551758,19650900,yfinance
KFOF11.SA,1762,2,2023-03-20,56.51768723798218,56.82945919066485,55.828891439395555,55.836143493652344,4589,yfinance
PETR3.SA,3010,3,2023-03-21,15.334444198153982,15.695045234374605,15.328532557884124,15.553169250488281,7613700,yfinance
SAPR11.SA,4345,5,2023-03-21,14.638013716789281,14.730659891756666,14.48641307561424,14.545369148254395,871800,yfinance
VALE3.SA,5592,6,2023-03-21,63.37371707847543,63.541252465560845,62.09436280702325,62.9853401184082,15692200,yfinance
KFOF11.SA,1763,2,2023-03-21,55.84338326688339,56.539436567297194,55.84338326688339,56.155155181884766,3041,yfinance
FLRY3.SA,516,1,2023-03-21,11.014042395650998,11.382746444329408,10.990509147631219,11.32783317565918,2400615,yfinance
VALE3.SA,5593,6,2023-03-22,62.44464443687026,63.01578447745139,62.14765208056303,62.200958251953125,18085500,yfinance
PETR3.SA,3011,3,2023-03-22,15.559080840298767,15.635931036027602,15.34035578867381,15.417204856872559,7306500,yfinance
KFOF11.SA,1764,2,2023-03-22,56.15517705665015,56.4742011493049,55.46638107299805,55.46638107299805,6425,yfinance
SAPR11.SA,4346,5,2023-03-22,14.545368822084832,14.73065956143209,14.444300123802035,14.536946296691895,697200,yfinance
FLRY3.SA,517,1,2023-03-22,11.327833583835101,11.42197050701305,11.006198376230843,11.241541862487793,3249750,yfinance
SAPR11.SA,4347,5,2023-03-23,14.562213339788464,14.646435377769789,14.200052793312121,14.360075950622559,1302000,yfinance
PETR3.SA,3012,3,2023-03-23,15.476317119242218,15.695042128290345,15.032954334516164,15.115715026855469,16280300,yfinance
VALE3.SA,5594,6,2023-03-23,62.0791134769562,62.58171951133439,60.01539478687779,60.601768493652344,26000100,yfinance
KFOF11.SA,1765,2,2023-03-23,55.46638107299805,56.05367039656875,55.4011291622449,55.46638107299805,15215,yfinance
FLRY3.SA,518,1,2023-03-23,11.24154052636261,11.406280318729042,10.982663036465677,11.163091659545898,2904720,yfinance
KFOF11.SA,1766,2,2023-03-24,56.3291687869792,57.03971509940467,55.480855593191684,56.053646087646484,4953,yfinance
VALE3.SA,5595,6,2023-03-24,60.68554441805213,60.81500145301839,59.46710749385396,59.908790588378906,27801900,yfinance
FLRY3.SA,519,1,2023-03-24,11.20231759397383,11.555331232865223,11.194472392574578,11.453349113464355,5543580,yfinance
SAPR11.SA,4348,5,2023-03-24,14.376921304331862,14.688548313312316,14.326387759189673,14.612747192382812,1196800,yfinance
PETR3.SA,3013,3,2023-03-24,15.115717836383721,15.334444013615915,14.926549860145112,15.16892147064209,11495300,yfinance
SAPR11.SA,4349,5,2023-03-27,14.722237034399972,14.814883207279516,14.604324891776887,14.789615631103516,688900,yfinance
FLRY3.SA,520,1,2023-03-27,11.571020549236598,11.602399782934953,11.319988250732422,11.319988250732422,3347085,yfinance
KFOF11.SA,1767,2,2023-03-27,57.242724501661186,57.27172718026607,55.466353307751206,56.242156982421875,9316,yfinance
PETR3.SA,3014,3,2023-03-27,15.369914206650577,15.470409844641424,15.139365854360479,15.399471282958984,10084900,yfinance
VALE3.SA,5596,6,2023-03-27,60.54846315706174,60.982529370045455,59.421410882857515,59.80978775024414,14202900,yfinance
KFOF11.SA,1768,2,2023-03-28,56.25667185304885,56.25667185304885,55.466369375978196,55.95940399169922,12114,yfinance
VALE3.SA,5597,6,2023-03-28,59.94686712489464,60.845461134101846,59.8478657870555,60.441856384277344,13866800,yfinance
FLRY3.SA,521,1,2023-03-28,11.288607841322865,11.68084667791262,11.265074595174468,11.610243797302246,2413530,yfinance
PETR3.SA,3015,3,2023-03-28,15.375819953332433,15.665483474731445,15.334439611351112,15.665483474731445,10928600,yfinance
SAPR11.SA,4350,5,2023-03-28,14.781192880589641,14.915950071944334,14.722236810176016,14.865416526794434,680800,yfinance
SAPR11.SA,4351,5,2023-03-29,14.82330560710295,15.017018870180628,14.67170336419609,14.949640274047852,1030400,yfinance
VALE3.SA,5598,6,2023-03-29,60.91398861089065,61.561279506685736,60.79975943870633,61.30998229980469,17345200,yfinance
FLRY3.SA,522,1,2023-03-29,11.657313283124726,11.73576137423155,11.288609218776129,11.398436546325684,2010015,yfinance
KFOF11.SA,1769,2,2023-03-29,55.973888604202436,56.25665781734792,55.54611152389869,56.19865798950195,15385,yfinance
PETR3.SA,3016,3,2023-03-29,15.706865788401165,15.87829994387798,15.553166550655366,15.831007957458496,10947700,yfinance
PETR3.SA,3017,3,2023-03-30,16.05564426506341,16.126582806928834,15.742334157080093,16.008352279663086,10036200,yfinance
KFOF11.SA,1770,2,2023-03-30,56.256663867312085,56.256663867312085,55.9086427360271,55.96664810180664,4692,yfinance
VALE3.SA,5599,6,2023-03-30,62.216198339172266,62.40657839016109,61.7973657129597,62.30758285522461,14249000,yfinance
SAPR11.SA,4352,5,2023-03-30,14.949640103239956,15.34548915019317,14.949640103239956,15.328645706176758,2062700,yfinance
FLRY3.SA,523,1,2023-03-30,11.539641148505014,11.75144979459104,11.469038266476339,11.625933647155762,2592450,yfinance
KFOF11.SA,1771,2,2023-03-31,56.256668113129884,56.98897069920079,55.828890954536746,56.44518280029297,12070,yfinance
SAPR11.SA,4353,5,2023-03-31,15.261268290035376,15.471826617618227,15.210733134784054,15.252845764160156,1256100,yfinance
FLRY3.SA,524,1,2023-03-31,11.68084758168085,11.727916434243333,11.26507546677366,11.390591621398926,1845375,yfinance
VALE3.SA,5600,6,2023-03-31,62.140045633025345,62.57411190397535,60.8530804773668,61.1424560546875,22468400,yfinance
PETR3.SA,3018,3,2023-03-31,16.014265961859653,16.138407016549568,15.553168199732804,15.659575462341309,17018900,yfinance
VALE3.SA,5601,6,2023-04-03,60.76930563321893,61.21859969848984,60.47231326229203,61.157676696777344,13510200,yfinance
PETR3.SA,3019,3,2023-04-03,16.10294155302777,16.41625176418152,15.913773549135028,16.404428482055664,12237600,yfinance
KFOF11.SA,1772,2,2023-04-03,56.935502343527254,56.97208993190095,55.537725817633955,56.72327423095703,5602,yfinance
FLRY3.SA,525,1,2023-04-03,11.421970323594087,11.421970323594087,11.021887817356466,11.100335121154785,1613745,yfinance
SAPR11.SA,4354,5,2023-04-03,15.379180930783358,15.412869428928023,15.05913136302971,15.404448509216309,853300,yfinance
VALE3.SA,5602,6,2023-04-04,60.89114080353607,61.05867613945611,59.208182237139056,59.42902374267578,20485600,yfinance
KFOF11.SA,1773,2,2023-04-04,56.35004492362983,56.913542916199134,56.0426823822284,56.767181396484375,4347,yfinance
SAPR11.SA,4355,5,2023-04-04,15.412868332671957,16.179300486532927,15.40444741355919,16.06981086730957,1814300,yfinance
PETR3.SA,3020,3,2023-04-04,16.528563208566094,16.546298124937962,16.102935363409518,16.173873901367188,6970600,yfinance
FLRY3.SA,526,1,2023-04-04,11.100336520728996,11.374902904182896,11.03757882688588,11.09249210357666,3537555,yfinance
VALE3.SA,5603,6,2023-04-05,59.208183768490294,59.215800595757315,57.79937284080941,58.55327606201172,25382600,yfinance
KFOF11.SA,1774,2,2023-04-05,56.7891380562549,56.7891380562549,55.71336352137249,55.98413848876953,6289,yfinance
SAPR11.SA,4356,5,2023-04-05,16.06981056453165,16.339324951171875,15.918208320438412,16.339324951171875,1564300,yfinance
FLRY3.SA,527,1,2023-04-05,11.210161446111966,11.304299151517679,10.810078947532444,11.123868942260742,3488730,yfinance
PETR3.SA,3021,3,2023-04-05,16.12658189205694,16.315749822926612,15.659572576133852,16.197519302368164,16004500,yfinance
SAPR11.SA,4357,5,2023-04-06,16.2550992378483,16.533036114551578,15.909783773048233,15.97716236114502,1378400,yfinance
KFOF11.SA,1775,2,2023-04-06,56.774485496130055,56.78911941073368,55.6255305747724,55.720664978027344,7694,yfinance
PETR3.SA,3022,3,2023-04-06,16.185696943031836,16.238900567548434,15.955148655146488,16.008352279663086,6967800,yfinance
VALE3.SA,5604,6,2023-04-06,58.38573990542144,59.01780293119847,58.08874755546584,58.44666290283203,13976800,yfinance
FLRY3.SA,528,1,2023-04-06,11.06895637512207,11.186627327674573,11.014042321281277,11.06895637512207,1323420,yfinance
SAPR11.SA,4358,5,2023-04-10,15.985586893810877,16.09507811724425,15.758183528002295,16.06138801574707,1135700,yfinance
FLRY3.SA,529,1,2023-04-10,11.14740366033626,11.194472512612457,10.817924051026939,10.927750587463379,1561875,yfinance
PETR3.SA,3023,3,2023-04-10,16.07929159790897,16.44580422057589,16.061556679703823,16.43398094177246,8275300,yfinance
VALE3.SA,5605,6,2023-04-10,58.446666738347666,59.59656369770214,58.40858840998299,59.5737190246582,13849000,yfinance
KFOF11.SA,1776,2,2023-04-10,55.70605269359425,55.70605269359425,54.674185438398275,54.88641357421875,12017,yfinance
PETR3.SA,3024,3,2023-04-11,16.794581710142776,17.190652498159537,16.546298512766153,17.155183792114258,18090400,yfinance
SAPR11.SA,4359,5,2023-04-11,16.170880839411428,16.170880839411428,15.303379917202795,15.497093200683594,3002100,yfinance
FLRY3.SA,530,1,2023-04-11,10.959129592751639,11.453349817329764,10.959129592751639,11.398436546325684,17139150,yfinance
VALE3.SA,5606,6,2023-04-11,61.30236047128834,63.16808216165727,60.96728980953265,62.718788146972656,34226000,yfinance
KFOF11.SA,1777,2,2023-04-11,54.89372893882091,55.52309354417208,54.37413826851178,54.44731903076172,15095,yfinance
KFOF11.SA,1778,2,2023-04-12,54.44731903076172,54.769315501328315,54.27168408469501,54.44731903076172,8021,yfinance
VALE3.SA,5607,6,2023-04-12,63.0157903977158,63.053868727973395,61.142451585804,61.37852096557617,32702000,yfinance
FLRY3.SA,531,1,2023-04-12,11.390591427313929,11.884810835862867,11.390591427313929,11.555331230163574,3796800,yfinance
PETR3.SA,3025,3,2023-04-12,17.29114848393374,17.379820814755632,16.930546394057533,17.167007446289062,16571100,yfinance
SAPR11.SA,4360,5,2023-04-12,15.699228913032758,16.002433428901966,15.47182713256346,15.968743324279785,2225200,yfinance
PETR3.SA,3026,3,2023-04-13,17.27341604705555,17.42711530206385,17.208390263131673,17.368000030517578,9817100,yfinance
KFOF11.SA,1779,2,2023-04-13,54.43267913779737,54.43267913779737,54.176543680093026,54.37413787841797,12222,yfinance
VALE3.SA,5608,6,2023-04-13,60.92161663325029,61.47752894140147,60.137251748687284,60.5484733581543,21361900,yfinance
FLRY3.SA,532,1,2023-04-13,11.58671039389928,11.657313283124726,11.390592129985697,11.398436546325684,2055165,yfinance
SAPR11.SA,4361,5,2023-04-13,16.078233802309832,16.482505400182564,15.968742573865637,16.41512680053711,1505700,yfinance
VALE3.SA,5609,6,2023-04-14,60.23624146902976,60.769309049072085,59.39857048317758,60.01539993286133,22693200,yfinance
KFOF11.SA,1780,2,2023-04-14,54.32289758457932,54.80589496124654,54.271670505488366,54.55707931518555,13774,yfinance
SAPR11.SA,4362,5,2023-04-14,16.591993281864223,16.591993281864223,16.061385511056425,16.095075607299805,1276300,yfinance
PETR3.SA,3027,3,2023-04-14,17.3266183171563,17.634016803017307,17.279326329141522,17.62810516357422,8774000,yfinance
FLRY3.SA,533,1,2023-04-14,11.34352184213978,11.531796451467468,11.1395584021143,11.429814338684082,2317350,yfinance
FLRY3.SA,534,1,2023-04-17,11.445506080036562,11.602401486017218,11.257231435751487,11.406282424926758,1573110,yfinance
PETR3.SA,3028,3,2023-04-17,17.57490223681427,17.82909710535197,17.551256805629123,17.7049560546875,10787100,yfinance
SAPR11.SA,4363,5,2023-04-17,16.09507937616923,16.09507937616923,15.682385239143427,16.044544219970703,3602100,yfinance
KFOF11.SA,1781,2,2023-04-17,54.57172226414295,56.123179975812015,54.57172226414295,55.142539978027344,7874,yfinance
VALE3.SA,5610,6,2023-04-17,60.525619810815286,61.256678406077086,58.97972913496574,59.2995719909668,21479200,yfinance
SAPR11.SA,4364,5,2023-04-18,16.10350033713557,16.13718883156122,15.800295855142576,15.825563430786133,926500,yfinance
FLRY3.SA,535,1,2023-04-18,11.53179689988432,11.602399782934953,11.312143049537172,11.319988250732422,2829855,yfinance
PETR3.SA,3029,3,2023-04-18,17.75815852558341,18.290193659129763,17.62810471619592,18.15422821044922,15977600,yfinance
KFOF11.SA,1782,2,2023-04-18,55.47186190970728,56.26954164457839,55.149859882174965,56.18904113769531,16604,yfinance
VALE3.SA,5611,6,2023-04-18,60.00016777014818,60.106780116499465,59.13965217175931,59.80978775024414,15193400,yfinance
KFOF11.SA,1783,2,2023-04-19,56.18903885971851,56.56226795983306,55.68408217034786,56.32076644897461,5597,yfinance
SAPR11.SA,4365,5,2023-04-19,15.79187413648447,15.88452031214358,15.62342683645563,15.690805435180664,1283800,yfinance
PETR3.SA,3030,3,2023-04-19,18.035995395994437,18.065552459339642,17.52760578824314,17.57489776611328,18339300,yfinance
VALE3.SA,5612,6,2023-04-19,58.86550493848083,59.109191133465515,57.12923426303563,58.0659065246582,31128000,yfinance
FLRY3.SA,536,1,2023-04-19,11.218007086856579,11.280765559584077,10.959129565167734,10.97481918334961,3120495,yfinance
FLRY3.SA,537,1,2023-04-20,10.998352534412206,11.170937538146973,10.864992752006746,11.170937538146973,1733970,yfinance
KFOF11.SA,1784,2,2023-04-20,56.320764421852594,57.067222595214844,55.63285308234884,57.067222595214844,14572,yfinance
PETR3.SA,3031,3,2023-04-20,17.6399284424604,17.82318475507641,17.37982194461416,17.62810516357422,7714700,yfinance
SAPR11.SA,4366,5,2023-04-20,15.69080620215897,15.833985932252462,15.623427600140422,15.817142486572266,657300,yfinance
VALE3.SA,5613,6,2023-04-20,57.799374352995315,58.22582373211539,56.75608976771994,56.8550910949707,31112800,yfinance
FLRY3.SA,538,1,2023-04-24,11.053267275097426,11.437660171187645,11.053267275097426,11.21800708770752,2223690,yfinance
VALE3.SA,5614,6,2023-04-24,54.981755375739006,55.24067526142064,54.517227595198456,54.79899215698242,29754000,yfinance
PETR3.SA,3032,3,2023-04-24,17.586725716784812,17.959150000556473,17.515787167360216,17.900035858154297,13865600,yfinance
SAPR11.SA,4367,5,2023-04-24,15.817141484006777,15.87609755623202,15.665539237466163,15.766606330871582,998300,yfinance
KFOF11.SA,1785,2,2023-04-24,57.06722967908532,57.97468338320239,56.576906863822465,57.44777297973633,39406,yfinance
KFOF11.SA,1786,2,2023-04-25,57.57217376192676,57.57217376192676,55.80117391028241,56.79644775390625,5486,yfinance
FLRY3.SA,539,1,2023-04-25,11.225850784712511,11.225850784712511,10.98266368231112,11.1317138671875,1862385,yfinance
VALE3.SA,5615,6,2023-04-25,54.2202258603165,54.2202258603165,53.085562599534335,53.30640411376953,31799200,yfinance
PETR3.SA,3033,3,2023-04-25,17.91185656370255,18.0655558021027,17.604459214432154,17.805450439453125,15626100,yfinance
SAPR11.SA,4368,5,2023-04-25,15.758183203767969,15.80029582977295,15.623426013416882,15.80029582977295,834100,yfinance
PETR3.SA,3034,3,2023-04-26,17.76406763253187,17.870474876332242,17.539430994809827,17.551254272460938,20280800,yfinance
KFOF11.SA,1787,2,2023-04-26,56.70864048910254,56.70864048910254,56.29150397259997,56.67936706542969,7603,yfinance
SAPR11.SA,4369,5,2023-04-26,15.758183504237486,15.977164344341531,15.67396146348647,15.783451080322266,579500,yfinance
VALE3.SA,5616,6,2023-04-26,54.067924686244254,54.39537854702322,53.51201248168945,53.51201248168945,25907200,yfinance
FLRY3.SA,540,1,2023-04-26,11.1317138671875,11.272919636245687,11.029732533844296,11.1317138671875,1476720,yfinance
FLRY3.SA,541,1,2023-04-27,11.139561005192936,11.210163116455078,11.061112905665874,11.210163116455078,1370040,yfinance
KFOF11.SA,1788,2,2023-04-27,57.345319251693304,57.352639002725304,55.786547281924484,56.020729064941406,13723,yfinance
VALE3.SA,5617,6,2023-04-27,53.07794371358306,54.66190676877304,52.68195585475394,54.64667892456055,31717800,yfinance
PETR3.SA,3035,3,2023-04-27,17.628106042151902,17.79362857221816,16.98966360836775,17.084247589111328,29553800,yfinance
SAPR11.SA,4370,5,2023-04-27,15.766607147142267,15.926631927490234,15.741341175699082,15.926631927490234,537700,yfinance
FLRY3.SA,542,1,2023-04-28,11.18662737916952,11.390591621398926,11.084645258054818,11.390591621398926,5399940,yfinance
VALE3.SA,5618,6,2023-04-28,54.547674815795176,55.14927630534863,54.11360865370426,55.13404846191406,33277500,yfinance
SAPR11.SA,4371,5,2023-04-28,15.89294310500136,16.010855253144534,15.682384779641383,15.918209075927734,724200,yfinance
KFOF11.SA,1789,2,2023-04-28,56.52569177609781,57.594146728515625,56.23296309164499,57.594146728515625,14311,yfinance
PETR3.SA,3036,3,2023-04-28,17.511957416688574,17.827724932791877,17.018570202246448,17.544849395751953,34127900,yfinance
SAPR11.SA,4372,5,2023-05-02,15.89294380174509,16.086657084024814,15.791875094311152,15.968743324279785,1588200,yfinance
FLRY3.SA,543,1,2023-05-02,11.374900753029591,11.523951720609627,11.17878250589514,11.359211921691895,5336520,yfinance
VALE3.SA,5619,6,2023-05-02,54.29638508698522,54.52483762947873,52.78857274280413,52.95610809326172,37367900,yfinance
PETR3.SA,3037,3,2023-05-02,17.433015606573555,17.505379469101534,16.66333147111225,16.762008666992188,22026800,yfinance
KFOF11.SA,1790,2,2023-05-02,57.40941880145424,59.99542875894414,57.40941880145424,58.12611389160156,11010,yfinance
PETR3.SA,3038,3,2023-05-03,16.656751230767853,16.93962675204724,16.584387375161917,16.66990852355957,13186900,yfinance
SAPR11.SA,4373,5,2023-05-03,16.002432269380005,16.263524135553002,15.943476196995698,16.06981086730957,1396300,yfinance
KFOF11.SA,1791,2,2023-05-03,58.29605427300213,59.2270194377328,57.31336913451166,57.41680908203125,8756,yfinance
VALE3.SA,5620,6,2023-05-03,53.26071830466052,53.36733065516961,52.438275192215514,52.54488754272461,19958300,yfinance
FLRY3.SA,544,1,2023-05-03,11.429815252364516,11.665157943681061,11.25723024547975,11.351367950439453,11921385,yfinance
FLRY3.SA,545,1,2023-05-04,11.414125970070367,11.508262892253237,11.163092868347082,11.461194038391113,4377975,yfinance
PETR3.SA,3039,3,2023-05-04,16.854105700639938,17.176451823403063,16.61727946565135,16.913311004638672,11043100,yfinance
VALE3.SA,5621,6,2023-05-04,52.5829644660432,52.796189161359536,50.80100443673046,50.91523361206055,35996200,yfinance
SAPR11.SA,4374,5,2023-05-04,16.145612722244458,16.42354965209961,16.095079173116037,16.42354965209961,1117300,yfinance
KFOF11.SA,1792,2,2023-05-04,58.34038165580551,58.34038165580551,56.98088203773962,57.12126159667969,5901,yfinance
VALE3.SA,5622,6,2023-05-05,51.54729693717069,52.73526642267486,51.1969983916999,52.575347900390625,27107300,yfinance
KFOF11.SA,1793,2,2023-05-05,57.26165956308754,59.662954964120246,57.076944532238876,59.24919509887695,12464,yfinance
FLRY3.SA,546,1,2023-05-05,11.508263207061391,12.402565956115723,11.367058212695119,12.402565956115723,5010180,yfinance
PETR3.SA,3040,3,2023-05-05,17.104085271509895,17.663257540951207,17.031721432303307,17.62378692626953,10892400,yfinance
SAPR11.SA,4375,5,2023-05-05,16.42354794221383,16.499349061230948,16.221412160312315,16.322479248046875,1056000,yfinance
FLRY3.SA,547,1,2023-05-08,12.402565973831791,12.488858482292121,12.112309211639522,12.441789627075195,2854005,yfinance
VALE3.SA,5623,6,2023-05-08,53.83947197400508,54.18977635375261,53.192181012183795,53.283565521240234,24917600,yfinance
PETR3.SA,3041,3,2023-05-08,17.893509562541052,18.084285293438953,17.748781847982098,17.913244247436523,8232300,yfinance
SAPR11.SA,4376,5,2023-05-08,16.373014526933236,16.507771715925905,16.24667986305666,16.431970596313477,1190200,yfinance
KFOF11.SA,1794,2,2023-05-08,59.323074796611195,60.14320991283132,59.07185944535441,59.92893981933594,11960,yfinance
FLRY3.SA,548,1,2023-05-09,12.292739936060922,12.928165972684399,12.245671078908336,12.732046127319336,3715950,yfinance
VALE3.SA,5624,6,2023-05-09,52.925645028643956,53.84708361900056,52.301198801710676,53.83185577392578,18717400,yfinance
SAPR11.SA,4377,5,2023-05-09,16.431970922592644,16.558305588977763,16.271946155074186,16.440393447875977,1082500,yfinance
KFOF11.SA,1795,2,2023-05-09,59.99542801867888,61.30321333779499,59.12357301828624,60.431358337402344,14170,yfinance
PETR3.SA,3042,3,2023-05-09,17.867193279952737,18.163226072763354,17.761937454675273,18.0513916015625,8120900,yfinance
KFOF11.SA,1796,2,2023-05-10,59.48560842092556,62.064227732881044,59.48560842092556,61.40664291381836,10233,yfinance
SAPR11.SA,4378,5,2023-05-10,16.33090244878012,16.61726188659668,16.179300204473414,16.61726188659668,831800,yfinance
VALE3.SA,5625,6,2023-05-10,53.984159399288274,54.113616421843574,52.308817504036455,52.819034576416016,24792600,yfinance
FLRY3.SA,549,1,2023-05-10,12.724201977728013,12.857561770373746,12.575150995587805,12.826183319091797,2547300,yfinance
PETR3.SA,3043,3,2023-05-10,17.972449355974227,18.2619035068998,17.827722907885658,18.08428382873535,9515100,yfinance
KFOF11.SA,1797,2,2023-05-11,61.399264735710716,63.0838646300265,61.16282976171998,62.2859001159668,44363,yfinance
VALE3.SA,5626,6,2023-05-11,51.78336446528558,52.00420598152115,51.29599208805433,51.79098129272461,27709000,yfinance
FLRY3.SA,550,1,2023-05-11,12.78695942653445,13.045836161628884,12.637909232725011,12.9124755859375,2445240,yfinance
PETR3.SA,3044,3,2023-05-11,17.873770927272865,18.715818737195967,17.650101997367486,18.518463134765625,20295300,yfinance
SAPR11.SA,4379,5,2023-05-11,16.56672991781413,16.718332176553577,16.474083736043884,16.608840942382812,1285200,yfinance
KFOF11.SA,1798,2,2023-05-12,63.024758590077916,63.024758590077916,61.768693241023115,62.30806350708008,19776,yfinance
FLRY3.SA,551,1,2023-05-12,12.747735268950208,13.092905304059228,12.669287962175288,13.045836448669434,2612190,yfinance
PETR3.SA,3045,3,2023-05-12,18.446101473663976,19.617072837210763,18.446101473663976,19.169734954833984,20210400,yfinance
SAPR11.SA,4380,5,2023-05-12,16.600415036539502,17.375269618453657,16.48250290660657,17.173133850097656,2415200,yfinance
VALE3.SA,5627,6,2023-05-12,51.70721022240859,52.21742723848745,51.334067041538326,51.84428405761719,17578100,yfinance
VALE3.SA,5628,6,2023-05-15,52.77334517876939,53.40540244531633,52.48396382282191,52.590576171875,21020000,yfinance
KFOF11.SA,1799,2,2023-05-15,62.079011017883644,62.84004150762863,61.03722141127456,61.96079635620117,15275,yfinance
FLRY3.SA,552,1,2023-05-15,13.124282598650218,13.124282598650218,12.896783557372428,13.006610870361328,2474010,yfinance
PETR3.SA,3046,3,2023-05-15,18.893440960262794,19.05132472121362,18.58425208524433,18.788185119628906,18048800,yfinance
SAPR11.SA,4381,5,2023-05-15,17.15629347946328,17.686899765600973,17.0046912244432,17.64478874206543,1400700,yfinance
FLRY3.SA,553,1,2023-05-16,13.045835894576248,13.10859358022241,12.653597806278288,12.71635627746582,4598265,yfinance
SAPR11.SA,4382,5,2023-05-16,17.75427529455532,17.846921458019224,17.543717000451757,17.729007720947266,1967400,yfinance
VALE3.SA,5629,6,2023-05-16,52.54488405327943,52.69718574105328,51.47875480905159,51.50921630859375,23990300,yfinance
PETR3.SA,3047,3,2023-05-16,18.788181100228062,19.728906072546874,18.788181100228062,19.209205627441406,31615500,yfinance
KFOF11.SA,1800,2,2023-05-16,61.54703518028439,62.64054473337432,61.406649988001696,62.01990509033203,21522,yfinance
PETR3.SA,3048,3,2023-05-17,19.426297019572978,19.498659614446506,18.95264455622714,19.09079360961914,24810700,yfinance
FLRY3.SA,554,1,2023-05-17,12.739889632787065,12.904629432567244,12.520236566413494,12.708510398864746,5490765,yfinance
SAPR11.SA,4383,5,2023-05-17,17.644787285843325,17.804810447217758,17.459494942140907,17.49318504333496,1235500,yfinance
VALE3.SA,5630,6,2023-05-17,52.63627571521588,53.48917457872022,52.4002005141207,53.21502685546875,30913100,yfinance
KFOF11.SA,1801,2,2023-05-17,62.396706475627944,65.23393097616626,61.98294680063284,62.84002685546875,28616,yfinance
PETR3.SA,3049,3,2023-05-18,19.031588849450674,19.196051247037012,18.801341241880102,19.176315307617188,22533900,yfinance
KFOF11.SA,1802,2,2023-05-18,62.854828001953265,64.31038328977662,62.08641282736943,62.108577728271484,20325,yfinance
FLRY3.SA,555,1,2023-05-18,12.708511660147224,13.100749766480698,12.590840699572025,13.02230167388916,4108020,yfinance
SAPR11.SA,4384,5,2023-05-18,17.45107424752193,17.787968869074152,17.375273118315942,17.712167739868164,1170000,yfinance
VALE3.SA,5631,6,2023-05-18,53.21501918906852,53.55008987142356,52.63626813219319,53.291175842285156,23710600,yfinance
VALE3.SA,5632,6,2023-05-19,53.687172828111095,53.77094051292162,52.643888087249586,52.704811096191406,33892200,yfinance
KFOF11.SA,1803,2,2023-05-19,62.78832701656009,63.844897071259105,62.24895672134118,63.57890701293945,28771,yfinance
SAPR11.SA,4385,5,2023-05-19,17.737430164254317,17.830076327293945,17.52687187111501,17.67005157470703,1132000,yfinance
FLRY3.SA,556,1,2023-05-19,13.045836226447923,13.492988381180716,12.943854100944558,13.17135238647461,4503660,yfinance
PETR3.SA,3050,3,2023-05-19,19.406561344211234,19.45261061104792,19.18947104716084,19.268413543701172,13250200,yfinance
VALE3.SA,5633,6,2023-05-22,52.087974491147186,52.46873453010303,51.60821312370306,51.85951614379883,18936200,yfinance
FLRY3.SA,557,1,2023-05-22,13.132127971010485,13.48514161052197,13.124283555138797,13.210576057434082,4231710,yfinance
PETR3.SA,3051,3,2023-05-22,19.26183167694316,19.459186003171276,18.913171028875407,18.97895622253418,10456900,yfinance
KFOF11.SA,1804,2,2023-05-22,64.12566793764381,64.12566793764381,62.56667269556146,63.56413269042969,18535,yfinance
SAPR11.SA,4386,5,2023-05-22,17.67005473829007,17.69532231630623,17.46791893345854,17.653209686279297,1197900,yfinance
VALE3.SA,5634,6,2023-05-23,51.40260208098162,51.54729274601896,50.64869887724285,50.686771392822266,39413300,yfinance
PETR3.SA,3052,3,2023-05-23,19.077639644146394,19.557869582324894,18.99211974265858,19.373672485351562,10496500,yfinance
SAPR11.SA,4387,5,2023-05-23,17.46791689271141,17.72058782405614,17.341582230255245,17.535295486450195,1358900,yfinance
FLRY3.SA,558,1,2023-05-23,13.218419982005093,13.234108813165347,12.739889422001818,12.834026336669922,4125765,yfinance
KFOF11.SA,1805,2,2023-05-23,63.992656635413105,64.1773716111216,62.803091740886146,63.24640655517578,13223,yfinance
FLRY3.SA,559,1,2023-05-24,12.794804036855416,12.920320198161914,12.677133077497611,12.84971809387207,4262685,yfinance
KFOF11.SA,1806,2,2023-05-24,63.24639796646845,63.8448782396883,62.995188339404336,63.76360321044922,9786,yfinance
SAPR11.SA,4388,5,2023-05-24,17.4847631696228,17.838501213180553,17.467918118398025,17.51003074645996,848500,yfinance
VALE3.SA,5635,6,2023-05-24,50.09279072144847,50.09279072144847,49.361732130331475,49.53688430786133,33304700,yfinance
PETR3.SA,3053,3,2023-05-24,19.2749926266482,19.69601722056902,19.215786062733528,19.584182739257812,7177400,yfinance
VALE3.SA,5636,6,2023-05-25,50.108026306039015,50.108026306039015,49.33127252873992,49.384578704833984,36934900,yfinance
PETR3.SA,3054,3,2023-05-25,19.728905334009728,19.728905334009728,19.288146141616785,19.439451217651367,10559200,yfinance
KFOF11.SA,1807,2,2023-05-25,63.91139602661133,63.91139602661133,63.54935617084754,63.91139602661133,6642,yfinance
FLRY3.SA,560,1,2023-05-25,13.116437168236386,13.218419278599047,12.896783331644402,13.092903137207031,3817800,yfinance
SAPR11.SA,4389,5,2023-05-25,17.51844940103139,17.838498907199323,17.459493335798427,17.7205867767334,863100,yfinance
KFOF11.SA,1808,2,2023-05-26,63.91140566492927,63.97051583231047,61.50271989617596,62.433685302734375,29530,yfinance
PETR3.SA,3055,3,2023-05-26,19.656543685317942,19.768378157206648,19.45918932539595,19.76180076599121,9729700,yfinance
SAPR11.SA,4390,5,2023-05-26,17.830079092644624,17.8469241442521,17.38369486364184,17.577409744262695,1075000,yfinance
FLRY3.SA,561,1,2023-05-26,13.23410926893924,13.257644087572777,12.857560811757434,12.9281644821167,3297735,yfinance
VALE3.SA,5637,6,2023-05-26,50.831468068345025,51.052309600591,50.19179395558076,50.51163101196289,38181700,yfinance
VALE3.SA,5638,6,2023-05-29,51.28075811322098,51.5549057999452,50.06232717774498,50.13086700439453,17320700,yfinance
FLRY3.SA,562,1,2023-05-29,12.943854993221375,12.951700195630881,12.575151689593682,12.630064964294434,2909445,yfinance
SAPR11.SA,4391,5,2023-05-29,17.5689868350639,17.787967681884766,17.39211700991022,17.787967681884766,562800,yfinance
PETR3.SA,3056,3,2023-05-29,19.65654116865359,19.761798235850595,19.478922769363987,19.63680648803711,3604000,yfinance
KFOF11.SA,1809,2,2023-05-29,62.80308861808222,63.43111837685235,61.842568537337236,61.99773406982422,9174,yfinance
SAPR11.SA,4392,5,2023-05-30,17.754276238953594,17.813232307409457,17.316314578378055,17.47633934020996,827500,yfinance
KFOF11.SA,1810,2,2023-05-30,62.83266130328087,63.08387102239009,62.079020871843205,62.72922134399414,9535,yfinance
VALE3.SA,5639,6,2023-05-30,50.50401366003231,50.50401366003231,48.63828880225249,48.95051193237305,39920700,yfinance
FLRY3.SA,563,1,2023-05-30,12.71635577267855,12.818337105997992,12.402565000279843,12.504547119140625,4222260,yfinance
PETR3.SA,3057,3,2023-05-30,19.597337712640208,19.702593534974593,19.321040865325344,19.45261001586914,17077200,yfinance
VALE3.SA,5640,6,2023-05-31,48.95051811373574,49.399818058294386,48.36414720410397,48.59260559082031,103408900,yfinance
SAPR11.SA,4393,5,2023-05-31,17.46791756838322,17.493185144424782,17.05522346496582,17.05522346496582,2718800,yfinance
KFOF11.SA,1811,2,2023-05-31,62.65530819629305,64.2660226547045,62.625753130251724,63.31289291381836,26538,yfinance
PETR3.SA,3058,3,2023-05-31,19.21578598022461,19.45919088135629,19.038167543991786,19.21578598022461,18194000,yfinance
FLRY3.SA,564,1,2023-05-31,12.496702571716593,12.496702571716593,12.167222950443982,12.229981422424316,6081075,yfinance
PETR3.SA,3059,3,2023-06-01,19.281568621247214,19.834162305283325,19.242098002315593,19.77495574951172,13359200,yfinance
KFOF11.SA,1812,2,2023-06-01,63.64833861464457,65.22109929253074,62.44081450048458,63.35763931274414,10068,yfinance
SAPR11.SA,4394,5,2023-06-01,17.02153415862458,17.248937534322877,16.861510988850984,17.18998146057129,1193000,yfinance
FLRY3.SA,565,1,2023-06-01,12.300585072912115,12.48885892943789,12.214292561362207,12.433945655822754,3554880,yfinance
VALE3.SA,5641,6,2023-06-01,49.453115897780215,50.085173149182694,48.85151433685979,49.62065124511719,51982400,yfinance
SAPR11.SA,4395,5,2023-06-02,17.518453450888835,18.023793794102154,17.299474188381307,17.678478240966797,1559000,yfinance
KFOF11.SA,1813,2,2023-06-02,63.73778695936633,64.36390678504267,62.79114610176655,62.84332275390625,11671,yfinance
VALE3.SA,5642,6,2023-06-02,51.78337169366713,51.935673404085136,51.303616076906366,51.7376823425293,39185700,yfinance
FLRY3.SA,566,1,2023-06-02,12.51239353013512,12.849718368135171,12.229981964782388,12.31627368927002,5655930,yfinance
PETR3.SA,3060,3,2023-06-02,20.176247912338674,20.222297185017126,19.88679372796879,20.01178550720215,10518400,yfinance
KFOF11.SA,1814,2,2023-06-05,62.917869430555285,64.09557188960295,62.917869430555285,63.95395278930664,14354,yfinance
VALE3.SA,5643,6,2023-06-05,52.14128200383321,52.148898831590415,50.74008200330834,51.311222076416016,21478500,yfinance
FLRY3.SA,567,1,2023-06-05,12.26920409532093,12.28489292652236,11.994636980634821,12.088774681091309,5684175,yfinance
PETR3.SA,3061,3,2023-06-05,20.156508745528686,20.367020389646733,19.992046366717915,20.13677406311035,8046600,yfinance
SAPR11.SA,4396,5,2023-06-05,17.560563588715752,17.686898254964724,17.25735910457226,17.442649841308594,836700,yfinance
PETR3.SA,3062,3,2023-06-06,20.123614440588078,20.63673745474799,19.945994790907925,20.54463768005371,17378600,yfinance
SAPR11.SA,4397,5,2023-06-06,17.442650581726323,17.83007872862576,17.43422966252705,17.796388626098633,738100,yfinance
FLRY3.SA,568,1,2023-06-06,12.112308267310384,12.308428089319836,12.033860966939676,12.198600769042969,4260375,yfinance
KFOF11.SA,1815,2,2023-06-06,64.25208388760812,64.25208388760812,63.126558398537576,63.35017013549805,13329,yfinance
VALE3.SA,5644,6,2023-06-06,51.63106345201697,52.08035750787171,51.32645425977561,51.478755950927734,31884200,yfinance
SAPR11.SA,4398,5,2023-06-07,17.79638762138998,17.998525012275913,17.67005295691058,17.762699127197266,995600,yfinance
KFOF11.SA,1816,2,2023-06-07,63.44708794603199,65.53415972797345,63.342734641276344,65.10929107666016,10772,yfinance
PETR3.SA,3063,3,2023-06-07,20.95250882602169,21.21564840019064,20.80778111916742,21.182756423950195,20698700,yfinance
VALE3.SA,5645,6,2023-06-07,51.478760411816516,52.3012035591558,51.32645870746669,52.29358673095703,27377500,yfinance
FLRY3.SA,569,1,2023-06-07,12.551616248308495,12.677132402936166,12.339807590085295,12.496702194213867,3548895,yfinance
VALE3.SA,5646,6,2023-06-09,53.05509976875184,53.154101092267254,51.973742706818975,52.05751037597656,30056800,yfinance
FLRY3.SA,570,1,2023-06-09,12.535924587958862,12.684975546689879,12.402564030716666,12.465322494506836,3289755,yfinance
PETR3.SA,3064,3,2023-06-09,21.31432717567379,22.22873768091064,21.24196332110161,22.202423095703125,18802700,yfinance
KFOF11.SA,1817,2,2023-06-09,64.1253808433354,66.30935606252024,64.02848297628556,65.59378814697266,8552,yfinance
SAPR11.SA,4399,5,2023-06-09,17.813232095196195,17.939566755586906,17.695319959689183,17.8048095703125,739400,yfinance
FLRY3.SA,571,1,2023-06-12,12.512393516377523,12.826183533225553,12.512393516377523,12.80264949798584,3516240,yfinance
VALE3.SA,5647,6,2023-06-12,51.63106556394632,51.63106556394632,50.79338879853379,51.11323165893555,26651200,yfinance
PETR3.SA,3065,3,2023-06-12,22.202424528592484,22.63660517454952,22.084011397013555,22.485300064086914,23844900,yfinance
SAPR11.SA,4400,5,2023-06-12,17.804810966448066,18.268040232780532,17.712166398327568,18.17539405822754,1624500,yfinance
KFOF11.SA,1818,2,2023-06-12,65.59379084780686,67.0771033894396,64.2595528288241,65.72050476074219,36720,yfinance
SAPR11.SA,4401,5,2023-06-13,18.192236426593634,18.326993602562812,17.59425005260219,17.602672576904297,1547500,yfinance
VALE3.SA,5648,6,2023-06-13,52.01182313860023,52.21743100126084,51.48637243078066,51.653907775878906,34288100,yfinance
FLRY3.SA,572,1,2023-06-13,13.179197429527747,13.245093353832075,12.396682739257812,12.396682739257812,5276200,yfinance
PETR3.SA,3066,3,2023-06-13,22.829039922364306,22.829039922364306,22.27885933761912,22.494752883911133,24903100,yfinance
KFOF11.SA,1819,2,2023-06-13,66.5180757198207,66.5180757198207,64.49808548431238,65.10184478759766,11626,yfinance
PETR3.SA,3067,3,2023-06-14,22.613146270274797,23.462791442871094,22.529572523453872,23.462791442871094,35323000,yfinance
KFOF11.SA,1820,2,2023-06-14,65.35526108254776,66.0857398123749,64.85585523054225,65.02729034423828,13938,yfinance
FLRY3.SA,573,1,2023-06-14,12.429630485237409,13.113301277160645,12.421393298457282,13.113301277160645,6742500,yfinance
VALE3.SA,5649,6,2023-06-14,52.537271140334504,53.00941570351093,52.156511082593404,52.560115814208984,53775600,yfinance
SAPR11.SA,4402,5,2023-06-14,17.61109711476683,18.209083557128906,17.55214104434362,18.209083557128906,1359300,yfinance
FLRY3.SA,574,1,2023-06-15,13.1380124637188,13.451018501301277,12.940324688048202,13.170960426330566,4820300,yfinance
SAPR11.SA,4403,5,2023-06-15,18.116436975982474,18.14170455120638,17.83850007424909,17.872188568115234,960200,yfinance
KFOF11.SA,1821,2,2023-06-15,65.02730702341897,65.66833780172077,64.17011417458943,64.38627624511719,11961,yfinance
VALE3.SA,5650,6,2023-06-15,52.62103402601864,53.039872375368255,52.057510818660234,52.97133255004883,31874100,yfinance
PETR3.SA,3068,3,2023-06-15,23.434939001716014,23.957263027103348,23.031007146878004,23.114578247070312,19891200,yfinance
VALE3.SA,5651,6,2023-06-16,52.849491634059305,53.458704176593734,52.704800968111606,53.05509948730469,39953600,yfinance
PETR3.SA,3069,3,2023-06-16,23.06582543571618,23.448862476807466,22.87082533989016,23.253862380981445,20498000,yfinance
SAPR11.SA,4404,5,2023-06-16,17.914301646786964,18.15854845440216,17.77954445504773,17.990102767944336,658300,yfinance
FLRY3.SA,575,1,2023-06-16,13.121537104579392,13.286276109867151,12.890900611877441,12.890900611877441,7499400,yfinance
KFOF11.SA,1822,2,2023-06-16,64.61734779794463,66.33172777204811,64.61734779794463,65.13911437988281,8328,yfinance
SAPR11.SA,4405,5,2023-06-19,18.108014001721784,18.175392594215083,17.973256816735187,18.02379035949707,534400,yfinance
VALE3.SA,5652,6,2023-06-19,53.03987112643591,53.03987112643591,52.3011957694876,52.849491119384766,14894300,yfinance
KFOF11.SA,1823,2,2023-06-19,65.13911357951643,65.55652683993821,64.32664767093418,64.97512817382812,7622,yfinance
PETR3.SA,3070,3,2023-06-19,23.253865494012768,23.845834324653506,23.184223352373817,23.831905364990234,5688000,yfinance
FLRY3.SA,576,1,2023-06-19,12.890902107149083,12.973272404888737,12.775584632963222,12.833243370056152,1851100,yfinance
FLRY3.SA,577,1,2023-06-20,12.767346543825491,13.030930221098988,12.717924211566048,12.94856071472168,2567100,yfinance
SAPR11.SA,4406,5,2023-06-20,17.94798909129436,18.402795791625977,17.931145648136866,18.402795791625977,1041100,yfinance
KFOF11.SA,1824,2,2023-06-20,65.29563338119435,67.04728453970331,64.99747866155217,65.48197937011719,10370,yfinance
VALE3.SA,5653,6,2023-06-20,52.54488636479045,52.56011421026294,51.25791554971929,51.48637390136719,35748700,yfinance
PETR3.SA,3071,3,2023-06-20,23.734405602634936,23.957263646696326,23.30261581767323,23.89458465576172,20070700,yfinance
PETR3.SA,3072,3,2023-06-21,24.187082919645746,24.96708601185619,24.124403933693653,24.84869384765625,17000700,yfinance
FLRY3.SA,578,1,2023-06-21,12.84971683574412,13.072115367058302,12.767346543825491,12.94856071472168,2512500,yfinance
VALE3.SA,5654,6,2023-06-21,51.075152540157305,51.28076040943856,50.808621668890034,50.96854019165039,27336800,yfinance
KFOF11.SA,1825,2,2023-06-21,66.33170772725241,67.47214411659512,65.96647123026658,67.010009765625,7296,yfinance
SAPR11.SA,4407,5,2023-06-21,18.44490897505506,18.48702160397472,18.040637376021518,18.352264404296875,865300,yfinance
VALE3.SA,5655,6,2023-06-22,50.77054400647228,51.67675479061128,50.48878528597935,50.694393157958984,21394900,yfinance
KFOF11.SA,1826,2,2023-06-22,67.30817671107195,68.82875504941072,67.0994644165039,67.0994644165039,22131,yfinance
FLRY3.SA,579,1,2023-06-22,12.932085990905762,12.965033949670133,12.7179238661667,12.932085990905762,2532100,yfinance
SAPR11.SA,4408,5,2023-06-22,18.27646149720111,18.360683533965936,18.07432411095487,18.192237854003906,602100,yfinance
PETR3.SA,3073,3,2023-06-22,24.611903615190627,24.71636946355291,24.207971835311824,24.437795639038086,13677800,yfinance
FLRY3.SA,580,1,2023-06-23,12.948561746729261,13.475729928833175,12.948561746729261,13.286277770996094,3932200,yfinance
KFOF11.SA,1827,2,2023-06-23,67.60633600338578,68.59769822720936,67.06966422508275,68.56043243408203,19734,yfinance
PETR3.SA,3074,3,2023-06-23,24.24976312995967,24.28458420020733,23.274757222960996,23.609046936035156,11854700,yfinance
SAPR11.SA,4409,5,2023-06-23,18.35226100006175,18.663886364099916,18.124857665375142,18.419639587402344,1228900,yfinance
VALE3.SA,5656,6,2023-06-23,50.260324428707136,50.33647527342989,49.727262705710814,50.184173583984375,23510900,yfinance
VALE3.SA,5657,6,2023-06-26,49.925254548662316,50.48878359059989,49.74249135638,50.29078674316406,15030400,yfinance
FLRY3.SA,581,1,2023-06-26,13.319226674117449,13.376885412403396,12.890902373874985,12.989747047424316,2162000,yfinance
KFOF11.SA,1828,2,2023-06-26,68.56041873485889,69.98409913283288,68.23990340649381,68.6647720336914,13479,yfinance
SAPR11.SA,4410,5,2023-06-26,18.4449063197145,18.4449063197145,18.19223700830111,18.276460647583008,542700,yfinance
PETR3.SA,3075,3,2023-06-26,23.539397706817624,24.18707958685125,23.539397706817624,24.068687438964844,12866400,yfinance
VALE3.SA,5658,6,2023-06-27,50.94569738103639,51.23507293614408,50.603009839788825,50.892391204833984,22737400,yfinance
PETR3.SA,3076,3,2023-06-27,24.103511163174446,24.2497612408277,23.63690035683867,23.859758377075195,12744300,yfinance
FLRY3.SA,582,1,2023-06-27,13.047405871182988,13.170960535616963,12.734399831003335,12.84971809387207,2721200,yfinance
SAPR11.SA,4411,5,2023-06-27,18.37752726021402,18.503861912694134,17.838498552868327,17.93114471435547,1145900,yfinance
KFOF11.SA,1829,2,2023-06-27,69.48468737015709,69.96918803765752,67.5466903869832,68.51568603515625,12697,yfinance
PETR3.SA,3077,3,2023-06-28,23.880651755388424,24.319401962855263,23.831901732336554,24.033864974975586,10147400,yfinance
SAPR11.SA,4412,5,2023-06-28,18.17539255632879,18.38595085823549,18.040635371623097,18.24277114868164,864900,yfinance
KFOF11.SA,1830,2,2023-06-28,68.21008212278814,69.29834193183963,67.70322084449299,68.82129669189453,10796,yfinance
VALE3.SA,5659,6,2023-06-28,50.85431703296554,50.88477853756304,49.285587310791016,49.285587310791016,37628600,yfinance
FLRY3.SA,583,1,2023-06-28,12.84971839610165,13.08035414172235,12.800296057840791,12.84148120880127,2696700,yfinance
FLRY3.SA,584,1,2023-06-29,12.857953166376175,13.105063255243012,12.849716765662292,13.088589668273926,3212700,yfinance
PETR3.SA,3078,3,2023-06-29,24.13136931664815,24.3472615314897,24.019940305436556,24.298511505126953,11087400,yfinance
VALE3.SA,5660,6,2023-06-29,49.285582557645185,50.20702119558785,49.003818024745414,49.887184143066406,24841800,yfinance
SAPR11.SA,4413,5,2023-06-29,18.24277155263953,18.39437379039853,18.124859415019156,18.310150146484375,1121800,yfinance
KFOF11.SA,1831,2,2023-06-29,68.84366745906,68.84366745906,67.24854613630163,68.31444549560547,5954,yfinance
VALE3.SA,5661,6,2023-06-30,50.039482758236545,50.30601361891541,48.90481948852539,48.90481948852539,42992000,yfinance
FLRY3.SA,585,1,2023-06-30,13.170960186508305,13.434543882602997,13.162722999620001,13.220381736755371,4241700,yfinance
PETR3.SA,3079,3,2023-06-30,24.340299796078465,24.340299796078465,23.03100684569331,23.051898956298828,19972200,yfinance
KFOF11.SA,1832,2,2023-06-30,68.57534640083465,70.00648270001282,68.43372158304727,69.32818603515625,14599,yfinance
SAPR11.SA,4414,5,2023-06-30,18.38595106835526,18.63862039095793,18.38595106835526,18.411218643188477,1677800,yfinance
VALE3.SA,5662,6,2023-07-03,49.27796441794135,50.64108607875751,49.22465824394015,50.43547821044922,22738400,yfinance
SAPR11.SA,4415,5,2023-07-03,18.55233292558799,18.701665211925867,18.323942271455802,18.631389617919922,1057300,yfinance
FLRY3.SA,586,1,2023-07-03,13.335700810747932,13.483967032890293,13.096827103722402,13.42630672454834,3003800,yfinance
KFOF11.SA,1833,2,2023-07-03,69.3507631392024,72.44758708526108,69.3507631392024,69.90834045410156,13643,yfinance
PETR3.SA,3080,3,2023-07-03,23.267794726115074,23.56726072068831,23.26083157454061,23.44886589050293,10255400,yfinance
PETR3.SA,3081,3,2023-07-04,23.441900559016116,23.69957965014813,23.351363656902688,23.504579544067383,3080800,yfinance
FLRY3.SA,587,1,2023-07-04,13.467492534118295,13.59928438122582,13.212146026732807,13.343937873840332,2034300,yfinance
SAPR11.SA,4416,5,2023-07-04,18.631388794624527,18.631388794624527,18.39421537718434,18.44692039489746,495000,yfinance
KFOF11.SA,1834,2,2023-07-04,70.60156055927023,70.60156055927023,70.07412322157293,70.43579864501953,11638,yfinance
VALE3.SA,5663,6,2023-07-04,50.13847842920109,50.610622962381434,50.10802273926162,50.184173583984375,12573200,yfinance
KFOF11.SA,1835,2,2023-07-05,70.45084963341958,70.63168442927808,70.10424721275976,70.17205810546875,9624,yfinance
VALE3.SA,5664,6,2023-07-05,49.96333420186796,50.15371422677679,49.50642330407423,49.74249267578125,27363600,yfinance
FLRY3.SA,588,1,2023-07-05,13.302751969442006,13.681654709035557,13.179197308887733,13.5498628616333,3212900,yfinance
PETR3.SA,3082,3,2023-07-05,23.483688762239076,23.790117897214976,23.205114889222916,23.497617721557617,14131000,yfinance
SAPR11.SA,4417,5,2023-07-05,18.45570533276638,18.499625902780657,18.288804150879898,18.47327423095703,776100,yfinance
VALE3.SA,5665,6,2023-07-06,49.285583180641424,49.94810196781939,49.07235847626519,49.384578704833984,18579200,yfinance
KFOF11.SA,1836,2,2023-07-06,70.17207259423985,70.34537671466997,69.4035202416786,69.54668426513672,20729,yfinance
SAPR11.SA,4418,5,2023-07-06,18.376644442041925,18.473271693354842,18.236096626747933,18.35907554626465,714500,yfinance
FLRY3.SA,589,1,2023-07-06,13.492201457433504,13.500438643612203,13.212144982770823,13.294513702392578,3605600,yfinance
PETR3.SA,3083,3,2023-07-06,23.31654279832734,23.469758686868122,22.93350573365261,23.198150634765625,12623600,yfinance
SAPR11.SA,4419,5,2023-07-07,18.218529317033568,18.464488852941784,18.1306865059619,18.376646041870117,606100,yfinance
FLRY3.SA,590,1,2023-07-07,13.327463815246718,13.574573141644386,13.22038195501369,13.352173805236816,6091100,yfinance
KFOF11.SA,1837,2,2023-07-07,69.82546430965913,70.27002351732331,69.69737321963063,70.23988342285156,6570,yfinance
PETR3.SA,3084,3,2023-07-07,23.30261322327745,23.58815022648319,23.031005178359447,23.072792053222656,8279200,yfinance
VALE3.SA,5666,6,2023-07-07,49.10281937875639,49.9557181858473,48.973356544162336,49.84910583496094,57287600,yfinance
PETR3.SA,3085,3,2023-07-10,22.87082614306619,23.281721114184418,22.82903926820298,23.072792053222656,6997700,yfinance
VALE3.SA,5667,6,2023-07-10,49.11804695072176,49.64349768425827,48.98858992678699,49.08758544921875,36698500,yfinance
KFOF11.SA,1838,2,2023-07-10,70.23987957467175,70.23987957467175,69.84806411664042,70.07411193847656,3969,yfinance
SAPR11.SA,4420,5,2023-07-10,18.41178321838379,18.578684401458624,18.367862648056793,18.41178321838379,652800,yfinance
FLRY3.SA,591,1,2023-07-10,13.393359312086712,13.483966795373853,13.212145916595162,13.27804183959961,1453000,yfinance
KFOF11.SA,1839,2,2023-07-11,70.0741209483351,70.20974850914828,69.96109702288486,70.08165740966797,3893,yfinance
PETR3.SA,3086,3,2023-07-11,23.037970642268146,23.170291759012574,22.808146818963653,22.8917179107666,9533900,yfinance
FLRY3.SA,592,1,2023-07-11,13.179196783620629,13.220381145136368,12.825005618687594,13.055642127990723,3799500,yfinance
VALE3.SA,5668,6,2023-07-11,49.55973092559549,51.02946499319945,49.407423415259295,50.70201110839844,35550200,yfinance
SAPR11.SA,4421,5,2023-07-11,18.359076345796183,18.446919153045982,18.086765151237774,18.367860794067383,868600,yfinance
SAPR11.SA,4422,5,2023-07-12,18.446920630031226,18.50841009739069,18.1921766361565,18.297588348388672,604900,yfinance
FLRY3.SA,593,1,2023-07-12,13.113301562467024,13.187434674018352,12.734399603292422,12.80853271484375,3465000,yfinance
VALE3.SA,5669,6,2023-07-12,51.783366851084466,51.84428985352951,51.02184675033322,51.0599250793457,22864300,yfinance
PETR3.SA,3087,3,2023-07-12,22.89171702115324,23.35832780033034,22.808145932598013,22.82207489013672,12229800,yfinance
KFOF11.SA,1840,2,2023-07-12,69.92341584439855,70.33029271786577,69.84806273951556,70.06657409667969,5538,yfinance
PETR3.SA,3088,3,2023-07-13,22.842971385150047,23.2469032613175,22.829042424936254,23.1563663482666,9831700,yfinance
VALE3.SA,5670,6,2023-07-13,51.95089812124771,52.39258113936697,51.72243978499656,52.24789047241211,24187200,yfinance
KFOF11.SA,1841,2,2023-07-13,70.07411159931877,70.3152265920807,69.94602051692786,70.13439178466797,3920,yfinance
FLRY3.SA,594,1,2023-07-13,12.808532835200193,13.055642947512817,12.734399722952267,12.783822059631348,2089600,yfinance
SAPR11.SA,4423,5,2023-07-13,18.35907714456333,18.45570440428839,18.22731376568696,18.376646041870117,462500,yfinance
SAPR11.SA,4424,5,2023-07-14,18.315156677183797,18.35029279652776,18.10433493473318,18.13947105407715,636500,yfinance
FLRY3.SA,595,1,2023-07-14,12.742638385149554,12.83324509641873,12.479053868249391,12.610846519470215,2503100,yfinance
PETR3.SA,3089,3,2023-07-14,23.003148435085087,23.114577450393394,22.578324484010505,22.668861389160156,13967700,yfinance
VALE3.SA,5671,6,2023-07-14,52.689573490531366,52.76572433263613,51.98135962007699,52.24789047241211,20342500,yfinance
KFOF11.SA,1842,2,2023-07-14,70.2248016898271,71.56600985667279,70.11931424672967,71.50572967529297,6956,yfinance
FLRY3.SA,596,1,2023-07-17,12.462577153991296,12.77558314929366,12.462577153991296,12.709687232971191,2185700,yfinance
SAPR11.SA,4425,5,2023-07-17,18.130687042347322,18.306372669688212,18.016492557399367,18.209745407104492,608200,yfinance
VALE3.SA,5672,6,2023-07-17,52.03466439890453,52.03466439890453,51.044686048208426,51.669132232666016,15322300,yfinance
KFOF11.SA,1843,2,2023-07-17,71.58109958544388,71.58109958544388,70.48101179744079,71.56603240966797,8125,yfinance
PETR3.SA,3090,3,2023-07-17,22.285822272840118,22.759396208672133,21.8958207550002,22.675825119018555,13877200,yfinance
KFOF11.SA,1844,2,2023-07-18,71.56603325600905,72.78667571056366,71.35505255219712,72.65858459472656,14319,yfinance
SAPR11.SA,4426,5,2023-07-18,18.13068745679199,18.27123529169252,18.051629090227646,18.10433578491211,398900,yfinance
PETR3.SA,3091,3,2023-07-18,22.6410025538191,22.829039507660177,22.42511033978752,22.480823516845703,8430200,yfinance
FLRY3.SA,597,1,2023-07-18,12.619080894000799,12.792057886292461,12.569659345083956,12.635555267333984,1524600,yfinance
VALE3.SA,5673,6,2023-07-18,51.577757609799605,51.98897334053419,51.2350700876046,51.34168243408203,16950600,yfinance
VALE3.SA,5674,6,2023-07-19,51.39498893859274,51.76052113596939,50.99138422290711,51.20460891723633,14512600,yfinance
KFOF11.SA,1845,2,2023-07-19,72.93735932656165,73.81893550599787,72.86200621832809,73.45726013183594,7780,yfinance
SAPR11.SA,4427,5,2023-07-19,18.104336095184525,18.139472216780643,17.80567152203679,18.086767196655273,646300,yfinance
FLRY3.SA,598,1,2023-07-19,12.660267269812419,12.668504457278003,12.404920742710807,12.512001037597656,2457000,yfinance
PETR3.SA,3092,3,2023-07-19,22.390289878509392,22.703682153389284,22.285824015764597,22.606182098388672,11137300,yfinance
KFOF11.SA,1846,2,2023-07-20,73.44973579206686,73.44973579206686,72.73392144219274,73.17094421386719,4165,yfinance
FLRY3.SA,599,1,2023-07-20,12.635555651046683,12.635555651046683,12.421393504459802,12.487289428710938,1642100,yfinance
VALE3.SA,5675,6,2023-07-20,51.89759694038158,52.156510990418006,51.28837852509753,51.31884002685547,20992700,yfinance
PETR3.SA,3093,3,2023-07-20,22.6061825996539,22.877790660800255,22.452969362688723,22.780290603637695,12374600,yfinance
SAPR11.SA,4428,5,2023-07-20,18.077981331060602,18.174608589938778,17.946217953339065,18.11311912536621,291300,yfinance
SAPR11.SA,4429,5,2023-07-21,18.139469774469966,18.262450372154145,18.00770640416606,18.253665924072266,484000,yfinance
VALE3.SA,5676,6,2023-07-21,51.35691766645199,51.91282408873687,51.00661911584873,51.631065368652344,24852700,yfinance
PETR3.SA,3094,3,2023-07-21,22.86386359704892,23.323508605994043,22.7385056258205,23.198150634765625,16480100,yfinance
FLRY3.SA,600,1,2023-07-21,12.569659220380428,12.849717279935273,12.49552611219928,12.750872611999512,3214500,yfinance
KFOF11.SA,1847,2,2023-07-21,73.29902359888086,73.4798583984375,72.95242117113288,73.4798583984375,6515,yfinance
KFOF11.SA,1848,2,2023-07-24,73.47986742486763,73.53261115407726,70.86527884989331,71.27215576171875,20441,yfinance
SAPR11.SA,4430,5,2023-07-24,18.26245112209195,18.35907670403621,18.139470519357637,18.306371688842773,907000,yfinance
VALE3.SA,5677,6,2023-07-24,51.55490377548879,53.550088348315576,51.41021892035364,53.19217300415039,30616400,yfinance
PETR3.SA,3095,3,2023-07-24,23.260831784806644,23.70654787656959,23.260831784806644,23.67868995666504,13992100,yfinance
FLRY3.SA,601,1,2023-07-24,12.792058031351763,13.00622017386359,12.717924921594488,12.907376289367676,3278400,yfinance
SAPR11.SA,4431,5,2023-07-25,18.315156446358486,18.473273170069277,18.25366698168479,18.288803100585938,590100,yfinance
PETR3.SA,3096,3,2023-07-25,24.02690766823575,24.152265659908586,23.53940466247225,24.103515625,9578200,yfinance
VALE3.SA,5678,6,2023-07-25,54.6009838607931,55.33204820278957,54.54006667390736,54.837059020996094,31556700,yfinance
KFOF11.SA,1849,2,2023-07-25,71.87495279056746,71.93523298625891,70.07412362189564,71.12146759033203,16385,yfinance
FLRY3.SA,602,1,2023-07-25,13.138013327846384,13.31922752690081,13.014458656311035,13.014458656311035,2289700,yfinance
SAPR11.SA,4432,5,2023-07-26,18.29758811515837,18.44692039489746,18.139471386556707,18.44692039489746,592800,yfinance
KFOF11.SA,1850,2,2023-07-26,71.1214558399311,71.7091732792327,70.42071448954039,71.34750366210938,7656,yfinance
PETR3.SA,3097,3,2023-07-26,24.061721487925865,24.201008398533368,23.6926134329913,23.999042510986328,15795200,yfinance
FLRY3.SA,603,1,2023-07-26,13.063879398751702,13.343938260277692,13.047405810156876,13.195672035217285,3378600,yfinance
VALE3.SA,5679,6,2023-07-26,54.639062097485926,55.01982211210255,53.87754206825267,54.64667892456055,19066400,yfinance
FLRY3.SA,604,1,2023-07-27,13.220382062630893,13.343938297918289,12.956798360039002,13.03093147277832,1888100,yfinance
VALE3.SA,5680,6,2023-07-27,54.2202244777141,54.2506859764805,53.37493676924114,53.62623977661133,28254500,yfinance
KFOF11.SA,1851,2,2023-07-27,71.34751543807654,71.54341745108759,70.15700744222852,70.78993225097656,8904,yfinance
PETR3.SA,3098,3,2023-07-27,23.748329438378818,23.804045271944094,22.63403933384501,22.647968292236328,16105600,yfinance
SAPR11.SA,4433,5,2023-07-27,18.4205672831076,18.48205842592939,18.209745534105583,18.297588348388672,536600,yfinance
FLRY3.SA,605,1,2023-07-28,13.096827421932671,13.385122686316036,13.08859102036794,13.236856460571289,2080900,yfinance
SAPR11.SA,4434,5,2023-07-28,18.297588836821145,18.420567774822853,18.200961570984163,18.323942184448242,340100,yfinance
VALE3.SA,5681,6,2023-07-28,53.32163474357315,53.32163474357315,51.50160217285156,51.50160217285156,45938800,yfinance
PETR3.SA,3099,3,2023-07-28,22.77332676512529,23.107613803884238,22.63403983480642,23.031005859375,7999800,yfinance
KFOF11.SA,1852,2,2023-07-28,70.78992826323211,71.58108997823524,70.52620960777625,70.820068359375,11226,yfinance
SAPR11.SA,4435,5,2023-07-31,18.35029374974105,18.508410483658015,18.24488371077131,18.41178321838379,606200,yfinance
VALE3.SA,5682,6,2023-07-31,51.78336668527315,53.062720682836215,51.66152068077321,52.66673278808594,26065700,yfinance
PETR3.SA,3100,3,2023-07-31,23.33047101372644,24.256726809774936,23.33047101372644,24.2427978515625,17508000,yfinance
KFOF11.SA,1853,2,2023-07-31,71.20434131262057,73.52507677951914,71.20434131262057,73.45726013183594,16333,yfinance
FLRY3.SA,606,1,2023-07-31,13.393358654031891,13.50867612085311,13.212145267443884,13.269804000854492,2756200,yfinance
KFOF11.SA,1854,2,2023-08-01,73.45724368179938,75.73522317230679,72.99405405527342,74.45196533203125,13848,yfinance
PETR3.SA,3101,3,2023-08-01,24.173153853263013,24.180119660936242,23.232971724845786,23.734403610229492,19080800,yfinance
FLRY3.SA,607,1,2023-08-01,13.179197208925306,13.236855945341116,12.96503506575034,13.02269458770752,3287300,yfinance
SAPR11.SA,4436,5,2023-08-01,18.315155472795166,18.394213830448123,18.069195951712395,18.38542938232422,895700,yfinance
VALE3.SA,5683,6,2023-08-01,52.36973517367005,52.40019667512605,51.70721639929857,51.9356689453125,30015700,yfinance
VALE3.SA,5684,6,2023-08-02,51.58536700638579,51.60060066108221,50.94569294762288,51.09037780761719,29547300,yfinance
PETR3.SA,3102,3,2023-08-02,23.595118661865644,23.68565291580344,23.170294685145024,23.5672607421875,11669400,yfinance
FLRY3.SA,608,1,2023-08-02,12.9732719031782,13.055642197732377,12.767346952334101,13.006219863891602,2417400,yfinance
SAPR11.SA,4437,5,2023-08-02,18.385429965869367,18.385429965869367,18.016491510266356,18.17460823059082,763900,yfinance
KFOF11.SA,1855,2,2023-08-02,74.4899283250645,75.93264983048398,74.45196547607011,75.27203369140625,21411,yfinance
SAPR11.SA,4438,5,2023-08-03,18.350293109570224,18.420567024919247,18.121902465820312,18.121902465820312,449900,yfinance
VALE3.SA,5685,6,2023-08-03,50.9076150693088,51.699596632328436,50.6334673817275,51.410221099853516,35512300,yfinance
PETR3.SA,3103,3,2023-08-03,23.89458332707814,24.047796563427358,23.7204753237943,23.901546478271484,8498200,yfinance
KFOF11.SA,1856,2,2023-08-03,75.83397280807526,76.4566205786748,75.28725656204561,75.97824096679688,8150,yfinance
FLRY3.SA,609,1,2023-08-03,13.072116238981266,13.319226345678317,12.981509540260276,13.179197311401367,3015500,yfinance
VALE3.SA,5686,6,2023-08-04,51.17415168952025,52.03467317626205,51.14369599630498,51.448299407958984,22954300,yfinance
KFOF11.SA,1857,2,2023-08-04,76.19083913631997,77.44372936375811,76.19083913631997,77.3677978515625,25448,yfinance
FLRY3.SA,610,1,2023-08-04,13.21214613070472,13.401596716027314,13.030931161193758,13.129775047302246,3659800,yfinance
PETR3.SA,3104,3,2023-08-04,23.42100751704535,23.699578706544013,22.459930670083807,22.898683547973633,39809800,yfinance
SAPR11.SA,4439,5,2023-08-04,18.034059654061252,18.438134210940817,18.034059654061252,18.341506958007812,594900,yfinance
PETR3.SA,3105,3,2023-08-07,22.898685717396116,23.219043811175005,22.86386464749447,23.051898956298828,10236000,yfinance
KFOF11.SA,1858,2,2023-08-07,77.3677864205039,82.08320388754746,77.16277078854642,80.8758773803711,71892,yfinance
SAPR11.SA,4440,5,2023-08-07,18.341508167460585,18.359077064690936,18.157039772928663,18.244882583618164,608200,yfinance
FLRY3.SA,611,1,2023-08-07,13.13801220503974,13.187434540754992,12.808532585409319,12.923850059509277,2466700,yfinance
VALE3.SA,5687,6,2023-08-07,51.516830535694965,51.912818389882,50.93045686649473,51.707210540771484,23057700,yfinance
FLRY3.SA,612,1,2023-08-08,12.767348791527407,12.923851431075631,12.627319741938306,12.684978485107422,3031500,yfinance
SAPR11.SA,4441,5,2023-08-08,18.244881475990383,18.525977112761957,18.01649085224794,18.253665924072266,842000,yfinance
KFOF11.SA,1859,2,2023-08-08,80.91385867100487,81.46816976152273,79.06110529356096,79.41798400878906,18641,yfinance
PETR3.SA,3106,3,2023-08-08,22.78028974756194,23.20511368638604,22.64796862591067,23.03797149658203,8588100,yfinance
VALE3.SA,5688,6,2023-08-08,51.01423122039653,51.897597348511596,50.32886195029648,51.37214660644531,43405600,yfinance
PETR3.SA,3107,3,2023-08-09,23.05886218595361,23.421007117127566,22.954396331252205,23.3026123046875,13213200,yfinance
FLRY3.SA,613,1,2023-08-09,12.701452452223625,12.701452452223625,12.437868737020898,12.6273193359375,2886500,yfinance
SAPR11.SA,4442,5,2023-08-09,18.29758661373794,18.306371061879698,17.955001513520255,18.192174911499023,639000,yfinance
VALE3.SA,5689,6,2023-08-09,51.3721472199371,51.714834764048256,50.74008411830013,50.90761947631836,21859000,yfinance
KFOF11.SA,1860,2,2023-08-09,79.44835777474107,80.62531658426614,79.41798400878906,79.41798400878906,11100,yfinance
PETR3.SA,3108,3,2023-08-10,23.12154248553467,23.434937410827626,22.975292405957017,23.295650482177734,13768900,yfinance
VALE3.SA,5690,6,2023-08-10,50.877155079065204,51.15891960242152,50.21463632270155,50.30601501464844,28372300,yfinance
SAPR11.SA,4443,5,2023-08-10,18.19217434345027,18.271232698795327,18.03405930822227,18.183391571044922,464800,yfinance
KFOF11.SA,1861,2,2023-08-10,79.88114642384366,79.88114642384366,78.44601978539175,78.95477294921875,10415,yfinance
FLRY3.SA,614,1,2023-08-10,12.66026698331085,12.775585248595064,12.503764352713588,12.726162910461426,2488700,yfinance
VALE3.SA,5691,6,2023-08-11,50.40501805140762,50.54970292186977,49.67395944138544,49.887184143066406,42335100,yfinance
FLRY3.SA,615,1,2023-08-11,12.684977007720889,12.833243227792096,12.396682539910769,12.561422348022461,4168800,yfinance
PETR3.SA,3109,3,2023-08-11,23.2747599329607,23.69958394680774,23.03100975616863,23.30958366394043,10395400,yfinance
SAPR11.SA,4444,5,2023-08-11,18.44691960628889,19.588871102207595,18.44691960628889,19.50102996826172,2122300,yfinance
KFOF11.SA,1862,2,2023-08-11,78.95477877279595,79.34962603756253,78.04358341893148,78.28656768798828,12723,yfinance
VALE3.SA,5692,6,2023-08-14,49.407440405542204,49.454511131116575,48.56018829345703,48.56018829345703,41056900,yfinance
SAPR11.SA,4445,5,2023-08-14,19.501028274791388,19.518595494777685,18.97397313957447,19.351696014404297,977400,yfinance
FLRY3.SA,616,1,2023-08-14,12.643793713325191,12.643793713325191,12.25665454239111,12.330787658691406,5013600,yfinance
PETR3.SA,3110,3,2023-08-14,23.26083002142873,23.49761700931192,23.177256268050712,23.421009063720703,7868900,yfinance
KFOF11.SA,1863,2,2023-08-14,78.43086021835633,78.71940229602131,76.27436924920741,76.5401382446289,15575,yfinance
PETR3.SA,3111,3,2023-08-15,24.472616336660792,24.59797429014859,23.34439741194746,23.372255325317383,15951900,yfinance
VALE3.SA,5693,6,2023-08-15,48.59941197188347,48.60725559643932,47.96397064898503,48.08164596557617,28611000,yfinance
SAPR11.SA,4446,5,2023-08-15,19.2989898046734,19.360480940261354,19.009109724464434,19.228715896606445,872400,yfinance
FLRY3.SA,617,1,2023-08-15,12.355498405119565,12.479053074954187,12.174284208559543,12.215469360351562,3003900,yfinance
KFOF11.SA,1864,2,2023-08-15,76.84387117099834,77.28428211297994,75.93268131252952,76.20603942871094,9120,yfinance
FLRY3.SA,618,1,2023-08-16,12.248415645693694,12.40491904394197,12.124860992795643,12.25665283203125,3047100,yfinance
SAPR11.SA,4447,5,2023-08-16,19.325342414084446,19.624006930884534,19.14965681286249,19.54494857788086,1345100,yfinance
KFOF11.SA,1865,2,2023-08-16,76.72235758016235,76.91978411110783,73.81413541713486,73.92044067382812,33976,yfinance
VALE3.SA,5694,6,2023-08-16,48.16009590086943,48.58372346459179,47.85414365793918,47.893367767333984,30508600,yfinance
PETR3.SA,3112,3,2023-08-16,23.45583236585081,24.347264566671402,23.45583236585081,24.06172752380371,22993600,yfinance
PETR3.SA,3113,3,2023-08-17,24.173153539574304,24.47261950538379,23.880653381347656,23.880653381347656,11944300,yfinance
FLRY3.SA,619,1,2023-08-17,12.273126577895367,12.50376308508186,12.256652990548522,12.437867164611816,4541500,yfinance
SAPR11.SA,4448,5,2023-08-17,19.571302803608333,19.571302803608333,19.16722657275387,19.316558837890625,716400,yfinance
KFOF11.SA,1866,2,2023-08-17,73.97360364777751,75.62893603905354,73.15352944442179,73.42688751220703,24652,yfinance
VALE3.SA,5695,6,2023-08-17,49.10148370051645,49.274073352635206,48.418974701167286,48.56802749633789,39481200,yfinance
PETR3.SA,3114,3,2023-08-18,23.908516110992494,24.10351625572951,23.72744227087008,24.01994514465332,7771500,yfinance
FLRY3.SA,620,1,2023-08-18,12.437868226431283,12.602608041670216,12.355497926041114,12.503764152526855,2625200,yfinance
KFOF11.SA,1867,2,2023-08-18,73.42688843862618,73.95842059633834,71.60450902133556,73.91285705566406,27517,yfinance
SAPR11.SA,4449,5,2023-08-18,19.37804926597149,19.720636053367823,19.158443081303528,19.588871002197266,1730300,yfinance
VALE3.SA,5696,6,2023-08-18,48.01104315613581,48.70139885437154,47.86983396802833,48.0267333984375,34201900,yfinance
PETR3.SA,3115,3,2023-08-21,24.096545804261982,24.409940731265625,23.574221811481646,23.783153533935547,9985600,yfinance
KFOF11.SA,1868,2,2023-08-21,74.03435138717701,74.58106752433322,73.50282502783224,73.51041412353516,12461,yfinance
FLRY3.SA,621,1,2023-08-21,12.421395123400051,12.668505264319556,12.36373637855071,12.610846519470215,2913000,yfinance
SAPR11.SA,4450,5,2023-08-21,19.624009936285443,19.624009936285443,19.211150888285506,19.360483169555664,967100,yfinance
VALE3.SA,5697,6,2023-08-21,48.23854095478161,48.43466446932884,47.86982778979849,48.08948516845703,17695300,yfinance
FLRY3.SA,622,1,2023-08-22,12.684976690403236,12.866190867563667,12.635555141976704,12.750872611999512,3038900,yfinance
PETR3.SA,3116,3,2023-08-22,23.977238282406876,24.171823951871385,23.87634262028467,24.142995834350586,7482700,yfinance
SAPR11.SA,4451,5,2023-08-22,19.421973215293043,19.799696154196166,19.421973215293043,19.694284439086914,985000,yfinance
VALE3.SA,5698,6,2023-08-22,48.670019429626294,49.31330441496539,48.66217281200071,49.09364700317383,30995800,yfinance
KFOF11.SA,1869,2,2023-08-22,73.73819303775977,73.98117727337574,71.42224501610669,71.79431915283203,32431,yfinance
PETR3.SA,3117,3,2023-08-23,24.55378469017296,25.526710201254403,24.55378469017296,25.51950454711914,26164500,yfinance
KFOF11.SA,1870,2,2023-08-23,72.55367872880943,72.63720514103882,71.38431475080182,72.48533630371094,15868,yfinance
FLRY3.SA,623,1,2023-08-23,12.750872429250201,12.80853194897656,12.627317774413344,12.73439884185791,2971500,yfinance
SAPR11.SA,4452,5,2023-08-23,19.70306640050003,19.843614219257894,19.465891328047828,19.536165237426758,899900,yfinance
VALE3.SA,5699,6,2023-08-23,49.619248953651066,49.94873502013289,49.454505920410156,49.454505920410156,19128500,yfinance
VALE3.SA,5700,6,2023-08-24,49.179936493485364,49.179936493485364,48.505274047778116,48.795536041259766,17821500,yfinance
KFOF11.SA,1871,2,2023-08-24,72.89537286039572,76.27437480591382,72.8801888733928,75.55301666259766,23477,yfinance
PETR3.SA,3118,3,2023-08-24,25.454641342163086,25.82939856935736,25.274469756927388,25.454641342163086,8234700,yfinance
SAPR11.SA,4453,5,2023-08-24,19.74698759608796,19.878750970947912,19.58887087607113,19.650362014770508,774000,yfinance
FLRY3.SA,624,1,2023-08-24,12.767346948104336,12.783821321226252,12.47905170280157,12.544947624206543,2200900,yfinance
PETR3.SA,3119,3,2023-08-25,25.52670840392071,25.7140883886484,25.022230173961933,25.252849578857422,13843300,yfinance
VALE3.SA,5701,6,2023-08-25,49.16424923949392,49.2505440788402,48.56019134928563,48.69355392456055,11395300,yfinance
FLRY3.SA,625,1,2023-08-25,12.602606184914377,12.619079771240497,12.25665223111169,12.363733291625977,1946600,yfinance
KFOF11.SA,1872,2,2023-08-25,75.57577609275513,77.45131373461354,75.55299722151025,76.50975036621094,8331,yfinance
SAPR11.SA,4454,5,2023-08-25,19.641577649184402,20.010516105624863,19.641577649184402,19.78212547302246,1032600,yfinance
PETR3.SA,3120,3,2023-08-28,25.238435106881088,25.54833044258238,25.130331059841062,25.512296676635742,7399600,yfinance
SAPR11.SA,4455,5,2023-08-28,19.843613957113206,20.159847382871867,19.71185058820114,20.098356246948242,1171400,yfinance
KFOF11.SA,1873,2,2023-08-28,76.31232633191762,76.75273716778385,73.36614109241737,73.61671447753906,21179,yfinance
VALE3.SA,5702,6,2023-08-28,48.97597318171691,49.634948429909755,48.85045422932817,49.391754150390625,14173600,yfinance
FLRY3.SA,626,1,2023-08-28,12.347259220420893,12.396681551685289,12.157808652580208,12.355496406555176,1999000,yfinance
FLRY3.SA,627,1,2023-08-29,12.429629978167727,12.553184632663728,12.248415804104432,12.437867164611816,3633500,yfinance
KFOF11.SA,1874,2,2023-08-29,73.91284337501239,76.41102841221853,73.91284337501239,75.16573333740234,9248,yfinance
VALE3.SA,5703,6,2023-08-29,49.721243869076744,51.01565752004705,49.60356854053039,50.968589782714844,28625700,yfinance
SAPR11.SA,4456,5,2023-08-29,20.115928045860283,20.414592618741114,20.089576373552337,20.326749801635742,1262400,yfinance
PETR3.SA,3121,3,2023-08-29,25.58436402455836,25.656431555933416,25.3681586812331,25.60598373413086,7751700,yfinance
PETR3.SA,3122,3,2023-08-30,25.714087692771066,25.757329860968806,25.54112176918019,25.58436393737793,5861700,yfinance
VALE3.SA,5704,6,2023-08-30,51.15686310413349,51.67463211908193,50.780309261639545,50.97643280029297,21812600,yfinance
SAPR11.SA,4457,5,2023-08-30,20.247690200805664,20.555139204221188,20.247690200805664,20.247690200805664,728300,yfinance
FLRY3.SA,628,1,2023-08-30,12.520238564912031,12.569660905505614,12.297839996094542,12.322550773620605,1945100,yfinance
KFOF11.SA,1875,2,2023-08-30,75.70487465676352,76.37308590440524,72.22716254464196,73.62432098388672,41807,yfinance
KFOF11.SA,1876,2,2023-08-31,73.65467893913326,74.10267884472705,73.30538940429688,73.30538940429688,3511,yfinance
PETR3.SA,3123,3,2023-08-31,25.692467884535308,25.76453541538783,24.604230023941707,24.892505645751953,19146600,yfinance
VALE3.SA,5705,6,2023-08-31,51.439282517222374,51.90997782245132,51.05488204956055,51.05488204956055,31011100,yfinance
SAPR11.SA,4458,5,2023-08-31,20.353101617208747,20.405806633319344,19.659145257326518,19.896320343017578,1022800,yfinance
FLRY3.SA,629,1,2023-08-31,12.363734207862631,12.396682168497827,12.067201776604527,12.157809257507324,4009800,yfinance
VALE3.SA,5706,6,2023-09-01,52.31791565515625,54.130095187467816,52.27084193722078,54.043800354003906,57288600,yfinance
KFOF11.SA,1877,2,2023-09-01,74.08597000716948,74.49156317581985,73.5196704418026,74.19310760498047,8806,yfinance
FLRY3.SA,630,1,2023-09-01,12.182520939702405,12.1989953140187,12.009543937088319,12.133098602294922,6471700,yfinance
PETR3.SA,3124,3,2023-09-01,25.159163670735932,25.807782570548905,24.993406118383866,25.721298217773438,30483500,yfinance
SAPR11.SA,4459,5,2023-09-01,20.10714252574331,20.397022633929016,19.571304553316573,19.966594696044922,1302600,yfinance
FLRY3.SA,631,1,2023-09-04,12.174282845054249,12.429630129133022,12.067201776604527,12.157809257507324,3622000,yfinance
VALE3.SA,5707,6,2023-09-04,54.34975579110899,54.953819660966744,54.035956922306376,54.44389724731445,22397800,yfinance
PETR3.SA,3125,3,2023-09-04,25.69967724359448,25.800572901016256,25.324919980884687,25.368162155151367,5697600,yfinance
KFOF11.SA,1878,2,2023-09-04,74.22372145875477,74.9736905050048,73.91761152480453,74.39208221435547,9838,yfinance
SAPR11.SA,4460,5,2023-09-04,20.00173233844307,20.449729170483582,20.00173233844307,20.247690200805664,566100,yfinance
FLRY3.SA,632,1,2023-09-05,12.132164267263551,12.132164267263551,11.898852850544559,11.923851013183594,4405700,yfinance
VALE3.SA,5708,6,2023-09-05,54.122250847719286,54.530191165844684,53.80061135190455,54.20854568481445,19253500,yfinance
PETR3.SA,3126,3,2023-09-05,25.26726264935192,26.665393080623968,25.22402048167132,26.535669326782227,24924500,yfinance
KFOF11.SA,1879,2,2023-09-05,74.53747945033678,74.53747945033678,73.51201213401082,73.97882843017578,9302,yfinance
SAPR11.SA,4461,5,2023-09-05,20.212555919166018,20.212555919166018,19.992949707539438,20.115928649902344,804400,yfinance
VALE3.SA,5709,6,2023-09-06,54.24777322356814,54.59294658950979,53.25146227280641,53.3377571105957,28466500,yfinance
SAPR11.SA,4462,5,2023-09-06,20.1949833174419,20.291610568989288,19.834829330444336,19.834829330444336,662900,yfinance
KFOF11.SA,1880,2,2023-09-06,74.00179733390485,74.03240891340272,73.29009416662426,73.74160766601562,9637,yfinance
FLRY3.SA,633,1,2023-09-06,11.91551685333252,12.057169912572391,11.807193878934273,11.91551685333252,2524700,yfinance
PETR3.SA,3127,3,2023-09-06,26.506845751280167,26.99691273872835,26.470811979979675,26.66539764404297,12259900,yfinance
PETR3.SA,3128,3,2023-09-08,26.528466389752396,26.787911174801035,26.305052624326816,26.456396102905273,12383900,yfinance
FLRY3.SA,634,1,2023-09-08,11.898852003353234,11.940514810133257,11.790529023585949,11.873854637145996,3196400,yfinance
KFOF11.SA,1881,2,2023-09-08,73.77222563777163,74.53749767584279,73.15235131671163,73.92527770996094,9321,yfinance
VALE3.SA,5710,6,2023-09-08,52.32576391633213,52.43559263216939,51.96489728069311,52.33361053466797,19989200,yfinance
SAPR11.SA,4463,5,2023-09-08,19.834830346807685,20.159848234281903,19.826045898447603,20.063220977783203,570900,yfinance
PETR3.SA,3129,3,2023-09-11,26.45639956796463,26.665399303393993,26.232988522478696,26.276227951049805,13441700,yfinance
VALE3.SA,5711,6,2023-09-11,53.42404840946871,53.48680937556089,52.98473361725377,53.08671569824219,19493800,yfinance
FLRY3.SA,635,1,2023-09-11,11.940514201184868,12.073834540360252,11.89051947132005,12.040504455566406,2770000,yfinance
KFOF11.SA,1882,2,2023-09-11,73.93293413803163,74.35383610619671,73.46611771463489,73.9176254272461,12186,yfinance
SAPR11.SA,4464,5,2023-09-11,20.203770626224873,20.62541413283512,20.063222790688126,20.47608184814453,1286000,yfinance
VALE3.SA,5712,6,2023-09-12,53.345602419201704,53.54957257490014,52.90628760866544,53.0474967956543,14201300,yfinance
SAPR11.SA,4465,5,2023-09-12,20.511219174438946,20.77474594116211,20.476081378629285,20.77474594116211,921500,yfinance
FLRY3.SA,636,1,2023-09-12,12.073833500049862,12.273813991582138,12.048836137271286,12.232151985168457,2200200,yfinance
PETR3.SA,3130,3,2023-09-12,26.420361083694836,26.730256429470323,26.398741373264052,26.564498901367188,6035300,yfinance
KFOF11.SA,1883,2,2023-09-12,73.92525468666709,74.34615651194541,73.46609277453832,74.15483856201172,10885,yfinance
SAPR11.SA,4466,5,2023-09-13,20.73082506313009,21.047056843395964,20.66055114801964,20.792314529418945,1331800,yfinance
PETR3.SA,3131,3,2023-09-13,26.564497901756237,26.658187892097786,26.21856880187988,26.218568801879883,10236100,yfinance
KFOF11.SA,1884,2,2023-09-13,74.18547323895753,74.42270570241965,73.4661156548307,73.92527770996094,10131,yfinance
FLRY3.SA,637,1,2023-09-13,12.298813559447062,12.390471096581066,12.16549321646963,12.207155227661133,2591400,yfinance
VALE3.SA,5713,6,2023-09-13,53.08671236498259,53.17300719163719,52.6787780814275,52.84352111816406,15448400,yfinance
SAPR11.SA,4467,5,2023-09-14,20.845019909939356,20.96800052012129,20.520003675191152,20.730825424194336,918200,yfinance
PETR3.SA,3132,3,2023-09-14,26.261814952829102,27.04736334428369,26.261814952829102,26.989709854125977,11054400,yfinance
FLRY3.SA,638,1,2023-09-14,12.265482052805275,12.265482052805275,11.99884060308762,12.090498924255371,2497800,yfinance
KFOF11.SA,1885,2,2023-09-14,73.92525806863088,75.22622369083341,73.58088807842005,75.18795776367188,6006,yfinance
VALE3.SA,5714,6,2023-09-14,54.36545441991805,55.44805434021349,54.1693308556113,55.00873947143555,62390300,yfinance
KFOF11.SA,1886,2,2023-09-15,75.08083419070667,77.13176332425226,73.87935741939657,74.26199340820312,16478,yfinance
FLRY3.SA,639,1,2023-09-15,12.148827916332499,12.332143787365839,12.040504937751523,12.19049072265625,4697800,yfinance
PETR3.SA,3133,3,2023-09-15,26.953675531719455,27.061776854520016,26.593332290649414,26.593332290649414,20324600,yfinance
VALE3.SA,5715,6,2023-09-15,55.699086985080335,55.87952328063955,54.55372619628906,54.55372619628906,37901700,yfinance
SAPR11.SA,4468,5,2023-09-15,20.730825424194336,20.888942154812305,20.590277591525545,20.730825424194336,1094600,yfinance
FLRY3.SA,640,1,2023-09-18,12.232152103729474,12.315476912016305,12.098831774749073,12.198822021484375,1693500,yfinance
KFOF11.SA,1887,2,2023-09-18,74.34617827274023,76.06804032612482,73.91762196923112,74.99665832519531,9985,yfinance
VALE3.SA,5716,6,2023-09-18,54.5537273565362,54.95382107417887,53.777079774819285,53.91044235229492,21849000,yfinance
PETR3.SA,3134,3,2023-09-18,26.816740680543337,27.450945491693005,26.759087197275445,26.92484474182129,11039300,yfinance
SAPR11.SA,4469,5,2023-09-18,20.678120899872305,20.722041470332325,20.405808001540606,20.607845306396484,2484100,yfinance
PETR3.SA,3135,3,2023-09-19,26.975292570630874,27.299602005264255,26.852774451235828,26.92484474182129,13151300,yfinance
VALE3.SA,5717,6,2023-09-19,53.87121146887169,54.326219509154555,53.510344880610724,54.012420654296875,43870300,yfinance
KFOF11.SA,1888,2,2023-09-19,75.11145908761523,76.46598815917969,75.11145908761523,76.46598815917969,13989,yfinance
FLRY3.SA,641,1,2023-09-19,12.157160618263747,12.232153510603448,12.082167725924048,12.17382526397705,3016200,yfinance
SAPR11.SA,4470,5,2023-09-19,20.60784523452744,20.60784523452744,20.344318461761624,20.47608184814453,535300,yfinance
VALE3.SA,5718,6,2023-09-20,54.3497571472903,54.73415762892719,54.16148021539693,54.373291015625,14372200,yfinance
SAPR11.SA,4471,5,2023-09-20,20.476081356205572,20.651766984136835,20.423376338011124,20.599061965942383,965400,yfinance
KFOF11.SA,1889,2,2023-09-20,76.45830297881054,78.02710655566065,75.10376871820444,76.3741226196289,9306,yfinance
FLRY3.SA,642,1,2023-09-20,12.190489540497307,12.640446056925526,12.173824101723145,12.398802757263184,4235600,yfinance
PETR3.SA,3136,3,2023-09-20,26.92484269688801,27.177081821778447,26.75187676182009,26.96087646484375,8157200,yfinance
SAPR11.SA,4472,5,2023-09-21,20.54635522024647,20.827450883854677,20.30039735232044,20.642982482910156,959900,yfinance
VALE3.SA,5719,6,2023-09-21,53.58094772127957,53.70646366097887,52.95335006713867,52.95335006713867,21686000,yfinance
FLRY3.SA,643,1,2023-09-21,12.265483728344677,12.523791699563166,12.182158114927907,12.44046688079834,4334400,yfinance
KFOF11.SA,1890,2,2023-09-21,76.41241247825337,77.26951927000543,75.42521084018676,76.4200668334961,14071,yfinance
PETR3.SA,3137,3,2023-09-21,26.701428626997508,27.047357743918905,26.535671096964354,26.571704864501953,14641100,yfinance
KFOF11.SA,1891,2,2023-09-22,76.45066758342409,76.81034632755775,75.93028243333825,76.49658203125,9527,yfinance
SAPR11.SA,4473,5,2023-09-22,20.695687190860372,20.90650893540751,20.520003241468903,20.660551071166992,877100,yfinance
PETR3.SA,3138,3,2023-09-22,26.751874701412028,27.00411655607527,26.636565003314566,26.76628875732422,7402600,yfinance
FLRY3.SA,644,1,2023-09-22,12.54878852762321,12.615448693416141,12.382137318489022,12.398802757263184,3515600,yfinance
VALE3.SA,5720,6,2023-09-22,53.65155619254973,54.0281160303472,53.29068958998559,53.345603942871094,17063700,yfinance
KFOF11.SA,1892,2,2023-09-25,76.4889325147706,76.4889325147706,73.55794525146484,73.55794525146484,28706,yfinance
PETR3.SA,3139,3,2023-09-25,26.787910444438424,27.025738260749144,26.730256965732963,26.93925666809082,3931400,yfinance
FLRY3.SA,645,1,2023-09-25,12.41546845584741,12.648779850589971,12.390471090214966,12.63211441040039,3595800,yfinance
SAPR11.SA,4474,5,2023-09-25,20.66055041761894,20.66055041761894,20.30039640597742,20.370670318603516,511600,yfinance
VALE3.SA,5721,6,2023-09-25,52.56894844536704,52.58463569301556,51.596171505148604,52.2473030090332,34715000,yfinance
SAPR11.SA,4475,5,2023-09-26,20.44094506212523,20.44094506212523,20.001732671493208,20.010517120361328,760900,yfinance
PETR3.SA,3140,3,2023-09-26,26.650982197627364,26.802325678727374,26.196949005126953,26.196949005126953,12779600,yfinance
FLRY3.SA,646,1,2023-09-26,12.515458674256337,12.907086956809186,12.457130432128906,12.457130432128906,4388800,yfinance
VALE3.SA,5722,6,2023-09-26,51.54126333368549,51.98058412825223,51.282384812583665,51.431434631347656,24178800,yfinance
KFOF11.SA,1893,2,2023-09-26,74.3461808103444,74.8436088104574,73.8487528102314,73.85640716552734,6806,yfinance
KFOF11.SA,1894,2,2023-09-27,73.85639554070238,74.22372279721753,70.49685223774354,71.64476013183594,38835,yfinance
SAPR11.SA,4476,5,2023-09-27,20.0105149377192,20.09835606589451,19.509811459624473,19.834829330444336,973800,yfinance
FLRY3.SA,647,1,2023-09-27,12.498794803676683,12.832095680580606,12.382139099434324,12.432134628295898,5535800,yfinance
PETR3.SA,3141,3,2023-09-27,26.528465683374204,27.169876098632812,26.528465683374204,27.169876098632812,15546800,yfinance
VALE3.SA,5723,6,2023-09-27,51.85506243931,51.92567002555956,51.23531133874347,51.541263580322266,17109300,yfinance
KFOF11.SA,1895,2,2023-09-28,72.30291729469481,73.02226916530772,68.95867580509581,71.55294799804688,54566,yfinance
PETR3.SA,3142,3,2023-09-28,27.126637548595532,27.227533211762363,26.888812449588087,27.032947540283203,8603100,yfinance
VALE3.SA,5724,6,2023-09-28,51.86291119019027,52.59249102363273,51.74523586507716,52.32575988769531,26072300,yfinance
SAPR11.SA,4477,5,2023-09-28,19.74698657382221,19.931456629446235,19.63279210164515,19.790908813476562,652000,yfinance
FLRY3.SA,648,1,2023-09-28,12.498795615871586,12.71544159726318,12.457132804888275,12.607118606567383,2617900,yfinance
VALE3.SA,5725,6,2023-09-29,52.80430031972136,53.07103144807704,52.592489528710935,53.016117095947266,19018000,yfinance
SAPR11.SA,4478,5,2023-09-29,20.07200702432915,20.142280941342992,19.87875249594432,20.080791473388672,809900,yfinance
KFOF11.SA,1896,2,2023-09-29,71.95851464833864,75.97619205776296,71.55292148212844,75.21857452392578,27449,yfinance
FLRY3.SA,649,1,2023-09-29,12.740437859590227,12.832095400072186,12.490461810050752,12.62378215789795,2104800,yfinance
PETR3.SA,3143,3,2023-09-29,27.083397437222917,27.306808471679688,27.00412148982191,27.306808471679688,10250400,yfinance
FLRY3.SA,650,1,2023-10-02,12.748769626736259,13.082070471432516,12.64877937332738,13.04874038696289,6419400,yfinance
VALE3.SA,5726,6,2023-10-02,53.01611545849116,53.12594415935854,52.263001801736856,52.553260803222656,11175900,yfinance
SAPR11.SA,4479,5,2023-10-02,20.06322195726092,20.291612599386372,19.711852383014957,19.966594696044922,1056200,yfinance
KFOF11.SA,1897,2,2023-10-02,74.45475454239457,75.03341843780179,72.59531173297876,73.6600570678711,13380,yfinance
PETR3.SA,3144,3,2023-10-02,27.256357691255932,27.436529279775183,26.650981043863247,26.78791046142578,8319100,yfinance
KFOF11.SA,1898,2,2023-10-03,73.60604774122665,77.1320394638093,73.29742582362196,75.53492736816406,21936,yfinance
PETR3.SA,3145,3,2023-10-03,26.614947759798987,26.823947466088523,26.319466459224248,26.470809936523438,9893500,yfinance
FLRY3.SA,651,1,2023-10-03,12.940417420090853,13.523694295919995,12.940417420090853,13.332046508789062,9882100,yfinance
SAPR11.SA,4480,5,2023-10-03,19.746985703693657,19.913886856101627,19.351695616995265,19.45710563659668,769800,yfinance
VALE3.SA,5727,6,2023-10-03,51.83937750829687,52.52973024077455,51.83153089053699,52.231624603271484,15268800,yfinance
PETR3.SA,3146,3,2023-10-04,26.30505364940275,26.362709881127245,25.454643475869585,25.670848846435547,20881700,yfinance
SAPR11.SA,4481,5,2023-10-04,19.562519432208724,19.66792946312867,19.334128797932536,19.50102996826172,872200,yfinance
KFOF11.SA,1899,2,2023-10-04,75.84354962326147,76.34505361931804,74.06897800399307,74.5164794921875,12287,yfinance
FLRY3.SA,652,1,2023-10-04,13.340379244659522,13.373708534533712,13.132066017708507,13.207058906555176,3571000,yfinance
VALE3.SA,5728,6,2023-10-04,52.09041782312284,52.38852347443772,51.407905691567244,51.67463684082031,14377000,yfinance
KFOF11.SA,1900,2,2023-10-05,74.51648242219673,75.14143756500732,74.33130573164463,75.13372039794922,5548,yfinance
FLRY3.SA,653,1,2023-10-05,13.157063238674201,13.365377258000889,12.973747378457851,13.082070350646973,3933800,yfinance
SAPR11.SA,4482,5,2023-10-05,19.509813850318057,19.817262862992198,19.430757160365257,19.492246627807617,758500,yfinance
PETR3.SA,3147,3,2023-10-05,25.64202229744091,25.81498548623831,25.418608533610595,25.5699520111084,8110600,yfinance
VALE3.SA,5729,6,2023-10-05,51.67463202659287,52.12963408669072,51.5098889726447,51.69816589355469,11556300,yfinance
PETR3.SA,3148,3,2023-10-06,25.303299210704612,26.413156894354398,25.303299210704612,26.211362838745117,11740500,yfinance
KFOF11.SA,1901,2,2023-10-06,75.1877187130164,76.06728727254566,74.1075509286632,74.84052276611328,19391,yfinance
SAPR11.SA,4483,5,2023-10-06,19.395618928413533,19.536166758111566,19.176012735077574,19.421972274780273,824000,yfinance
FLRY3.SA,654,1,2023-10-06,12.923753130521876,12.965415935937768,12.665444372664865,12.948750495910645,3005800,yfinance
VALE3.SA,5730,6,2023-10-06,51.690322172336835,52.91413120464407,51.63540781794397,52.4512825012207,22711400,yfinance
PETR3.SA,3149,3,2023-10-09,26.7374673177302,27.429328428166272,26.701433543557666,27.28519058227539,11557100,yfinance
FLRY3.SA,655,1,2023-10-09,12.907088983285169,13.007079249507317,12.690443009144518,12.973749160766602,3343100,yfinance
KFOF11.SA,1902,2,2023-10-09,74.76337530863388,74.76337530863388,74.06897746758062,74.19242858886719,13710,yfinance
VALE3.SA,5731,6,2023-10-09,51.56480585360984,52.07472229003906,51.29807471612136,52.07472229003906,14392200,yfinance
SAPR11.SA,4484,5,2023-10-09,19.211152014316195,20.405808659038023,19.211152014316195,20.353103637695312,2060100,yfinance
VALE3.SA,5732,6,2023-10-10,52.608180525972685,52.929826029370055,52.32576212769751,52.38852310180664,18261700,yfinance
SAPR11.SA,4485,5,2023-10-10,20.414591686366233,20.67812012564648,20.344317770983963,20.37945556640625,1125300,yfinance
KFOF11.SA,1903,2,2023-10-10,74.38531004077487,75.1877187130164,74.25414176426946,74.84052276611328,7573,yfinance
FLRY3.SA,656,1,2023-10-10,13.04040825057122,13.340379818869575,12.990413518956116,13.290384292602539,2882100,yfinance
PETR3.SA,3150,3,2023-10-10,27.31401264230573,27.566251754760742,27.08339323971825,27.566251754760742,9200100,yfinance
VALE3.SA,5733,6,2023-10-11,52.41204698489109,52.89843546374292,52.31791152687864,52.84352111816406,13659400,yfinance
SAPR11.SA,4486,5,2023-10-11,20.37945600254739,20.69568779080414,20.361887104460255,20.449729919433594,1016900,yfinance
FLRY3.SA,657,1,2023-10-11,13.282051572449378,13.348712539022737,13.132066582952131,13.290384292602539,1612200,yfinance
PETR3.SA,3151,3,2023-10-11,27.48698066346607,27.544636898873325,26.92484611424845,27.472566604614258,10203300,yfinance
KFOF11.SA,1904,2,2023-10-11,74.84052276611328,75.1877187130164,74.43931842999253,74.84052276611328,9185,yfinance
SAPR11.SA,4487,5,2023-10-13,20.440946165256328,21.16125425669155,20.23012440743107,20.871374130249023,2254100,yfinance
FLRY3.SA,658,1,2023-10-13,13.257053734591683,13.27371917430459,12.79043254775689,12.873757362365723,3200000,yfinance
PETR3.SA,3152,3,2023-10-13,27.9482176769925,28.459907109739216,27.926597964763918,28.33738899230957,14724500,yfinance
VALE3.SA,5734,6,2023-10-13,52.71800572774213,52.79645993276251,52.13748171892758,52.239463806152344,16302700,yfinance
KFOF11.SA,1905,2,2023-10-13,74.84051829916208,75.18771422534236,74.45474243164062,74.45474243164062,10661,yfinance
VALE3.SA,5735,6,2023-10-16,52.874907416711146,53.1494791748147,52.70231774441307,52.79645919799805,13103300,yfinance
PETR3.SA,3153,3,2023-10-16,28.431080529951046,28.762595631634696,28.005875421547906,28.618457794189453,11164900,yfinance
FLRY3.SA,659,1,2023-10-16,12.898754385409328,13.107067608388046,12.87375702115441,12.990412712097168,3615400,yfinance
KFOF11.SA,1906,2,2023-10-16,74.84053068278924,75.0719985961914,74.47018319864046,75.0719985961914,7583,yfinance
SAPR11.SA,4488,5,2023-10-16,20.950431153670863,21.363290193470135,20.704471614269554,21.029489517211914,3030500,yfinance
SAPR11.SA,4489,5,2023-10-17,20.994351032178614,20.994351032178614,20.230122443679065,20.41459083557129,1865200,yfinance
KFOF11.SA,1907,2,2023-10-17,75.07199053202098,75.1800073102793,74.66306314407396,74.71707153320312,15537,yfinance
PETR3.SA,3154,3,2023-10-17,28.560800395032075,29.36796832523802,28.503144168274403,29.267072677612305,12072200,yfinance
VALE3.SA,5736,6,2023-10-17,52.56110931511424,53.38483058652687,52.239463832969044,53.227928161621094,24031000,yfinance
FLRY3.SA,660,1,2023-10-17,12.915421719128044,13.065407515961397,12.782101364010396,12.832096099853516,3762300,yfinance
PETR3.SA,3155,3,2023-10-18,29.476072136022957,30.12468818656907,29.468863733136786,29.951725006103516,28701300,yfinance
VALE3.SA,5737,6,2023-10-18,52.74937899847283,52.79645271209015,51.25099845391392,51.274532318115234,34907300,yfinance
FLRY3.SA,661,1,2023-10-18,12.773766378347593,12.782099097728043,12.457130193757179,12.52379035949707,7509500,yfinance
KFOF11.SA,1908,2,2023-10-18,75.06425985174103,75.17227661055244,74.67076686665834,74.70162963867188,7879,yfinance
SAPR11.SA,4490,5,2023-10-18,20.4233767230518,20.476081742239895,19.843616485595703,19.843616485595703,1736900,yfinance
PETR3.SA,3156,3,2023-10-19,29.901279699109363,29.90848535340176,29.519314040802406,29.735519409179688,17767100,yfinance
VALE3.SA,5738,6,2023-10-19,51.22747189249556,51.502043656010535,50.537113189697266,50.537113189697266,22855500,yfinance
KFOF11.SA,1909,2,2023-10-19,74.71706281012159,75.5194772738408,74.71706281012159,75.2648696899414,14985,yfinance
SAPR11.SA,4491,5,2023-10-19,19.81726199903638,20.02808373913161,19.527381896972656,19.527381896972656,1385100,yfinance
FLRY3.SA,662,1,2023-10-19,12.498793242460533,12.70710646316821,12.440465794950983,12.598783493041992,5296900,yfinance
VALE3.SA,5739,6,2023-10-20,49.674172057101195,49.79184738308427,48.63863996183842,49.172096252441406,58015100,yfinance
KFOF11.SA,1910,2,2023-10-20,75.43459655217384,75.43459655217384,74.87136718649477,75.22628021240234,9872,yfinance
SAPR11.SA,4492,5,2023-10-20,19.457108747237154,20.115927339189625,19.457108747237154,19.905105590820312,5467200,yfinance
PETR3.SA,3157,3,2023-10-20,29.994965199405176,30.167931133527183,29.13014102719565,29.411211013793945,11112900,yfinance
FLRY3.SA,663,1,2023-10-20,12.507126805868802,12.732104686193512,12.507126805868802,12.64877986907959,2345800,yfinance
FLRY3.SA,664,1,2023-10-23,12.582119574585658,13.073738136314317,12.582119574585658,12.965415954589844,2366300,yfinance
KFOF11.SA,1911,2,2023-10-23,75.22628388988866,75.25714666145088,74.70162854627468,75.17999267578125,8687,yfinance
VALE3.SA,5740,6,2023-10-23,48.94459539041934,49.36822300028476,48.7249379597964,49.07796096801758,17595000,yfinance
PETR3.SA,3158,3,2023-10-23,28.560803308007163,28.604042733285286,27.551841230443458,27.638322830200195,20856700,yfinance
SAPR11.SA,4493,5,2023-10-23,19.799696417453767,20.414592791469243,19.799696417453767,20.045654296875,799800,yfinance
FLRY3.SA,665,1,2023-10-24,13.098735422421305,13.15706286940461,12.907086847880366,13.040407180786133,2800500,yfinance
KFOF11.SA,1912,2,2023-10-24,75.19544675362133,75.48092307304123,72.8422170128502,73.16626739501953,30027,yfinance
SAPR11.SA,4494,5,2023-10-24,20.107142019034157,20.520002724398392,20.107142019034157,20.458513259887695,918900,yfinance
VALE3.SA,5741,6,2023-10-24,50.207626950158854,50.41943774286,49.87029421717885,50.19978332519531,21768800,yfinance
PETR3.SA,3159,3,2023-10-24,27.962632402503516,28.2220799522427,27.58066948160999,28.063528060913086,16461100,yfinance
FLRY3.SA,666,1,2023-10-25,13.040407786235292,13.198726284900308,12.765434388187527,12.873757362365723,2757600,yfinance
VALE3.SA,5742,6,2023-10-25,50.75677166807282,51.133331512538916,50.01150458211194,50.152713775634766,26091800,yfinance
SAPR11.SA,4495,5,2023-10-25,20.449730658937938,20.528789027726624,20.080792163078204,20.177417755126953,856900,yfinance
KFOF11.SA,1913,2,2023-10-25,73.50574072178355,73.74492579340739,72.8807856191783,73.29742431640625,23642,yfinance
PETR3.SA,3160,3,2023-10-25,28.186047275856623,28.30856265176877,27.91218565725217,28.142805099487305,9381200,yfinance
PETR3.SA,3161,3,2023-10-26,28.041907617658254,28.0851497912218,27.443739337298254,27.93380355834961,9503400,yfinance
KFOF11.SA,1914,2,2023-10-26,73.29742253048188,74.78651777103376,72.92707506870072,73.38229370117188,9689,yfinance
SAPR11.SA,4496,5,2023-10-26,20.159848094646545,20.625412126270767,20.04565194221865,20.344316482543945,770200,yfinance
VALE3.SA,5743,6,2023-10-26,50.050726180137936,51.2823847490501,49.90167336895092,51.22747039794922,30936700,yfinance
FLRY3.SA,667,1,2023-10-26,12.965415569845867,13.023743018990032,12.823762512222697,12.907087326049805,2523000,yfinance
PETR3.SA,3162,3,2023-10-27,28.330184763349973,28.560804202726164,27.47977454970005,27.732013702392578,13358800,yfinance
FLRY3.SA,668,1,2023-10-27,12.965415206492551,12.998745290019704,12.532123325987687,12.598783493041992,2080400,yfinance
KFOF11.SA,1915,2,2023-10-27,73.38229400148582,74.6707841269096,73.38229400148582,73.61376190185547,8262,yfinance
SAPR11.SA,4497,5,2023-10-27,20.33553379426548,20.634198360439907,20.01051755637483,20.080791473388672,721300,yfinance
VALE3.SA,5744,6,2023-10-27,51.360826328956186,53.15731841880753,50.76460917605005,53.008262634277344,47989100,yfinance
VALE3.SA,5745,6,2023-10-30,53.659398439069506,54.04379887795479,53.3769800800311,53.48680877685547,26604100,yfinance
KFOF11.SA,1916,2,2023-10-30,73.60604152072405,74.66306369961298,73.60604152072405,73.93009185791016,8335,yfinance
FLRY3.SA,669,1,2023-10-30,12.632115390231087,12.64878083171335,12.307147227846855,12.348809242248535,3009100,yfinance
SAPR11.SA,4498,5,2023-10-30,20.115927948599175,20.317965254141004,19.51859880572562,19.694284439086914,1897300,yfinance
PETR3.SA,3163,3,2023-10-30,27.868937659816,28.013075468406626,27.263563812295438,27.508594512939453,8454300,yfinance
KFOF11.SA,1917,2,2023-10-31,73.93781762308896,74.80195195608574,73.73721248729741,74.5241928100586,6219,yfinance
PETR3.SA,3164,3,2023-10-31,27.508598011561737,27.559048587804934,26.975291625909037,27.27077293395996,6514700,yfinance
FLRY3.SA,670,1,2023-10-31,12.36547372665224,12.540456875412486,12.273815394898062,12.490461349487305,1742900,yfinance
SAPR11.SA,4499,5,2023-10-31,19.87875070361218,19.87875070361218,19.026679327212015,19.105737686157227,1622500,yfinance
VALE3.SA,5746,6,2023-10-31,53.16516599602714,54.31837335598412,53.00826955986533,54.130096435546875,20961400,yfinance
SAPR11.SA,4500,5,2023-11-01,19.096952372887255,19.764555331817434,19.096952372887255,19.703065872192383,1280300,yfinance
PETR3.SA,3165,3,2023-11-01,27.378876500234814,27.912182876319218,27.31401461674343,27.587873458862305,13428200,yfinance
KFOF11.SA,1918,2,2023-11-01,75.1465828024235,75.46556380782926,73.13157729830877,73.59837341308594,16082,yfinance
FLRY3.SA,671,1,2023-11-01,12.473796107136991,12.898754481235196,12.398803219163224,12.7987642288208,3527800,yfinance
VALE3.SA,5747,6,2023-11-01,54.33406091303134,55.46372830282435,54.326214296478575,55.16562271118164,31543500,yfinance
PETR3.SA,3166,3,2023-11-03,28.09956095749459,28.09956095749459,27.422114054047128,27.818490982055664,9668700,yfinance
SAPR11.SA,4501,5,2023-11-03,20.080792163078204,20.30918282008303,19.852401506073377,20.177417755126953,1226900,yfinance
VALE3.SA,5748,6,2023-11-03,55.89520702020054,56.17762538711982,55.64416913685175,55.855979919433594,28599600,yfinance
KFOF11.SA,1919,2,2023-11-03,73.69172949682884,74.27522608055293,73.20937018412195,74.05738830566406,20063,yfinance
FLRY3.SA,672,1,2023-11-03,12.957083889204245,13.490366078004048,12.948751168757695,13.282052040100098,5060800,yfinance
PETR3.SA,3167,3,2023-11-06,28.0419088621405,28.229286124164016,27.695979705881314,27.746427536010742,10596200,yfinance
KFOF11.SA,1920,2,2023-11-06,73.90956257361582,74.34523809569957,73.62948375638088,73.8317642211914,7189,yfinance
FLRY3.SA,673,1,2023-11-06,13.323714378563253,13.457034722406108,13.198726754873558,13.290384292602539,2132400,yfinance
VALE3.SA,5749,6,2023-11-06,55.85598084386731,56.32668211999987,55.85598084386731,56.091331481933594,19096300,yfinance
SAPR11.SA,4502,5,2023-11-06,20.159849912554737,20.265259950726513,19.99294873074335,20.212554931640625,461300,yfinance
VALE3.SA,5750,6,2023-11-07,55.56571890652354,55.777529681428184,54.318370166971654,54.97734832763672,37073000,yfinance
PETR3.SA,3168,3,2023-11-07,27.37887978900443,27.659947068162303,26.903226835998648,27.133846282958984,15189300,yfinance
KFOF11.SA,1921,2,2023-11-07,73.83177546080941,74.37636994631924,73.83177546080941,74.14297485351562,9294,yfinance
FLRY3.SA,674,1,2023-11-07,13.290384185225761,13.682013288089014,13.290384185225761,13.623685836791992,2368000,yfinance
SAPR11.SA,4503,5,2023-11-07,20.09835613383419,20.56392182186288,20.04565112165842,20.528785705566406,561100,yfinance
SAPR11.SA,4504,5,2023-11-08,20.590276276960132,20.590276276960132,20.335532299347868,20.520002365112305,393000,yfinance
VALE3.SA,5751,6,2023-11-08,55.00873041299641,55.58925439188737,54.77337978049766,55.016571044921875,21047900,yfinance
FLRY3.SA,675,1,2023-11-08,13.623686995093953,13.848665688628008,13.60702155350536,13.823667526245117,2412700,yfinance
KFOF11.SA,1922,2,2023-11-08,73.9873629322729,74.37636064057679,73.9873629322729,74.25188446044922,9786,yfinance
PETR3.SA,3169,3,2023-11-08,26.982496684474327,27.011324799062518,26.290638429559674,26.492429733276367,11870400,yfinance
PETR3.SA,3170,3,2023-11-09,26.708636321937227,27.24915106827206,26.636566039572486,27.0545654296875,14926800,yfinance
VALE3.SA,5752,6,2023-11-09,55.30683235707687,55.80890808689131,55.08717497343491,55.28329849243164,16542700,yfinance
SAPR11.SA,4505,5,2023-11-09,20.642982756530614,21.08219515560573,20.590277737771054,20.994352340698242,788200,yfinance
FLRY3.SA,676,1,2023-11-09,13.923656040880163,13.965319641990154,13.557025886935492,13.682013511657715,2231300,yfinance
KFOF11.SA,1923,2,2023-11-09,74.25187564674394,75.46554645318635,74.06515249526566,74.29855346679688,12999,yfinance
VALE3.SA,5753,6,2023-11-10,56.01288650277659,56.27177102257418,55.62063940679806,56.13056182861328,22200500,yfinance
PETR3.SA,3171,3,2023-11-10,26.93205056440971,27.205912171943158,26.802326789746523,26.96808433532715,6068100,yfinance
KFOF11.SA,1924,2,2023-11-10,75.3799901732997,75.3799901732997,72.96820509755888,73.67617797851562,16913,yfinance
FLRY3.SA,677,1,2023-11-10,13.948653226776338,14.240292056950262,13.807000171509218,14.090306282043457,7237900,yfinance
SAPR11.SA,4506,5,2023-11-10,21.08219438178122,21.688307939386867,21.003136018812558,21.310585021972656,997000,yfinance
VALE3.SA,5754,6,2023-11-13,56.48357751491392,56.867977963807924,55.64416903292033,56.012882232666016,14410500,yfinance
FLRY3.SA,678,1,2023-11-13,14.090307015517972,14.206961917938536,13.665347827595255,13.748673439025879,3891400,yfinance
PETR3.SA,3172,3,2023-11-13,26.97528949484339,27.580666120732374,26.968081092006525,27.573457717895508,9389000,yfinance
SAPR11.SA,4507,5,2023-11-13,21.451131980588432,22.09238163158586,21.398426965900725,22.08359718322754,810100,yfinance
KFOF11.SA,1925,2,2023-11-13,73.6761459867176,74.04180469491571,73.06153497770713,73.82396697998047,12554,yfinance
PETR3.SA,3173,3,2023-11-14,27.616702365669667,27.90497802261085,27.458150479431975,27.89056396484375,13648600,yfinance
VALE3.SA,5755,6,2023-11-14,56.49926752024353,58.287919256385024,56.40513205033092,57.74661636352539,52233600,yfinance
SAPR11.SA,4508,5,2023-11-14,22.118736267089844,22.434969724589877,21.92548174285658,22.118736267089844,1019400,yfinance
FLRY3.SA,679,1,2023-11-14,13.82366679915275,14.281955293606273,13.798668638084706,14.181965827941895,5503700,yfinance
KFOF11.SA,1926,2,2023-11-14,73.86288966335462,74.04960690872218,73.09266989689925,73.39608764648438,16682,yfinance
PETR3.SA,3174,3,2023-11-16,27.73921819320022,28.092352957153974,27.184289386358415,27.32842445373535,17294000,yfinance
SAPR11.SA,4509,5,2023-11-16,22.02210922832718,22.62822280286217,21.95183531211025,22.514026641845703,1199600,yfinance
VALE3.SA,5756,6,2023-11-16,57.346529147818785,58.31930035332116,57.27592753739784,58.13102340698242,31235400,yfinance
KFOF11.SA,1927,2,2023-11-16,73.36497726636809,73.72285448039494,72.9370773715346,73.68395233154297,26763,yfinance
FLRY3.SA,680,1,2023-11-16,14.123637427954005,14.49026756321765,14.106971988359168,14.323617935180664,5329000,yfinance
VALE3.SA,5757,6,2023-11-17,58.23300790850619,58.56249404063184,58.13101983055122,58.240848541259766,24538600,yfinance
KFOF11.SA,1928,2,2023-11-17,73.65284373987745,73.81622210739975,73.13936971846957,73.45056915283203,10346,yfinance
FLRY3.SA,681,1,2023-11-17,14.323618404424638,14.481935317850692,14.123637890646586,14.173632621765137,2710700,yfinance
SAPR11.SA,4510,5,2023-11-17,22.59308500702254,22.65457614974189,22.162657060761045,22.514026641845703,646400,yfinance
PETR3.SA,3175,3,2023-11-17,27.494187713953977,28.719352414836457,27.494187713953977,28.48152732849121,15523200,yfinance
VALE3.SA,5758,6,2023-11-20,59.464653099007485,60.13147186369518,59.174388137459175,59.668617248535156,28810100,yfinance
SAPR11.SA,4511,5,2023-11-20,22.680926690206267,22.953237892535665,22.443751606502158,22.891748428344727,926200,yfinance
FLRY3.SA,682,1,2023-11-20,14.298620450554267,14.331951331316859,14.081974493509037,14.21529483795166,2279700,yfinance
KFOF11.SA,1929,2,2023-11-20,73.45053259312935,74.07292521642539,73.29492998558094,73.82396697998047,8114,yfinance
PETR3.SA,3176,3,2023-11-20,28.481526456755372,28.748179651223566,27.89776949126515,28.387836456298828,16363300,yfinance
VALE3.SA,5759,6,2023-11-21,60.6335567583802,61.62202111519019,60.28837739897005,61.112098693847656,45317800,yfinance
FLRY3.SA,683,1,2023-11-21,14.165299901694738,14.315285684354238,14.015314119035237,14.173632621765137,2147200,yfinance
KFOF11.SA,1930,2,2023-11-21,73.32606482491468,73.79286086744257,72.83592987060547,72.83592987060547,14515,yfinance
PETR3.SA,3177,3,2023-11-21,28.092359316624098,28.265325285512237,27.775258247730118,28.106773376464844,13422400,yfinance
SAPR11.SA,4512,5,2023-11-21,22.882964127672825,22.970806937996972,22.452536200092965,22.610652923583984,666300,yfinance
PETR3.SA,3178,3,2023-11-22,27.935906085875292,28.152519226074215,27.36075475976418,28.15251922607422,16123400,yfinance
KFOF11.SA,1931,2,2023-11-22,73.27939758155534,73.6917342442494,72.8514976850042,73.13157653808594,17856,yfinance
FLRY3.SA,684,1,2023-11-22,14.173632584600943,14.473604149133399,14.065308813273624,14.140301704406738,2619800,yfinance
SAPR11.SA,4513,5,2023-11-22,22.60186919738235,23.014729916462592,22.197794602623805,22.487674713134766,1023500,yfinance
VALE3.SA,5760,6,2023-11-22,61.33987343805246,61.51778836627425,60.01360637116727,60.53117370605469,33715300,yfinance
PETR3.SA,3179,3,2023-11-23,28.152512402237726,28.279495239257812,27.92842822739714,28.279495239257812,2804600,yfinance
KFOF11.SA,1932,2,2023-11-23,73.13157653808594,73.62171156316168,72.55586153369997,73.13157653808594,10848,yfinance
FLRY3.SA,685,1,2023-11-23,14.131969523688618,14.306953472778561,14.065309350060046,14.198631286621094,1084200,yfinance
SAPR11.SA,4514,5,2023-11-23,22.48767404469391,22.62822187134194,22.31198842365275,22.56673240661621,347800,yfinance
VALE3.SA,5761,6,2023-11-23,60.1430023447609,60.345177281306555,59.908478677981215,60.151084899902344,10279200,yfinance
PETR3.SA,3180,3,2023-11-24,28.159987396792665,28.76501446787579,27.891085209917826,28.19733428955078,11929600,yfinance
VALE3.SA,5762,6,2023-11-24,60.248126324152544,60.248126324152544,59.3585579077066,59.6416015625,16667000,yfinance
KFOF11.SA,1933,2,2023-11-24,73.12377877637815,73.1860198267953,71.19435369851213,71.55223083496094,41070,yfinance
FLRY3.SA,686,1,2023-11-24,14.156967673459484,14.181965834539158,13.965319873093689,14.040312767028809,1373700,yfinance
SAPR11.SA,4515,5,2023-11-24,22.443753326307753,22.47010667389279,22.118737083404163,22.303205490112305,504800,yfinance
FLRY3.SA,687,1,2023-11-27,14.040311832423258,14.148634011283482,13.898658774342167,14.056977272033691,2371200,yfinance
KFOF11.SA,1934,2,2023-11-27,71.53668683945142,72.63366338938621,71.53668683945142,72.32246398925781,20900,yfinance
SAPR11.SA,4516,5,2023-11-27,22.2329300795303,22.50524295990834,22.08359780416443,22.19779396057129,631200,yfinance
VALE3.SA,5763,6,2023-11-27,59.39091678573527,59.730569229536506,58.95421814232369,59.28578186035156,17312300,yfinance
PETR3.SA,3181,3,2023-11-27,28.025532739387124,28.27949556698557,27.644587073297007,28.01059341430664,9476000,yfinance
FLRY3.SA,688,1,2023-11-28,14.098640231526284,14.356948205674014,14.03198005789771,14.198631286621094,1778700,yfinance
KFOF11.SA,1935,2,2023-11-28,72.53253852666494,72.95265096279364,72.00350123655056,72.58699798583984,5033,yfinance
VALE3.SA,5764,6,2023-11-28,58.45281037871513,59.657771143332035,58.35577036834172,59.415164947509766,22019000,yfinance
SAPR11.SA,4517,5,2023-11-28,22.048463714744226,22.663360094556673,22.048463714744226,22.461322784423828,1162100,yfinance
PETR3.SA,3182,3,2023-11-28,28.01060254077997,28.45130280139701,28.01060254077997,28.27203369140625,7718000,yfinance
KFOF11.SA,1936,2,2023-11-29,72.97597981332257,73.6450564139473,72.35358104299992,73.13157653808594,11914,yfinance
FLRY3.SA,689,1,2023-11-29,14.1986300480556,14.323617664043349,14.00698067495037,14.090306282043457,2242000,yfinance
PETR3.SA,3183,3,2023-11-29,28.4961135902932,28.600686024118332,27.74916437795928,27.89855194091797,8632000,yfinance
VALE3.SA,5765,6,2023-11-29,59.682051961279114,59.84378946484962,58.80056590811609,59.39900207519531,15853100,yfinance
SAPR11.SA,4518,5,2023-11-29,22.47010501678485,22.71606454971924,22.32955719095441,22.47888946533203,1189300,yfinance
VALE3.SA,5766,6,2023-11-30,59.851871884362716,60.19961303329884,59.617348209974196,59.722476959228516,29712900,yfinance
PETR3.SA,3184,3,2023-11-30,28.05541215957439,28.540927415783848,27.764099586586735,28.159984588623047,15990200,yfinance
SAPR11.SA,4519,5,2023-11-30,22.47888917870035,23.34852946823561,22.25928299420774,23.041080474853516,1670200,yfinance
FLRY3.SA,690,1,2023-11-30,14.073640152274129,14.456937290375256,13.840330371024796,14.306951522827148,4646000,yfinance
KFOF11.SA,1937,2,2023-11-30,73.23271156116361,73.77731195233915,72.89817327114993,73.26383209228516,3657,yfinance
FLRY3.SA,691,1,2023-12-01,14.256958173737681,14.581926308609463,14.256958173737681,14.548595428466797,3711400,yfinance
VALE3.SA,5767,6,2023-12-01,60.43412981445743,61.04065457459097,60.183428718077764,60.83039093017578,25025200,yfinance
SAPR11.SA,4520,5,2023-12-01,23.041080333265022,23.322175979614258,23.005944215202472,23.322175979614258,906200,yfinance
KFOF11.SA,1938,2,2023-12-01,73.05196867855138,74.15049573864428,72.8714999249557,73.09905242919922,7035,yfinance
PETR3.SA,3185,3,2023-12-01,28.085294217790036,28.17493019070155,27.786516189575195,27.786516189575195,7137500,yfinance
VALE3.SA,5768,6,2023-12-04,60.037871645853855,60.24813532219847,59.06743435023076,59.46369552612305,22402300,yfinance
SAPR11.SA,4521,5,2023-12-04,23.27825628910922,23.585705292171042,23.1552773580694,23.462724685668945,683900,yfinance
PETR3.SA,3186,3,2023-12-04,27.674468622913377,27.786512148063373,27.18148224114677,27.241239547729492,10965100,yfinance
FLRY3.SA,692,1,2023-12-04,14.53193165352066,14.53193165352066,14.356947710466358,14.473604202270508,1760700,yfinance
KFOF11.SA,1939,2,2023-12-04,73.09906182010532,74.62130092615214,72.98136140810124,74.52714538574219,6178,yfinance
VALE3.SA,5769,6,2023-12-05,59.22109009043355,59.33430757079559,58.654996518733405,58.913780212402344,25179500,yfinance
KFOF11.SA,1940,2,2023-12-05,74.51145187336645,74.66053946714443,73.85233911738523,74.54283905029297,8635,yfinance
FLRY3.SA,693,1,2023-12-05,14.540265074658542,14.748578318769386,14.481936031292209,14.681918144226074,2511800,yfinance
PETR3.SA,3187,3,2023-12-05,27.338345987783992,27.398103305494693,26.994749959104666,27.039567947387695,13115200,yfinance
SAPR11.SA,4522,5,2023-12-05,23.453941012997905,24.183033473490084,23.436372116248165,24.0600528717041,1448700,yfinance
FLRY3.SA,694,1,2023-12-06,14.815235780540245,14.840232348101988,14.448604093032865,14.565258979797363,1398300,yfinance
SAPR11.SA,4523,5,2023-12-06,24.060052255618036,24.253306763992263,23.96342667689309,24.095190048217773,932500,yfinance
VALE3.SA,5770,6,2023-12-06,59.43943663612554,59.77908907898696,58.323433108199495,58.52560806274414,20503900,yfinance
PETR3.SA,3188,3,2023-12-06,26.92752150198926,27.061972602975768,26.3673095310073,26.397188186645508,11245700,yfinance
KFOF11.SA,1941,2,2023-12-06,74.54284648758828,75.84538752078252,74.54284648758828,75.39812469482422,6458,yfinance
KFOF11.SA,1942,2,2023-12-07,75.68059418778775,75.69629076916712,75.23333740234375,75.23333740234375,4117,yfinance
FLRY3.SA,695,1,2023-12-07,14.59025929252405,14.656919464711153,14.298620443216523,14.498600959777832,3509000,yfinance
SAPR11.SA,4524,5,2023-12-07,24.08640755407032,24.692521121889254,23.937075274331228,24.59589385986328,1625300,yfinance
VALE3.SA,5771,6,2023-12-07,58.78438744396177,59.09977985631562,58.56603505393863,58.71160125732422,17535800,yfinance
PETR3.SA,3189,3,2023-12-07,26.554046740438576,26.99474693635735,26.188043183294,26.479352951049805,9572000,yfinance
KFOF11.SA,1943,2,2023-12-08,75.60211871585294,75.67274134924529,74.77822790288181,74.9351577758789,3537,yfinance
SAPR11.SA,4525,5,2023-12-08,24.51683430878994,24.65738213286304,24.218169763769044,24.47291374206543,626700,yfinance
FLRY3.SA,696,1,2023-12-08,14.481933863707065,14.581924905207826,14.340280815341469,14.573592185974121,2154800,yfinance
PETR3.SA,3190,3,2023-12-08,26.666085320047085,27.495199335407737,26.49428735686013,27.383155822753906,9789800,yfinance
VALE3.SA,5772,6,2023-12-08,59.115950645085306,59.24534556696946,58.49325455071384,58.87334442138672,16083200,yfinance
FLRY3.SA,697,1,2023-12-11,14.581927096438385,14.59025981692425,14.415275865328947,14.540265083312988,1084300,yfinance
SAPR11.SA,4526,5,2023-12-11,24.472916636754235,24.73644341919604,24.183036505883283,24.70130729675293,942900,yfinance
KFOF11.SA,1944,2,2023-12-11,74.93517959920511,75.40597534179688,74.90379241816665,75.40597534179688,9134,yfinance
VALE3.SA,5773,6,2023-12-11,58.29107497196792,59.22916340138628,58.032291318691584,58.92185974121094,15443400,yfinance
PETR3.SA,3191,3,2023-12-11,27.33834176615603,27.510142603351685,27.188954193719404,27.300994873046875,5073100,yfinance
SAPR11.SA,4527,5,2023-12-12,24.710086913676616,25.114163160651227,24.648597450660574,24.99118423461914,1668500,yfinance
FLRY3.SA,698,1,2023-12-12,14.581926307531907,14.715246649485033,14.498600696485243,14.690248489379883,1057100,yfinance
PETR3.SA,3192,3,2023-12-12,27.25618032635857,27.41303899041653,26.66608971465251,26.882705688476562,5063800,yfinance
KFOF11.SA,1945,2,2023-12-12,74.54283590956764,75.40596228595905,74.54283590956764,75.3824234008789,8130,yfinance
VALE3.SA,5774,6,2023-12-12,59.52030013704494,59.722475073767164,58.71160039015604,59.02699279785156,11036300,yfinance
PETR3.SA,3193,3,2023-12-13,26.94992980160175,27.278586439651086,26.81547871117584,27.241239547729492,13523200,yfinance
FLRY3.SA,699,1,2023-12-13,14.681916686909373,15.298523637557032,14.656918527947958,15.206865310668945,4139700,yfinance
KFOF11.SA,1946,2,2023-12-13,75.38242434987441,76.1121597290039,75.17841069912538,76.1121597290039,8371,yfinance
VALE3.SA,5775,6,2023-12-13,58.63072630477278,59.29385978997603,58.47707139250618,59.03507614135742,25288200,yfinance
SAPR11.SA,4528,5,2023-12-13,24.98240107340054,25.69392467211426,24.98240107340054,25.570945739746094,1532000,yfinance
VALE3.SA,5776,6,2023-12-14,59.843784927996296,60.05404860260975,59.32621755193994,59.35856628417969,29454300,yfinance
FLRY3.SA,700,1,2023-12-14,15.248527305744451,15.45684052898852,15.248527305744451,15.331852912902832,2831500,yfinance
SAPR11.SA,4529,5,2023-12-14,25.650004308179515,26.027725557104112,25.57094594375145,25.790552139282227,1350900,yfinance
KFOF11.SA,1947,2,2023-12-14,76.10429366280879,76.1121419515984,75.72765961177153,76.07290649414062,8915,yfinance
PETR3.SA,3194,3,2023-12-14,27.562432764985008,28.003133005217514,27.36075609409362,27.876150131225586,14065900,yfinance
PETR3.SA,3195,3,2023-12-15,27.913489656466307,28.36912910560096,27.55495439715993,27.659526824951172,11963000,yfinance
SAPR11.SA,4530,5,2023-12-15,25.729062363851977,25.931099659204836,25.140517699873698,25.65878677368164,1843300,yfinance
KFOF11.SA,1948,2,2023-12-15,75.71983101788176,76.0493873948803,75.20195157989103,75.71198272705078,8500,yfinance
FLRY3.SA,701,1,2023-12-15,15.78180976742303,15.798473616914842,15.248526851092093,15.48183822631836,5960000,yfinance
VALE3.SA,5777,6,2023-12-15,59.892305424743064,60.08639781974788,59.447524235109206,59.730567932128906,23279500,yfinance
SAPR11.SA,4531,5,2023-12-18,25.65878610574176,25.895961190005735,25.491886609818735,25.737844467163086,971900,yfinance
PETR3.SA,3196,3,2023-12-18,28.010598831747732,28.58575013635254,27.906026385344212,28.227214813232422,9104000,yfinance
FLRY3.SA,702,1,2023-12-18,15.57954353067027,15.621809687880605,15.030075425183178,15.309036254882812,2570800,yfinance
VALE3.SA,5778,6,2023-12-18,59.892300830047056,60.59587182571221,59.60925715474133,60.013607025146484,16333400,yfinance
KFOF11.SA,1949,2,2023-12-18,75.09995357077908,76.02585440642733,75.09995357077908,75.8296890258789,8297,yfinance
KFOF11.SA,1950,2,2023-12-19,75.82966089486325,76.88895235955412,75.52364349365234,75.52364349365234,13592,yfinance
VALE3.SA,5779,6,2023-12-19,60.40986544847651,60.72525783958965,60.142999235150164,60.43413162231445,21763700,yfinance
SAPR11.SA,4532,5,2023-12-19,25.737844385708925,26.106782846020092,25.37769037391258,25.606081008911133,924900,yfinance
PETR3.SA,3197,3,2023-12-19,28.354188852445322,28.45129303909602,28.02553225451547,28.4139461517334,10195200,yfinance
FLRY3.SA,703,1,2023-12-19,15.376663026977658,15.562636375427246,15.309036208236849,15.562636375427246,1614200,yfinance
FLRY3.SA,704,1,2023-12-20,15.562635700253797,15.6471696231,15.266767776467317,15.402021408081055,2345100,yfinance
SAPR11.SA,4533,5,2023-12-20,25.60608322655414,25.66757269602099,25.342556450135525,25.58851432800293,825900,yfinance
KFOF11.SA,1951,2,2023-12-20,75.72767979486335,76.55157074264883,75.72767979486335,76.15139770507812,8330,yfinance
VALE3.SA,5780,6,2023-12-20,60.4341398526357,60.98405597329402,60.24004745483398,60.240047454833984,14147900,yfinance
PETR3.SA,3198,3,2023-12-20,28.518522333575593,28.802363843821933,28.346724349564322,28.466236114501953,12856700,yfinance
VALE3.SA,5781,6,2023-12-21,61.01639739210411,62.31032200695694,60.91126863935049,62.24562454223633,24202600,yfinance
SAPR11.SA,4534,5,2023-12-21,25.597299631218746,25.816905844047906,25.298635047734095,25.55337905883789,749200,yfinance
FLRY3.SA,705,1,2023-12-21,15.461196314532621,15.587996392887604,15.35130173090129,15.444289207458496,2266700,yfinance
KFOF11.SA,1952,2,2023-12-21,76.15137042571246,76.65355310537045,75.98658630869333,76.19844818115234,7159,yfinance
PETR3.SA,3199,3,2023-12-21,28.48117544129231,28.623094771722865,28.23468082332925,28.466236114501953,5735600,yfinance
KFOF11.SA,1953,2,2023-12-22,76.22984145950987,76.58293662660184,75.34317041769498,76.03367614746094,21276,yfinance
PETR3.SA,3200,3,2023-12-22,28.570814653712503,28.8471851348877,28.466242193234635,28.847185134887695,7445200,yfinance
SAPR11.SA,4535,5,2023-12-22,25.553376739350707,25.799336278560027,25.360123892769142,25.65878677368164,698600,yfinance
VALE3.SA,5782,6,2023-12-22,62.37500156307573,63.24030993872452,61.695696821021116,61.77656555175781,26277000,yfinance
FLRY3.SA,706,1,2023-12-22,15.444290474344365,15.714797760318005,15.309036831357547,15.680983543395996,2216400,yfinance
KFOF11.SA,1954,2,2023-12-26,76.03368653616853,76.7948090087512,75.5001165750326,76.64572143554688,8894,yfinance
SAPR11.SA,4536,5,2023-12-26,25.6587876631853,25.790552723860248,25.237144160320042,25.25471305847168,701900,yfinance
PETR3.SA,3201,3,2023-12-26,28.86958925463681,29.310289420042512,28.86958925463681,29.280410766601562,4738700,yfinance
FLRY3.SA,707,1,2023-12-26,15.680984395040921,15.765518329586431,15.511918138300597,15.655625343322754,1514500,yfinance
VALE3.SA,5783,6,2023-12-26,62.39927633191594,62.633793832395114,61.994926452636726,61.99492645263672,12149500,yfinance
VALE3.SA,5784,6,2023-12-27,62.148569789818914,62.71466327336138,62.148569789818914,62.59335708618164,13821200,yfinance
SAPR11.SA,4537,5,2023-12-27,25.26349732434175,25.439181278197076,25.10538059304832,25.360124588012695,980000,yfinance
PETR3.SA,3202,3,2023-12-27,29.29535492721581,29.377519813043463,29.086207168003874,29.235597610473633,5073800,yfinance
FLRY3.SA,708,1,2023-12-27,15.596447870232641,15.706340826884599,15.444287151522037,15.630260467529297,1601500,yfinance
KFOF11.SA,1955,2,2023-12-27,76.64571907810439,76.89681046465178,76.37108880945738,76.63787078857422,7376,yfinance
KFOF11.SA,1956,2,2023-12-28,76.63002927120439,77.28914192271495,76.54371604496026,76.79480743408203,10748,yfinance
SAPR11.SA,4538,5,2023-12-28,25.351338093266264,25.641218185424805,25.33376919665976,25.641218185424805,798000,yfinance
VALE3.SA,5785,6,2023-12-28,62.269880256055146,62.641881397717576,62.067705320158865,62.431617736816406,16545800,yfinance
PETR3.SA,3203,3,2023-12-28,29.15343003997343,29.258002485256714,29.004042460646126,29.1160831451416,11746400,yfinance
FLRY3.SA,709,1,2023-12-28,15.60490322955822,15.63871744661433,15.19914229898859,15.249863624572754,8182700,yfinance
FLRY3.SA,710,1,2024-01-02,15.224502294824571,15.283675559729883,14.937087911841168,15.089248657226562,2855400,yfinance
SAPR11.SA,4539,5,2024-01-02,25.7890930046597,25.7890930046597,25.1250734127051,25.394269943237305,1132000,yfinance
PETR3.SA,3204,3,2024-01-02,29.13101924522494,29.601598046244867,29.13101924522494,29.399921417236328,6743900,yfinance
KFOF11.SA,1957,2,2024-01-02,77.61161262180107,79.2531371945339,77.31026603008182,78.74561309814453,7870,yfinance
VALE3.SA,5786,6,2024-01-02,62.75509531028782,63.224142615747716,61.93830688800615,62.3103141784668,18021800,yfinance
PETR3.SA,3205,3,2024-01-03,29.414864100918926,30.565163852266643,29.38498544519939,30.400836944580078,9800500,yfinance
KFOF11.SA,1958,2,2024-01-03,78.94385046353587,79.30863296303104,78.25393218504693,78.9041976928711,7135,yfinance
VALE3.SA,5787,6,2024-01-03,62.035363124492186,62.189018066323136,61.33988077815955,61.98684310913086,25315100,yfinance
FLRY3.SA,711,1,2024-01-03,15.021621351827513,15.072341061196152,14.861007057751253,14.920180320739746,3177300,yfinance
SAPR11.SA,4540,5,2024-01-03,25.430164495172992,25.546815872192383,25.151994510349944,25.546815872192383,665600,yfinance
FLRY3.SA,712,1,2024-01-04,14.911725979231896,14.911725979231896,14.565138360882885,14.734206199645996,1828100,yfinance
KFOF11.SA,1959,2,2024-01-04,78.90418988772404,81.5052516617255,78.87246888436272,80.2602310180664,12368,yfinance
VALE3.SA,5788,6,2024-01-04,61.80891822525831,61.978744421617364,60.94360979434937,61.153873443603516,18707000,yfinance
PETR3.SA,3206,3,2024-01-04,30.468060290115496,30.834063823341083,29.907848358154297,29.907848358154297,10680600,yfinance
SAPR11.SA,4541,5,2024-01-04,25.537841196642493,25.537841196642493,24.52386579086881,24.5687313079834,876100,yfinance
KFOF11.SA,1960,2,2024-01-05,80.17302174566387,82.8692472687469,80.13337501821768,81.99694061279297,12437,yfinance
SAPR11.SA,4542,5,2024-01-05,24.46105325904911,24.990474573580457,24.335428442553454,24.819982528686523,591200,yfinance
VALE3.SA,5789,6,2024-01-05,60.67674185828029,60.692919308579135,59.94082828680981,60.36943817138672,21082500,yfinance
FLRY3.SA,713,1,2024-01-05,14.67503347589174,14.920180077468489,14.598953106904014,14.827194213867188,1709700,yfinance
PETR3.SA,3207,3,2024-01-05,30.094587217508153,30.415775636312095,29.86303191460275,30.169281005859375,6858500,yfinance
FLRY3.SA,714,1,2024-01-08,14.81874108533133,14.920180505323557,14.675033896716918,14.911726951599121,1667000,yfinance
PETR3.SA,3208,3,2024-01-08,29.728573938167603,29.870496092339867,29.138483458803833,29.60906219482422,9800700,yfinance
SAPR11.SA,4543,5,2024-01-08,24.811009652744325,25.394269943237305,24.676411387478222,25.394269943237305,576600,yfinance
VALE3.SA,5790,6,2024-01-08,59.79525993820677,60.29664982147089,59.447518807932,60.06212615966797,23013300,yfinance
KFOF11.SA,1961,2,2024-01-08,81.91765358129369,82.75823935318756,81.3308238441552,82.63135528564453,11306,yfinance
VALE3.SA,5791,6,2024-01-09,59.92464843605318,59.97317461511636,59.15638616464951,59.30195236206055,15257400,yfinance
PETR3.SA,3209,3,2024-01-09,29.818216880212667,29.937731512408146,29.377519496227325,29.44474220275879,12493100,yfinance
SAPR11.SA,4544,5,2024-01-09,25.1430204551488,25.93266487121582,25.13404700920931,25.93266487121582,828800,yfinance
KFOF11.SA,1962,2,2024-01-09,82.6154896358149,82.6154896358149,81.52114188717565,81.67974090576172,14754,yfinance
FLRY3.SA,715,1,2024-01-09,14.877916582235775,14.945543409831588,14.776475534666679,14.79338264465332,1908400,yfinance
VALE3.SA,5792,6,2024-01-10,58.86525390624729,58.86525390624729,58.18594292679176,58.412384033203125,21354600,yfinance
FLRY3.SA,716,1,2024-01-10,14.793380973933887,14.903273951734574,14.565139851943343,14.708847045898438,6892300,yfinance
PETR3.SA,3210,3,2024-01-10,29.497025930511317,29.60159836533518,29.048854689199572,29.153427124023438,12142400,yfinance
KFOF11.SA,1963,2,2024-01-10,81.67972188810023,81.90969464662031,80.19679660391766,81.28321838378906,11495,yfinance
SAPR11.SA,4545,5,2024-01-10,25.932665617837326,26.183916976847275,25.78012045549376,26.112131118774414,662200,yfinance
VALE3.SA,5793,6,2024-01-11,58.59029730231117,58.96230463511744,58.10507866241527,58.71969223022461,20289100,yfinance
PETR3.SA,3211,3,2024-01-11,29.28787972408311,29.609068132993183,29.131021063746175,29.45220947265625,8502900,yfinance
FLRY3.SA,717,1,2024-01-11,14.66658104874014,14.93708833153675,14.59050067390977,14.818741798400879,1839900,yfinance
SAPR11.SA,4546,5,2024-01-11,26.19288812744344,26.19288812744344,25.627573047093957,26.022396087646484,825000,yfinance
KFOF11.SA,1964,2,2024-01-11,81.37045353241994,81.37838529693146,80.63295673710458,80.88671875,6088,yfinance
VALE3.SA,5794,6,2024-01-12,58.388121377897384,58.79247126602657,57.935251477557394,57.97568893432617,16343400,yfinance
FLRY3.SA,718,1,2024-01-12,14.827194213867188,14.903272970504448,14.67503347589174,14.827194213867188,992400,yfinance
KFOF11.SA,1965,2,2024-01-12,80.88673799261083,80.88673799261083,80.40300309511241,80.490234375,9193,yfinance
PETR3.SA,3212,3,2024-01-12,29.803270558622668,29.930250539319196,29.58665463338006,29.60906219482422,5163800,yfinance
SAPR11.SA,4547,5,2024-01-12,26.022396087646484,26.067261603193714,25.51092167976533,26.022396087646484,577600,yfinance
FLRY3.SA,719,1,2024-01-15,14.827193409816408,14.861006009560434,14.67503268009235,14.776472091674805,960200,yfinance
VALE3.SA,5795,6,2024-01-15,57.595596325179926,57.983768744265966,57.17506900629913,57.86246871948242,12745700,yfinance
SAPR11.SA,4548,5,2024-01-15,25.86087817866072,26.41721982834373,25.86087817866072,26.372352600097656,617400,yfinance
PETR3.SA,3213,3,2024-01-15,29.399922645225327,29.907848358154297,29.362575752971626,29.907848358154297,2358000,yfinance
KFOF11.SA,1966,2,2024-01-15,80.50608658297891,80.80743318472494,80.18888854980469,80.18888854980469,12907,yfinance
FLRY3.SA,720,1,2024-01-16,14.70884594010771,14.70884594010771,14.38761897254308,14.463699340820312,1863000,yfinance
VALE3.SA,5796,6,2024-01-16,57.90290442870277,58.056559365021556,56.819249658574016,57.110382080078125,22620300,yfinance
PETR3.SA,3214,3,2024-01-16,29.87796821509345,30.064705516437783,29.571719154864144,29.579187393188477,11899500,yfinance
SAPR11.SA,4549,5,2024-01-16,26.291594294041445,26.41722082636677,25.98650397648109,26.076236724853516,999400,yfinance
KFOF11.SA,1967,2,2024-01-16,80.71225927129124,81.25150432527201,80.19680346157723,80.33161926269531,7231,yfinance
SAPR11.SA,4550,5,2024-01-17,26.06726324023606,26.34543493092934,25.986503937971538,26.130077362060547,1261000,yfinance
VALE3.SA,5797,6,2024-01-17,56.827326695118636,56.980981616514285,55.80028076392519,56.08332443237305,43086400,yfinance
FLRY3.SA,721,1,2024-01-17,14.455246708327524,14.472153816210787,14.243912696838379,14.243912696838379,2408700,yfinance
PETR3.SA,3215,3,2024-01-17,29.392451372025384,29.55678111616897,29.235592715916624,29.33269691467285,13086900,yfinance
KFOF11.SA,1968,2,2024-01-17,81.44974490143524,81.44974490143524,80.34746570068377,80.80741119384766,7073,yfinance
VALE3.SA,5798,6,2024-01-18,56.77071873539219,56.93246238377406,55.8002815246582,55.8002815246582,30490600,yfinance
KFOF11.SA,1969,2,2024-01-18,80.80742229852214,81.56870836587785,80.33161926269531,80.33161926269531,7840,yfinance
FLRY3.SA,722,1,2024-01-18,14.286179632291175,14.286179632291175,13.829698981034744,13.914231300354004,2914200,yfinance
SAPR11.SA,4551,5,2024-01-18,26.130077102277614,26.174942620196383,25.376324762975678,25.394269943237305,1220600,yfinance
PETR3.SA,3216,3,2024-01-18,29.45967913661109,29.489557792230723,29.004042460646126,29.1160831451416,10013300,yfinance
VALE3.SA,5799,6,2024-01-19,56.20463344567552,56.212722170862676,55.032021259009326,55.072452545166016,60583000,yfinance
PETR3.SA,3217,3,2024-01-19,29.205710553952994,29.474612703198165,28.824767742112247,29.093669891357422,5920700,yfinance
FLRY3.SA,723,1,2024-01-19,13.981858129492137,13.981858129492137,13.525375918320599,13.795883178710938,2663200,yfinance
KFOF11.SA,1970,2,2024-01-19,80.33162446483553,80.96602653696617,79.34036555510244,80.17301940917969,8103,yfinance
SAPR11.SA,4552,5,2024-01-19,25.43016475025289,25.85190645479621,25.2686461408291,25.46605682373047,2243300,yfinance
FLRY3.SA,724,1,2024-01-22,13.787430474190145,13.838151797899153,13.660630389618731,13.770524978637695,2159400,yfinance
KFOF11.SA,1971,2,2024-01-22,80.16508153495529,80.85499986161412,79.41965900575188,79.89546203613281,26436,yfinance
PETR3.SA,3218,3,2024-01-22,28.98910212619769,29.31775877844485,28.832240614334307,29.160900115966797,6141100,yfinance
VALE3.SA,5800,6,2024-01-22,54.58723303590699,54.975411630024794,54.2718406275129,54.8298454284668,23318900,yfinance
SAPR11.SA,4553,5,2024-01-22,25.528869521445536,25.654494338864616,25.044313720240897,25.331457138061523,798400,yfinance
KFOF11.SA,1972,2,2024-01-23,79.89546487307616,80.73605045826895,78.00017839880987,78.42047119140625,19918,yfinance
FLRY3.SA,725,1,2024-01-23,13.795884918487557,14.159379700108232,13.736711649358734,14.024126052856445,2923200,yfinance
SAPR11.SA,4554,5,2024-01-23,25.367351948715616,25.798067092895508,25.367351948715616,25.798067092895508,833300,yfinance
VALE3.SA,5801,6,2024-01-23,55.75984593420415,56.42297949001584,55.35549605456557,55.96202087402344,33886800,yfinance
PETR3.SA,3219,3,2024-01-23,29.26547575148217,29.758462208347243,29.02645218751036,29.5866641998291,8809700,yfinance
VALE3.SA,5802,6,2024-01-24,56.851591619502585,57.28020147514138,56.40680431465718,56.52811050415039,36922100,yfinance
PETR3.SA,3220,3,2024-01-24,29.65388148949895,29.922783636359313,29.19824205725054,29.310285568237305,10532200,yfinance
FLRY3.SA,726,1,2024-01-24,14.193192666605677,14.438339276002138,14.159378451598984,14.184739112854004,3042700,yfinance
SAPR11.SA,4555,5,2024-01-24,25.798065939748945,26.013423502212635,25.519895968838735,25.555788040161133,512600,yfinance
KFOF11.SA,1973,2,2024-01-24,78.42840544135099,79.30071206402239,78.26187467203624,78.76146697998047,6233,yfinance
SAPR11.SA,4556,5,2024-01-25,25.555789654772884,25.69038792587787,25.29556655883789,25.29556655883789,415900,yfinance
FLRY3.SA,727,1,2024-01-25,14.184738574018388,14.3115386507757,14.049484943830526,14.091751098632812,996700,yfinance
VALE3.SA,5803,6,2024-01-25,56.60897920872504,56.94054904849433,54.47401248644425,55.13714599609375,47637000,yfinance
KFOF11.SA,1974,2,2024-01-25,78.82489522464299,79.76856941915767,78.75352145017472,79.45929718017578,8945,yfinance
PETR3.SA,3221,3,2024-01-25,29.60160106049016,30.73696431937948,29.571722405138633,30.66973876953125,13127900,yfinance
PETR3.SA,3222,3,2024-01-26,30.542752197340402,31.62582910243876,30.482997743284283,31.34198760986328,10461500,yfinance
SAPR11.SA,4557,5,2024-01-26,25.28659378299984,25.367353090106025,24.963556554575113,25.250699996948242,702500,yfinance
FLRY3.SA,728,1,2024-01-26,14.100205710309783,14.125564760154218,13.863511033541428,13.939591407775879,2244200,yfinance
KFOF11.SA,1975,2,2024-01-26,79.1500353933224,80.25231475990373,79.1500353933224,79.69721221923828,7775,yfinance
VALE3.SA,5804,6,2024-01-26,54.91070973138884,56.45532291818731,54.58722862408315,56.204627990722656,27397200,yfinance
SAPR11.SA,4558,5,2024-01-29,25.25069754602066,25.25069754602066,24.784090353209937,25.044313430786133,562400,yfinance
PETR3.SA,3223,3,2024-01-29,31.401746431941948,31.790160374938736,31.058150468693512,31.640769958496094,9031900,yfinance
FLRY3.SA,729,1,2024-01-29,13.88887251745549,13.905779626585785,13.753618869114469,13.871965408325195,1448100,yfinance
VALE3.SA,5805,6,2024-01-29,56.19654306879111,56.19654306879111,55.17758584118176,55.93775939941406,15866100,yfinance
KFOF11.SA,1976,2,2024-01-29,80.09372107043109,80.43471438234147,79.76858523923461,80.046142578125,7541,yfinance
KFOF11.SA,1977,2,2024-01-30,80.04613775999609,80.21266852320791,79.69721270364903,80.00648498535156,8402,yfinance
SAPR11.SA,4559,5,2024-01-30,25.044314588692203,25.044314588692203,24.71230564214033,24.864849090576172,729700,yfinance
FLRY3.SA,730,1,2024-01-30,13.863512052263655,13.880419161636032,13.576097642335997,13.685992240905762,3744100,yfinance
PETR3.SA,3224,3,2024-01-30,31.513789196347556,31.924613581145493,31.461502974534252,31.498849868774414,7717800,yfinance
VALE3.SA,5806,6,2024-01-30,56.12376392541713,56.28550140758077,54.90262557444645,55.62236785888672,34371300,yfinance
PETR3.SA,3225,3,2024-01-31,31.49884320699682,32.06652613717384,31.37186322355854,31.491374969482422,13596100,yfinance
KFOF11.SA,1978,2,2024-01-31,79.95096412581336,82.85337260007836,79.95096412581336,80.56157684326172,13249,yfinance
SAPR11.SA,4560,5,2024-01-31,24.775117670640626,25.69936035059656,24.775117670640626,25.19685935974121,1021400,yfinance
VALE3.SA,5807,6,2024-01-31,55.07244791530982,55.46062648309562,54.79749298095703,54.79749298095703,34753400,yfinance
FLRY3.SA,731,1,2024-01-31,13.643723648384118,13.93113804105707,13.618364598198655,13.753618240356445,3064900,yfinance
SAPR11.SA,4561,5,2024-02-01,25.241726529529885,25.358379622591052,24.523867924191602,25.277620315551758,784200,yfinance
KFOF11.SA,1979,2,2024-02-01,80.96124142005624,82.48790395849315,80.40972148981447,81.3369140625,9896,yfinance
VALE3.SA,5808,6,2024-02-01,54.88645730907878,55.209932291174425,54.304192469482956,54.54679870605469,21060300,yfinance
FLRY3.SA,732,1,2024-02-01,13.787430343556585,13.922683980797993,13.753617740421502,13.880417823791504,1856900,yfinance
PETR3.SA,3226,3,2024-02-01,31.82003747606483,32.70890892297717,31.58101393976537,32.08893966674805,18007300,yfinance
KFOF11.SA,1980,2,2024-02-02,81.33693302162777,83.12736690910057,80.72946209441497,81.53675842285156,30830,yfinance
PETR3.SA,3227,3,2024-02-02,32.118817045577025,32.32796191918682,31.573544446962057,31.618362426757812,11798300,yfinance
FLRY3.SA,733,1,2024-02-02,13.82124506143534,13.948045149414442,13.50001725822294,13.753618240356445,5264700,yfinance
SAPR11.SA,4562,5,2024-02-02,25.277618188510555,25.277618188510555,24.389267597340442,24.39824104309082,975500,yfinance
VALE3.SA,5809,6,2024-02-02,54.393146871484966,54.40122942665845,53.301403443787464,53.438880920410156,32589900,yfinance
FLRY3.SA,734,1,2024-02-05,13.745163470475363,13.871963547239528,13.64372244165376,13.795883178710938,1888300,yfinance
KFOF11.SA,1981,2,2024-02-05,81.53673853109653,82.63977228140766,80.9372624736737,81.32891845703125,31182,yfinance
VALE3.SA,5810,6,2024-02-05,53.29331293031328,53.53591914505501,52.84852561511958,52.97792053222656,24103300,yfinance
PETR3.SA,3228,3,2024-02-05,31.5287264671663,31.984365955574955,31.38680713855754,31.618362426757812,11064600,yfinance
SAPR11.SA,4563,5,2024-02-05,24.380293833485446,24.730249655635223,24.0752035279924,24.649490356445312,1060000,yfinance
SAPR11.SA,4564,5,2024-02-06,24.416186918771796,24.927663072058166,24.416186918771796,24.721277236938477,1396300,yfinance
PETR3.SA,3229,3,2024-02-06,31.685592025882066,32.39519452230114,31.685592025882066,32.09641647338867,12996300,yfinance
KFOF11.SA,1982,2,2024-02-06,81.33693578192545,82.08827516925746,80.59358502021863,81.04918670654297,14077,yfinance
FLRY3.SA,735,1,2024-02-06,13.753618549695226,14.057938445219548,13.618364904495387,13.990311622619629,2021800,yfinance
VALE3.SA,5811,6,2024-02-06,53.4307931856539,54.11010419607392,53.19626951359755,53.916011810302734,27505600,yfinance
PETR3.SA,3230,3,2024-02-07,32.08147195344874,32.454946591208596,31.932081528467727,32.40266036987305,11727300,yfinance
SAPR11.SA,4565,5,2024-02-07,24.604624244549004,25.03533935546875,24.56873046288417,25.03533935546875,917800,yfinance
FLRY3.SA,736,1,2024-02-07,13.948044776916504,13.9987644882835,13.795884030464963,13.948044776916504,1766100,yfinance
KFOF11.SA,1983,2,2024-02-07,81.04916032572338,81.52873992919922,80.74542190157979,81.52873992919922,24747,yfinance
VALE3.SA,5812,6,2024-02-07,54.03731614692228,54.23140235611609,53.77853247803408,54.02114486694336,19863400,yfinance
PETR3.SA,3231,3,2024-02-08,32.39519134581927,32.581928676598885,32.14122846198358,32.290618896484375,8013000,yfinance
FLRY3.SA,737,1,2024-02-08,13.83815171369702,13.981858905297008,13.62681770324707,13.62681770324707,2740500,yfinance
SAPR11.SA,4566,5,2024-02-08,24.784090798887398,24.918689062916847,24.27261465715983,24.541812896728516,1975100,yfinance
KFOF11.SA,1984,2,2024-02-08,81.60866249676549,81.832465887761,80.75341033935547,80.75341033935547,7835,yfinance
VALE3.SA,5813,6,2024-02-08,54.5791448639721,54.5791448639721,53.349923948272405,53.544010162353516,25812100,yfinance
SAPR11.SA,4567,5,2024-02-09,24.281590104821685,25.37632662193727,24.111099755033134,25.080209732055664,1246300,yfinance
FLRY3.SA,738,1,2024-02-09,13.69444585350885,13.762072678933677,13.55073864793725,13.609911918640137,1651300,yfinance
PETR3.SA,3232,3,2024-02-09,32.29061558037319,32.52217087253894,31.760282299274632,31.924612045288086,12000000,yfinance
VALE3.SA,5814,6,2024-02-09,53.45505259191126,53.851313744443345,52.872787780906854,53.309486389160156,18534800,yfinance
KFOF11.SA,1985,2,2024-02-09,80.76940379477253,81.36887980681236,80.76940379477253,80.8173599243164,7627,yfinance
KFOF11.SA,1986,2,2024-02-14,80.81735478303774,81.02517482814942,80.54558917047862,80.72943115234375,2661,yfinance
FLRY3.SA,739,1,2024-02-14,13.626817213990224,13.635269155236285,13.330949287513018,13.457749366760254,2661700,yfinance
SAPR11.SA,4568,5,2024-02-14,24.954580508163794,24.954580508163794,23.482969663566656,23.572702407836914,996200,yfinance
PETR3.SA,3233,3,2024-02-14,31.767750971134284,31.864855172319366,31.431626085175267,31.603424072265625,5693300,yfinance
VALE3.SA,5815,6,2024-02-14,53.36609708167884,53.487403283400184,52.97792464003819,53.14775085449219,12497900,yfinance
PETR3.SA,3234,3,2024-02-15,31.648241724343727,32.49976348876953,31.401749931718868,32.49976348876953,9115100,yfinance
KFOF11.SA,1987,2,2024-02-15,80.78539753558056,81.51276478426281,79.57046201135343,80.59356689453125,6892,yfinance
VALE3.SA,5816,6,2024-02-15,52.969831807435064,53.26905292582803,52.59783067558635,52.97792053222656,17360200,yfinance
SAPR11.SA,4569,5,2024-02-15,23.45604909640766,23.797033178982964,23.070199497892844,23.626541137695312,1035200,yfinance
FLRY3.SA,740,1,2024-02-15,13.390121967782521,13.50846848828438,13.305588047845301,13.440841674804688,3716600,yfinance
VALE3.SA,5817,6,2024-02-16,53.77044265829617,55.25036462675395,53.64913646631141,54.991580963134766,40947100,yfinance
FLRY3.SA,741,1,2024-02-16,13.483110110599954,13.542284183503133,13.305589504241008,13.42393684387207,2179800,yfinance
SAPR11.SA,4570,5,2024-02-16,23.62654182343391,24.08417728764023,23.384263922705312,23.976497650146484,752200,yfinance
PETR3.SA,3235,3,2024-02-16,32.34290585404735,33.097326283148185,32.298090717251476,33.0898551940918,13005700,yfinance
KFOF11.SA,1988,2,2024-02-16,81.03317374925237,82.30406614650656,80.729441412552,80.90528869628906,10512,yfinance
SAPR11.SA,4571,5,2024-02-19,23.707302369593183,23.877794424789272,23.357346524488992,23.59962272644043,523700,yfinance
VALE3.SA,5818,6,2024-02-19,54.215231110464934,54.66001226389444,53.89174998167753,54.57914352416992,12571600,yfinance
FLRY3.SA,742,1,2024-02-19,13.373217269625341,13.42393779195666,13.297136889216036,13.314043998718262,3679700,yfinance
KFOF11.SA,1989,2,2024-02-19,80.9132731342089,81.41683075694128,80.32978050307473,80.72943115234375,4218,yfinance
PETR3.SA,3236,3,2024-02-19,33.08237915908305,33.239237799678584,32.962867406812414,33.23176956176758,3734700,yfinance
PETR3.SA,3237,3,2024-02-20,33.179484239599276,33.20936289338177,32.357841206277406,32.566986083984375,17427300,yfinance
FLRY3.SA,743,1,2024-02-20,13.288683202108167,13.474656556445886,13.254869791667192,13.42393684387207,4684400,yfinance
SAPR11.SA,4572,5,2024-02-20,23.563729520970135,23.80600742279147,23.42913125712821,23.752166748046875,1018000,yfinance
KFOF11.SA,1990,2,2024-02-20,80.72943317293827,81.16905133741149,79.53048119512235,79.69833374023438,18558,yfinance
VALE3.SA,5819,6,2024-02-20,53.495488281402274,53.665314484023256,52.71913728232523,53.38227081298828,44417200,yfinance
VALE3.SA,5820,6,2024-02-21,53.06687505965601,53.88365729162557,53.050697610967944,53.786617279052734,20362800,yfinance
SAPR11.SA,4573,5,2024-02-21,23.752166692617546,23.761140138387372,23.258639155845614,23.411184310913086,1047400,yfinance
PETR3.SA,3238,3,2024-02-21,32.56698597545325,32.89564546719493,32.44000597137869,32.64915084838867,7858600,yfinance
FLRY3.SA,744,1,2024-02-21,13.432389677145267,13.508469241923,13.263321827838517,13.339402198791504,1887100,yfinance
KFOF11.SA,1991,2,2024-02-21,79.97810815007739,80.24987383796943,79.76229942285173,79.92215728759766,6964,yfinance
SAPR11.SA,4574,5,2024-02-22,23.420158759977237,23.617569440840917,23.19582774065085,23.509891510009766,592400,yfinance
KFOF11.SA,1992,2,2024-02-22,79.91415402560955,80.27383720449981,79.11485265191072,79.250732421875,17427,yfinance
PETR3.SA,3239,3,2024-02-22,32.79107779222934,32.82842469006573,32.111353993818604,32.671566009521484,9570500,yfinance
FLRY3.SA,745,1,2024-02-22,13.373215422507393,13.390122529674395,13.254868897039339,13.347855567932129,2721700,yfinance
VALE3.SA,5821,6,2024-02-22,54.05349182317955,54.82984906287618,54.02114926059122,54.360801696777344,35910500,yfinance
PETR3.SA,3240,3,2024-02-23,32.61927514896729,32.66409313355075,32.10388114849226,32.58192825317383,13303800,yfinance
KFOF11.SA,1993,2,2024-02-23,79.33067425450123,80.71346853931828,79.32267953197078,80.01807403564453,6730,yfinance
FLRY3.SA,746,1,2024-02-23,13.339401691872144,13.398575759350894,13.170334655165474,13.288681983947754,3232200,yfinance
VALE3.SA,5822,6,2024-02-23,55.19375962378863,55.85689319225322,54.37697112376493,54.49018859863281,42133700,yfinance
SAPR11.SA,4575,5,2024-02-23,23.509889991844503,23.509889991844503,23.088146607378913,23.150959014892578,842900,yfinance
FLRY3.SA,747,1,2024-02-26,13.288682488939681,13.407029016044103,13.221055671687083,13.339402198791504,2045600,yfinance
PETR3.SA,3241,3,2024-02-26,32.566987503041005,33.082384330398305,32.447475732088726,32.9255256652832,6699800,yfinance
SAPR11.SA,4576,5,2024-02-26,23.150961179995203,23.348373578082928,22.962523939831357,23.070201873779297,470900,yfinance
KFOF11.SA,1994,2,2024-02-26,80.40972917767735,80.88930885504193,80.01007843017578,80.01007843017578,18537,yfinance
VALE3.SA,5823,6,2024-02-26,53.81088591724485,53.818974642886886,52.92939991895959,53.17201232910156,33864400,yfinance
SAPR11.SA,4577,5,2024-02-27,23.133016715886296,23.375292930535572,22.99841672701342,23.276588439941406,578600,yfinance
FLRY3.SA,748,1,2024-02-27,13.415482939307035,13.795883998375801,13.381669529749262,13.728257179260254,2203600,yfinance
PETR3.SA,3242,3,2024-02-27,33.14960614281109,33.14960614281109,32.64914869941074,32.84335708618164,8188500,yfinance
VALE3.SA,5824,6,2024-02-27,53.77853549437694,54.724712758391696,53.66531801850626,54.57106399536133,28141800,yfinance
KFOF11.SA,1995,2,2024-02-27,80.0260756551482,80.88931671905367,78.73120491200945,80.53762817382812,12480,yfinance
SAPR11.SA,4578,5,2024-02-28,23.20480236152257,23.653464422888376,23.195828914914063,23.30350685119629,884700,yfinance
PETR3.SA,3243,3,2024-02-28,32.73131192250234,33.08237893906848,30.811652811642897,31.073083877563477,17368700,yfinance
FLRY3.SA,749,1,2024-02-28,13.694444218230224,13.7705245892921,13.347855771595547,13.449295997619629,3483000,yfinance
KFOF11.SA,1996,2,2024-02-28,80.54559253923998,80.8813037332874,79.81823149820517,80.64950561523438,8332,yfinance
VALE3.SA,5825,6,2024-02-28,54.02114428221756,54.36079668710267,53.64105442298882,53.972618103027344,20331500,yfinance
KFOF11.SA,1997,2,2024-02-29,80.8892995115403,81.28895021287832,80.65750747116772,80.7694091796875,8680,yfinance
VALE3.SA,5826,6,2024-02-29,53.81896955735016,54.57106055385478,53.77044337797324,54.1747932434082,20717000,yfinance
SAPR11.SA,4579,5,2024-02-29,23.30350414842521,23.38426344702528,23.13301381716705,23.177879333496094,835200,yfinance
FLRY3.SA,750,1,2024-02-29,13.449295997619629,13.474655852581835,13.254869099283955,13.449295997619629,2616700,yfinance
PETR3.SA,3244,3,2024-02-29,31.185127752560344,31.67064585133622,30.430710346886467,30.78924560546875,18875500,yfinance
FLRY3.SA,751,1,2024-03-01,13.457749058118177,13.694443716341647,13.423935650682711,13.576095581054688,2391900,yfinance
VALE3.SA,5827,6,2024-03-01,54.09392704312843,54.23140452305522,53.67340587809073,54.085838317871094,22423300,yfinance
PETR3.SA,3245,3,2024-03-01,30.908757361078912,31.26729261969309,30.759366957643437,30.781774520874023,9662900,yfinance
KFOF11.SA,1998,2,2024-03-01,81.4139560645951,81.68788427913432,80.57604823394898,80.7935791015625,8240,yfinance
SAPR11.SA,4580,5,2024-03-01,23.186851791882503,23.50091552734375,23.115065941906476,23.50091552734375,1533400,yfinance
PETR3.SA,3246,3,2024-03-04,30.856472256502197,31.252354417860044,30.53528387485468,30.662263870239258,8429000,yfinance
SAPR11.SA,4581,5,2024-03-04,23.50091731089952,23.689354539571536,23.20480044333649,23.330425262451172,821700,yfinance
FLRY3.SA,752,1,2024-03-04,13.626817925001792,13.660630528801748,13.356309839024583,13.432390213012695,1690600,yfinance
KFOF11.SA,1999,2,2024-03-04,80.79355923040531,81.37364959716797,80.60019782376718,81.37364959716797,7258,yfinance
VALE3.SA,5828,6,2024-03-04,54.14244734159513,54.34462228487202,53.68957744301958,53.96453857421875,13148000,yfinance
VALE3.SA,5829,6,2024-03-05,53.37418247588862,53.608706139275455,53.05070134811749,53.25287628173828,24436500,yfinance
FLRY3.SA,753,1,2024-03-05,13.440841436205343,13.516921801563235,13.170334187088566,13.229507446289062,3097400,yfinance
SAPR11.SA,4582,5,2024-03-05,23.24069224611295,23.554756001771864,22.827924010082782,23.016361236572266,903600,yfinance
KFOF11.SA,2000,2,2024-03-05,81.37366151124773,81.37366151124773,80.68077637692878,81.0916748046875,5989,yfinance
PETR3.SA,3247,3,2024-03-05,30.684672602970128,30.76683461639722,30.191683426098237,30.47552490234375,10137400,yfinance
KFOF11.SA,2001,2,2024-03-06,81.09169642871727,81.36562468903641,80.16516316279223,80.58411407470703,9647,yfinance
PETR3.SA,3248,3,2024-03-06,30.639862483363114,30.998397827148438,30.55022935976319,30.998397827148438,19565300,yfinance
SAPR11.SA,4583,5,2024-03-06,23.01635982309148,23.195825304306602,22.72921642235502,22.854841232299805,808000,yfinance
FLRY3.SA,754,1,2024-03-06,13.229508467775457,13.415482618990408,13.136521795255609,13.263321876525879,2161100,yfinance
VALE3.SA,5830,6,2024-03-06,53.55210297395674,54.24758531153202,53.51166551507145,53.980712890625,33510700,yfinance
KFOF11.SA,2002,2,2024-03-07,80.58409429154852,81.35755234141097,80.58409429154852,80.9788818359375,3541,yfinance
SAPR11.SA,4584,5,2024-03-07,22.792031105704154,23.37529141069368,22.729218694452797,23.339399337768555,911600,yfinance
PETR3.SA,3249,3,2024-03-07,30.863942201737775,31.170191274504194,30.7145517846696,30.819124221801758,7828400,yfinance
VALE3.SA,5831,6,2024-03-07,54.554884173539996,54.71662782481823,53.7461844268171,53.79470443725586,19036200,yfinance
FLRY3.SA,755,1,2024-03-07,13.314041364725652,13.347854770865249,13.11116092788807,13.229507446289062,1923300,yfinance
PETR3.SA,3250,3,2024-03-08,27.472794323641775,28.354194724997324,26.494292564909337,27.62218475341797,81532400,yfinance
VALE3.SA,5832,6,2024-03-08,53.5359195658991,54.166710536920405,53.293313349250255,53.38227081298828,23188200,yfinance
KFOF11.SA,2003,2,2024-03-08,81.05943500631291,81.37364959716797,80.64853663871463,81.37364959716797,7332,yfinance
SAPR11.SA,4585,5,2024-03-08,23.168906533092155,23.72524819321684,23.124041015513782,23.581676483154297,894000,yfinance
FLRY3.SA,756,1,2024-03-08,13.525376564579169,13.669083755071844,12.857561128950083,12.96745491027832,4832700,yfinance
SAPR11.SA,4586,5,2024-03-11,23.572703259096695,23.635515668901242,23.052255377346434,23.133014678955078,597500,yfinance
FLRY3.SA,757,1,2024-03-11,12.925188198059194,13.01817487352175,12.86601493241714,12.992815017700195,2066200,yfinance
VALE3.SA,5833,6,2024-03-11,52.38756742955729,52.38756742955729,51.53034769163808,51.72443389892578,58622400,yfinance
PETR3.SA,3251,3,2024-03-11,27.41304062377719,28.361666602446043,26.994747978647332,27.09185218811035,47244600,yfinance
KFOF11.SA,2004,2,2024-03-11,81.37365711088779,81.37365711088779,80.52769089010437,81.05138397216797,9294,yfinance
KFOF11.SA,2005,2,2024-03-12,81.01109958035494,81.34948359283956,80.57603178708246,81.14806365966797,10130,yfinance
VALE3.SA,5834,6,2024-03-12,52.686366259739195,52.86378910403756,51.25007918530969,51.402156829833984,44680100,yfinance
PETR3.SA,3252,3,2024-03-12,27.637123671223105,28.19733563753168,27.480265004509203,27.913494110107422,27981900,yfinance
FLRY3.SA,758,1,2024-03-12,13.068895428083552,13.33940270740809,12.773027486690879,12.806840896606445,5218200,yfinance
SAPR11.SA,4587,5,2024-03-12,23.222746386468632,23.285560509599325,22.998415366960007,23.08814811706543,745800,yfinance
PETR3.SA,3253,3,2024-03-13,27.988188246534065,28.279497987070794,27.59230322148466,27.637121200561523,20288500,yfinance
FLRY3.SA,759,1,2024-03-13,12.705400381991234,12.73921379114867,12.544786890037235,12.56169319152832,5376000,yfinance
KFOF11.SA,2006,2,2024-03-13,81.14807652723998,81.36560738494559,80.59215545654297,80.59215545654297,8870,yfinance
VALE3.SA,5835,6,2024-03-13,51.19937961218051,51.866831060802696,50.93747065044896,51.731651306152344,32769200,yfinance
SAPR11.SA,4588,5,2024-03-13,23.11506853386574,23.1330154262496,22.729218905162035,22.91765785217285,802200,yfinance
PETR3.SA,3254,3,2024-03-14,27.786511862626558,28.062882279269605,27.3308723774621,27.45038414001465,16708500,yfinance
FLRY3.SA,760,1,2024-03-14,12.527878856836017,12.722306549758782,12.485612703143211,12.671586036682129,3680700,yfinance
SAPR11.SA,4589,5,2024-03-14,22.87278961635261,22.890736507948017,22.45104793291924,22.818950653076172,698500,yfinance
KFOF11.SA,2007,2,2024-03-14,80.59216777835101,81.75234892176084,80.57605688329275,81.16419982910156,11483,yfinance
VALE3.SA,5836,6,2024-03-14,51.621824969508395,51.65562071928811,50.83609151330041,51.07265853881836,30085800,yfinance
PETR3.SA,3255,3,2024-03-15,27.38316248243229,27.637125370078707,27.226303806076274,27.3906307220459,19056600,yfinance
KFOF11.SA,2008,2,2024-03-15,81.1641895828803,81.3736680732958,80.68078288310194,80.7210693359375,8474,yfinance
FLRY3.SA,761,1,2024-03-15,12.663133887566303,12.696948104150207,12.527880245931861,12.620867729187012,6573700,yfinance
VALE3.SA,5837,6,2024-03-15,50.77695394909086,50.895239081208594,50.15174865117008,50.48969650268555,57064200,yfinance
SAPR11.SA,4590,5,2024-03-15,22.98047007040989,23.859847251692518,22.881763874640058,23.31247901916504,1560200,yfinance
VALE3.SA,5838,6,2024-03-18,51.106451979555615,51.537336489488915,50.700909446401994,51.452850341796875,21371000,yfinance
PETR3.SA,3256,3,2024-03-18,27.599777186236448,27.69688139299879,26.778131247160108,27.62218475341797,13273300,yfinance
KFOF11.SA,2009,2,2024-03-18,80.73718536208251,81.349503832385,80.48742654980192,80.6727294921875,14446,yfinance
FLRY3.SA,762,1,2024-03-18,12.663133135866307,12.806840323116079,12.646226834753229,12.722307205200195,2211700,yfinance
SAPR11.SA,4591,5,2024-03-18,23.330423777019554,23.46502203343119,22.765110415486806,22.827922821044922,774000,yfinance
VALE3.SA,5839,6,2024-03-19,52.15409679557766,52.424456348180584,51.790800542466215,51.87528991699219,16888900,yfinance
PETR3.SA,3257,3,2024-03-19,27.622180370413496,28.00312604836475,27.047029159138958,27.31593132019043,15143000,yfinance
FLRY3.SA,763,1,2024-03-19,12.730762148763993,12.866015797136331,12.603961248783424,12.739214897155762,2040400,yfinance
KFOF11.SA,2010,2,2024-03-19,80.59214703023241,81.53479089314786,80.59214703023241,81.4783935546875,5843,yfinance
SAPR11.SA,4592,5,2024-03-19,22.980469417417115,22.98944286327847,22.585646357066572,22.93560218811035,795500,yfinance
PETR3.SA,3258,3,2024-03-20,27.4205068057478,27.93590362166778,27.076910828058022,27.883617401123047,13966700,yfinance
FLRY3.SA,764,1,2024-03-20,12.737177143978627,13.06158255601723,12.69449207136696,12.959138870239258,3280300,yfinance
VALE3.SA,5840,6,2024-03-20,51.883736271001894,52.23013464271883,51.46974640093042,52.22168731689453,18210000,yfinance
SAPR11.SA,4593,5,2024-03-20,23.04327969828962,23.671405446972372,23.04327969828962,23.43810272216797,811700,yfinance
KFOF11.SA,2011,2,2024-03-20,81.37366881264055,81.53480233174747,81.1239100139699,81.17224884033203,5937,yfinance
SAPR11.SA,4594,5,2024-03-21,23.50091936338883,23.63551764012559,23.23172109840536,23.4739990234375,669200,yfinance
VALE3.SA,5841,6,2024-03-21,52.745509119953574,52.91448464476622,52.03581449409252,52.09495544433594,18445500,yfinance
PETR3.SA,3259,3,2024-03-21,27.88361429338465,28.159984692516442,27.188951327130013,27.31593132019043,16440400,yfinance
FLRY3.SA,765,1,2024-03-21,13.010361353207955,13.1213422252707,12.89084411725585,12.976213455200195,3589600,yfinance
KFOF11.SA,2012,2,2024-03-21,81.37365178892098,82.43714877434779,81.05137867127833,81.7926025390625,10005,yfinance
KFOF11.SA,2013,2,2024-03-22,82.17129651508311,82.17129651508311,80.99500452376256,81.20448303222656,9127,yfinance
SAPR11.SA,4595,5,2024-03-22,23.465024397368836,23.581677486451344,23.133015445539854,23.285560607910156,615300,yfinance
VALE3.SA,5842,6,2024-03-22,51.959770716356324,52.01046433585011,51.478192611454546,51.49509048461914,11058400,yfinance
FLRY3.SA,766,1,2024-03-22,12.933528467410957,13.018898620087972,12.754251798109314,12.788399696350098,2700200,yfinance
PETR3.SA,3260,3,2024-03-22,27.338346191841197,27.60724842477501,27.024628819675595,27.532554626464844,8901300,yfinance
KFOF11.SA,2014,2,2024-03-25,81.38171528696951,81.49450996301904,80.66466078343369,81.13195037841797,9098,yfinance
PETR3.SA,3261,3,2024-03-25,27.562432764985008,28.040479903667244,27.562432764985008,27.876150131225586,8036500,yfinance
FLRY3.SA,767,1,2024-03-25,12.805472258383523,12.814009435285111,12.685954224211276,12.796935081481934,2226900,yfinance
SAPR11.SA,4596,5,2024-03-25,23.27658667307353,23.599622171921727,23.186853924472988,23.42015838623047,428000,yfinance
VALE3.SA,5843,6,2024-03-25,51.55423323557399,51.80769489604413,51.241630628425476,51.385257720947266,10478200,yfinance
KFOF11.SA,2015,2,2024-03-26,81.13196777527493,81.40590215216893,80.66467808009129,81.26087951660156,8405,yfinance
VALE3.SA,5844,6,2024-03-26,50.95437219544267,51.131795031908744,50.34606164419922,50.734703063964844,27142700,yfinance
PETR3.SA,3262,3,2024-03-26,27.861202594533793,27.965775019142068,27.48772802128432,27.56989288330078,8979800,yfinance
FLRY3.SA,768,1,2024-03-26,12.796936874447823,12.83962195078633,12.668882459582413,12.788399696350098,2610900,yfinance
SAPR11.SA,4597,5,2024-03-26,23.527835449026103,23.734221276660975,23.312477887220368,23.465023040771484,737100,yfinance
FLRY3.SA,769,1,2024-03-27,12.788399205792397,12.933527971286175,12.685955514999742,12.924991607666016,3086700,yfinance
SAPR11.SA,4598,5,2024-03-27,23.482969515818738,23.572702259524423,23.204799550689874,23.42913055419922,459400,yfinance
KFOF11.SA,2016,2,2024-03-27,81.25282099605612,81.80874212353942,80.84192250414017,81.26087951660156,8924,yfinance
PETR3.SA,3263,3,2024-03-27,27.569897194498402,27.91349317176481,27.37569163976944,27.906024932861328,5149800,yfinance
VALE3.SA,5845,6,2024-03-27,50.52348773122339,51.258527545973365,50.4305510329219,51.19938659667969,23927000,yfinance
FLRY3.SA,770,1,2024-03-28,12.916454194174245,12.916454194174245,12.694492461099193,12.805473327636719,2480900,yfinance
KFOF11.SA,2017,2,2024-03-28,81.2608861139795,81.6637261180556,80.68885404581351,80.89027404785156,10222,yfinance
SAPR11.SA,4599,5,2024-03-28,23.429133349631005,23.662437826498465,23.150961639802535,23.35734748840332,873100,yfinance
VALE3.SA,5846,6,2024-03-28,51.2162850173747,51.613377015101285,50.751604743851715,51.39371109008789,18467000,yfinance
PETR3.SA,3264,3,2024-03-28,27.86120603046624,28.630565683821743,27.68940804751099,28.593215942382812,10673600,yfinance
KFOF11.SA,2018,2,2024-04-01,81.29633992439078,81.9460634111805,80.80092715986363,81.21512603759766,14556,yfinance
SAPR11.SA,4600,5,2024-04-01,23.357344840092857,23.491943100694957,23.043281091014794,23.150959014892578,983600,yfinance
VALE3.SA,5847,6,2024-04-01,52.044263155951874,52.29772806114715,51.537339791441624,51.72321319580078,16740100,yfinance
PETR3.SA,3265,3,2024-04-01,28.63056636233854,28.90693678934798,28.428889721206694,28.802364349365234,7829200,yfinance
FLRY3.SA,771,1,2024-04-01,12.779862602761021,12.83108404012275,12.685955277347738,12.70302963256836,1290300,yfinance
FLRY3.SA,772,1,2024-04-02,12.70302940251883,12.70302940251883,12.532289924155013,12.685955047607422,2023900,yfinance
KFOF11.SA,2019,2,2024-04-02,80.98771194554006,81.19887297498744,80.56538988664529,80.63036346435547,13084,yfinance
SAPR11.SA,4601,5,2024-04-02,23.159932211039177,23.231718063354492,22.89073569273417,23.231718063354492,751900,yfinance
PETR3.SA,3266,3,2024-04-02,28.95175554290314,29.646418666129236,28.877061747681562,29.5866641998291,12953900,yfinance
VALE3.SA,5848,6,2024-04-02,51.849941922075004,52.77930571190797,51.790800970887645,52.331520080566406,22583000,yfinance
FLRY3.SA,773,1,2024-04-03,12.685955707426526,12.685955707426526,12.45545760318427,12.643271446228027,3455300,yfinance
VALE3.SA,5849,6,2024-04-03,51.84993793370113,52.078054394851065,51.15714122484865,51.5795783996582,22319900,yfinance
PETR3.SA,3267,3,2024-04-03,29.706173429789793,29.743520324192147,29.175840120874295,29.355106353759766,11549700,yfinance
SAPR11.SA,4602,5,2024-04-03,23.231718890711832,23.231718890711832,22.72921790660892,22.818950653076172,1013100,yfinance
KFOF11.SA,2020,2,2024-04-03,80.63037613873136,81.53998778099252,80.58164904589997,81.21512603759766,7277,yfinance
PETR3.SA,3268,3,2024-04-04,29.37004395213449,30.497938902620557,28.90693622016447,29.220653533935547,35243500,yfinance
KFOF11.SA,2021,2,2024-04-04,81.21512640844803,81.67805238112729,81.21512640844803,81.4425277709961,4476,yfinance
FLRY3.SA,774,1,2024-04-04,12.634733611173303,12.83108380775418,12.634733611173303,12.685955047607422,2280700,yfinance
VALE3.SA,5850,6,2024-04-04,51.452851535355734,51.782352031114065,50.83609039572498,51.00506591796875,22990500,yfinance
SAPR11.SA,4603,5,2024-04-04,22.836898099532494,23.24069290118133,22.836898099532494,22.998414993286133,520100,yfinance
VALE3.SA,5851,6,2024-04-05,50.92902302073798,51.09799852946687,50.36295877287692,50.447444915771484,15379000,yfinance
KFOF11.SA,2022,2,2024-04-05,81.43439586862924,82.00290541080108,80.97959319186917,81.3613052368164,7654,yfinance
FLRY3.SA,775,1,2024-04-05,12.703030035221962,12.75425147420728,12.481068295218666,12.54936408996582,3373100,yfinance
SAPR11.SA,4604,5,2024-04-05,23.106094328851892,23.106094328851892,22.612566785072566,22.738191604614258,831800,yfinance
PETR3.SA,3269,3,2024-04-05,29.145960788675744,29.504496095505008,28.488644634796096,29.160900115966797,14912300,yfinance
KFOF11.SA,2023,2,2024-04-08,81.3613190053914,81.78363496296154,81.10955408046819,81.53999328613281,2973,yfinance
SAPR11.SA,4605,5,2024-04-08,22.729218458853577,23.097121187949323,22.648459156221843,22.998414993286133,589700,yfinance
VALE3.SA,5852,6,2024-04-08,51.621819166469905,53.336916211177936,51.36835751749494,53.20173645019531,40281300,yfinance
PETR3.SA,3270,3,2024-04-08,29.056325228932415,29.68376267542478,28.802362385128717,29.579187393188477,11438000,yfinance
FLRY3.SA,776,1,2024-04-08,12.557899797968584,12.660343478098477,12.523751904591952,12.592047691345215,2222500,yfinance
FLRY3.SA,777,1,2024-04-09,12.57497461347423,12.762788453176823,12.57497461347423,12.72864055633545,1459100,yfinance
SAPR11.SA,4606,5,2024-04-09,22.998416340789642,23.303506677160705,22.890738405311577,23.213775634765625,583700,yfinance
VALE3.SA,5853,6,2024-04-09,53.759355333055346,53.9621233704745,52.390656577246745,52.84688949584961,37026100,yfinance
KFOF11.SA,2024,2,2024-04-09,81.68616753957846,81.99478275872927,81.29633224508424,81.70240783691406,3578,yfinance
PETR3.SA,3271,3,2024-04-09,29.8256846781039,29.870502660231466,29.250533396367544,29.728580474853516,9100900,yfinance
SAPR11.SA,4607,5,2024-04-10,23.213773454959615,23.213773454959615,22.74716454767676,22.899709701538086,830300,yfinance
PETR3.SA,3272,3,2024-04-10,29.653884569027003,30.669735962934773,29.653884569027003,30.62491798400879,15627500,yfinance
FLRY3.SA,778,1,2024-04-10,12.728640754714622,12.75425147420728,12.489605473099584,12.54936408996582,2735300,yfinance
VALE3.SA,5854,6,2024-04-10,52.661019222807674,52.762403241306956,51.90063102671345,52.04425811767578,21206800,yfinance
KFOF11.SA,2025,2,2024-04-10,81.621190850927,81.94605255126953,81.30445239705396,81.94605255126953,10886,yfinance
VALE3.SA,5855,6,2024-04-11,52.20478651344459,52.475146045814625,51.816145088530156,52.2639274597168,16338700,yfinance
FLRY3.SA,779,1,2024-04-11,12.549364003824568,12.720103489520463,12.463994668051663,12.634734153747559,4121700,yfinance
SAPR11.SA,4608,5,2024-04-11,22.82792565627072,22.872791176810328,22.594621184142973,22.702299118041992,494700,yfinance
PETR3.SA,3273,3,2024-04-11,30.565165848507675,30.729495616312217,30.348552703857425,30.348552703857422,7219900,yfinance
KFOF11.SA,2026,2,2024-04-11,81.94605724124021,84.44748442195237,81.32069734795121,82.45771026611328,10201,yfinance
SAPR11.SA,4609,5,2024-04-12,22.79202901788226,22.79202901788226,22.343367022603044,22.406179428100586,1110000,yfinance
VALE3.SA,5856,6,2024-04-12,53.05811210468957,53.54814080766548,51.88373719485846,52.069610595703125,25740900,yfinance
KFOF11.SA,2027,2,2024-04-12,82.14097913951522,84.40688193153181,81.80800034009118,82.677001953125,11297,yfinance
PETR3.SA,3274,3,2024-04-12,30.624925469049224,30.946113939724263,29.85556849711804,30.102060317993164,10318000,yfinance
FLRY3.SA,780,1,2024-04-12,12.634734470919557,12.651808012842702,12.463994980937558,12.566438674926758,2501800,yfinance
KFOF11.SA,2028,2,2024-04-15,83.15615204364775,85.25962665035811,82.53891546223737,84.50432586669922,44152,yfinance
FLRY3.SA,781,1,2024-04-15,12.574973583621817,12.592047937719206,12.19934674912942,12.224957466125488,4518200,yfinance
PETR3.SA,3275,3,2024-04-15,30.02735928240689,30.647325654741532,29.952662650605326,30.542753219604492,13367800,yfinance
VALE3.SA,5857,6,2024-04-15,52.63567303222316,53.10035329489433,52.348415615181715,52.37376403808594,28567300,yfinance
SAPR11.SA,4610,5,2024-04-15,22.52283402509885,22.612566772511553,22.217743710801532,22.343368530273438,1173000,yfinance
KFOF11.SA,2029,2,2024-04-16,84.47184279113549,85.08907320345185,83.3023431531103,84.44747924804688,28287,yfinance
FLRY3.SA,782,1,2024-04-16,12.13958971735706,12.207885514331352,11.943238690443382,11.985923767089844,4808800,yfinance
VALE3.SA,5858,6,2024-04-16,51.64716771602146,52.04425645199304,51.28387150317487,51.90907669067383,29973800,yfinance
SAPR11.SA,4611,5,2024-04-16,22.244664812585672,22.34336929777134,22.002386899702028,22.101091384887695,922200,yfinance
PETR3.SA,3276,3,2024-04-16,30.356018552412593,30.901291189720336,30.229038541391862,30.69214630126953,10944200,yfinance
KFOF11.SA,2030,2,2024-04-17,84.69924891023138,84.69924891023138,82.18158144378276,82.23030853271484,17786,yfinance
PETR3.SA,3277,3,2024-04-17,30.76684289544799,30.975990652353946,30.624923543828597,30.736967086791992,10628800,yfinance
FLRY3.SA,783,1,2024-04-17,12.011534165705982,12.062756419139847,11.7895732385595,11.849331855773926,3847400,yfinance
SAPR11.SA,4612,5,2024-04-17,22.16390546827902,22.468995792505453,22.09211961031455,22.154932022094727,698000,yfinance
VALE3.SA,5859,6,2024-04-17,53.26088066342414,53.624176897665826,52.34841480357808,52.47514724731445,34220700,yfinance
PETR3.SA,3278,3,2024-04-18,30.849001168900134,31.349458610991515,30.512873461433543,30.662263870239258,10453300,yfinance
KFOF11.SA,2031,2,2024-04-18,82.36025608778807,82.83942232114543,81.53998164162675,82.45771026611328,15183,yfinance
SAPR11.SA,4613,5,2024-04-18,22.271581751155654,22.316448978756494,21.939572824458118,22.047250747680664,846100,yfinance
VALE3.SA,5860,6,2024-04-18,52.96516882782828,52.99051724848521,52.3061679036624,52.669464111328125,19932500,yfinance
FLRY3.SA,784,1,2024-04-18,11.857868918989597,11.934701077171958,11.687128618628552,11.840794563293457,8264000,yfinance
FLRY3.SA,785,1,2024-04-19,11.840794994981945,12.02007166557699,11.789573554326285,11.985923767089844,2762200,yfinance
VALE3.SA,5861,6,2024-04-19,52.58498020004432,53.69176351982355,52.45824776020495,53.5312385559082,32882400,yfinance
KFOF11.SA,2032,2,2024-04-19,82.19783780124438,82.43336243746964,80.83342327856838,81.59684753417969,9207,yfinance
SAPR11.SA,4614,5,2024-04-19,22.110063147645757,23.007387161254883,22.002385224458113,23.007387161254883,2705700,yfinance
PETR3.SA,3279,3,2024-04-19,30.77431229921362,31.976901150363645,30.63986119477539,31.90967559814453,18589200,yfinance
KFOF11.SA,2033,2,2024-04-22,81.53997799754028,82.4333430375203,81.37754404722105,82.02726745605469,10007,yfinance
PETR3.SA,3280,3,2024-04-22,32.081469687783176,32.76119336652708,31.894732382091057,32.68649673461914,13007200,yfinance
VALE3.SA,5862,6,2024-04-22,53.252432622564406,53.717116122852815,52.63567469474716,53.505897521972656,27171200,yfinance
SAPR11.SA,4615,5,2024-04-22,23.007389917347165,23.716276794541745,22.720246472436425,23.35734748840332,1611700,yfinance
FLRY3.SA,786,1,2024-04-22,11.968849066981816,12.028607680015378,11.840793849431272,11.960311889648438,3187800,yfinance
PETR3.SA,3281,3,2024-04-23,32.529639334455325,32.738787062467,32.223390255301545,32.4624137878418,14932800,yfinance
SAPR11.SA,4616,5,2024-04-23,23.420158779783318,23.680381872436875,23.168907421781732,23.48297119140625,739400,yfinance
FLRY3.SA,787,1,2024-04-23,12.387162006908131,12.62619729288293,12.32740257480185,12.566438674926758,11141000,yfinance
KFOF11.SA,2034,2,2024-04-23,82.41711490795757,82.41711490795757,81.77551465097493,82.27092742919922,7389,yfinance
VALE3.SA,5863,6,2024-04-23,52.93982996332054,53.303126214447516,52.390660312191834,53.04121398925781,23160500,yfinance
PETR3.SA,3282,3,2024-04-24,32.49229359750633,32.8358895815815,32.2756776230038,32.32049560546875,13343200,yfinance
SAPR11.SA,4617,5,2024-04-24,23.509890502871382,23.832925993036195,23.393237419373435,23.411184310913086,760200,yfinance
FLRY3.SA,788,1,2024-04-24,12.592048722191254,12.592048722191254,12.250569760469823,12.404234886169434,3012300,yfinance
KFOF11.SA,2035,2,2024-04-24,82.27092133530977,82.38462201078627,81.14203163149142,81.6049575805664,9963,yfinance
VALE3.SA,5864,6,2024-04-24,53.70021057128906,54.14798968686161,53.35381224428276,53.70021057128906,25212800,yfinance
VALE3.SA,5865,6,2024-04-25,52.95672999923038,53.26088531239447,52.30617629561613,52.56808853149414,27231000,yfinance
KFOF11.SA,2036,2,2024-04-25,81.53997557937817,82.01102472700197,80.96334901434412,80.97146606445312,7747,yfinance
PETR3.SA,3283,3,2024-04-25,32.32049181372865,33.20189208643857,32.24579518505025,33.0525016784668,8283500,yfinance
SAPR11.SA,4618,5,2024-04-25,23.384263681674888,23.47399642674314,22.9894423417902,23.124040603637695,784300,yfinance
FLRY3.SA,789,1,2024-04-25,12.412772184207684,12.52375305138166,12.284717775856981,12.515215873718262,1734800,yfinance
KFOF11.SA,2037,2,2024-04-26,80.97146606445312,80.97146606445312,80.97146606445312,80.97146606445312,0,yfinance
FLRY3.SA,790,1,2024-04-26,12.592049368476331,12.71156741828811,12.421309878852437,12.47253131866455,2942400,yfinance
SAPR11.SA,4619,5,2024-04-26,23.15096189776072,23.644491196771366,23.15096189776072,23.276588439941406,596000,yfinance
PETR3.SA,3284,3,2024-04-26,33.14454570280388,33.68902965559425,33.02184505252134,33.55099105834961,8957200,yfinance
VALE3.SA,5866,6,2024-04-26,52.56808853149414,52.56808853149414,52.56808853149414,52.56808853149414,0,yfinance
KFOF11.SA,2038,2,2024-04-29,80.6547448953686,80.80905562759953,78.23453745298957,78.35636138916016,23218,yfinance
VALE3.SA,5867,6,2024-04-29,53.12570030595736,54.029715607310806,53.05810881059566,53.98747253417969,18487200,yfinance
PETR3.SA,3285,3,2024-04-29,33.489645986398976,34.15683364868164,33.43596462397368,34.15683364868164,10042900,yfinance
SAPR11.SA,4620,5,2024-04-29,23.285561669489212,23.447078573912552,23.150961681871518,23.30350685119629,500500,yfinance
FLRY3.SA,791,1,2024-04-29,12.463995069101104,12.540827229523892,12.33593984009623,12.48106861114502,2271200,yfinance
VALE3.SA,5868,6,2024-04-30,53.64952214724357,53.85229341282279,53.16794401730036,53.47209930419922,15597400,yfinance
FLRY3.SA,792,1,2024-04-30,12.489604594193514,12.549363206854476,12.318865119340739,12.361549377441406,2681000,yfinance
PETR3.SA,3286,3,2024-04-30,34.0417995493954,34.12615680957532,33.57400232506295,33.94210433959961,12677300,yfinance
KFOF11.SA,2039,2,2024-04-30,78.52690904714963,78.52690904714963,77.21122174624104,77.70663452148438,23589,yfinance
SAPR11.SA,4621,5,2024-04-30,23.35734636738169,23.35734636738169,22.971496739985277,23.08814811706543,1645400,yfinance
VALE3.SA,5869,6,2024-05-02,53.8184976597902,54.28317791564744,53.41295835160897,54.00436782836914,17852900,yfinance
SAPR11.SA,4622,5,2024-05-02,23.115068186505322,23.761140899026742,22.899710615664848,23.59065055847168,1415800,yfinance
KFOF11.SA,2040,2,2024-05-02,77.91956906275759,78.2553616722874,77.01047961801451,77.02686309814453,19434,yfinance
PETR3.SA,3287,3,2024-05-02,34.11081120668446,34.25651730722174,33.750376785117254,34.07246780395508,12134000,yfinance
FLRY3.SA,793,1,2024-05-02,12.481068202214475,12.549363996452714,12.42984676361084,12.42984676361084,2793300,yfinance
KFOF11.SA,2041,2,2024-05-03,76.90401024915586,77.86223761565134,76.90401024915586,77.15789794921875,28021,yfinance
SAPR11.SA,4623,5,2024-05-03,23.6983276216057,24.05725689321554,23.402210758588854,23.635515213012695,1351800,yfinance
PETR3.SA,3288,3,2024-05-03,34.36485295862123,34.412782720325566,33.190599698255674,33.55805206298828,17852300,yfinance
VALE3.SA,5870,6,2024-05-03,54.21558148673733,54.426800058631315,53.52278482876022,54.063507080078125,23681200,yfinance
FLRY3.SA,794,1,2024-05-03,12.540826083851098,12.762787809195375,12.489604648248596,12.660344123840332,2861400,yfinance
KFOF11.SA,2042,2,2024-05-06,77.8048995191254,79.18900973113266,77.37083107945747,78.54199981689453,15201,yfinance
SAPR11.SA,4624,5,2024-05-06,24.281588859177308,24.55976055321251,23.76114096694768,24.299535751342773,1483300,yfinance
FLRY3.SA,795,1,2024-05-06,12.592049824582213,12.796937219552264,12.592049824582213,12.711567878723145,2051700,yfinance
VALE3.SA,5871,6,2024-05-06,54.25783291861975,54.66336900537507,54.02971645261493,54.224037170410156,13423600,yfinance
PETR3.SA,3289,3,2024-05-06,33.56604814967286,34.02137030563047,33.478178427080515,33.72581100463867,7648200,yfinance
PETR3.SA,3290,3,2024-05-07,33.79770138337596,34.54059600830078,33.74977161662435,34.54059600830078,8771400,yfinance
SAPR11.SA,4625,5,2024-05-07,24.49694645045962,24.49694645045962,24.093151645468872,24.272615432739258,800500,yfinance
VALE3.SA,5872,6,2024-05-07,54.705608278211805,55.06890446746984,54.32541743995809,54.561981201171875,21315200,yfinance
FLRY3.SA,796,1,2024-05-07,12.737176895141602,12.86523129632485,12.7030290005494,12.737176895141602,2209000,yfinance
KFOF11.SA,2043,2,2024-05-07,78.61571059941394,81.44126083879479,78.60752510848276,80.96623992919922,38717,yfinance
KFOF11.SA,2044,2,2024-05-08,80.9498512267096,81.08089405474861,80.69596355796646,80.90890502929688,22760,yfinance
VALE3.SA,5873,6,2024-05-08,53.77624969338471,54.26627832718979,53.72555607587189,54.063507080078125,18245800,yfinance
PETR3.SA,3291,3,2024-05-08,34.27698894895996,35.06781338878584,34.06929937483662,34.908050537109375,6622700,yfinance
SAPR11.SA,4626,5,2024-05-08,24.227748141752976,24.443105697631836,24.003417140440447,24.443105697631836,479300,yfinance
FLRY3.SA,797,1,2024-05-08,12.728640785493265,12.754251505047852,12.63473427102638,12.745715141296387,1469500,yfinance
FLRY3.SA,798,1,2024-05-09,12.617658407840189,12.69449137147511,12.446918940957033,12.592047691345215,2811300,yfinance
KFOF11.SA,2045,2,2024-05-09,80.89254146733386,80.89254146733386,79.95069746490142,80.25372314453125,4939,yfinance
VALE3.SA,5874,6,2024-05-09,53.987471898386204,54.8576914418105,53.88608465653766,54.502845764160156,19672800,yfinance
SAPR11.SA,4627,5,2024-05-09,24.371319311460983,24.371319311460983,23.770112172661282,24.209800720214844,1219900,yfinance
PETR3.SA,3292,3,2024-05-09,34.748284544325976,35.64295216672765,34.6284616545944,35.52313232421875,8733200,yfinance
PETR3.SA,3293,3,2024-05-10,35.547092752118594,35.762772107517236,35.17964038983457,35.25153350830078,9667900,yfinance
SAPR11.SA,4628,5,2024-05-10,24.00342063053331,24.79306511690329,24.00342063053331,24.523868560791016,966500,yfinance
KFOF11.SA,2046,2,2024-05-10,80.24552394765301,80.48302815657057,78.05879189120947,78.4601058959961,21753,yfinance
VALE3.SA,5875,6,2024-05-10,54.7056160810166,54.87458837859053,54.20714329105752,54.31697463989258,13705000,yfinance
FLRY3.SA,799,1,2024-05-10,12.73717780818152,12.745714985979049,12.199347819188525,12.335939407348633,2524100,yfinance
SAPR11.SA,4629,5,2024-05-13,24.595650799132795,25.358376544413414,24.595650799132795,25.03533935546875,1023100,yfinance
KFOF11.SA,2047,2,2024-05-13,78.46012014632271,78.46012014632271,77.14971652296518,77.60836029052734,25790,yfinance
VALE3.SA,5876,6,2024-05-13,54.66336857595296,54.959079758993866,54.40145958673598,54.638023376464844,14504100,yfinance
PETR3.SA,3294,3,2024-05-13,35.41130137479238,35.63496753199316,35.12372885997832,35.259525299072266,5067100,yfinance
FLRY3.SA,800,1,2024-05-13,12.25057124505284,12.378625667679108,12.21642334474249,12.353014945983887,2196900,yfinance
KFOF11.SA,2048,2,2024-05-14,77.45273858637249,77.79671668186842,77.25618056729864,77.29712677001953,24713,yfinance
VALE3.SA,5877,6,2024-05-14,54.4690524241628,54.705616219718074,54.08885508483753,54.60422897338867,13313500,yfinance
FLRY3.SA,801,1,2024-05-14,12.378624287704158,12.677418992722563,12.293254139370308,12.515215873718262,2825500,yfinance
PETR3.SA,3295,3,2024-05-14,34.524620913795374,34.74030030267926,33.85361938634203,34.292964935302734,10972300,yfinance
SAPR11.SA,4630,5,2024-05-14,24.999447546087698,25.55578747561823,24.97252720955826,25.376323699951172,850600,yfinance
FLRY3.SA,802,1,2024-05-15,12.498142758874408,12.506679122678925,12.250570297241211,12.250570297241211,2365000,yfinance
VALE3.SA,5878,6,2024-05-15,54.45215443041385,54.612682634781606,53.61573054963307,54.44371032714844,21292100,yfinance
PETR3.SA,3296,3,2024-05-15,31.872565453214413,32.208064666698334,31.00984796615979,31.968421936035156,32787700,yfinance
KFOF11.SA,2049,2,2024-05-15,77.29713606557898,77.78034880414283,77.06781730767106,77.19886016845703,17461,yfinance
SAPR11.SA,4631,5,2024-05-15,25.34043041963253,25.555787981602748,25.12507285766231,25.214805603027344,673300,yfinance
SAPR11.SA,4632,5,2024-05-16,25.259670973202656,25.466055088286357,25.035339966848262,25.07123374938965,819500,yfinance
FLRY3.SA,803,1,2024-05-16,12.310327670135313,12.600585178048492,12.310327670135313,12.523752212524414,3161600,yfinance
VALE3.SA,5879,6,2024-05-16,54.899942190085405,55.060463945348545,54.41836403253554,54.84080123901367,16647700,yfinance
KFOF11.SA,2050,2,2024-05-16,77.14970317747527,77.46092679599708,76.50269946715846,76.80572509765625,14113,yfinance
PETR3.SA,3297,3,2024-05-16,31.976408677829955,32.08824174889067,31.009847938265093,31.385290145874023,21712000,yfinance
SAPR11.SA,4633,5,2024-05-17,25.07123384933986,25.860878241791063,24.972527658467296,25.780118942260742,1403600,yfinance
FLRY3.SA,804,1,2024-05-17,12.515216099333594,12.515216099333594,12.353013791555298,12.42984676361084,1552000,yfinance
PETR3.SA,3298,3,2024-05-17,31.30540452390745,31.377297641608582,30.650379694729278,30.810142517089844,17885500,yfinance
VALE3.SA,5880,6,2024-05-17,55.12805063379425,56.05741111775508,55.060459139645914,55.91378402709961,32338800,yfinance
KFOF11.SA,2051,2,2024-05-17,76.51087908095187,76.79752745878172,76.36345902257278,76.6746826171875,11538,yfinance
SAPR11.SA,4634,5,2024-05-20,25.762174306649595,26.103158425969625,25.609630851413158,25.896774291992188,537500,yfinance
KFOF11.SA,2052,2,2024-05-20,76.65829881143512,76.6910595185421,76.1669007017621,76.46993255615234,12850,yfinance
FLRY3.SA,805,1,2024-05-20,12.344476931926632,12.805473961992352,12.242033237928705,12.668882369995117,3760700,yfinance
PETR3.SA,3299,3,2024-05-20,30.81813544390075,31.185587839352365,30.76221586029293,30.913991928100586,12221100,yfinance
VALE3.SA,5881,6,2024-05-20,55.87999244429586,56.26863389579152,55.52514674239288,55.88844299316406,22222300,yfinance
FLRY3.SA,806,1,2024-05-21,12.668882801233517,12.788400041224312,12.463995406263466,12.711567878723145,1675700,yfinance
SAPR11.SA,4635,5,2024-05-21,25.959584541687857,26.049317287266152,25.744226979205802,25.97753143310547,642000,yfinance
VALE3.SA,5882,6,2024-05-21,56.395364431405945,56.69106917295643,55.67722250310335,55.72791290283203,23042800,yfinance
KFOF11.SA,2053,2,2024-05-21,76.46174849452332,78.2471665960936,76.00311104590708,78.16526794433594,41125,yfinance
PETR3.SA,3300,3,2024-05-21,30.945947878803764,31.13766086438591,30.68233871459961,30.68233871459961,8906200,yfinance
PETR3.SA,3301,3,2024-05-22,30.682335267333695,31.07375406035635,30.530562250198138,30.969907760620117,13541000,yfinance
VALE3.SA,5883,6,2024-05-22,55.761705593987514,56.05741031932517,54.98442275999152,55.288578033447266,17404000,yfinance
KFOF11.SA,2054,2,2024-05-22,77.6083379364651,80.22913193135975,77.14150881085993,79.20538330078125,28174,yfinance
SAPR11.SA,4636,5,2024-05-22,26.02239860824907,26.03137205452965,25.510924150825065,25.663469314575195,561300,yfinance
FLRY3.SA,807,1,2024-05-22,12.677419309675045,12.685955673401793,12.207885110400026,12.344476699829102,3245700,yfinance
VALE3.SA,5884,6,2024-05-23,55.10270683674091,55.254784479503606,54.56198776155794,54.95907974243164,16445800,yfinance
FLRY3.SA,808,1,2024-05-23,12.242032454347658,12.335938964297515,12.054218620297888,12.190810203552246,4353100,yfinance
PETR3.SA,3302,3,2024-05-23,31.00186691819485,31.369319376187473,30.65837782352512,30.7063045501709,15076100,yfinance
SAPR11.SA,4637,5,2024-05-23,25.654497146606445,25.654497146606445,25.160969557152118,25.654497146606445,781800,yfinance
KFOF11.SA,2055,2,2024-05-23,79.06616044915414,79.07435218833513,77.23979001669741,77.7393798828125,13145,yfinance
PETR3.SA,3303,3,2024-05-24,30.993874745451187,31.001864564100924,30.56251595505469,30.602458953857422,8994300,yfinance
SAPR11.SA,4638,5,2024-05-24,25.448109402752358,25.726279365880536,25.232751846313477,25.232751846313477,662700,yfinance
FLRY3.SA,809,1,2024-05-24,12.173737207032794,12.259106543308773,12.071293515011561,12.139589309692383,1372200,yfinance
VALE3.SA,5885,6,2024-05-24,54.916833095627915,55.47445326415966,54.832346949272136,54.98442459106445,11731900,yfinance
KFOF11.SA,2056,2,2024-05-24,77.31350326008861,78.55019344224068,76.91219551829163,77.70661926269531,8560,yfinance
VALE3.SA,5886,6,2024-05-27,54.84080282978618,55.17030334472656,54.67182407476521,55.17030334472656,5119400,yfinance
PETR3.SA,3304,3,2024-05-27,30.682335964663515,30.969908464485716,30.666359376093094,30.913991928100586,3062300,yfinance
KFOF11.SA,2057,2,2024-05-27,77.69845524082766,77.69845524082766,76.57642410344634,76.71565246582031,9357,yfinance
FLRY3.SA,810,1,2024-05-27,12.139590057382298,12.26764447675832,12.105442157938683,12.216423034667969,1254800,yfinance
SAPR11.SA,4639,5,2024-05-27,25.214803483643514,25.31350795488984,25.053284897864554,25.241722106933594,302300,yfinance
FLRY3.SA,811,1,2024-05-28,12.3444760667962,12.429846212886583,12.267643098144868,12.378623962402344,2940800,yfinance
SAPR11.SA,4640,5,2024-05-28,25.250699969382822,25.510924783443087,24.676413085263498,24.909717559814453,760200,yfinance
PETR3.SA,3305,3,2024-05-28,31.353339436558187,31.688838676142268,31.16961322718268,31.457185745239258,16265200,yfinance
VALE3.SA,5887,6,2024-05-28,55.15339783828123,55.161848386826996,53.52279004646365,53.97902297973633,22173900,yfinance
KFOF11.SA,2058,2,2024-05-28,76.65011468291614,76.65830642262272,75.60998868497818,76.16690826416016,20480,yfinance
VALE3.SA,5888,6,2024-05-29,53.598831465198444,53.84384581785575,53.20174268368982,53.42985916137695,16496900,yfinance
FLRY3.SA,812,1,2024-05-29,12.24203235487791,12.327401686643206,12.011533449396502,12.071292877197266,2417800,yfinance
PETR3.SA,3306,3,2024-05-29,31.305410226319825,31.656889108980906,31.08174406260673,31.52907943725586,10862200,yfinance
SAPR11.SA,4641,5,2024-05-29,24.900744224214115,25.19686111409572,24.604627334332505,25.080209732055664,625700,yfinance
KFOF11.SA,2059,2,2024-05-29,76.16689882292846,76.49449963745143,75.77377659580775,76.33069610595703,16488,yfinance
PETR3.SA,3307,3,2024-05-31,31.712804570281218,32.73528190927245,31.712804570281218,32.51161575317383,16515400,yfinance
FLRY3.SA,813,1,2024-05-31,12.054218720529159,12.071293075652955,11.832256988820179,11.994460105895996,2593300,yfinance
VALE3.SA,5889,6,2024-05-31,53.13414493209512,53.60727570677143,53.04965879012494,53.39605712890625,23383600,yfinance
SAPR11.SA,4642,5,2024-05-31,25.071235545105214,25.071235545105214,24.50592041015625,24.50592041015625,1017800,yfinance
KFOF11.SA,2060,2,2024-05-31,76.2651903952393,76.92857759674042,75.77378598831017,76.16690826416016,15141,yfinance
PETR3.SA,3308,3,2024-06-03,32.51161483200072,32.68735121514631,32.12818584074295,32.15214920043945,9488300,yfinance
VALE3.SA,5890,6,2024-06-03,53.09190619450832,53.100353520218924,52.12029936784936,52.272377014160156,18846500,yfinance
FLRY3.SA,814,1,2024-06-03,12.002998342982357,12.446921031436041,11.994461164666868,12.412773132324219,3927000,yfinance
SAPR11.SA,4643,5,2024-06-03,24.42516047796756,24.775118027786284,24.30850910236787,24.496946334838867,829200,yfinance
KFOF11.SA,2061,2,2024-06-03,76.82780315830328,76.83606597715787,75.24993879933363,75.83647918701172,26626,yfinance
VALE3.SA,5891,6,2024-06-04,51.86684153736668,51.875292086642766,51.28387933198588,51.7401123046875,19865100,yfinance
FLRY3.SA,815,1,2024-06-04,12.412771858008485,12.421309035447534,12.21642166181068,12.378623962402344,2954600,yfinance
KFOF11.SA,2062,2,2024-06-04,75.58863297908559,76.16690415293431,75.28297175708948,75.43993377685547,14472,yfinance
SAPR11.SA,4644,5,2024-06-04,24.461054287079854,25.035341142635417,24.335429465304536,24.864849090576172,1561200,yfinance
PETR3.SA,3309,3,2024-06-04,31.89652881211394,32.048301830515335,31.37730035632484,31.968421936035156,11004300,yfinance
SAPR11.SA,4645,5,2024-06-05,24.954583080820054,25.116101694856095,24.59565377824548,24.909717559814453,892500,yfinance
KFOF11.SA,2063,2,2024-06-05,75.43993322002815,78.82696357617742,74.779046481065,77.84390258789062,35044,yfinance
FLRY3.SA,816,1,2024-06-05,12.378624160984991,12.592048715484733,12.259106117371113,12.301791191101074,3797100,yfinance
PETR3.SA,3310,3,2024-06-05,32.0562923545258,32.26398191308344,31.904516285557996,31.912506103515625,7000700,yfinance
VALE3.SA,5892,6,2024-06-05,51.62182383465948,51.68941533273299,50.95437551735363,51.00506591796875,18000800,yfinance
FLRY3.SA,817,1,2024-06-06,12.30179099375101,12.48106764922077,12.20788448437163,12.378623962402344,2994300,yfinance
VALE3.SA,5893,6,2024-06-06,51.34301247387769,51.81614325020955,50.996614133884286,51.71475601196289,17888300,yfinance
SAPR11.SA,4646,5,2024-06-06,24.855876707903697,25.232752874912315,24.631545696863085,24.882795333862305,778100,yfinance
PETR3.SA,3311,3,2024-06-06,31.944459215353532,32.29593502420015,31.904516220092773,31.904516220092773,8871600,yfinance
KFOF11.SA,2064,2,2024-06-06,76.95172333905037,77.8026109376082,76.00170081828495,76.81128692626953,17426,yfinance
PETR3.SA,3312,3,2024-06-07,31.872564011385784,31.92049072701676,30.81014378896909,30.826120376586914,18477400,yfinance
FLRY3.SA,818,1,2024-06-07,12.105441104745392,12.404234995343929,12.105441104745392,12.310328483581543,2214700,yfinance
KFOF11.SA,2065,2,2024-06-07,76.79476318955044,76.79476318955044,74.9855902062385,75.42343139648438,36919,yfinance
SAPR11.SA,4647,5,2024-06-07,24.784091292096456,24.819983364514005,24.317482370099608,24.407215118408203,581100,yfinance
VALE3.SA,5894,6,2024-06-07,51.2754202798054,51.42749791215387,50.92057461961878,51.038856506347656,14822100,yfinance
VALE3.SA,5895,6,2024-06-10,51.1993855233774,51.79924877540109,51.03041322776054,51.59647750854492,14762900,yfinance
FLRY3.SA,819,1,2024-06-10,12.310328278204182,12.327401819080649,12.139588798689227,12.284717559814453,1410300,yfinance
PETR3.SA,3313,3,2024-06-10,31.025827603026794,31.688839324581686,30.97789783329563,31.393280029296875,7384200,yfinance
KFOF11.SA,2066,2,2024-06-10,75.43167023481597,75.75385078610624,74.20077514648438,74.20077514648438,22269,yfinance
SAPR11.SA,4648,5,2024-06-10,24.40721446965064,24.4610534326008,23.77908695969626,24.00341796875,697900,yfinance
SAPR11.SA,4649,5,2024-06-11,24.093148640623873,24.694355761593595,23.958550389080425,24.42515754699707,943900,yfinance
PETR3.SA,3314,3,2024-06-11,31.577001831756025,31.704811485963727,31.225526044490472,31.369312286376953,17979200,yfinance
VALE3.SA,5896,6,2024-06-11,51.03041368497792,51.571132770852444,50.44744830188072,51.52043914794922,24588400,yfinance
KFOF11.SA,2067,2,2024-06-11,74.28339463348016,74.90297367162066,73.75468769181498,73.93643188476562,8376,yfinance
FLRY3.SA,820,1,2024-06-11,12.284717224370183,12.429845981532551,12.224957797559187,12.361549377441406,1087500,yfinance
SAPR11.SA,4650,5,2024-06-12,24.658465032719118,24.676411924881393,23.77011440880457,23.904712677001953,563100,yfinance
VALE3.SA,5897,6,2024-06-12,51.672517502798556,51.91753184911642,50.61642451653883,50.81074523925781,21969600,yfinance
FLRY3.SA,821,1,2024-06-12,12.370087943731772,12.481068818385385,12.071294032726009,12.199348449707031,1980400,yfinance
PETR3.SA,3315,3,2024-06-12,31.63457225849237,31.675602206844243,30.510335395652145,30.78113555908203,19764000,yfinance
KFOF11.SA,2068,2,2024-06-12,73.5729429381,73.85382204397848,71.87116787650368,72.69727325439453,24912,yfinance
VALE3.SA,5898,6,2024-06-13,50.962823342993076,51.579581265733054,50.878337192512554,51.39371109008789,13692600,yfinance
SAPR11.SA,4651,5,2024-06-13,24.164939520600605,24.164939520600605,23.545785380766457,23.707304000854492,365100,yfinance
FLRY3.SA,822,1,2024-06-13,12.19934717502206,12.301790860732773,12.07129277142118,12.165199279785156,1053500,yfinance
PETR3.SA,3316,3,2024-06-13,30.756510668479457,31.010901294448487,30.1328474675789,30.379030227661133,10516900,yfinance
KFOF11.SA,2069,2,2024-06-13,72.68900793657843,73.59772256047701,71.16897711881116,72.85423278808594,21531,yfinance
PETR3.SA,3317,3,2024-06-14,30.428271953469462,30.461094030095914,29.599452693566754,30.058996200561523,12412500,yfinance
KFOF11.SA,2070,2,2024-06-14,72.85423910229116,74.85341270867119,72.6972770554262,73.43251037597656,29498,yfinance
SAPR11.SA,4652,5,2024-06-14,23.707301067334665,23.8239524387917,23.42015765004679,23.635515213012695,321000,yfinance
FLRY3.SA,823,1,2024-06-14,12.131051902442648,12.276180666932785,12.071293286764384,12.122514724731445,811300,yfinance
VALE3.SA,5899,6,2024-06-14,51.410602603464056,51.435951025412855,50.91212661100237,51.21628189086914,12282100,yfinance
SAPR11.SA,4653,5,2024-06-17,23.626541239277223,23.626541239277223,23.24966508463188,23.402210235595703,707300,yfinance
VALE3.SA,5900,6,2024-06-17,50.72625426386186,51.07265260148401,50.55727875754721,51.013511657714844,13976100,yfinance
FLRY3.SA,824,1,2024-06-17,12.139589161574008,12.165199880729311,11.900553068957585,11.934700965881348,1402300,yfinance
KFOF11.SA,2071,2,2024-06-17,73.4324880758872,73.4324880758872,71.59853358958848,72.29246520996094,32946,yfinance
PETR3.SA,3318,3,2024-06-17,29.944107439271193,30.132847660891187,29.73895461615594,30.07540512084961,20157600,yfinance
SAPR11.SA,4654,5,2024-06-18,23.40221165320428,23.563730259480657,23.25863993907191,23.53680992126465,485100,yfinance
FLRY3.SA,825,1,2024-06-18,11.934700472466865,12.02007061832187,11.874941858858392,11.968849182128906,2949600,yfinance
KFOF11.SA,2072,2,2024-06-18,71.9537795098301,74.13469727465979,71.91247802119348,73.3333740234375,32970,yfinance
PETR3.SA,3319,3,2024-06-18,30.198504411428054,31.084766387939453,30.149269721878287,31.084766387939453,12133500,yfinance
VALE3.SA,5901,6,2024-06-18,50.98816788881208,51.435953504841,50.878336539185746,51.25008010864258,12239900,yfinance
SAPR11.SA,4655,5,2024-06-19,23.545783347739096,23.563730239868164,23.195827508771448,23.563730239868164,358500,yfinance
PETR3.SA,3320,3,2024-06-19,31.027313390419764,31.191433140878736,30.78112750396414,30.887807846069336,5181600,yfinance
FLRY3.SA,826,1,2024-06-19,11.874941867251987,12.173736563805651,11.866404689830443,12.071292877197266,2351200,yfinance
KFOF11.SA,2073,2,2024-06-19,72.71378612187162,75.91081591894319,72.71378612187162,75.18384552001953,40395,yfinance
VALE3.SA,5902,6,2024-06-19,51.123345163555214,51.604926504986764,51.00506327100496,51.41060256958008,8744100,yfinance
SAPR11.SA,4656,5,2024-06-20,23.563730118958606,23.89573906409359,23.24069290833228,23.393238067626953,868100,yfinance
FLRY3.SA,827,1,2024-06-20,12.207884550831064,12.318865415692716,11.943237747830192,12.088366508483887,2695200,yfinance
PETR3.SA,3321,3,2024-06-20,31.35555835962517,31.749451424786237,31.1750259945829,31.511476516723633,9845500,yfinance
KFOF11.SA,2074,2,2024-06-20,75.1755778851685,76.61299925800182,75.05166083690911,76.38995361328125,47090,yfinance
VALE3.SA,5903,6,2024-06-20,51.579581940561425,52.06116009506914,51.38526121356183,51.87528991699219,19497200,yfinance
SAPR11.SA,4657,5,2024-06-21,23.465022362976104,24.048282623291016,23.34837099551701,24.048282623291016,3961400,yfinance
FLRY3.SA,828,1,2024-06-21,12.020070203416914,12.207884029324996,11.994459486204455,12.131051063537598,3996000,yfinance
PETR3.SA,3322,3,2024-06-21,31.50327317343667,31.757663850753552,31.38838807090139,31.437625885009766,16702200,yfinance
KFOF11.SA,2075,2,2024-06-21,76.299070575308,76.80299521056811,75.23339419759475,76.31558990478516,24575,yfinance
VALE3.SA,5904,6,2024-06-21,51.56268339104894,51.841493488926766,51.317672265479395,51.39371109008789,39134100,yfinance
KFOF11.SA,2076,2,2024-06-24,76.33212622367202,78.47999860928428,76.06777279625332,77.40605926513672,31807,yfinance
VALE3.SA,5905,6,2024-06-24,51.089554105429215,51.60492798599449,51.0304131574568,51.452850341796875,13669000,yfinance
SAPR11.SA,4658,5,2024-06-24,24.04828215274703,24.712303408862102,23.9495776780621,24.63154411315918,639500,yfinance
FLRY3.SA,829,1,2024-06-24,12.190810840849892,12.335939609182041,12.122515045652422,12.259106636047363,1819800,yfinance
PETR3.SA,3323,3,2024-06-24,31.67559965547849,32.03667068481445,31.355561701573723,32.03667068481445,8306400,yfinance
PETR3.SA,3324,3,2024-06-25,32.04488093297114,32.12694396756315,31.741255530942418,31.921791076660156,6615000,yfinance
KFOF11.SA,2077,2,2024-06-25,76.73692397573947,78.39739746193243,76.41474339967445,77.07563018798828,19647,yfinance
SAPR11.SA,4659,5,2024-06-25,24.631545011204487,24.88279464120977,24.514891930265115,24.532838821411133,483700,yfinance
FLRY3.SA,830,1,2024-06-25,12.207885853036435,12.378625350209294,12.207885853036435,12.318866729736328,1496200,yfinance
VALE3.SA,5906,6,2024-06-25,51.52889179784879,51.571134873854106,50.92902851598889,51.241634368896484,13962500,yfinance
SAPR11.SA,4660,5,2024-06-26,24.550787087303934,24.685385355416553,24.20082953639932,24.32645606994629,432200,yfinance
VALE3.SA,5907,6,2024-06-26,51.59647981546662,52.02736756819884,51.46130003916516,51.87528991699219,17096700,yfinance
PETR3.SA,3325,3,2024-06-26,31.67560125052193,32.192587349223466,31.67560125052193,32.085906982421875,6959500,yfinance
KFOF11.SA,2078,2,2024-06-26,77.07563106012806,78.0669549511325,76.66257838842894,76.82779693603516,20202,yfinance
FLRY3.SA,831,1,2024-06-26,12.276181310128047,12.33593992893729,12.105441817708696,12.293254852294922,1164200,yfinance
KFOF11.SA,2079,2,2024-06-27,76.83605975422054,77.65390227943338,76.82779693603516,76.82779693603516,6829,yfinance
PETR3.SA,3326,3,2024-06-27,32.41414635891014,32.89010241562514,32.41414635891014,32.73418426513672,7832700,yfinance
VALE3.SA,5908,6,2024-06-27,51.917534640536005,52.01047134399414,51.419058595302545,52.01047134399414,13755300,yfinance
FLRY3.SA,832,1,2024-06-27,12.438382206847317,12.85669493328932,12.361549240477355,12.737176895141602,8006100,yfinance
SAPR11.SA,4661,5,2024-06-27,24.335427283031578,24.766142386073987,24.290560056771113,24.604623794555664,439200,yfinance
SAPR11.SA,4662,5,2024-06-28,24.676412346359292,24.828957509324454,24.514893737159728,24.73025131225586,632000,yfinance
FLRY3.SA,833,1,2024-06-28,12.78839822629772,12.933526980675733,12.703028897584195,12.831083297729492,2933400,yfinance
KFOF11.SA,2080,2,2024-06-28,76.87736245827217,78.24043755702046,76.86910594263951,77.93477630615234,4243,yfinance
PETR3.SA,3327,3,2024-06-28,32.74239838026679,33.21835139743703,32.74239838026679,33.13629150390625,7502200,yfinance
VALE3.SA,5909,6,2024-06-28,52.11185556174801,52.84689541993442,52.07805981074306,52.56808853149414,22429400,yfinance
FLRY3.SA,834,1,2024-07-01,12.984750118703827,13.317692721698826,12.814010635430781,13.121341705322266,4018300,yfinance
SAPR11.SA,4663,5,2024-07-01,25.044304949739676,25.044304949739676,24.195658069878814,24.24178123474121,818200,yfinance
KFOF11.SA,2081,2,2024-07-01,77.93475772640161,78.40108821426514,75.98618357520955,77.11869049072266,12489,yfinance
PETR3.SA,3328,3,2024-07-01,33.25117834056529,33.79278180510427,33.152705837117594,33.53839111328125,6075800,yfinance
VALE3.SA,5910,6,2024-07-01,52.98206740445148,53.50589179912426,52.88913071433406,53.34536361694336,20236800,yfinance
VALE3.SA,5911,6,2024-07-02,53.294674486277465,53.51434039482012,52.77085007916688,53.16794204711914,24335300,yfinance
PETR3.SA,3329,3,2024-07-02,33.686100848222644,34.07999398555249,33.57942047861736,33.628658294677734,7729900,yfinance
SAPR11.SA,4664,5,2024-07-02,24.241779985812666,24.33402279194746,23.90970025358741,24.084964752197266,1163400,yfinance
FLRY3.SA,835,1,2024-07-02,13.121342107485622,13.232322978552137,12.82254820613741,12.865232467651367,4010800,yfinance
KFOF11.SA,2082,2,2024-07-02,76.79393738886097,77.1603385978073,75.2617193495141,76.19437408447266,6810,yfinance
PETR3.SA,3330,3,2024-07-03,33.694305954227,34.02254864323751,32.93113708496094,32.93113708496094,11636300,yfinance
FLRY3.SA,836,1,2024-07-03,12.890842723393982,12.984749229223864,12.779861863331382,12.831083297729492,4844400,yfinance
SAPR11.SA,4665,5,2024-07-03,24.24178012763177,24.887488571446603,24.16798482664097,24.67532730102539,639400,yfinance
VALE3.SA,5912,6,2024-07-03,53.6157265943973,54.78165090116869,53.60727926881487,54.224037170410156,29884200,yfinance
KFOF11.SA,2083,2,2024-07-03,76.35259019157068,76.6107330198122,74.34571902706382,75.01190185546875,23673,yfinance
SAPR11.SA,4666,5,2024-07-04,24.693777209862315,25.311813531553717,24.693777209862315,25.28413963317871,655600,yfinance
KFOF11.SA,2084,2,2024-07-04,75.01191289999639,77.4018309659135,74.14587763683369,76.16107177734375,9966,yfinance
VALE3.SA,5913,6,2024-07-04,54.61267525131316,54.663365647573855,53.928329118275904,53.95367431640625,7984300,yfinance
FLRY3.SA,837,1,2024-07-04,12.924992653871078,12.924992653871078,12.779863876629946,12.839622497558594,2604100,yfinance
PETR3.SA,3331,3,2024-07-04,33.07884393818986,33.17731642157697,32.397735029668176,32.48800277709961,6219800,yfinance
SAPR11.SA,4667,5,2024-07-05,25.099651497345135,25.35793594755778,24.924388745569043,25.17344856262207,541000,yfinance
FLRY3.SA,838,1,2024-07-05,12.848158925875804,12.899380365352595,12.78839949428608,12.865232467651367,2341000,yfinance
VALE3.SA,5914,6,2024-07-05,53.48055091866414,53.94523121182948,53.38761421544304,53.734012603759766,13138400,yfinance
PETR3.SA,3332,3,2024-07-05,32.6521243236217,33.185519789498414,32.54544397829289,33.054222106933594,21835400,yfinance
KFOF11.SA,2085,2,2024-07-05,76.16940452444967,78.24288929562456,75.78635154665936,76.27765655517578,2188,yfinance
SAPR11.SA,4668,5,2024-07-08,25.274916187620484,25.321039353745363,24.92438892216583,25.145774841308594,468500,yfinance
FLRY3.SA,839,1,2024-07-08,12.848158836364746,12.890843911731427,12.754251507728034,12.848158836364746,1780300,yfinance
KFOF11.SA,2086,2,2024-07-08,76.14441287335667,77.28524260927509,74.96193797282685,77.06040954589844,7976,yfinance
PETR3.SA,3333,3,2024-07-08,33.103460831058335,33.94048475454672,32.76701031449392,33.825599670410156,13644300,yfinance
VALE3.SA,5915,6,2024-07-08,53.29467837685384,53.4298581511191,52.94827678092532,53.31157302856445,18662500,yfinance
FLRY3.SA,840,1,2024-07-09,12.805473375380075,13.215248132600204,12.762788301298794,13.206711769104004,3465800,yfinance
PETR3.SA,3334,3,2024-07-09,33.84201782879938,33.90766511749117,33.55480194091797,33.55480194091797,8823000,yfinance
VALE3.SA,5916,6,2024-07-09,53.20174114767636,53.42140707006627,52.982072002346435,53.24398422241211,9794400,yfinance
KFOF11.SA,2087,2,2024-07-09,77.17700913859672,77.28526117983533,75.17013738587534,75.3783187866211,3343,yfinance
SAPR11.SA,4669,5,2024-07-09,25.145772898109357,25.302588131977906,24.988957664240807,24.99818229675293,684100,yfinance
VALE3.SA,5917,6,2024-07-10,52.94827412080327,53.015865616010124,52.24703008420151,52.52583694458008,17384000,yfinance
PETR3.SA,3335,3,2024-07-10,33.75995085777242,33.75995085777242,33.3168199719722,33.45632553100586,9802400,yfinance
FLRY3.SA,841,1,2024-07-10,13.232322166629336,13.360376571614115,13.138415657250501,13.172563552856445,1318000,yfinance
KFOF11.SA,2088,2,2024-07-10,75.59481394190756,76.88554090690663,74.5205973688135,75.11183166503906,30847,yfinance
SAPR11.SA,4670,5,2024-07-10,24.998183851556725,25.228794400446695,24.832143974848925,24.878265380859375,553100,yfinance
FLRY3.SA,842,1,2024-07-11,13.172564080847236,13.360377107132944,13.172564080847236,13.334766387939453,1511500,yfinance
VALE3.SA,5918,6,2024-07-11,52.737057702110434,52.96517417340766,52.247032233462335,52.39065933227539,13413600,yfinance
KFOF11.SA,2089,2,2024-07-11,75.10351125007577,75.7780168394719,74.68714852018857,75.12016296386719,11000,yfinance
SAPR11.SA,4671,5,2024-07-11,24.97051024212803,25.127325487570094,24.629207611083984,24.629207611083984,718200,yfinance
PETR3.SA,3336,3,2024-07-11,33.57120959590625,33.8748349134055,33.513767052876226,33.73533248901367,6295200,yfinance
SAPR11.SA,4672,5,2024-07-12,24.804469351938998,24.86904002223737,24.5923080754104,24.739898681640625,419100,yfinance
FLRY3.SA,843,1,2024-07-12,13.326228890270615,13.326228890270615,13.172563764648224,13.300618171691895,979700,yfinance
VALE3.SA,5919,6,2024-07-12,52.44135434835731,53.15949630737305,52.34841764762678,53.15949630737305,13141700,yfinance
PETR3.SA,3337,3,2024-07-12,33.80918809278099,33.87483537268372,33.530180109830695,33.546592712402344,4707000,yfinance
KFOF11.SA,2090,2,2024-07-12,75.11182870222692,76.00284462803884,74.88699563914136,75.69474029541016,15794,yfinance
VALE3.SA,5920,6,2024-07-15,53.05810737341615,53.37916052180811,52.73705422502419,53.21863555908203,10198000,yfinance
SAPR11.SA,4673,5,2024-07-15,24.81369379119517,24.99818292725324,24.536961846526864,24.693777084350586,959000,yfinance
FLRY3.SA,844,1,2024-07-15,13.351840653397067,13.454284343629771,13.240859785440785,13.317692756652832,2183700,yfinance
KFOF11.SA,2091,2,2024-07-15,75.69474388752892,75.90292524786139,75.41161393381745,75.51154327392578,5726,yfinance
PETR3.SA,3338,3,2024-07-15,33.645064401770625,34.26872763282482,33.59582659522011,34.022544860839844,9383600,yfinance
SAPR11.SA,4674,5,2024-07-16,24.75834780203409,25.118099682682498,24.638429335538756,24.915163040161133,2279900,yfinance
KFOF11.SA,2092,2,2024-07-16,75.51155136207872,75.736384459916,75.47824157847475,75.61148071289062,8951,yfinance
VALE3.SA,5921,6,2024-07-16,52.62722643723109,52.66946951207134,51.8499403238223,52.6610221862793,22363900,yfinance
FLRY3.SA,845,1,2024-07-16,13.403061866760254,13.454284118092998,13.275007459653494,13.403061866760254,1710000,yfinance
PETR3.SA,3339,3,2024-07-16,33.98972599023925,34.04717167377804,33.62865806607085,33.850223541259766,6624000,yfinance
SAPR11.SA,4675,5,2024-07-17,24.915161307862792,25.339483828928536,24.878262779377767,24.887487411499023,596900,yfinance
KFOF11.SA,2093,2,2024-07-17,75.61144925266477,75.78632077893178,75.4615584654089,75.67806243896484,8584,yfinance
PETR3.SA,3340,3,2024-07-17,33.78457180263184,34.194877526523214,33.78457180263184,34.096405029296875,5024400,yfinance
FLRY3.SA,846,1,2024-07-17,13.343303475673489,13.428672810459037,13.087193843016689,13.317692756652832,2168700,yfinance
VALE3.SA,5922,6,2024-07-17,52.28082455579485,52.39910644658008,52.027362900835115,52.170989990234375,23145000,yfinance
VALE3.SA,5923,6,2024-07-18,52.12874719876315,52.30617003589579,51.588028139155206,51.68096160888672,20625500,yfinance
FLRY3.SA,847,1,2024-07-18,13.309154810471732,13.3433027052443,13.095730264605669,13.138415336608887,2795100,yfinance
SAPR11.SA,4676,5,2024-07-18,24.905938506304906,24.98895844207943,24.269452918506516,24.518512725830078,2075400,yfinance
PETR3.SA,3341,3,2024-07-18,33.9404833278456,34.301551167152006,33.89124552369233,34.137428283691406,7096100,yfinance
KFOF11.SA,2094,2,2024-07-18,75.7696843639852,75.77801339709809,74.90364916277834,75.07019805908203,7244,yfinance
PETR3.SA,3342,3,2024-07-19,34.13743152878183,34.35079223667768,33.727125846318664,34.227699279785156,5499400,yfinance
FLRY3.SA,848,1,2024-07-19,13.07011934208203,13.326228141784668,13.07011934208203,13.326228141784668,2900400,yfinance
VALE3.SA,5924,6,2024-07-19,51.70630914412931,51.858386779904315,51.064202854648215,51.63871765136719,20553900,yfinance
SAPR11.SA,4677,5,2024-07-19,24.601531874486007,24.629205771998365,24.112636908280187,24.15876007080078,1715800,yfinance
KFOF11.SA,2095,2,2024-07-19,75.24505946358106,76.17771409723191,75.08683962177861,76.06112670898438,11228,yfinance
SAPR11.SA,4678,5,2024-07-22,24.18643350689113,24.693777765332484,24.18643350689113,24.61075782775879,532200,yfinance
KFOF11.SA,2096,2,2024-07-22,76.06112928793065,77.2769138716512,75.37829476521658,75.8696060180664,26025,yfinance
FLRY3.SA,849,1,2024-07-22,13.326229210158262,13.403062181888815,13.206711977821918,13.334766387939453,1976000,yfinance
VALE3.SA,5925,6,2024-07-22,51.63871934629635,51.76545178791517,51.30921886561528,51.5795783996582,13095200,yfinance
PETR3.SA,3343,3,2024-07-22,34.09640008117017,34.301552913343734,33.68609441682303,33.70250701904297,6091300,yfinance
SAPR11.SA,4679,5,2024-07-23,24.398596861146807,24.69377808324513,24.24178161697971,24.33402442932129,935900,yfinance
FLRY3.SA,850,1,2024-07-23,13.240859665539015,13.292081103116494,13.138415976233983,13.206711769104004,1581600,yfinance
KFOF11.SA,2097,2,2024-07-23,75.86961982429159,76.25267278691553,75.32001795192382,75.76136779785156,8775,yfinance
VALE3.SA,5926,6,2024-07-23,51.19938238038556,51.19938238038556,50.69245907877372,50.88677978515625,22512000,yfinance
PETR3.SA,3344,3,2024-07-23,33.65327388067885,33.71071956160926,33.226558685302734,33.226558685302734,7938000,yfinance
KFOF11.SA,2098,2,2024-07-24,75.76136556431288,76.06946992017096,75.41994507429696,75.48656463623047,5548,yfinance
VALE3.SA,5927,6,2024-07-24,50.91212917599326,51.326119043988996,50.86988610120349,51.19938659667969,17817300,yfinance
FLRY3.SA,851,1,2024-07-24,13.198174271023392,13.223784989190337,13.01889761555467,13.172563552856445,1993500,yfinance
PETR3.SA,3345,3,2024-07-24,33.27579148785299,33.89125003496637,33.27579148785299,33.56300735473633,9144600,yfinance
SAPR11.SA,4680,5,2024-07-24,24.352474728952924,24.610759188958678,24.32480258784373,24.37092399597168,1037900,yfinance
FLRY3.SA,852,1,2024-07-25,13.181099782349843,13.189636959702186,12.924990974979933,12.959138870239258,1739700,yfinance
SAPR11.SA,4681,5,2024-07-25,24.407818876053117,24.573858747496004,24.37092210429848,24.444717407226562,1004000,yfinance
VALE3.SA,5928,6,2024-07-25,51.11489698805811,51.69785911576276,50.91212573067313,51.17403793334961,17959500,yfinance
PETR3.SA,3346,3,2024-07-25,33.390678666545405,33.54659684499161,33.087053307526105,33.42350387573242,6905700,yfinance
KFOF11.SA,2099,2,2024-07-25,75.4532616631038,75.89460518264953,74.94529857561376,75.58649444580078,10732,yfinance
FLRY3.SA,853,1,2024-07-26,12.933528380186454,13.172564480409978,12.848159042235288,13.078657150268555,1576000,yfinance
PETR3.SA,3347,3,2024-07-26,33.35785668530069,33.79277975195578,33.251176320323005,33.521976470947266,6957100,yfinance
VALE3.SA,5929,6,2024-07-26,51.91753129434878,52.16254563804853,51.54578450447606,51.93442916870117,72721200,yfinance
KFOF11.SA,2100,2,2024-07-26,75.56983154955243,75.56983154955243,75.03688779123235,75.23674011230469,4265,yfinance
SAPR11.SA,4682,5,2024-07-26,24.564633985342418,24.88748909373464,24.444717278497833,24.693777084350586,529900,yfinance
KFOF11.SA,2101,2,2024-07-29,75.06186839586981,75.22008825773247,74.77874480431635,74.93695831298828,7160,yfinance
SAPR11.SA,4683,5,2024-07-29,24.638428912732248,24.712225973566863,24.435492273693363,24.500062942504883,678200,yfinance
FLRY3.SA,854,1,2024-07-29,13.035971962203698,13.146952012240423,12.9506018161677,13.070119857788086,1432200,yfinance
VALE3.SA,5930,6,2024-07-29,52.120300114090796,52.21323681293803,51.664070391566256,52.027366638183594,28005900,yfinance
PETR3.SA,3348,3,2024-07-29,33.64506416297858,33.64506416297858,32.33208730145487,32.67674255371094,7725400,yfinance
KFOF11.SA,2102,2,2024-07-30,74.92031980613656,74.94530055647802,74.3623952045377,74.69548034667969,3936,yfinance
VALE3.SA,5931,6,2024-07-30,51.56268406762339,51.63027556724674,50.861439985201585,50.87833786010742,28562300,yfinance
FLRY3.SA,855,1,2024-07-30,13.061582439902507,13.070119617178955,12.899379328250136,12.950601577758789,1671800,yfinance
SAPR11.SA,4684,5,2024-07-30,24.54618829227535,25.404059847296583,24.472392984285293,25.385610580444336,1414500,yfinance
PETR3.SA,3349,3,2024-07-30,32.54545066142483,32.67674837095132,32.282855242371845,32.43877029418945,5542000,yfinance
VALE3.SA,5932,6,2024-07-31,51.46129999144065,52.11185367145689,51.33456754123927,52.069610595703125,34433100,yfinance
PETR3.SA,3350,3,2024-07-31,32.82445645729615,33.31682205200195,32.82445645729615,33.31682205200195,8469400,yfinance
SAPR11.SA,4685,5,2024-07-31,25.385609518554265,25.616220066304027,25.090428298941585,25.201120376586914,1877300,yfinance
FLRY3.SA,856,1,2024-07-31,12.873769444616482,13.035972566777415,12.814010828109868,12.942065238952637,1867900,yfinance
KFOF11.SA,2103,2,2024-07-31,75.21177300469958,75.21177300469958,74.22082754632382,74.52893829345703,11824,yfinance
FLRY3.SA,857,1,2024-08-01,13.035972256654013,13.223785279535356,12.967675649792533,13.112804412841797,2728700,yfinance
KFOF11.SA,2104,2,2024-08-01,74.83963731817889,75.15874476601607,73.92429284922771,74.201416015625,10173,yfinance
PETR3.SA,3351,3,2024-08-01,33.5958291493722,33.702509506483544,32.70136260986328,32.70136260986328,7799600,yfinance
VALE3.SA,5933,6,2024-08-01,52.25547263045125,52.27237050270752,50.878329882431096,50.9036750793457,40469400,yfinance
SAPR11.SA,4686,5,2024-08-01,25.210344407355038,25.975971337216755,25.210344407355038,25.65311622619629,1020600,yfinance
SAPR11.SA,4687,5,2024-08-02,25.690015211133485,26.42796825556702,25.690015211133485,26.289602279663086,1600300,yfinance
VALE3.SA,5934,6,2024-08-02,51.23318004870063,51.41060288862708,50.15174191245572,50.19398498535156,35296000,yfinance
FLRY3.SA,858,1,2024-08-02,13.053046026120683,13.249397044213712,12.942065157485507,13.129878997802734,2481900,yfinance
KFOF11.SA,2105,2,2024-08-02,74.05865736207829,74.57091300265047,73.68915980969719,73.84871673583984,11782,yfinance
PETR3.SA,3352,3,2024-08-02,32.75880519216999,32.7834256625356,31.683806274520368,31.708423614501953,8653800,yfinance
FLRY3.SA,859,1,2024-08-05,12.822547694978725,13.04450861411339,12.779862621016266,13.010360717773438,2305000,yfinance
PETR3.SA,3353,3,2024-08-05,31.10117221091881,31.519682632731147,30.64983345259263,31.44582748413086,9875300,yfinance
SAPR11.SA,4688,5,2024-08-05,25.819155791528498,26.280376870532763,25.523974582472775,25.92984962463379,1577700,yfinance
VALE3.SA,5935,6,2024-08-05,49.312816105331414,50.25861156396938,48.95376359981616,49.93458938598633,24635900,yfinance
KFOF11.SA,2106,2,2024-08-05,73.69755989654175,74.75565604941912,72.84939796492586,73.57159423828125,19094,yfinance
VALE3.SA,5936,6,2024-08-06,49.68938617208983,50.372460888545994,49.30405923199574,50.18855667114258,23930200,yfinance
PETR3.SA,3354,3,2024-08-06,31.634573311134467,32.35671232161738,31.28171010887489,32.10232162475586,6295300,yfinance
SAPR11.SA,4689,5,2024-08-06,25.828381200910215,26.474091434700508,25.745361263439495,26.3633975982666,1322300,yfinance
FLRY3.SA,860,1,2024-08-06,13.001823765147943,13.12134181148108,12.831084280493522,12.924991607666016,2362100,yfinance
KFOF11.SA,2107,2,2024-08-06,73.70595074331615,74.69687073530473,73.66396646304912,73.80672454833984,16169,yfinance
KFOF11.SA,2108,2,2024-08-07,73.8991076221804,75.35189971605277,73.8991076221804,74.7808609008789,6430,yfinance
FLRY3.SA,861,1,2024-08-07,12.97621253431848,13.070119857788086,12.839620951980924,13.070119857788086,1956700,yfinance
PETR3.SA,3355,3,2024-08-07,32.42235412779276,32.47979980413582,31.880750744189925,32.05308151245117,5453200,yfinance
VALE3.SA,5937,6,2024-08-07,50.18855967658317,50.43376531447137,49.934594785526805,50.092227935791016,19243400,yfinance
SAPR11.SA,4690,5,2024-08-07,26.474091490791732,26.981433990259852,26.37262228713057,26.658578872680664,863500,yfinance
FLRY3.SA,862,1,2024-08-08,13.095730705754347,13.317692436328164,13.001823381353855,13.283544540405273,2522500,yfinance
KFOF11.SA,2109,2,2024-08-08,74.73887696831986,74.73887696831986,73.8235387414263,74.13424682617188,13669,yfinance
VALE3.SA,5938,6,2024-08-08,49.943350159061175,50.35494819594004,49.7594459326296,49.78571701049805,14584800,yfinance
PETR3.SA,3356,3,2024-08-08,32.20899801068826,32.57827377319336,31.92178526784214,32.57827377319336,5094500,yfinance
SAPR11.SA,4691,5,2024-08-08,26.658577589846047,26.879963493110782,26.28960108440482,26.354171752929688,1014300,yfinance
PETR3.SA,3357,3,2024-08-09,32.12693916388609,32.65212998520875,31.445830165344123,32.29926681518555,8716600,yfinance
VALE3.SA,5939,6,2024-08-09,50.022165720346685,50.05719605057937,49.47920896444476,49.96962356567383,21989300,yfinance
SAPR11.SA,4692,5,2024-08-09,26.10511175957857,26.464865389223778,24.979732986422245,26.30805015563965,2147500,yfinance
KFOF11.SA,2110,2,2024-08-09,74.15103231514532,74.73046409130022,73.87390914874803,74.201416015625,7614,yfinance
FLRY3.SA,863,1,2024-08-09,13.394524092839665,13.659170887001329,13.232321796782538,13.531116485595703,10382800,yfinance
KFOF11.SA,2111,2,2024-08-12,74.07546122500722,74.71368262119327,73.91590427424059,74.327392578125,13132,yfinance
SAPR11.SA,4693,5,2024-08-12,26.363398305654,26.63090739121947,26.188133793022107,26.427968978881836,686500,yfinance
FLRY3.SA,864,1,2024-08-12,13.650634546371602,13.684783257265916,13.317692756652832,13.317692756652832,5409500,yfinance
VALE3.SA,5940,6,2024-08-12,50.00464813928432,50.013407391757376,49.49672173815525,49.71565628051758,18421500,yfinance
PETR3.SA,3358,3,2024-08-12,32.66033144304485,33.390675051266804,32.63571410401209,33.201934814453125,6756000,yfinance
PETR3.SA,3359,3,2024-08-13,33.43991152840371,33.43991152840371,32.816248298126276,33.029605865478516,6945100,yfinance
SAPR11.SA,4694,5,2024-08-13,26.53866121227974,26.612456514277046,26.326499938964844,26.326499938964844,554600,yfinance
KFOF11.SA,2112,2,2024-08-13,74.3273853579841,74.56251784771709,73.98307963596092,74.35257720947266,8032,yfinance
VALE3.SA,5941,6,2024-08-13,49.90832119565504,49.90832119565504,49.49672317504883,49.49672317504883,26100900,yfinance
FLRY3.SA,865,1,2024-08-13,13.496968590944201,13.599412274898707,13.43720916469155,13.531116485595703,3453200,yfinance
VALE3.SA,5942,6,2024-08-14,49.0063133559961,49.120160267806305,48.585959382400425,49.041343688964844,51693500,yfinance
KFOF11.SA,2113,2,2024-08-14,74.23500290561074,75.56182913292567,74.14262852226102,75.30149841308594,12394,yfinance
SAPR11.SA,4695,5,2024-08-14,26.418743149027865,26.6032322865387,26.169685100632694,26.492538452148438,912100,yfinance
FLRY3.SA,866,1,2024-08-14,13.531117643394593,13.684783589549893,13.437210314455198,13.55672836303711,3317100,yfinance
PETR3.SA,3360,3,2024-08-14,32.996787075299316,33.628658294677734,32.996787075299316,33.628658294677734,10860000,yfinance
VALE3.SA,5943,6,2024-08-15,48.95376782917156,49.35660660856732,48.76986026407681,49.242759704589844,28153700,yfinance
FLRY3.SA,867,1,2024-08-15,13.606780316405022,13.746336901094656,13.502112046064939,13.632946968078613,2336800,yfinance
PETR3.SA,3361,3,2024-08-15,33.80919327215167,34.079993430109205,33.595832536418484,33.97331619262695,6086600,yfinance
KFOF11.SA,2114,2,2024-08-15,75.30151773306403,75.57864095421421,74.56252888354436,75.47786712646484,8859,yfinance
SAPR11.SA,4696,5,2024-08-15,26.289602116816937,26.52943729462693,26.280377483891304,26.391071319580078,763400,yfinance
KFOF11.SA,2115,2,2024-08-16,75.4778459271083,75.4778459271083,74.49532540831407,74.87322235107422,22470,yfinance
VALE3.SA,5944,6,2024-08-16,48.997549895278084,49.12015270110595,48.62973813711857,49.11139678955078,44280200,yfinance
PETR3.SA,3362,3,2024-08-16,33.85842830934566,34.15384894319837,33.59583288600645,34.1046142578125,8366100,yfinance
FLRY3.SA,868,1,2024-08-16,13.632946620089625,13.772503201216994,13.606779969083952,13.720169067382812,2520400,yfinance
SAPR11.SA,4697,5,2024-08-16,26.381845456184017,26.474090021719167,26.2619269931627,26.30805015563965,674600,yfinance
SAPR11.SA,4698,5,2024-08-19,26.308050262201064,26.750822067260742,26.27115173207005,26.750822067260742,698200,yfinance
FLRY3.SA,869,1,2024-08-19,13.781226684163444,13.946949928185534,13.755060031280566,13.8335599899292,2595600,yfinance
KFOF11.SA,2116,2,2024-08-19,75.1755365436403,75.46105912659505,74.57930593458946,74.82283782958984,10494,yfinance
PETR3.SA,3363,3,2024-08-19,34.15384437980471,34.2441121314637,33.84201431274414,33.84201431274414,9357100,yfinance
VALE3.SA,5945,6,2024-08-19,49.49672406060719,50.372462271147285,49.35660608054782,49.89956283569336,28349600,yfinance
FLRY3.SA,870,1,2024-08-20,13.798670390101144,13.920782819259008,13.659113803533794,13.816115379333496,3870900,yfinance
VALE3.SA,5946,6,2024-08-20,50.24986108605522,50.43376531447137,49.75069055711065,50.092227935791016,19475800,yfinance
SAPR11.SA,4699,5,2024-08-20,26.437192045417543,26.667802584375767,26.234255404525065,26.474090576171875,826600,yfinance
PETR3.SA,3364,3,2024-08-20,33.89946100145719,34.006138238834104,33.29220713541358,33.71892547607422,7499700,yfinance
KFOF11.SA,2117,2,2024-08-20,74.87323216160607,75.41067968197666,74.70527580719038,74.9823989868164,10606,yfinance
FLRY3.SA,871,1,2024-08-21,13.746336210072396,14.016726871360428,13.728891221951715,13.999281883239746,7053000,yfinance
PETR3.SA,3365,3,2024-08-21,33.94869470118772,34.11281761673856,33.3742660619519,33.42350387573242,7868600,yfinance
SAPR11.SA,4700,5,2024-08-21,26.474091953859165,26.621682565719407,26.29882744249305,26.381847381591797,664900,yfinance
VALE3.SA,5947,6,2024-08-21,51.01175193409407,51.28323198823227,50.88038986322935,51.055538177490234,23200300,yfinance
KFOF11.SA,2118,2,2024-08-21,74.89843289034586,75.02439216248712,74.29380275654552,74.71368408203125,8056,yfinance
PETR3.SA,3366,3,2024-08-22,33.729457442486485,33.73787996878367,33.16505177622961,33.510433197021484,6460400,yfinance
FLRY3.SA,872,1,2024-08-22,13.999283190892143,14.016728180642335,13.816115789452489,13.912060737609863,3400200,yfinance
VALE3.SA,5948,6,2024-08-22,51.00299608952787,51.1255989074707,50.66145537296052,51.1255989074707,17719100,yfinance
KFOF11.SA,2119,2,2024-08-22,74.71367413551198,75.00758974284733,74.36097540670956,74.62129974365234,11273,yfinance
SAPR11.SA,4701,5,2024-08-22,26.501762195967846,26.658577429766066,26.289600926540476,26.45564079284668,992900,yfinance
KFOF11.SA,2120,2,2024-08-23,74.62129128921407,74.99078881478933,74.3609669817655,74.57090759277344,8037,yfinance
PETR3.SA,3367,3,2024-08-23,33.77999900901543,33.96532672223541,33.18190002441406,33.18190002441406,6372100,yfinance
SAPR11.SA,4702,5,2024-08-23,26.45564017724386,26.926085867691604,26.409517015777194,26.760046005249023,790900,yfinance
VALE3.SA,5949,6,2024-08-23,51.02050414893883,51.125595134284936,50.13601007000302,50.267372131347656,24018700,yfinance
FLRY3.SA,873,1,2024-08-23,13.955671310424805,14.208618651476172,13.894615514625002,13.955671310424805,3825300,yfinance
KFOF11.SA,2121,2,2024-08-26,74.57092041776383,74.57092041776383,73.93269905660982,74.15103912353516,7822,yfinance
PETR3.SA,3368,3,2024-08-26,34.015880594598336,36.3240390318955,33.94848751236649,36.15555953979492,26481400,yfinance
SAPR11.SA,4703,5,2024-08-26,26.76004800527153,26.889189348192687,26.25270374773199,26.289602279663086,749900,yfinance
VALE3.SA,5950,6,2024-08-26,51.23068411092811,51.27447035228942,50.83660125732422,50.83660125732422,17168700,yfinance
FLRY3.SA,874,1,2024-08-26,13.912059295048776,14.016726727228132,13.824836850810716,13.973115921020508,1515800,yfinance
PETR3.SA,3369,3,2024-08-27,35.81860018180646,36.088166056778505,35.56588257570501,35.658546447753906,8170200,yfinance
FLRY3.SA,875,1,2024-08-27,14.016726871360428,14.112672642378543,13.946948582523333,13.999281883239746,1219900,yfinance
SAPR11.SA,4704,5,2024-08-27,26.298826379067336,26.400295580400297,26.049766571842145,26.197357177734375,1196600,yfinance
VALE3.SA,5951,6,2024-08-27,52.281568146398904,52.66689172919001,51.74736734117483,52.369140625,35232600,yfinance
KFOF11.SA,2122,2,2024-08-27,74.25180052251943,74.4449487212551,73.89910180157212,73.90750122070312,7685,yfinance
PETR3.SA,3370,3,2024-08-28,35.414246812065535,36.66098962674379,35.380550278660586,36.46723937988281,11347800,yfinance
KFOF11.SA,2123,2,2024-08-28,73.90749176483,73.98306730670103,73.36164491498376,73.5547866821289,10970,yfinance
VALE3.SA,5952,6,2024-08-28,51.992576599121094,52.10642350182533,51.38831843678536,51.992576599121094,21280300,yfinance
SAPR11.SA,4705,5,2024-08-28,26.19735655281799,26.50176239013672,26.05899058302198,26.50176239013672,724800,yfinance
FLRY3.SA,876,1,2024-08-28,13.999282655127814,14.051617622375488,13.859726901581663,14.051617622375488,2730000,yfinance
KFOF11.SA,2124,2,2024-08-29,73.49602671348187,73.81514063132562,73.10134363684902,73.52122497558594,10901,yfinance
SAPR11.SA,4706,5,2024-08-29,26.483311870836296,26.483311870836296,26.261925977762925,26.344945907592773,422000,yfinance
PETR3.SA,3371,3,2024-08-29,36.41669855290155,36.71996095967592,36.02919801690259,36.037620544433594,8584600,yfinance
VALE3.SA,5953,6,2024-08-29,52.02760615024086,52.51802074320518,51.75612610652695,51.9312744140625,19175500,yfinance
FLRY3.SA,877,1,2024-08-29,14.051617387896508,14.138839004562382,13.816115030148973,13.903337478637695,3082300,yfinance
VALE3.SA,5954,6,2024-08-30,51.77364104651169,52.30784187887101,51.738614057697575,52.176483154296875,36685200,yfinance
SAPR11.SA,4707,5,2024-08-30,26.3449483463624,26.464866815848087,26.178908471332278,26.437192916870117,1469600,yfinance
KFOF11.SA,2125,2,2024-08-30,73.39526421398934,73.52122990543299,73.16852468801451,73.4036636352539,15113,yfinance
FLRY3.SA,878,1,2024-08-30,13.85100493712998,13.912060737609863,13.667836703867431,13.912060737609863,11806700,yfinance
PETR3.SA,3372,3,2024-08-30,36.071311232152425,36.517779028904634,35.742778082581694,36.17239761352539,36947400,yfinance
KFOF11.SA,2126,2,2024-09-02,73.70856814938432,73.90338794670821,72.4210850366023,72.92082977294922,19668,yfinance
PETR3.SA,3373,3,2024-09-02,36.05446756252395,36.42512303060575,35.725934371072206,36.02077102661133,5276000,yfinance
VALE3.SA,5955,6,2024-09-02,51.51091806361265,51.56346355561084,51.160621464976636,51.440860748291016,13155000,yfinance
SAPR11.SA,4708,5,2024-09-02,26.381846701225864,26.547886575141323,26.289602131337404,26.464866638183594,435600,yfinance
FLRY3.SA,879,1,2024-09-02,14.025449914114601,14.025449914114601,13.606780164713138,13.755059242248535,2538200,yfinance
KFOF11.SA,2127,2,2024-09-03,72.97165569277965,73.19188536229042,72.16697309593667,72.22626495361328,14536,yfinance
VALE3.SA,5956,6,2024-09-03,50.749029822608755,50.749029822608755,49.45293767562758,49.52299499511719,29504400,yfinance
PETR3.SA,3374,3,2024-09-03,35.71751253045323,35.810173185776414,35.372131064405686,35.64169692993164,9984700,yfinance
SAPR11.SA,4709,5,2024-09-03,26.474090026040074,27.30428759715442,26.474090026040074,27.07367706298828,1068700,yfinance
FLRY3.SA,880,1,2024-09-03,13.82483714385017,14.138838615221193,13.737613865940464,14.069060325622559,3056100,yfinance
FLRY3.SA,881,1,2024-09-04,14.147561780865212,14.697067293225683,14.147561780865212,14.57495403289795,4830500,yfinance
KFOF11.SA,2128,2,2024-09-04,72.22626213250437,72.47190166537807,71.82816336784103,72.25167846679688,32228,yfinance
VALE3.SA,5957,6,2024-09-04,49.65435650139889,50.30240089722724,49.45293711671299,49.908321380615234,19501800,yfinance
PETR3.SA,3375,3,2024-09-04,35.75962981612368,35.87756447474168,35.44794490213631,35.50691223144531,8903000,yfinance
SAPR11.SA,4710,5,2024-09-04,27.165922800368055,27.165922800368055,26.750823117195765,26.86151695251465,1198800,yfinance
VALE3.SA,5958,6,2024-09-05,49.82074379531667,50.47754742068789,49.680625822197854,50.267372131347656,16585500,yfinance
SAPR11.SA,4711,5,2024-09-05,26.86151725645845,27.498001098632812,26.760048052886226,27.498001098632812,2034000,yfinance
PETR3.SA,3376,3,2024-09-05,35.5574543550899,35.8691424872436,35.21207290102319,35.29631423950195,5671500,yfinance
KFOF11.SA,2129,2,2024-09-05,71.9975664119012,72.12462223332889,71.74345476904584,71.9128646850586,16122,yfinance
FLRY3.SA,882,1,2024-09-05,14.531343184228271,14.653454780578613,14.287118327881862,14.653454780578613,2772000,yfinance
FLRY3.SA,883,1,2024-09-06,14.566232824109555,14.71451190065363,14.426676241908744,14.592398643493652,2290100,yfinance
VALE3.SA,5959,6,2024-09-06,50.35494973793137,50.37246490393877,49.54927214564911,49.636844635009766,17917900,yfinance
PETR3.SA,3377,3,2024-09-06,35.38897525112262,35.43952005472336,34.56342940651505,34.64767074584961,8287800,yfinance
SAPR11.SA,4712,5,2024-09-06,27.507225406610434,28.263627709417854,27.44265473579792,27.700939178466797,2003100,yfinance
KFOF11.SA,2130,2,2024-09-06,71.65876421542148,72.06534161491916,71.48936073532244,71.667236328125,13763,yfinance
PETR3.SA,3378,3,2024-09-09,34.80772242541536,35.39739891219974,34.63924297012292,35.110984802246094,15994900,yfinance
KFOF11.SA,2131,2,2024-09-09,71.63335413800968,71.90440358280235,71.36230469321701,71.75193786621094,9274,yfinance
VALE3.SA,5960,6,2024-09-09,50.013412352477964,50.214831750548534,49.6280853816679,49.636844635009766,10204400,yfinance
FLRY3.SA,884,1,2024-09-09,14.540065568433738,14.627288849584522,14.43539729832365,14.505175590515137,3507800,yfinance
SAPR11.SA,4713,5,2024-09-09,27.673264314286758,28.162159283896578,27.516449079462383,27.95922088623047,1027400,yfinance
SAPR11.SA,4714,5,2024-09-10,27.92232574965692,29.711862346606722,27.67326593399048,29.518150329589844,2856200,yfinance
VALE3.SA,5961,6,2024-09-10,49.77696397792637,49.82950947737949,48.98004227660775,49.041343688964844,17580600,yfinance
FLRY3.SA,885,1,2024-09-10,14.391786188641305,14.452841985076475,14.260952101473702,14.365618705749512,3097000,yfinance
KFOF11.SA,2132,2,2024-09-10,71.74345454496857,72.0483859305116,71.40464763865631,71.48934936523438,18621,yfinance
PETR3.SA,3379,3,2024-09-10,34.93408388308695,35.068866808725865,34.04114499230512,34.36125564575195,8984700,yfinance
FLRY3.SA,886,1,2024-09-11,14.356896558041926,14.505175637383662,14.269674940255028,14.470287322998047,2136700,yfinance
SAPR11.SA,4715,5,2024-09-11,29.86867807349387,30.19153142139049,29.287538528442383,29.287538528442383,1776000,yfinance
PETR3.SA,3380,3,2024-09-11,34.580275901898204,34.76560362545636,34.091689012715364,34.51288604736328,8315700,yfinance
KFOF11.SA,2133,2,2024-09-11,71.48935339177179,71.77734057082318,71.15054000404884,71.3453598022461,17116,yfinance
VALE3.SA,5962,6,2024-09-11,49.689385484719594,50.486307089786386,49.66311106782823,50.43376159667969,25592400,yfinance
VALE3.SA,5963,6,2024-09-12,50.88038564510213,51.26571257266665,50.757782837486495,50.88914489746094,17929800,yfinance
KFOF11.SA,2134,2,2024-09-12,71.0489118869906,71.28608584157246,70.47293092195079,70.74398040771484,16648,yfinance
SAPR11.SA,4716,5,2024-09-12,29.278312816321048,30.03471683621482,28.927785583205313,29.794879913330078,1670100,yfinance
FLRY3.SA,887,1,2024-09-12,14.444119650720502,14.522620436619446,14.28711807892261,14.479009628295898,1532500,yfinance
PETR3.SA,3381,3,2024-09-12,34.378105444585024,34.52973664436833,33.89794104976408,34.10853958129883,6583300,yfinance
FLRY3.SA,888,1,2024-09-13,14.583676574724109,14.644734036908691,14.426676662900967,14.54006576538086,1480000,yfinance
PETR3.SA,3382,3,2024-09-13,34.39494998735908,34.68136087428534,33.956904703594674,34.0074462890625,6627900,yfinance
KFOF11.SA,2135,2,2024-09-13,70.74397724615531,71.74347339192943,70.74397724615531,71.09126281738281,23722,yfinance
VALE3.SA,5964,6,2024-09-13,50.880389561301044,51.66855530045991,50.81908815277494,51.23068618774414,15045100,yfinance
SAPR11.SA,4717,5,2024-09-13,29.684189230140298,30.15463318725271,29.619618559925605,29.951698303222656,1875300,yfinance
SAPR11.SA,4718,5,2024-09-16,29.80410740647023,30.12696075439453,29.527371943863596,30.12696075439453,1023900,yfinance
FLRY3.SA,889,1,2024-09-16,14.531343120907163,14.566233098938499,14.417954019596763,14.470287322998047,1554300,yfinance
KFOF11.SA,2136,2,2024-09-16,70.94726536361642,71.52324627178521,70.71856354557634,71.15055084228516,13794,yfinance
PETR3.SA,3383,3,2024-09-16,34.3696769213549,34.79929969045339,34.25174226739949,34.34440612792969,5244000,yfinance
VALE3.SA,5965,6,2024-09-16,51.169384779218035,51.27447243088048,50.862877736587485,51.23068618774414,10548000,yfinance
KFOF11.SA,2137,2,2024-09-17,71.15054341020836,71.31994688101567,70.85408410513145,71.06584167480469,11950,yfinance
PETR3.SA,3384,3,2024-09-17,34.285439325815496,34.285439325815496,33.78000095522548,34.13380813598633,5309200,yfinance
VALE3.SA,5966,6,2024-09-17,51.11683999344158,51.27447314346405,50.70524529342848,50.98548126220703,12056600,yfinance
SAPR11.SA,4719,5,2024-09-17,30.00704307077114,30.126961539770985,29.711861853877423,29.82255744934082,798800,yfinance
FLRY3.SA,890,1,2024-09-17,14.470286936254306,14.513897743982179,14.339452849425008,14.444119453430176,1492400,yfinance
FLRY3.SA,891,1,2024-09-18,14.348176296892888,14.627289477643243,14.348176296892888,14.487732887268066,1492200,yfinance
SAPR11.SA,4720,5,2024-09-18,29.87790257882181,29.924023985492408,29.370560067769674,29.63806915283203,943400,yfinance
PETR3.SA,3385,3,2024-09-18,33.86423903387816,33.965325412883956,33.24086606747331,33.54412841796875,16947900,yfinance
VALE3.SA,5967,6,2024-09-18,50.43376274304435,50.94168915858356,50.3111599303513,50.389976501464844,14429800,yfinance
KFOF11.SA,2138,2,2024-09-18,71.06586093107812,71.99759319764043,70.84563118949178,71.04045104980469,33337,yfinance
VALE3.SA,5968,6,2024-09-19,51.2919871199403,51.537192751767606,50.94169049675028,50.99423599243164,19328400,yfinance
KFOF11.SA,2139,2,2024-09-19,70.97265938754094,71.34535473379228,70.85407567961141,71.01500701904297,14170,yfinance
PETR3.SA,3386,3,2024-09-19,33.86424748454448,33.94006309108777,33.31668996912305,33.443050384521484,8486400,yfinance
FLRY3.SA,892,1,2024-09-19,14.53134335869844,14.583676662956105,14.374341782279693,14.426676750183105,2045000,yfinance
SAPR11.SA,4721,5,2024-09-19,29.64729214519832,29.748761351582104,28.992359018878357,29.241418838500977,1460400,yfinance
PETR3.SA,3387,3,2024-09-20,33.400931317214955,33.662071462602746,33.28299342988628,33.443050384521484,16400900,yfinance
FLRY3.SA,893,1,2024-09-20,14.409230843850652,14.417953337946106,14.121395193283282,14.348175048828125,3626500,yfinance
KFOF11.SA,2140,2,2024-09-20,71.0150190012204,71.89593131042194,70.4898643381609,71.32842254638672,35736,yfinance
VALE3.SA,5969,6,2024-09-20,50.53885333897694,50.93293621753211,49.87329374238756,50.22358703613281,30842600,yfinance
SAPR11.SA,4722,5,2024-09-20,29.24141662443859,29.407454732196257,28.890887624973075,29.342884063720703,1820800,yfinance
FLRY3.SA,894,1,2024-09-23,14.191175362730325,14.269676156345103,13.999283794496042,14.042896270751953,2401000,yfinance
PETR3.SA,3388,3,2024-09-23,33.46831253892783,34.260161725621494,33.45146427366056,33.86423873901367,8280000,yfinance
VALE3.SA,5970,6,2024-09-23,49.99589434828344,50.67021316824472,49.56678115715312,50.38121795654297,18164700,yfinance
KFOF11.SA,2141,2,2024-09-23,71.3114885426277,71.3114885426277,70.35434009367879,70.72703552246094,21957,yfinance
SAPR11.SA,4723,5,2024-09-23,29.278313449487904,29.278313449487904,28.678726407565676,28.798643112182617,1255700,yfinance
SAPR11.SA,4724,5,2024-09-24,28.770972854197147,29.112275484625595,28.521913036693874,28.65105438232422,1725800,yfinance
PETR3.SA,3389,3,2024-09-24,34.30228633526713,34.45391751953723,33.94847916747748,34.11695861816406,9218500,yfinance
VALE3.SA,5971,6,2024-09-24,52.72819792525161,53.192341457919866,52.22902740236457,52.842044830322266,44910100,yfinance
FLRY3.SA,895,1,2024-09-24,14.173728637754786,14.243506927579446,13.929504623368482,14.034172058105469,2481600,yfinance
KFOF11.SA,2142,2,2024-09-24,70.72704281576497,71.32843366183265,70.71010505013228,71.31996154785156,16765,yfinance
FLRY3.SA,896,1,2024-09-25,14.008005536979152,14.034173021326499,13.72889235852387,13.84228229522705,2718700,yfinance
VALE3.SA,5972,6,2024-09-25,53.174822944495446,53.63896310726443,52.912098820000686,53.0784912109375,21557700,yfinance
PETR3.SA,3390,3,2024-09-25,34.512882582759325,34.73190360485916,34.14222717285156,34.14222717285156,9236200,yfinance
SAPR11.SA,4725,5,2024-09-25,28.540362501816503,28.67872848158679,27.5994710243083,27.636367797851562,1176700,yfinance
KFOF11.SA,2143,2,2024-09-25,71.10818165514063,71.81121826171875,70.54914509180527,71.81121826171875,34736,yfinance
FLRY3.SA,897,1,2024-09-26,13.903337055525252,13.903337055525252,13.519556463843982,13.615501403808594,3542300,yfinance
KFOF11.SA,2144,2,2024-09-26,71.26066637691862,71.95523105764752,70.82021340522704,70.9726791381836,12239,yfinance
VALE3.SA,5973,6,2024-09-26,54.821208796135494,56.380021689350514,54.68985007338679,56.266178131103516,61449300,yfinance
PETR3.SA,3391,3,2024-09-26,33.9484843514505,34.00745168617345,33.22402485230716,33.42620086669922,18792500,yfinance
SAPR11.SA,4726,5,2024-09-26,27.682490239778883,27.857754747925764,27.40575652805978,27.498001098632812,713500,yfinance
KFOF11.SA,2145,2,2024-09-27,71.06584557730302,72.99707368480159,70.98114383724806,72.05686950683594,15688,yfinance
FLRY3.SA,898,1,2024-09-27,13.563168600907279,13.71144767927769,13.545723612005887,13.598057746887207,2022800,yfinance
PETR3.SA,3392,3,2024-09-27,33.451466061893754,33.51885912656551,33.131358645137496,33.291412353515625,8526600,yfinance
VALE3.SA,5974,6,2024-09-27,56.66026291890102,56.95801740249485,55.32038444611055,56.0122184753418,37237900,yfinance
SAPR11.SA,4727,5,2024-09-27,27.53489832851769,27.67326429812456,27.0921265220082,27.11979866027832,764500,yfinance
VALE3.SA,5975,6,2024-09-30,57.20322094464961,57.20322094464961,55.618133544921875,55.618133544921875,28980300,yfinance
FLRY3.SA,899,1,2024-09-30,13.54572234935531,13.589333985720721,13.414888272081855,13.458499908447266,3301000,yfinance
PETR3.SA,3393,3,2024-09-30,33.39250310747442,33.43462217166773,32.90391617857043,33.08081817626953,8219700,yfinance
KFOF11.SA,2146,2,2024-09-30,72.0568617211549,72.52273093461321,71.68416635038825,72.02297973632812,19476,yfinance
SAPR11.SA,4728,5,2024-09-30,27.212045152662295,27.414981805155758,26.879965394564916,27.19359588623047,867500,yfinance
FLRY3.SA,900,1,2024-10-01,13.475945642006986,13.554446430293043,13.179387478180935,13.205554962158203,4504900,yfinance
KFOF11.SA,2147,2,2024-10-01,71.9546183429977,72.02298534334118,70.41639995428557,70.97187042236328,13158,yfinance
VALE3.SA,5976,6,2024-10-01,55.60937434063179,56.26617797457626,55.30286731439478,55.889610290527344,18091500,yfinance
PETR3.SA,3394,3,2024-10-01,33.055548015964405,34.28544270953506,32.819675467685514,33.96533203125,11968600,yfinance
SAPR11.SA,4729,5,2024-10-01,27.350411251335697,27.71016491064967,26.796945571899414,26.796945571899414,985000,yfinance
FLRY3.SA,901,1,2024-10-02,13.266610145568848,13.327665941703799,13.170665204239233,13.266610145568848,5787700,yfinance
PETR3.SA,3395,3,2024-10-02,34.46234203661153,34.84142001918299,34.21804697967899,34.36125564575195,6233500,yfinance
VALE3.SA,5977,6,2024-10-02,56.41505194609986,57.229488720667675,56.02097243768243,56.19611740112305,20310600,yfinance
KFOF11.SA,2148,2,2024-10-02,70.92913927640527,71.05732577183585,70.19421032376167,70.65567779541016,14917,yfinance
SAPR11.SA,4730,5,2024-10-02,26.94453515938694,27.433430146836987,26.898413754280956,27.00910758972168,713700,yfinance
PETR3.SA,3396,3,2024-10-03,34.24332272309491,34.95093392193346,34.10853979062464,34.8245735168457,8549700,yfinance
FLRY3.SA,902,1,2024-10-03,13.127054812093135,13.231722257622387,13.092165663583385,13.214277267456055,3981200,yfinance
VALE3.SA,5978,6,2024-10-03,55.72321897625306,55.87209285704336,54.672332536484426,55.11895751953125,26675400,yfinance
KFOF11.SA,2149,2,2024-10-03,70.95477236892067,70.95477236892067,69.66437300208926,70.0318374633789,15621,yfinance
SAPR11.SA,4731,5,2024-10-03,27.1013494851913,27.1013494851913,26.575557743287096,26.723148345947266,746300,yfinance
SAPR11.SA,4732,5,2024-10-04,26.889188502794827,26.889188502794827,25.708463668823242,25.708463668823242,2195900,yfinance
KFOF11.SA,2150,2,2024-10-04,70.03183517231385,70.54458111628658,69.94637968826356,70.39929962158203,16296,yfinance
FLRY3.SA,903,1,2024-10-04,13.214277267456055,13.214277267456055,13.057276515073633,13.214277267456055,3706700,yfinance
PETR3.SA,3397,3,2024-10-04,34.91723481474589,35.02674694352747,34.58870164187952,34.8414192199707,5845300,yfinance
VALE3.SA,5979,6,2024-10-04,55.1014452742819,55.18026184495603,54.558488532235735,54.716121673583984,16268300,yfinance
VALE3.SA,5980,6,2024-10-07,55.08393323554063,55.81955344540594,54.68109113106777,55.197776794433594,22467400,yfinance
SAPR11.SA,4733,5,2024-10-07,25.736135342152814,26.0313165453086,25.25646500731529,25.911399841308594,1848800,yfinance
FLRY3.SA,904,1,2024-10-07,13.275332141642616,13.353832923340434,13.031107302622114,13.135775566101074,3482000,yfinance
PETR3.SA,3398,3,2024-10-07,35.043591415603814,35.431095123291016,34.87511517532398,35.431095123291016,7007900,yfinance
KFOF11.SA,2151,2,2024-10-07,70.39929734241359,71.04877073587305,70.39929734241359,70.76676177978516,15113,yfinance
VALE3.SA,5981,6,2024-10-08,53.25364306772337,53.52511978149414,53.11352508429051,53.52511978149414,38028100,yfinance
PETR3.SA,3399,3,2024-10-08,34.521311588378474,34.841422262435515,34.50446331990403,34.664520263671875,7578700,yfinance
KFOF11.SA,2152,2,2024-10-08,70.44201863296573,70.67274905261037,69.3225369868422,69.82672882080078,17877,yfinance
SAPR11.SA,4734,5,2024-10-08,26.03131642309421,26.188131656461834,26.022091790611555,26.160459518432617,919800,yfinance
FLRY3.SA,905,1,2024-10-08,13.083443168500219,13.214277267456055,13.083443168500219,13.214277267456055,2624200,yfinance
VALE3.SA,5982,6,2024-10-09,53.13103344913848,53.47257414339829,52.76322501933318,53.3849983215332,22758400,yfinance
FLRY3.SA,906,1,2024-10-09,13.135775980402745,13.135775980402745,12.952607761271654,13.039830207824707,3546000,yfinance
PETR3.SA,3400,3,2024-10-09,34.49604107960608,34.62239827399841,34.260168532478815,34.394954681396484,7448600,yfinance
KFOF11.SA,2153,2,2024-10-09,69.56183272394483,70.16857518859379,67.08358435464672,67.83560180664062,46943,yfinance
SAPR11.SA,4735,5,2024-10-09,26.142011525903097,26.142011525903097,25.41328135907196,25.55164909362793,834600,yfinance
FLRY3.SA,907,1,2024-10-10,12.970051343673283,13.00494048711454,12.830494769908258,12.874106407165527,4345400,yfinance
KFOF11.SA,2154,2,2024-10-10,67.81850491455806,68.02359937245068,66.25464418851816,66.86993408203125,32685,yfinance
VALE3.SA,5983,6,2024-10-10,53.814110090468574,53.814110090468574,53.20109271613919,53.63896179199219,17192100,yfinance
PETR3.SA,3401,3,2024-10-10,34.664518079203894,35.06886685667349,34.664518079203894,34.967777252197266,5128200,yfinance
SAPR11.SA,4736,5,2024-10-10,25.505524279276408,25.625442740212765,25.127323150634766,25.127323150634766,813300,yfinance
PETR3.SA,3402,3,2024-10-11,34.86669060038775,35.001473525202734,34.72348514866863,34.908809661865234,4518500,yfinance
KFOF11.SA,2155,2,2024-10-11,67.0836027585543,67.0836027585543,65.80175047654372,66.65631866455078,30019,yfinance
FLRY3.SA,908,1,2024-10-11,12.90899639294393,12.926440549891426,12.699661518636884,12.917718887329102,1978700,yfinance
SAPR11.SA,4737,5,2024-10-11,25.099650304489195,25.32103797096084,25.071978165744333,25.238018035888672,637800,yfinance
VALE3.SA,5984,6,2024-10-11,53.4112735630451,54.53221737481624,53.40251431038534,54.40961456298828,20939400,yfinance
VALE3.SA,5985,6,2024-10-14,54.57600775217209,54.7511560712041,53.709028751011935,54.23447036743164,44954000,yfinance
KFOF11.SA,2156,2,2024-10-14,67.50232315113192,67.80142064121252,66.70757466615417,67.53650665283203,22611,yfinance
PETR3.SA,3403,3,2024-10-14,34.74033695791967,35.04359615956349,34.64767308513459,34.84984588623047,5507400,yfinance
SAPR11.SA,4738,5,2024-10-14,25.182669654138078,25.800705956741815,25.127323618516193,25.690013885498047,1160400,yfinance
FLRY3.SA,909,1,2024-10-14,12.90899658203125,12.952608222773074,12.760717502602763,12.90899658203125,2228100,yfinance
PETR3.SA,3404,3,2024-10-15,34.42864826187866,34.60555347691294,34.218049722842366,34.453922271728516,6837800,yfinance
KFOF11.SA,2157,2,2024-10-15,67.51088474729686,68.06635535614721,67.08360066661776,67.80998229980469,34000,yfinance
VALE3.SA,5986,6,2024-10-15,53.50760727939528,53.59518311132267,53.04346706254752,53.56890869140625,25559300,yfinance
FLRY3.SA,910,1,2024-10-15,12.90027322100762,13.153219722132365,12.856661583195187,13.135775566101074,2366800,yfinance
SAPR11.SA,4739,5,2024-10-15,25.59776996394489,25.966746476406286,25.30258875397578,25.45940399169922,1359000,yfinance
VALE3.SA,5987,6,2024-10-16,54.23446857929095,54.62855144895076,53.927961536597884,54.59352111816406,29731800,yfinance
KFOF11.SA,2158,2,2024-10-16,67.80996309796812,68.17742756409025,67.39977414777903,67.7330551147461,15526,yfinance
PETR3.SA,3405,3,2024-10-16,34.580279602859264,34.748759077445655,34.31071372891253,34.35283279418945,18678900,yfinance
FLRY3.SA,911,1,2024-10-16,13.196832876748259,13.327666973400422,13.083442938132364,13.30150032043457,4859100,yfinance
SAPR11.SA,4740,5,2024-10-16,25.459404168794894,25.77303464642339,25.071978388160797,25.431730270385742,3176800,yfinance
PETR3.SA,3406,3,2024-10-17,34.1843531994758,34.27701384865743,33.999025474155786,34.19277572631836,5131800,yfinance
KFOF11.SA,2159,2,2024-10-17,67.7330457577774,67.7330457577774,66.80156346402995,67.15193939208984,23931,yfinance
FLRY3.SA,912,1,2024-10-17,13.231721813927928,13.231721813927928,12.847940361366957,13.004941940307617,3184700,yfinance
VALE3.SA,5988,6,2024-10-17,53.43754410870544,53.700264894394344,53.10476266513894,53.2098503112793,20345200,yfinance
SAPR11.SA,4741,5,2024-10-17,25.431731032410653,25.79148292541504,25.19189585060144,25.79148292541504,685100,yfinance
FLRY3.SA,913,1,2024-10-18,13.074720044605405,13.127054180764546,12.882830152941928,13.013664245605469,2795400,yfinance
KFOF11.SA,2160,2,2024-10-18,67.10920072289228,67.91249645065143,66.68191687107728,67.01519775390625,29257,yfinance
SAPR11.SA,4742,5,2024-10-18,25.782257366950322,25.94829546683373,25.505523681640625,25.505523681640625,1573700,yfinance
VALE3.SA,5989,6,2024-10-18,53.5864194867124,53.83162845543083,52.94713099883345,53.02594757080078,21823500,yfinance
PETR3.SA,3407,3,2024-10-18,34.28543786304842,34.36125345472838,33.771576987604064,34.0074462890625,5814000,yfinance
SAPR11.SA,4743,5,2024-10-21,25.496301416506974,25.680790557174085,25.22879409790039,25.22879409790039,609200,yfinance
FLRY3.SA,914,1,2024-10-21,13.06599762440075,13.0834426138275,12.952608520418377,13.048553466796875,3667100,yfinance
VALE3.SA,5990,6,2024-10-21,53.726536293981276,53.75281071118147,52.780740791676074,52.83328628540039,19044900,yfinance
KFOF11.SA,2161,2,2024-10-21,66.69902000386197,67.68176776692184,66.01536314971733,66.06663513183594,25572,yfinance
PETR3.SA,3408,3,2024-10-21,34.319136941755914,34.319136941755914,33.38407897949219,33.38407897949219,5830700,yfinance
KFOF11.SA,2162,2,2024-10-22,66.06663744248225,66.28027940189509,65.55389804385844,65.9042739868164,33248,yfinance
PETR3.SA,3409,3,2024-10-22,33.31668960145745,33.57783295744225,33.12293932320246,33.22402572631836,5602900,yfinance
SAPR11.SA,4744,5,2024-10-22,25.25646695767831,25.551649943047565,25.18267165119072,25.36716079711914,743000,yfinance
VALE3.SA,5991,6,2024-10-22,52.67565654257453,53.122281575673064,52.456721982282325,52.90334701538086,14814000,yfinance
FLRY3.SA,915,1,2024-10-22,12.908996235548592,13.240443531738276,12.900273741269771,13.188109397888184,3220000,yfinance
KFOF11.SA,2163,2,2024-10-23,65.85299714154065,66.39992004982469,64.26350040189165,64.68224334716797,23244,yfinance
FLRY3.SA,916,1,2024-10-23,13.109608161267577,13.18810894342616,12.996218235018823,13.17066478729248,2868800,yfinance
SAPR11.SA,4745,5,2024-10-23,25.357936648080486,25.376385914909388,25.062755416493754,25.16422462463379,519900,yfinance
PETR3.SA,3410,3,2024-10-23,32.96288353828073,33.16505633196658,32.69331767104718,32.75228500366211,5052900,yfinance
VALE3.SA,5992,6,2024-10-23,52.447958926988974,52.45671817954439,51.799914546281364,51.975059509277344,18289900,yfinance
KFOF11.SA,2164,2,2024-10-24,64.5284158197205,64.92151622178366,64.22077089291719,64.6053237915039,16761,yfinance
VALE3.SA,5993,6,2024-10-24,51.966304152726856,52.28157043457031,51.85245725302204,52.28157043457031,11331700,yfinance
PETR3.SA,3411,3,2024-10-24,32.85337099071731,32.95445738629936,32.61750166319966,32.861793518066406,7272300,yfinance
SAPR11.SA,4746,5,2024-10-24,25.16422344063523,25.302589416503906,24.91516362842031,25.302589416503906,818500,yfinance
FLRY3.SA,917,1,2024-10-24,13.188109972840024,13.222999119653508,13.065997543081394,13.205554962158203,2314400,yfinance
PETR3.SA,3412,3,2024-10-25,32.86179409041981,33.37565503158622,32.844949035428215,33.190330505371094,7829100,yfinance
KFOF11.SA,2165,2,2024-10-25,64.60534398734546,64.9471725150764,64.27206296576294,64.43443298339844,21383,yfinance
SAPR11.SA,4747,5,2024-10-25,25.45018138322956,25.45018138322956,24.98896026611328,24.98896026611328,451700,yfinance
VALE3.SA,5994,6,2024-10-25,53.04346236678791,54.707366278668054,52.99967612503866,54.05931854248047,38466000,yfinance
FLRY3.SA,918,1,2024-10-25,13.214276086381737,13.284054377164548,13.065997010512554,13.10960865020752,1535200,yfinance
SAPR11.SA,4748,5,2024-10-28,24.90593843904189,25.23801818124313,24.90593843904189,25.062753677368164,559800,yfinance
PETR3.SA,3413,3,2024-10-28,32.58380077829086,33.17347723186676,32.40689880626154,33.12293243408203,5792000,yfinance
VALE3.SA,5995,6,2024-10-28,54.73363625030068,55.0664176940918,54.46215621185581,55.0664176940918,16572400,yfinance
FLRY3.SA,919,1,2024-10-28,13.214277267456055,13.318945544808221,13.179388118946305,13.214277267456055,1734600,yfinance
KFOF11.SA,2166,2,2024-10-28,64.58825369484,66.52812026690678,64.5540701910359,65.7675552368164,22621,yfinance
VALE3.SA,5996,6,2024-10-29,55.390445939694295,55.55683500943881,54.865004310529024,54.87376022338867,14941700,yfinance
SAPR11.SA,4749,5,2024-10-29,25.22879211041609,25.22879211041609,24.730672525507273,24.933610916137695,1134700,yfinance
KFOF11.SA,2167,2,2024-10-29,65.69918503978631,65.912827038313,64.74207305908203,64.74207305908203,30112,yfinance
FLRY3.SA,920,1,2024-10-29,13.318944869443769,13.318944869443769,12.7607176897709,12.900274276733398,4234200,yfinance
PETR3.SA,3414,3,2024-10-29,33.29141386610739,33.35880372036281,32.94603242766776,33.0386962890625,4782500,yfinance
PETR3.SA,3415,3,2024-10-30,33.11451474028443,33.341961543289976,32.727010994342415,32.75228500366211,7560600,yfinance
FLRY3.SA,921,1,2024-10-30,12.908997181299888,13.031108782858297,12.821773895767112,12.996219635009766,1570900,yfinance
SAPR11.SA,4750,5,2024-10-30,24.93361370907964,25.20112103657729,24.896715175952295,24.970510482788086,396200,yfinance
KFOF11.SA,2168,2,2024-10-30,64.81896902938522,65.87863132002592,64.75914954168377,65.72481536865234,40181,yfinance
VALE3.SA,5997,6,2024-10-30,54.73363420406377,54.900023249400796,54.400852772713804,54.70736312866211,12263300,yfinance
KFOF11.SA,2169,2,2024-10-31,65.72482395674761,66.42556941274425,64.94716399517878,65.20353698730469,39985,yfinance
SAPR11.SA,4751,5,2024-10-31,24.9705078616001,25.26568905795769,24.90593719482422,24.90593719482422,911700,yfinance
VALE3.SA,5998,6,2024-10-31,54.593521829978506,54.81245638923561,54.12062238022086,54.34831619262695,16553300,yfinance
FLRY3.SA,922,1,2024-10-31,12.90899608242475,13.118330951696356,12.891551094074035,12.926440238952637,3357000,yfinance
PETR3.SA,3416,3,2024-10-31,32.72701019825329,32.95445699572616,32.52483740948532,32.90391540527344,11105200,yfinance
PETR3.SA,3417,3,2024-11-01,33.055547307578216,33.11451464001459,32.221575699083125,32.263694763183594,8818300,yfinance
KFOF11.SA,2170,2,2024-11-01,65.20352574808446,65.80765900016416,64.86693628127453,65.2984619140625,26344,yfinance
VALE3.SA,5999,6,2024-11-01,54.418368474824234,54.681089253467285,54.11186145652,54.32203674316406,15236400,yfinance
SAPR11.SA,4752,5,2024-11-01,24.91516234195106,24.988957642565264,24.15876007080078,24.15876007080078,1644200,yfinance
FLRY3.SA,923,1,2024-11-01,12.87410721020197,12.87410721020197,12.35949168847664,12.420547485351562,4638700,yfinance
SAPR11.SA,4753,5,2024-11-04,24.28790142505135,24.40781812885642,24.204881491871394,24.232555389404297,828200,yfinance
VALE3.SA,6000,6,2024-11-04,54.646064765794776,55.05765944624843,54.400855799258956,54.882511138916016,12360000,yfinance
PETR3.SA,3418,3,2024-11-04,32.684890499634996,32.785976892053796,32.20472611879759,32.29738998413086,6140100,yfinance
FLRY3.SA,924,1,2024-11-04,12.673493960917252,12.760717240610104,12.586271513047244,12.690938949584961,2750700,yfinance
KFOF11.SA,2171,2,2024-11-04,65.54875589250527,65.75589298422882,64.87557680580399,64.98777770996094,44711,yfinance
PETR3.SA,3419,3,2024-11-05,32.305812982955686,32.39847684964206,31.791955272794155,32.13733673095703,7774600,yfinance
FLRY3.SA,925,1,2024-11-05,12.717105980136694,12.743272632096007,12.455436965074949,12.673494338989258,3851000,yfinance
VALE3.SA,6001,6,2024-11-05,55.127720327182836,55.26783830547712,54.26073803977212,54.400856018066406,16368800,yfinance
KFOF11.SA,2172,2,2024-11-05,64.99640707099024,66.26509384343817,64.99640707099024,65.2208023071289,22220,yfinance
SAPR11.SA,4754,5,2024-11-05,24.4170443679638,24.4170443679638,23.835906556885078,24.33402442932129,971800,yfinance
KFOF11.SA,2173,2,2024-11-06,65.14312393288,66.41180398640783,65.08271059699773,66.25645446777344,26832,yfinance
PETR3.SA,3420,3,2024-11-06,31.86777217676852,32.213153649076915,31.690866963358925,32.103641510009766,7658400,yfinance
VALE3.SA,6002,6,2024-11-06,53.68274652760887,53.97174171310057,53.19233531442416,53.78783416748047,19726800,yfinance
SAPR11.SA,4755,5,2024-11-06,24.324800132187686,24.324800132187686,23.771334493431503,24.20488166809082,715300,yfinance
FLRY3.SA,926,1,2024-11-06,12.533938291365756,12.629883240554625,12.429270847208015,12.577549934387207,2259700,yfinance
FLRY3.SA,927,1,2024-11-07,12.472882302267196,12.734551324629733,12.411825670228108,12.586272239685059,4012600,yfinance
VALE3.SA,6003,6,2024-11-07,54.31328479453845,56.0384901566136,54.29576962926077,55.661922454833984,38173300,yfinance
PETR3.SA,3421,3,2024-11-07,32.019397086450255,32.70173743786464,32.010974559707115,32.331085205078125,11429700,yfinance
KFOF11.SA,2174,2,2024-11-07,66.36002036793188,66.90374036923787,66.30823939196736,66.88648223876953,26640,yfinance
SAPR11.SA,4756,5,2024-11-07,24.269452283904823,24.684551951923332,23.83590511018897,23.983495712280273,820300,yfinance
FLRY3.SA,928,1,2024-11-08,12.437992206163976,12.551382134934219,11.766375127714728,11.862320899963379,7408600,yfinance
SAPR11.SA,4757,5,2024-11-08,23.983497798396698,24.260229761533708,23.660642668457573,23.95582389831543,904500,yfinance
KFOF11.SA,2175,2,2024-11-08,66.80019300051605,66.88649684081781,66.28236337414448,66.62757873535156,20253,yfinance
PETR3.SA,3422,3,2024-11-08,32.43217101556451,33.131359621486524,32.39847448223563,32.92076110839844,13215800,yfinance
VALE3.SA,6004,6,2024-11-08,54.287012794005136,54.339554948268685,52.2815715029348,53.09600830078125,48764700,yfinance
PETR3.SA,3423,3,2024-11-11,32.68489171344614,33.08924051161603,32.51641224417237,32.97130584716797,6025500,yfinance
SAPR11.SA,4758,5,2024-11-11,23.946597302176652,24.60153214173371,23.909700531178114,24.500062942504883,859300,yfinance
VALE3.SA,6005,6,2024-11-11,52.3253559440917,52.43044358967799,51.36204528808594,51.36204528808594,24483700,yfinance
KFOF11.SA,2176,2,2024-11-11,66.75702103608849,68.26736090832831,65.34161733972563,65.45381164550781,37140,yfinance
FLRY3.SA,929,1,2024-11-11,11.862321569177462,12.272268836524603,11.801264938350306,12.176323890686035,2914600,yfinance
PETR3.SA,3424,3,2024-11-12,32.97972746310423,33.59467471758214,32.95445345711323,33.291412353515625,8009500,yfinance
KFOF11.SA,2177,2,2024-11-12,65.45382716062605,66.45497013098068,65.27258712314341,65.28121948242188,24539,yfinance
FLRY3.SA,930,1,2024-11-12,12.20249020234138,12.211212696762265,11.949543686895646,12.115267753601074,2613500,yfinance
SAPR11.SA,4759,5,2024-11-12,24.509286361463055,24.832141448952342,24.435491063701388,24.49083709716797,863500,yfinance
VALE3.SA,6006,6,2024-11-12,51.30074336116289,51.30949927292432,50.092223756850075,50.19731140136719,26967600,yfinance
FLRY3.SA,931,1,2024-11-13,12.054211387031653,12.246102109356478,12.019322240411038,12.141434669494629,2749500,yfinance
VALE3.SA,6007,6,2024-11-13,50.197311729935485,50.54760833485341,50.013407515657775,50.057193756103516,20354900,yfinance
KFOF11.SA,2178,2,2024-11-13,65.46246279351234,65.83357524631447,64.7375026073284,64.7547607421875,22884,yfinance
SAPR11.SA,4760,5,2024-11-13,24.490839047153433,24.675328185956147,23.799007415771484,23.799007415771484,830200,yfinance
PETR3.SA,3425,3,2024-11-13,33.32511014178734,33.813697025158355,33.072389353222064,33.63679504394531,10346100,yfinance
SAPR11.SA,4761,5,2024-11-14,23.789783706817474,24.214106247975273,23.725211278911114,23.983495712280273,1265700,yfinance
FLRY3.SA,932,1,2024-11-14,12.115267525639505,12.263546600713132,11.93209930536166,12.010600090026855,2588700,yfinance
VALE3.SA,6008,6,2024-11-14,50.0571905807663,50.214823708912434,49.776954650878906,49.776954650878906,17967600,yfinance
KFOF11.SA,2179,2,2024-11-14,65.16038156891402,65.16038156891402,64.76337870976714,65.04818725585938,16786,yfinance
PETR3.SA,3426,3,2024-11-14,33.54413448319506,34.260168218628124,33.54413448319506,34.12538528442383,9511600,yfinance
VALE3.SA,6009,6,2024-11-18,49.995896257728866,50.60015444071564,49.89080860431296,50.39873504638672,14300000,yfinance
SAPR11.SA,4762,5,2024-11-18,23.706764971538167,24.195658205896034,23.67909107246516,23.992721557617188,1045200,yfinance
PETR3.SA,3427,3,2024-11-18,34.12538560065604,35.06886936230777,34.11696307308712,35.0014762878418,10094100,yfinance
FLRY3.SA,933,1,2024-11-18,11.99315529135349,12.019321942715138,11.740208776663314,11.80998706817627,2781700,yfinance
KFOF11.SA,2180,2,2024-11-18,65.07407039277822,66.31685980744322,65.06543803596168,65.85944366455078,31211,yfinance
SAPR11.SA,4763,5,2024-11-19,23.992720878757808,24.075740814208984,23.77133497069427,24.075740814208984,655400,yfinance
FLRY3.SA,934,1,2024-11-19,11.8448761754514,12.080378532409668,11.731486244155512,12.080378532409668,2346200,yfinance
PETR3.SA,3428,3,2024-11-19,34.90038554986743,35.12783232768982,34.43706946770105,34.55500411987305,5127800,yfinance
KFOF11.SA,2181,2,2024-11-19,65.67822240994018,65.8508366727052,65.22943849587278,65.28121948242188,27815,yfinance
VALE3.SA,6010,6,2024-11-19,50.61766852274816,50.77530166983546,50.31991739388062,50.51258087158203,12902100,yfinance
PETR3.SA,3429,3,2024-11-21,34.64766824350525,34.984623936072126,34.34440587076027,34.61397171020508,9886900,yfinance
FLRY3.SA,935,1,2024-11-21,12.080378222098522,12.080378222098522,11.748930931091309,11.748930931091309,2250200,yfinance
VALE3.SA,6011,6,2024-11-21,50.35494957641434,50.617670384329934,50.10098468113619,50.46003723144531,15428500,yfinance
SAPR11.SA,4764,5,2024-11-21,24.057290995659677,24.066515628210954,23.780559056796395,23.909700393676758,685400,yfinance
KFOF11.SA,2182,2,2024-11-21,65.59191192485116,66.45496339754658,65.35889092442989,66.0579605102539,18972,yfinance
KFOF11.SA,2183,2,2024-11-22,66.11835881573577,66.45494828678727,66.11835881573577,66.21329498291016,8933,yfinance
VALE3.SA,6012,6,2024-11-22,50.30239936574522,51.029263651577544,50.136010315812086,50.95044708251953,12590500,yfinance
SAPR11.SA,4765,5,2024-11-22,23.909701134502253,24.121862411499023,23.706764490342575,24.121862411499023,779300,yfinance
PETR3.SA,3430,3,2024-11-22,35.27104280188665,36.88001552909557,35.186804670746824,36.42512512207031,19316700,yfinance
FLRY3.SA,936,1,2024-11-22,11.871041985114877,11.897209466359183,11.69659626926678,11.84487533569336,2032700,yfinance
PETR3.SA,3431,3,2024-11-25,36.32403335731238,36.80419774602582,35.92811030822846,36.07131576538086,13020900,yfinance
VALE3.SA,6013,6,2024-11-25,50.950451605565625,51.28323307565005,50.89790610797031,50.94169235229492,17444500,yfinance
KFOF11.SA,2184,2,2024-11-25,66.45494852539879,66.8864741651741,66.2737085468402,66.36864471435547,13491,yfinance
SAPR11.SA,4766,5,2024-11-25,24.112638295719506,24.29712743757988,24.04806762389403,24.14031219482422,827900,yfinance
FLRY3.SA,937,1,2024-11-25,11.809986800532386,12.35076896341374,11.809986800532386,12.12398910522461,3459300,yfinance
SAPR11.SA,4767,5,2024-11-26,24.22333070734765,25.182669614082272,24.17720754488715,24.776796340942383,1124500,yfinance
KFOF11.SA,2185,2,2024-11-26,66.58442316729553,68.18106709242119,66.58442316729553,67.33527374267578,28705,yfinance
FLRY3.SA,938,1,2024-11-26,12.132711451680724,12.368213801199282,12.036766512148803,12.246101379394531,3018100,yfinance
PETR3.SA,3432,3,2024-11-26,36.197674449740255,36.30718336584233,35.77647741202293,35.885986328125,7271100,yfinance
VALE3.SA,6014,6,2024-11-26,51.04677932082544,51.2219276249842,50.048438329999385,50.293643951416016,21406600,yfinance
SAPR11.SA,4768,5,2024-11-27,24.822918454785686,26.197357065927946,24.822918454785686,25.680789947509766,2244300,yfinance
FLRY3.SA,939,1,2024-11-27,12.246102673870897,12.26354766389681,11.801265410085012,11.853599548339844,2444300,yfinance
KFOF11.SA,2186,2,2024-11-27,67.40432324331859,68.86288243753279,66.64484026660288,67.27486419677734,31877,yfinance
PETR3.SA,3433,3,2024-11-27,35.89441537048912,36.12186217739757,35.565882165003146,35.7680549621582,7842500,yfinance
VALE3.SA,6015,6,2024-11-27,50.678971984460446,51.1606273575541,50.44252225424873,50.90666580200195,22121200,yfinance
PETR3.SA,3434,3,2024-11-28,35.607997694222846,36.0291947288645,35.060440263797354,35.169952392578125,5203000,yfinance
VALE3.SA,6016,6,2024-11-28,50.7052434982709,51.49340587980305,50.153527492725104,50.38121795654297,20467000,yfinance
SAPR11.SA,4769,5,2024-11-28,25.616218775907242,26.677026890235005,25.311812938588517,26.50176239013672,3496600,yfinance
FLRY3.SA,940,1,2024-11-28,11.905931934561936,11.905931934561936,11.487262188173919,11.583207130432129,4182500,yfinance
KFOF11.SA,2187,2,2024-11-28,68.07750494891462,68.07750494891462,65.58328645751341,65.67822265625,25164,yfinance
FLRY3.SA,941,1,2024-11-29,11.61809566447836,11.644263146117492,11.286648383454562,11.495984077453613,5963700,yfinance
SAPR11.SA,4770,5,2024-11-29,26.640128817111865,27.90387535095215,25.690014517966976,27.90387535095215,2873900,yfinance
PETR3.SA,3435,3,2024-11-29,35.169953874562694,36.206098237824605,35.169953874562694,35.902835845947266,16837800,yfinance
VALE3.SA,6017,6,2024-11-29,51.011750929207835,51.85245881228744,50.92417844414061,51.47589111328125,31023600,yfinance
KFOF11.SA,2188,2,2024-11-29,66.34275290022131,66.36864338455969,64.73747702565656,65.88533020019531,63507,yfinance
FLRY3.SA,942,1,2024-12-02,11.548317909240723,11.809986914930324,11.504706269655316,11.548317909240723,6561300,yfinance
SAPR11.SA,4771,5,2024-12-02,27.9499979473555,28.97390935204434,27.313514096339233,28.826318740844727,3428300,yfinance
KFOF11.SA,2189,2,2024-12-02,66.06839565076072,66.44319023055648,63.627871877687035,64.02009582519531,46752,yfinance
PETR3.SA,3436,3,2024-12-02,35.81017472634738,36.29034235929353,35.70908832579601,35.99550247192383,9768300,yfinance
VALE3.SA,6018,6,2024-12-02,51.53719026370379,52.00133376812452,51.397072289327504,51.59849166870117,18972100,yfinance
SAPR11.SA,4772,5,2024-12-03,28.595705859870872,29.518147984382836,28.337421431616782,29.10304832458496,2660200,yfinance
PETR3.SA,3437,3,2024-12-03,36.07974282252454,36.28191561805502,35.75963214720952,36.037620544433594,7008600,yfinance
FLRY3.SA,943,1,2024-12-03,11.530874391074184,11.792543411254883,11.513429401544792,11.792543411254883,3766600,yfinance
VALE3.SA,6019,6,2024-12-03,51.93127534709485,51.98382084250241,51.20441436767578,51.20441436767578,15957500,yfinance
KFOF11.SA,2190,2,2024-12-03,64.06367801445158,64.32516507446744,62.84341615086454,63.087467193603516,51541,yfinance
PETR3.SA,3438,3,2024-12-04,35.978651982455354,36.551480239358256,35.54060665579558,35.692237854003906,8402200,yfinance
SAPR11.SA,4773,5,2024-12-04,29.056928754741353,29.24141789504693,28.595707663396254,28.734073638916016,2878500,yfinance
FLRY3.SA,944,1,2024-12-04,11.792542951316179,11.949543691842868,11.487262301041591,11.539595603942871,2876300,yfinance
VALE3.SA,6020,6,2024-12-04,51.14311338922297,51.21317070967813,49.88204821426809,50.20607376098633,25109200,yfinance
KFOF11.SA,2191,2,2024-12-04,63.10490140666496,63.10490140666496,61.92822297002005,62.66909408569336,44595,yfinance
FLRY3.SA,945,1,2024-12-05,11.679152942807976,11.792542874115568,11.504706382751465,11.504706382751465,3111200,yfinance
VALE3.SA,6021,6,2024-12-05,50.31991702516966,50.61766815185547,49.80323134476416,50.61766815185547,14160000,yfinance
SAPR11.SA,4774,5,2024-12-05,28.623381557269173,29.64729118347168,28.623381557269173,29.64729118347168,1485500,yfinance
PETR3.SA,3439,3,2024-12-05,35.88598346362651,36.36614779121822,35.71750723277042,36.22294235229492,7170000,yfinance
KFOF11.SA,2192,2,2024-12-05,62.669094298457146,62.669094298457146,61.19606342060674,61.71031951904297,46916,yfinance
VALE3.SA,6022,6,2024-12-06,50.32867756315593,50.49506662558793,49.698144963327266,49.75069046020508,17897900,yfinance
PETR3.SA,3440,3,2024-12-06,35.9196810043738,36.08816045344154,35.34685280563043,35.47321319580078,10903900,yfinance
FLRY3.SA,946,1,2024-12-06,11.469816629559581,11.557039904967704,11.408760835867577,11.41748332977295,2246200,yfinance
SAPR11.SA,4775,5,2024-12-06,29.50892513840766,29.545821910724044,28.365097045898438,28.365097045898438,1371700,yfinance
KFOF11.SA,2193,2,2024-12-06,61.71030990838982,62.843404780361496,61.213489904165016,62.75624465942383,51307,yfinance
SAPR11.SA,4776,5,2024-12-09,28.26362781588464,28.69717676626264,27.1935950284553,27.304288864135742,1879000,yfinance
PETR3.SA,3441,3,2024-12-09,35.75962798685442,36.500935649004305,35.683812393981384,36.40827178955078,7898700,yfinance
FLRY3.SA,947,1,2024-12-09,11.469817852023,11.51342949437523,11.338983756789204,11.44365119934082,3566800,yfinance
KFOF11.SA,2194,2,2024-12-09,62.756258226043634,63.1920655748356,61.53599631944764,62.024105072021484,26838,yfinance
VALE3.SA,6023,6,2024-12-09,51.23068662125841,52.71068303211798,51.116839715599596,52.39542007446289,40440600,yfinance
FLRY3.SA,948,1,2024-12-10,11.539595378029707,11.696596947305595,11.478539581899234,11.626818656921387,3070700,yfinance
KFOF11.SA,2195,2,2024-12-10,62.03281305822085,62.75625481385465,60.85613461043949,62.13740921020508,26036,yfinance
SAPR11.SA,4777,5,2024-12-10,27.479552849722836,28.291301178115578,27.276614448060553,27.285839080810547,1406100,yfinance
PETR3.SA,3442,3,2024-12-10,36.559901737457835,36.87158662494811,36.44196387538757,36.71995544433594,6150700,yfinance
VALE3.SA,6024,6,2024-12-10,52.31660154264288,52.49174651011787,51.92251868447191,52.342872619628906,13089300,yfinance
SAPR11.SA,4778,5,2024-12-11,27.28583984182449,27.664040998028472,26.455642224777186,26.658578872680664,2840200,yfinance
VALE3.SA,6025,6,2024-12-11,52.10642181980897,52.185238389802116,51.186897397006376,51.52843475341797,30138500,yfinance
KFOF11.SA,2196,2,2024-12-11,62.75625313494647,62.91314403377951,60.42904367716625,60.81254959106445,32892,yfinance
PETR3.SA,3443,3,2024-12-11,36.76207772588991,37.06534011370404,36.25664255518532,36.981101989746094,13170400,yfinance
FLRY3.SA,949,1,2024-12-11,11.714041746363685,12.045489036239651,11.574485167852295,11.975709915161133,4602800,yfinance
FLRY3.SA,950,1,2024-12-12,11.923377320246189,11.923377320246189,11.600652505370777,11.609375,3893800,yfinance
PETR3.SA,3444,3,2024-12-12,36.63331925502395,36.85163462206077,35.89977948853111,36.03950119018555,10504500,yfinance
KFOF11.SA,2197,2,2024-12-12,60.272140976631746,61.344223033826566,60.141397478222714,61.3267936706543,29965,yfinance
VALE3.SA,6026,6,2024-12-12,50.71603529261319,50.96342950158907,50.071037469794696,50.106380462646484,28841800,yfinance
SAPR11.SA,4779,5,2024-12-12,26.474091585740616,26.69547750045264,25.726912144241336,26.188133239746094,2479800,yfinance
SAPR11.SA,4780,5,2024-12-13,26.31727545070411,26.31727545070411,25.92062504050994,26.151235580444336,1004000,yfinance
VALE3.SA,6027,6,2024-12-13,49.90316100571952,50.10637814949584,49.21398952939172,49.3553581237793,18532800,yfinance
KFOF11.SA,2198,2,2024-12-13,61.35294292120385,62.13739728581584,61.030443168560375,61.74516677856445,22577,yfinance
PETR3.SA,3445,3,2024-12-13,36.38880465154105,36.41500476144905,35.45441512470915,35.86484909057617,7936900,yfinance
FLRY3.SA,951,1,2024-12-13,11.583207597707158,11.670430880968068,11.443651009948006,11.452373504638672,2110300,yfinance
VALE3.SA,6028,6,2024-12-16,49.34652554873131,49.95618041057195,48.895914163038796,49.328857421875,18958500,yfinance
PETR3.SA,3446,3,2024-12-16,35.90851324682503,36.03076932825309,35.44568570106783,35.51554489135742,7761300,yfinance
SAPR11.SA,4781,5,2024-12-16,25.985197741858297,26.36339891616717,25.74536255044456,25.82838249206543,994000,yfinance
FLRY3.SA,952,1,2024-12-16,11.509042472426561,11.553376396855795,11.313974557896783,11.349441528320312,2601200,yfinance
KFOF11.SA,2199,2,2024-12-16,61.745178252934096,62.34659448588216,61.013025143164285,61.71031951904297,31249,yfinance
PETR3.SA,3447,3,2024-12-17,35.64653539625736,36.284015913555805,35.64653539625736,36.06570053100586,15439900,yfinance
VALE3.SA,6029,6,2024-12-17,49.37303101940658,49.832479806817595,49.16981386986785,49.57624816894531,22987600,yfinance
SAPR11.SA,4782,5,2024-12-17,25.71768607710089,26.27115171272736,25.514749439785977,25.911399841308594,919000,yfinance
KFOF11.SA,2200,2,2024-12-17,61.71031985701015,62.37274220284156,59.98451992469938,60.14141082763672,42003,yfinance
FLRY3.SA,953,1,2024-12-17,11.38490926504773,11.38490926504773,11.127773500769832,11.22530746459961,4266900,yfinance
FLRY3.SA,954,1,2024-12-18,11.225306086454763,11.243039993482599,10.764235496520996,10.764235496520996,3526600,yfinance
KFOF11.SA,2201,2,2024-12-18,60.22857028347466,60.22857028347466,58.145411826230806,58.833988189697266,46398,yfinance
VALE3.SA,6030,6,2024-12-18,49.275839148210714,49.364193257685564,48.383447138245906,48.42762756347656,34658200,yfinance
PETR3.SA,3448,3,2024-12-18,35.93471419339617,36.161760731151034,35.105115052840404,35.26230239868164,18052600,yfinance
SAPR11.SA,4783,5,2024-12-18,25.773036387246865,26.16046219404939,25.385610580444336,25.385610580444336,1196000,yfinance
SAPR11.SA,4784,5,2024-12-19,25.413281699342296,25.736136818597696,25.1826711512197,25.42250633239746,1088800,yfinance
KFOF11.SA,2202,2,2024-12-19,58.833986143424816,59.68817138671875,57.70088449107624,59.68817138671875,27060,yfinance
FLRY3.SA,955,1,2024-12-19,10.826303410000158,11.05683914757182,10.79083643849677,11.00363826751709,2648500,yfinance
PETR3.SA,3449,3,2024-12-19,35.54174245651812,35.79498908203693,34.546224914799375,34.93918991088867,13522100,yfinance
VALE3.SA,6031,6,2024-12-19,48.613175105886604,48.74570627525206,47.35852580550147,47.508731842041016,29529900,yfinance
KFOF11.SA,2203,2,2024-12-20,59.68817935356875,60.15884545363334,59.26980135919813,60.11526870727539,35342,yfinance
VALE3.SA,6032,6,2024-12-20,47.19948419280912,48.25975036621094,47.11996751603491,48.25975036621094,64919500,yfinance
FLRY3.SA,956,1,2024-12-20,11.030238691340722,11.22530746459961,10.959304745719185,11.22530746459961,2942900,yfinance
SAPR11.SA,4785,5,2024-12-20,25.422504960821442,25.791481466027076,25.413280328263955,25.51474952697754,3078500,yfinance
PETR3.SA,3450,3,2024-12-20,35.009057086715984,35.070185131186584,34.56369514396896,34.685951232910156,21313100,yfinance
SAPR11.SA,4786,5,2024-12-23,25.64389201077631,25.64389201077631,24.952060372794012,25.154998779296875,1123900,yfinance
KFOF11.SA,2204,2,2024-12-23,60.123991103492926,62.242015307897205,60.06297833422585,61.10891342163086,39549,yfinance
PETR3.SA,3451,3,2024-12-23,34.790742028947776,34.94792938232422,34.50256410401475,34.94792938232422,9074300,yfinance
FLRY3.SA,957,1,2024-12-23,11.163239882622301,11.243040778621872,10.861770206890277,10.968171119689941,1944200,yfinance
VALE3.SA,6033,6,2024-12-23,48.303930628547654,48.79872244112003,48.065373841398745,48.46297073364258,18587900,yfinance
FLRY3.SA,958,1,2024-12-26,10.932703904938942,10.9504378128097,10.78196907043457,10.78196907043457,1572600,yfinance
SAPR11.SA,4787,5,2024-12-26,25.551648791274697,25.551648791274697,24.638429495454297,24.81369400024414,1092400,yfinance
VALE3.SA,6034,6,2024-12-26,48.46296718744919,48.94892490106539,48.06537032429881,48.60433578491211,13155800,yfinance
KFOF11.SA,2205,2,2024-12-26,61.18734057051509,62.520916457600876,61.18734057051509,62.477333068847656,31950,yfinance
PETR3.SA,3452,3,2024-12-26,35.07166310112485,35.50553894042969,34.81856972356503,35.50553894042969,8614500,yfinance
FLRY3.SA,959,1,2024-12-27,10.844036411863145,10.994771251303211,10.80856944055956,10.852903366088867,2507500,yfinance
KFOF11.SA,2206,2,2024-12-27,62.48604721800201,63.36637309741113,62.07638732862792,63.10489273071289,22418,yfinance
SAPR11.SA,4788,5,2024-12-27,24.887490611816,25.616220808335605,24.859818471312504,25.41328239440918,871100,yfinance
VALE3.SA,6035,6,2024-12-27,48.35693862930746,48.66618473458917,48.118378503687744,48.36577606201172,16635300,yfinance
PETR3.SA,3453,3,2024-12-27,35.577851602310446,35.577851602310446,35.098781032523135,35.107818603515625,9594400,yfinance
KFOF11.SA,2207,2,2024-12-30,63.19206853144583,63.619157891274604,61.84978103637695,61.84978103637695,17022,yfinance
SAPR11.SA,4789,5,2024-12-30,25.43172994994724,25.736135790937187,25.330260749810996,25.634668350219727,929400,yfinance
VALE3.SA,6036,6,2024-12-30,48.50714881124878,48.7633770832674,48.19790267944336,48.19790267944336,11250900,yfinance
FLRY3.SA,960,1,2024-12-30,10.897237228500156,10.941571153772676,10.702168464660645,10.702168464660645,3384100,yfinance
PETR3.SA,3454,3,2024-12-30,35.27051920583105,35.82190408513832,35.27051920583105,35.623043060302734,7914800,yfinance
PETR3.SA,3455,3,2025-01-02,35.74959210179961,36.88851911283798,35.65920260168347,36.62638473510742,11081500,yfinance
VALE3.SA,6037,6,2025-01-02,48.33926891176564,48.68385464905532,47.91516312967888,47.93283462524414,17623900,yfinance
SAPR11.SA,4790,5,2025-01-02,26.214171221576212,26.309150463816742,25.26438242232764,25.435344696044922,1615500,yfinance
FLRY3.SA,961,1,2025-01-02,10.728768190202787,10.755368204307645,10.427298545017042,10.66670036315918,3702000,yfinance
KFOF11.SA,2208,2,2025-01-02,62.51046754800151,62.536894235486166,61.40049962715239,61.91143798828125,19300,yfinance
PETR3.SA,3456,3,2025-01-03,36.59927030643029,36.80716892504505,36.12019627835939,36.499839782714844,16515700,yfinance
SAPR11.SA,4791,5,2025-01-03,25.435343636945106,26.08119847181562,24.7135039621834,25.112415313720703,2552000,yfinance
FLRY3.SA,962,1,2025-01-03,10.719902801458081,10.77310283743195,10.560301002337829,10.595767974853516,5677800,yfinance
VALE3.SA,6038,6,2025-01-03,47.62359312200782,47.71194723164691,46.722367047617524,47.04044723510742,23608700,yfinance
KFOF11.SA,2209,2,2025-01-03,61.885002464386154,62.23737392936515,61.43572867851477,61.594295501708984,12103,yfinance
VALE3.SA,6039,6,2025-01-06,47.25249717343311,47.52640029872438,46.36894261887268,46.43962860107422,21689500,yfinance
PETR3.SA,3457,3,2025-01-06,36.56310880005549,36.68061790037609,36.047881100061204,36.156349182128906,9440100,yfinance
KFOF11.SA,2210,2,2025-01-06,61.59430085305528,61.99952572066294,61.49739852374396,61.6207275390625,14773,yfinance
SAPR11.SA,4792,5,2025-01-06,24.92245818327214,25.09342045910483,24.267103396439623,24.798986434936523,1163300,yfinance
FLRY3.SA,963,1,2025-01-06,10.684435637014003,10.90610442265496,10.64010171076595,10.888370513916016,2525300,yfinance
SAPR11.SA,4793,5,2025-01-07,25.112416222925635,25.23588796906258,24.817980392421973,25.017436981201172,708400,yfinance
FLRY3.SA,964,1,2025-01-07,10.923837308696038,11.021372113980373,10.790836377707416,10.852903366088867,2457200,yfinance
KFOF11.SA,2211,2,2025-01-07,62.22857480912154,63.426633988806564,61.78811207308816,62.55451965332031,21037,yfinance
PETR3.SA,3458,3,2025-01-07,36.499837311993154,37.448940836427894,36.246740510175776,37.16872787475586,12535000,yfinance
VALE3.SA,6040,6,2025-01-07,46.50148078612263,46.73120350525298,45.89182593869248,45.989017486572266,22070200,yfinance
KFOF11.SA,2212,2,2025-01-08,62.54570212354691,64.02565703418061,62.4311842434179,63.003780364990234,40483,yfinance
PETR3.SA,3459,3,2025-01-08,37.06025985459569,37.268158459515604,36.56311071690561,36.81620407104492,7930200,yfinance
SAPR11.SA,4794,5,2025-01-08,25.007940340247032,25.46383855332619,24.87497048099356,25.311872482299805,881400,yfinance
VALE3.SA,6041,6,2025-01-08,45.971343185258505,46.201069260868316,45.44121179160897,45.547237396240234,24423800,yfinance
FLRY3.SA,965,1,2025-01-08,10.773102584169695,10.835170418812504,10.684435577764592,10.737635612487793,2651000,yfinance
FLRY3.SA,966,1,2025-01-09,10.737635435758802,10.764236298281888,10.657835384987417,10.702168464660645,1329700,yfinance
KFOF11.SA,2213,2,2025-01-09,63.426618089042606,63.66446494966895,62.10523021218755,62.316650390625,17131,yfinance
SAPR11.SA,4795,5,2025-01-09,25.435344040316913,25.435344040316913,24.91295912725036,24.931955337524414,499900,yfinance
VALE3.SA,6042,6,2025-01-09,45.98901413322639,46.165725719168734,45.18497961915725,45.26449966430664,15865200,yfinance
PETR3.SA,3460,3,2025-01-09,36.825245642809584,37.186807090133016,36.76196885518613,36.807167053222656,3171600,yfinance
FLRY3.SA,967,1,2025-01-10,10.702168671522447,10.71990258021395,10.445032914690817,10.498233795166016,2731000,yfinance
SAPR11.SA,4796,5,2025-01-10,24.80848340791197,24.931955150611017,24.324090919024986,24.36208152770996,625800,yfinance
VALE3.SA,6043,6,2025-01-10,45.538408192075394,46.21874568782354,45.264505032854125,45.52073669433594,25833900,yfinance
PETR3.SA,3461,3,2025-01-10,37.132574271395946,37.74722906841434,36.969870415434556,36.987945556640625,10357700,yfinance
KFOF11.SA,2214,2,2025-01-10,62.87164378040875,62.88925932995748,61.638346963262386,61.752864837646484,16885,yfinance
VALE3.SA,6044,6,2025-01-13,45.9448374465685,46.2187405754929,44.94641984293382,45.51189422607422,30845300,yfinance
FLRY3.SA,968,1,2025-01-13,10.480499284649223,10.551433224143352,10.232230496419767,10.241097450256348,3618900,yfinance
PETR3.SA,3462,3,2025-01-13,37.32239335439836,37.62972246929476,36.99698565060943,37.01506423950195,5703800,yfinance
KFOF11.SA,2215,2,2025-01-13,62.378327160175274,63.00378340507928,61.66477971700392,62.32547378540039,14447,yfinance
SAPR11.SA,4797,5,2025-01-13,24.400073853672637,24.45706067226901,23.773213414377636,23.982166290283203,1153400,yfinance
KFOF11.SA,2216,2,2025-01-14,61.77049548603318,62.316664968170855,61.444550647294854,61.70001983642578,11773,yfinance
PETR3.SA,3463,3,2025-01-14,36.951791699641916,37.204885053320965,36.62638398883267,37.16872787475586,5705900,yfinance
FLRY3.SA,969,1,2025-01-14,10.241097803966575,10.374098733711882,10.187896924708879,10.312031745910645,2026400,yfinance
SAPR11.SA,4798,5,2025-01-14,24.16262711787728,24.16262711787728,23.77321386223906,24.02965545654297,828400,yfinance
VALE3.SA,6045,6,2025-01-14,45.900662934256474,46.324768745098055,45.617925727028755,45.81230545043945,21379000,yfinance
PETR3.SA,3464,3,2025-01-15,37.36759073172081,37.65684127807617,37.08737775637845,37.65684127807617,8106600,yfinance
VALE3.SA,6046,6,2025-01-15,46.06853367268222,46.545653938341246,45.617922335444106,46.47496795654297,35137700,yfinance
FLRY3.SA,970,1,2025-01-15,10.480499532591265,10.542567365316442,10.329764696200419,10.427299499511719,4603800,yfinance
SAPR11.SA,4799,5,2025-01-15,24.12463627812549,24.542543876776673,24.010662631316002,24.400075912475586,885900,yfinance
KFOF11.SA,2217,2,2025-01-15,61.70001813945679,62.82760161845116,61.66478031562225,62.1492919921875,15659,yfinance
FLRY3.SA,971,1,2025-01-16,10.374098440633102,10.374098440633102,9.939627847100091,10.063762664794922,4122300,yfinance
PETR3.SA,3465,3,2025-01-16,37.53933345598345,37.674921162807124,37.26816149047474,37.62972640991211,6450900,yfinance
KFOF11.SA,2218,2,2025-01-16,62.14929154696645,62.49285192573239,61.400499557470184,61.84977340698242,13089,yfinance
SAPR11.SA,4800,5,2025-01-16,24.400073834452847,24.400073834452847,23.7352209755651,23.90618324279785,1005800,yfinance
VALE3.SA,6047,6,2025-01-16,46.20107113464301,47.0669542436512,45.9448394901067,46.53681945800781,220262800,yfinance
FLRY3.SA,972,1,2025-01-17,10.081495358203659,10.241097140030384,9.99282835932155,10.232230186462402,2897300,yfinance
VALE3.SA,6048,6,2025-01-17,46.96092657712286,48.14488983154297,46.81072054809919,48.14488983154297,54658700,yfinance
PETR3.SA,3466,3,2025-01-17,37.60260772705078,37.900899310164114,37.41278769132704,37.60260772705078,5264200,yfinance
SAPR11.SA,4801,5,2025-01-17,23.93467866368171,24.533044815063477,23.763716388550236,24.533044815063477,861400,yfinance
KFOF11.SA,2219,2,2025-01-17,61.400488185349694,61.788097452035196,60.343380557386475,61.31239700317383,24924,yfinance
KFOF11.SA,2220,2,2025-01-20,61.31241510403959,61.44455527677747,60.995281377840016,61.04814147949219,16147,yfinance
FLRY3.SA,973,1,2025-01-20,10.152430144596034,10.436166763305664,10.116963172957242,10.436166763305664,1717600,yfinance
SAPR11.SA,4802,5,2025-01-20,24.533044935129148,25.150407300453228,24.466560008158947,25.14090919494629,715800,yfinance
VALE3.SA,6049,6,2025-01-20,47.90632924594748,48.14488938122915,47.49989158741585,47.968177795410156,12317600,yfinance
PETR3.SA,3467,3,2025-01-20,37.575491528741,37.96417261950609,37.51221818355958,37.873783111572266,3191500,yfinance
VALE3.SA,6050,6,2025-01-21,47.96817820985258,47.99468376828183,47.04928065204913,47.729618072509766,28798700,yfinance
FLRY3.SA,974,1,2025-01-21,10.436166701854559,10.462766719027197,10.267697953362816,10.285431861877441,2822900,yfinance
KFOF11.SA,2221,2,2025-01-21,60.96002815381647,61.23311956741479,60.352194266227116,60.45790100097656,18668,yfinance
PETR3.SA,3468,3,2025-01-21,37.692998897592155,37.738193649460804,37.087378188508886,37.557411193847656,6313900,yfinance
SAPR11.SA,4803,5,2025-01-21,25.064925261179248,25.387853590489772,24.69450821762001,25.045930862426758,948000,yfinance
VALE3.SA,6051,6,2025-01-22,47.95934211257333,47.96817954595803,46.315930034320495,46.527984619140625,34645400,yfinance
KFOF11.SA,2222,2,2025-01-22,60.625280133399954,60.98646273992894,59.37436779450177,59.638641357421875,17356,yfinance
PETR3.SA,3469,3,2025-01-22,37.59356591427669,37.846659266688214,37.17776870727539,37.17776870727539,4959900,yfinance
SAPR11.SA,4804,5,2025-01-22,25.131411945642093,25.131411945642093,24.172126807278154,24.400075912475586,1233000,yfinance
FLRY3.SA,975,1,2025-01-22,10.38296590820443,10.409565925598145,10.196764095249808,10.409565925598145,4063600,yfinance
PETR3.SA,3470,3,2025-01-23,37.18680963682531,37.629726491691734,36.74389623009751,36.834285736083984,5706400,yfinance
KFOF11.SA,2223,2,2025-01-23,59.72674559070635,60.7045733351887,59.022002573104245,59.198184967041016,12465,yfinance
VALE3.SA,6052,6,2025-01-23,46.78421756092946,46.819560554464935,45.80347139852716,46.227577209472656,25097300,yfinance
FLRY3.SA,976,1,2025-01-23,10.524833852902935,10.524833852902935,10.143563270568848,10.143563270568848,2517600,yfinance
SAPR11.SA,4805,5,2025-01-23,24.4570607293375,24.60902678700129,24.086643690229288,24.210115432739258,777300,yfinance
PETR3.SA,3471,3,2025-01-24,36.834282907818874,36.93371342565255,36.39136608696115,36.72581481933594,4553600,yfinance
VALE3.SA,6053,6,2025-01-24,46.47497160435394,46.99626896430686,46.47497160435394,46.85490036010742,20520600,yfinance
KFOF11.SA,2224,2,2025-01-24,59.79720833935272,60.59885360709745,59.20698998760712,59.76197052001953,12914,yfinance
FLRY3.SA,977,1,2025-01-24,10.187896441983794,10.498233057484125,10.125829457123427,10.26769733428955,5952100,yfinance
SAPR11.SA,4806,5,2025-01-24,24.17212537053215,24.514048102215824,24.06764802418468,24.257606506347656,461200,yfinance
FLRY3.SA,978,1,2025-01-27,10.258830989210376,10.711035508705555,10.232230972063393,10.61350154876709,4579300,yfinance
VALE3.SA,6054,6,2025-01-27,46.731202075867174,47.69427672100094,46.44846487458875,47.676605224609375,24531300,yfinance
KFOF11.SA,2225,2,2025-01-27,59.63864071294064,60.1672012749226,59.444842790597555,59.68268966674805,23347,yfinance
SAPR11.SA,4807,5,2025-01-27,24.257606070157816,24.514047661414764,24.15312872568901,24.476057052612305,878500,yfinance
PETR3.SA,3472,3,2025-01-27,36.69870049083749,37.20489072347911,36.54503763072454,37.1325798034668,7749000,yfinance
SAPR11.SA,4808,5,2025-01-28,24.47605840032514,24.55204143369218,24.17212626685697,24.352584838867188,731600,yfinance
PETR3.SA,3473,3,2025-01-28,37.14161344397699,37.35855307732859,36.5631123525574,37.04218292236328,10420200,yfinance
VALE3.SA,6055,6,2025-01-28,47.34968986843722,47.51756402452014,46.42195823762266,46.51914978027344,22932900,yfinance
FLRY3.SA,979,1,2025-01-28,10.604634785993602,10.604634785993602,10.32089900970459,10.32089900970459,2530400,yfinance
KFOF11.SA,2226,2,2025-01-28,59.198192149510035,59.72675283730521,58.246797697521046,58.76654052734375,29683,yfinance
PETR3.SA,3474,3,2025-01-29,37.105453236783774,37.22296233893564,36.5721469401108,36.67157745361328,5538800,yfinance
VALE3.SA,6056,6,2025-01-29,46.65167999267578,47.27900291999625,46.50147733563841,46.65167999267578,19220300,yfinance
FLRY3.SA,980,1,2025-01-29,10.33863187777625,10.40956582050959,10.152430066701408,10.19676399230957,3912500,yfinance
SAPR11.SA,4809,5,2025-01-29,24.352584838867188,24.514049011219452,24.17212626685697,24.352584838867188,498800,yfinance
KFOF11.SA,2227,2,2025-01-29,59.62983550618033,59.72673782652698,58.581532252026484,59.066043853759766,16554,yfinance
FLRY3.SA,981,1,2025-01-30,10.19676383059547,10.728769238257557,10.19676383059547,10.578034400939941,4056300,yfinance
PETR3.SA,3475,3,2025-01-30,36.861404147378494,37.512219664234706,36.54503740898386,37.394710540771484,8276500,yfinance
KFOF11.SA,2228,2,2025-01-30,59.717934160927044,60.21125023826495,58.84581988965395,59.55055618286133,26268,yfinance
SAPR11.SA,4810,5,2025-01-30,24.352584035981774,24.77998971681667,24.20061797425789,24.713504791259766,1293700,yfinance
VALE3.SA,6057,6,2025-01-30,47.093460201233995,49.1256351371403,47.07578870451388,48.62200927734375,40562400,yfinance
SAPR11.SA,4811,5,2025-01-31,24.694507958700434,25.18839855265324,24.35258342264414,24.36208152770996,1214400,yfinance
KFOF11.SA,2229,2,2025-01-31,60.123153041514406,60.3433843713368,59.00438084322443,60.16720199584961,29034,yfinance
FLRY3.SA,982,1,2025-01-31,10.578034693079161,10.631234727955052,10.453899869036567,10.498233795166016,3353400,yfinance
VALE3.SA,6058,6,2025-01-31,48.58666611569478,48.781045824472116,47.71194562947084,47.86214828491211,25477600,yfinance
PETR3.SA,3476,3,2025-01-31,37.40374467168639,38.325732001372394,37.1687264680462,37.64780044555664,8665700,yfinance
KFOF11.SA,2230,2,2025-02-03,60.12266705169732,60.30080556918651,59.6595028288961,60.1137580871582,17813,yfinance
SAPR11.SA,4812,5,2025-02-03,24.26710296431413,25.017436981201172,24.153129323507468,25.017436981201172,917900,yfinance
PETR3.SA,3477,3,2025-02-03,37.6478011222964,37.73819061877469,37.1235323879352,37.186805725097656,8342300,yfinance
VALE3.SA,6059,6,2025-02-03,47.47338945549686,47.95934382370184,47.11996962884478,47.89749526977539,27216400,yfinance
FLRY3.SA,983,1,2025-02-03,10.56030096087566,10.65783576911035,10.409566116875979,10.533700942993164,2276100,yfinance
PETR3.SA,3478,3,2025-02-04,36.9698746330712,37.18681083367624,36.436568255053935,36.71677780151367,8210900,yfinance
KFOF11.SA,2231,2,2025-02-04,60.11374841739842,60.11374841739842,58.77768936449832,58.875667572021484,26759,yfinance
SAPR11.SA,4813,5,2025-02-04,24.874968198851878,25.691785302785604,24.779988960279592,25.41634750366211,1156300,yfinance
FLRY3.SA,984,1,2025-02-04,10.533700121092652,10.666701045726949,10.453899228072371,10.507100105285645,2460700,yfinance
VALE3.SA,6060,6,2025-02-04,47.8268096140746,48.33926950983483,47.544072422518646,47.729618072509766,32648700,yfinance
SAPR11.SA,4814,5,2025-02-05,25.672792394074285,25.843752859530934,25.1314112462705,25.710783004760742,986500,yfinance
PETR3.SA,3479,3,2025-02-05,36.734853395954616,36.734853395954616,36.21058808048167,36.34617233276367,7432900,yfinance
KFOF11.SA,2232,2,2025-02-05,58.96474423537728,59.65059177433268,58.69753646850586,58.69753646850586,14263,yfinance
VALE3.SA,6061,6,2025-02-05,47.63242810149708,48.1183824548511,47.588251045827306,47.9858512878418,21674800,yfinance
FLRY3.SA,985,1,2025-02-05,10.515965935843926,10.533699842979887,10.232230186462402,10.232230186462402,2358000,yfinance
FLRY3.SA,986,1,2025-02-06,10.196763372126059,10.312031233456786,10.152429449214358,10.17902946472168,2368800,yfinance
PETR3.SA,3480,3,2025-02-06,36.3642490748612,36.60830485433335,36.011725209447526,36.129234313964844,6065800,yfinance
SAPR11.SA,4815,5,2025-02-06,25.72977785582806,25.929232627440257,25.549317482765858,25.758272171020508,661200,yfinance
VALE3.SA,6062,6,2025-02-06,48.9489254382142,49.160976651488944,48.5689966963959,48.710365295410156,32789000,yfinance
KFOF11.SA,2233,2,2025-02-06,58.69753923609421,58.946935881819364,58.43032466107501,58.51939392089844,20809,yfinance
SAPR11.SA,4816,5,2025-02-07,25.891242949317895,26.195175075981023,25.682290065131586,25.739276885986328,909600,yfinance
KFOF11.SA,2234,2,2025-02-07,58.51939017973977,59.757471160116644,58.51939017973977,59.098350524902344,24228,yfinance
PETR3.SA,3481,3,2025-02-07,36.201544291561675,36.38232672891061,35.54169132615554,35.88517761230469,8882300,yfinance
FLRY3.SA,987,1,2025-02-07,10.1701636014288,10.36523151397705,10.12582967744992,10.36523151397705,3072600,yfinance
VALE3.SA,6063,6,2025-02-07,48.86056558474865,49.2846713611981,48.20673710999066,48.44529724121094,24395500,yfinance
PETR3.SA,3482,3,2025-02-10,36.15634789277755,36.42751981234578,36.02980122685492,36.18346405029297,5350200,yfinance
FLRY3.SA,988,1,2025-02-10,10.453899404791528,10.773102136669394,10.453899404791528,10.542567253112793,2446600,yfinance
SAPR11.SA,4817,5,2025-02-10,25.81525991765211,26.13818825512628,25.63479953810399,25.739276885986328,550300,yfinance
KFOF11.SA,2235,2,2025-02-10,58.96474698233526,59.61496549022278,58.252186108600505,59.5882453918457,49557,yfinance
VALE3.SA,6064,6,2025-02-10,48.4806387995672,48.94892501831055,48.45413324075855,48.94892501831055,15566300,yfinance
FLRY3.SA,989,1,2025-02-11,10.648967974554319,11.136639440458998,10.578034035397193,11.07457160949707,3028000,yfinance
KFOF11.SA,2236,2,2025-02-11,59.58823611731103,59.837632724078624,58.938017710625914,59.597145080566406,19599,yfinance
PETR3.SA,3483,3,2025-02-11,36.4817585499613,36.4817585499613,35.92133607740929,36.382328033447266,6814000,yfinance
SAPR11.SA,4818,5,2025-02-11,25.644298605345547,26.12869112972482,25.549319359306356,25.948230743408203,880000,yfinance
VALE3.SA,6065,6,2025-02-11,48.515984967528745,48.76337918725271,48.056536151974626,48.736873626708984,18198300,yfinance
PETR3.SA,3484,3,2025-02-12,35.98461148152191,36.21962625829851,35.41514795760753,35.54169464111328,13940300,yfinance
SAPR11.SA,4819,5,2025-02-12,25.76776984110296,25.853250979668662,25.454339603554846,25.786766052246094,624300,yfinance
FLRY3.SA,990,1,2025-02-12,10.950438407518835,10.950438407518835,10.622367858886719,10.622367858886719,3623100,yfinance
KFOF11.SA,2237,2,2025-02-12,60.02468622908014,60.31862088620261,59.59715108740069,59.89107894897461,18780,yfinance
VALE3.SA,6066,6,2025-02-12,48.604333777971966,48.851731341186614,48.33043402759969,48.40995407104492,35432600,yfinance
KFOF11.SA,2238,2,2025-02-13,59.89108317975869,60.5234837683467,59.499177071459194,59.81983184814453,24066,yfinance
PETR3.SA,3485,3,2025-02-13,35.43322611240315,35.75863383635529,35.27955982136421,35.6411247253418,4389900,yfinance
VALE3.SA,6067,6,2025-02-13,48.46296813909236,48.59550267640715,47.82681112326392,48.471805572509766,21749900,yfinance
SAPR11.SA,4820,5,2025-02-13,25.786765561445478,25.853250487602637,25.568314572192424,25.777267456054688,377500,yfinance
FLRY3.SA,991,1,2025-02-13,10.59576771288057,10.59576771288057,10.320898894079768,10.436166763305664,3486200,yfinance
KFOF11.SA,2239,2,2025-02-14,59.819829163731036,61.36074702007948,59.819829163731036,61.00446319580078,23927,yfinance
PETR3.SA,3486,3,2025-02-14,35.867099587412575,37.114494631771194,35.77671009138672,36.9246711730957,9946200,yfinance
FLRY3.SA,992,1,2025-02-14,10.47163295757589,11.05683836897248,10.418432081267454,11.039104461669922,4645500,yfinance
SAPR11.SA,4821,5,2025-02-14,25.65379441635165,26.204671820208333,25.65379441635165,26.052705764770508,745300,yfinance
VALE3.SA,6068,6,2025-02-14,48.78988406937925,49.31118139660362,48.59550098687394,49.18748092651367,49803200,yfinance
PETR3.SA,3487,3,2025-02-17,37.06026021017864,37.61164512110539,36.96987071087258,37.34047317504883,3941000,yfinance
SAPR11.SA,4822,5,2025-02-17,26.043208718457723,26.64157485961914,26.00521629726482,26.64157485961914,885300,yfinance
FLRY3.SA,993,1,2025-02-17,11.039105105718892,11.225306915263035,10.932704192493567,11.030238151550293,2559000,yfinance
KFOF11.SA,2240,2,2025-02-17,61.34293996260867,62.340526582212185,61.22714380458385,62.19801712036133,18816,yfinance
VALE3.SA,6069,6,2025-02-17,49.16097299738648,49.40836718464946,48.84289283062378,48.92241287231445,12391400,yfinance
FLRY3.SA,994,1,2025-02-18,11.047971905070549,11.047971905070549,10.675568291200811,10.755369186401367,4139000,yfinance
SAPR11.SA,4823,5,2025-02-18,26.4991068866663,26.717557873653295,26.34714082514679,26.56559181213379,799500,yfinance
VALE3.SA,6070,6,2025-02-18,49.12563576405636,49.45255340181043,49.046115713047726,49.24933624267578,27608200,yfinance
PETR3.SA,3488,3,2025-02-18,37.29527538015044,38.13591083570385,37.2410430592363,38.03648376464844,15844000,yfinance
KFOF11.SA,2241,2,2025-02-18,62.75024501880288,62.75024501880288,62.0198662537993,62.26036071777344,15190,yfinance
SAPR11.SA,4824,5,2025-02-19,26.46111571483423,26.603583668034336,26.252161026000977,26.252161026000977,927000,yfinance
PETR3.SA,3489,3,2025-02-19,37.702035812681714,38.470360373633845,37.54837296937438,38.190147399902344,10749600,yfinance
VALE3.SA,6071,6,2025-02-19,48.86056866451611,49.24049741183377,48.348108749606695,49.20515441894531,26472500,yfinance
FLRY3.SA,995,1,2025-02-19,10.684434372562142,10.817435289966967,10.551432609558105,10.551432609558105,2086200,yfinance
KFOF11.SA,2242,2,2025-02-19,62.260357004590986,63.008546857780864,62.21581898190428,62.839317321777344,18589,yfinance
SAPR11.SA,4825,5,2025-02-20,26.413625666258298,26.442119982044087,25.86274824211481,26.18567657470703,1071800,yfinance
KFOF11.SA,2243,2,2025-02-20,63.471721971084776,65.85881471811199,62.589917992299775,63.59642028808594,27648,yfinance
FLRY3.SA,996,1,2025-02-20,10.471633952734233,10.702168850381401,10.462766998240294,10.533700942993164,4725600,yfinance
VALE3.SA,6072,6,2025-02-20,50.185901661329744,51.38753648187951,49.90316445302314,51.01644515991211,76934000,yfinance
PETR3.SA,3490,3,2025-02-20,38.19014524572036,38.47035820364596,38.054557551983194,38.41612243652344,9136600,yfinance
SAPR11.SA,4826,5,2025-02-21,26.964502565685024,26.964502565685024,25.986221293261686,26.100194931030273,1528800,yfinance
FLRY3.SA,997,1,2025-02-21,10.551433812497034,10.560300766828043,10.338631982148698,10.409565925598145,2922800,yfinance
KFOF11.SA,2244,2,2025-02-21,63.605328266644264,64.50493656884764,63.257946622611584,63.99723434448242,14177,yfinance
PETR3.SA,3491,3,2025-02-21,38.56075316822829,38.56075316822829,38.07264153933126,38.199188232421875,7482100,yfinance
VALE3.SA,6073,6,2025-02-21,51.157808585955635,51.38753128051758,50.85739991122507,51.38753128051758,37134700,yfinance
VALE3.SA,6074,6,2025-02-24,51.33451884159897,51.749790565409874,50.78671595542874,50.91925048828125,19081700,yfinance
SAPR11.SA,4827,5,2025-02-24,26.185675610384035,26.527600140908277,25.872245394596238,26.052705764770508,531700,yfinance
FLRY3.SA,998,1,2025-02-24,10.4805001389656,10.560301038801269,10.303165275774848,10.356366157531738,1993900,yfinance
KFOF11.SA,2245,2,2025-02-24,63.99723182461603,65.79646194927581,63.970511728946036,64.98591613769531,30654,yfinance
PETR3.SA,3492,3,2025-02-24,38.19918405675703,38.26246084452415,37.720113500100105,37.94609069824219,6694900,yfinance
PETR3.SA,3493,3,2025-02-25,38.045519984846365,38.21726140854188,37.46701892804221,37.62068176269531,11078400,yfinance
SAPR11.SA,4828,5,2025-02-25,26.05270706149716,26.10969388222819,25.672791903993005,25.701284408569336,490900,yfinance
KFOF11.SA,2246,2,2025-02-25,65.02154974653138,65.02154974653138,63.79237769087119,63.970516204833984,19987,yfinance
FLRY3.SA,999,1,2025-02-25,10.391832713157063,10.427299684371961,10.134696960449219,10.134696960449219,2957000,yfinance
VALE3.SA,6075,6,2025-02-25,50.6276746906839,50.75137178754932,50.26541746250954,50.42445755004883,19554800,yfinance
SAPR11.SA,4829,5,2025-02-26,25.70128455749207,26.25216199195967,25.454339250788884,26.195175170898438,877000,yfinance
VALE3.SA,6076,6,2025-02-26,50.689523738401874,50.97226092559151,50.11521530151367,50.11521530151367,25399100,yfinance
PETR3.SA,3494,3,2025-02-26,37.95513328582429,37.95513328582429,37.385669757491364,37.557411193847656,6480000,yfinance
FLRY3.SA,1000,1,2025-02-26,10.241097444750489,10.249964398582303,9.9130277633667,9.9130277633667,4503200,yfinance
KFOF11.SA,2247,2,2025-02-26,64.04177980572298,64.67418041858942,64.04177980572298,64.39806365966797,17511,yfinance
FLRY3.SA,1001,1,2025-02-27,9.91302791985745,10.072628863353328,9.859827041625977,9.859827041625977,3716100,yfinance
PETR3.SA,3495,3,2025-02-27,35.97556996679671,36.22866677846049,34.09544143406583,35.469383239746094,48084000,yfinance
SAPR11.SA,4830,5,2025-02-27,26.195175577706692,26.41362657148259,25.52082638520412,26.01471519470215,710000,yfinance
VALE3.SA,6077,6,2025-02-27,49.876656085036736,50.35377636112794,49.48788991763211,49.74412155151367,18658000,yfinance
KFOF11.SA,2248,2,2025-02-27,64.3980612050718,65.42236790224086,64.13084662591089,64.84341430664062,27665,yfinance
KFOF11.SA,2249,2,2025-02-28,65.48472377848394,66.70499384828882,63.94380569458007,63.94380569458008,36674,yfinance
PETR3.SA,3496,3,2025-02-28,35.342828870229894,35.78574565140674,34.872799379534285,35.29763412475586,20950000,yfinance
VALE3.SA,6078,6,2025-02-28,49.42604050882647,49.602752093623,48.72803497314453,48.72803497314453,46789400,yfinance
FLRY3.SA,1002,1,2025-02-28,10.143562940386847,10.462766522871279,9.833227157592773,9.833227157592773,10019100,yfinance
SAPR11.SA,4831,5,2025-02-28,26.01471472822292,26.14768639248431,25.653795780264005,25.89124298095703,987400,yfinance
SAPR11.SA,4832,5,2025-03-05,25.815259135130212,26.61308184922621,25.739276105767654,26.36613655090332,1093800,yfinance
PETR3.SA,3497,3,2025-03-05,34.538352462364635,34.538352462364635,33.60732755455151,33.67060089111328,11318400,yfinance
KFOF11.SA,2250,2,2025-03-05,63.952801490444806,65.95103939835305,63.94379846996131,65.12294006347656,10433,yfinance
FLRY3.SA,1003,1,2025-03-05,9.868694080957116,10.294297728093083,9.806627093816275,10.09922981262207,5053800,yfinance
VALE3.SA,6079,6,2025-03-05,49.61159017063338,49.673438720541036,48.94008681378851,49.116798400878906,13843400,yfinance
FLRY3.SA,1004,1,2025-03-06,10.134697021900324,10.409565839082621,10.063763079040422,10.285431861877441,6058600,yfinance
VALE3.SA,6080,6,2025-03-06,49.160973780546,49.93850271496426,49.08145373758853,49.655765533447266,17678400,yfinance
PETR3.SA,3498,3,2025-03-06,33.896577699715955,34.19486923857979,33.25480332282117,33.41750717163086,8828100,yfinance
SAPR11.SA,4833,5,2025-03-06,26.366137156403866,27.05948254170721,25.88174465375159,26.907516479492188,1322000,yfinance
KFOF11.SA,2251,2,2025-03-06,65.57299560963405,66.61712624293364,65.13194374357117,65.61800384521484,18109,yfinance
FLRY3.SA,1005,1,2025-03-07,10.161771095581186,10.33729220868224,9.95853542698905,10.217199325561523,7112600,yfinance
PETR3.SA,3499,3,2025-03-07,33.41750833828075,34.077361326761654,33.372310141259305,33.82426452636719,9512700,yfinance
SAPR11.SA,4834,5,2025-03-07,26.974000381787466,27.059481514987294,26.43262107924074,26.736553192138672,1040400,yfinance
KFOF11.SA,2252,2,2025-03-07,66.2750727169914,67.04017143248497,65.13193645447234,65.23995208740234,14736,yfinance
VALE3.SA,6081,6,2025-03-07,49.46138202388932,50.67185078230985,49.08145330758696,50.380279541015625,25480600,yfinance
SAPR11.SA,4835,5,2025-03-10,26.575089392011147,26.736553555630614,25.900740233798157,26.214170455932617,1114600,yfinance
KFOF11.SA,2253,2,2025-03-10,65.70801203069804,66.60812178454321,65.70801203069804,66.51811218261719,12813,yfinance
VALE3.SA,6082,6,2025-03-10,49.78525354185755,50.07902573574689,48.885575760316335,49.56492614746094,23626600,yfinance
FLRY3.SA,1006,1,2025-03-10,10.217200065557044,10.383483005537686,10.14329545989667,10.17101001739502,4308600,yfinance
PETR3.SA,3500,3,2025-03-10,33.77907254818332,33.842345891437304,33.16441425816873,33.76099395751953,8816300,yfinance
PETR3.SA,3501,3,2025-03-11,33.950813519440146,34.00504583703763,32.820927594316665,33.06498336791992,7496600,yfinance
KFOF11.SA,2254,2,2025-03-11,66.51812587331413,66.82415995630878,66.1760797013862,66.66213989257812,11787,yfinance
VALE3.SA,6083,6,2025-03-11,49.647547710131114,50.235092073226525,49.03245979736266,49.9780387878418,23060100,yfinance
SAPR11.SA,4836,5,2025-03-11,26.109692522711526,26.261658577800404,25.739275489879674,25.824756622314453,1113500,yfinance
FLRY3.SA,1007,1,2025-03-11,10.217200786314121,10.217200786314121,9.893871307373047,9.893871307373047,5358200,yfinance
VALE3.SA,6084,6,2025-03-12,50.03312155707773,50.03312155707773,48.79377040556268,49.3537712097168,18825700,yfinance
PETR3.SA,3502,3,2025-03-12,33.15537514182749,33.47174184335433,32.92939794126876,33.182491302490234,7368400,yfinance
FLRY3.SA,1008,1,2025-03-12,9.893870411154106,10.0509160431567,9.838442178270064,9.903108596801758,2984400,yfinance
SAPR11.SA,4837,5,2025-03-12,25.862748247551348,26.090697339150537,25.64429726121609,25.99571990966797,744600,yfinance
KFOF11.SA,2255,2,2025-03-12,66.72514230143399,67.50824036185713,66.57212527143085,66.87816619873047,25785,yfinance
FLRY3.SA,1009,1,2025-03-13,10.134058140221653,10.503576762972807,10.078629906308036,10.392721176147461,5061500,yfinance
VALE3.SA,6085,6,2025-03-13,49.4639398451831,50.639028586198656,49.2986925532227,50.03312301635742,20584600,yfinance
KFOF11.SA,2256,2,2025-03-13,67.41822027580857,67.41822027580857,66.65312837734449,66.78813934326172,14907,yfinance
SAPR11.SA,4838,5,2025-03-13,25.99572039139493,26.451618583041554,25.558816599049795,26.195175170898438,900500,yfinance
PETR3.SA,3503,3,2025-03-13,33.16441038007234,33.77906859821158,32.98363139085108,33.41750717163086,6799500,yfinance
FLRY3.SA,1010,1,2025-03-14,10.46662515195096,10.77147824328919,10.420435102747794,10.66986083984375,2656800,yfinance
PETR3.SA,3504,3,2025-03-14,33.63444408433485,34.94511247410327,33.38135073529813,34.71913528442383,8459200,yfinance
VALE3.SA,6086,6,2025-03-14,50.67575187182312,51.78657818563428,50.63902947251347,51.676414489746094,31789300,yfinance
SAPR11.SA,4839,5,2025-03-14,26.19517385109632,26.52760027843177,25.986220976680638,26.394630432128906,937500,yfinance
KFOF11.SA,2257,2,2025-03-14,67.05816808592117,67.41821331487436,66.69812285696798,67.28319549560547,34574,yfinance
SAPR11.SA,4840,5,2025-03-17,26.309150756454535,26.622580991229725,26.23316772413262,26.613082885742188,493800,yfinance
PETR3.SA,3505,3,2025-03-17,34.728172315282094,35.858058246125026,34.673939997410095,35.52361297607422,9473100,yfinance
KFOF11.SA,2258,2,2025-03-17,67.28320009630546,68.08429718017578,67.05817267123422,68.08429718017578,7648,yfinance
VALE3.SA,6087,6,2025-03-17,51.67641553203177,52.54855327200228,51.53870828286349,52.42002487182617,23191800,yfinance
FLRY3.SA,1011,1,2025-03-17,10.669861357802839,10.937762598983948,10.623671306357416,10.789955139160156,2649600,yfinance
VALE3.SA,6088,6,2025-03-18,52.511830831250556,52.8423254273656,51.97936653705612,52.80560302734375,18165300,yfinance
PETR3.SA,3506,3,2025-03-18,35.65920356633413,35.803828839315386,35.34283341109242,35.55073547363281,6025200,yfinance
FLRY3.SA,1012,1,2025-03-18,10.780715784597291,10.993188764822392,10.74376392364502,10.74376392364502,2964200,yfinance
SAPR11.SA,4841,5,2025-03-18,26.622580991229725,26.803039560757778,26.43262250463575,26.613082885742188,386000,yfinance
KFOF11.SA,2259,2,2025-03-18,68.08430193468554,68.82239166577037,67.5982418385137,67.75125885009766,13723,yfinance
VALE3.SA,6089,6,2025-03-19,52.64953607210805,52.833144575386065,52.19051656493347,52.71379852294922,23211900,yfinance
KFOF11.SA,2260,2,2025-03-19,67.77826524394388,68.71437331755152,67.05817471485406,67.67925262451172,27230,yfinance
FLRY3.SA,1013,1,2025-03-19,10.716050339041292,11.298041933723749,10.67909847777571,10.993188858032227,6233800,yfinance
PETR3.SA,3507,3,2025-03-19,35.78575030074033,35.93941314494374,35.46034257402899,35.722476959228516,7237600,yfinance
SAPR11.SA,4842,5,2025-03-19,26.613082388433952,27.002495648254243,26.470614431939904,26.793540954589844,1260300,yfinance
KFOF11.SA,2261,2,2025-03-20,68.36334112311543,68.4803597999883,67.59824911554014,67.76026916503906,15848,yfinance
FLRY3.SA,1014,1,2025-03-20,10.947000487732469,11.316519127241628,10.928524115256046,10.95623779296875,5552200,yfinance
SAPR11.SA,4843,5,2025-03-20,26.822035891262647,27.41090575306551,26.803039680202918,27.220947265625,773100,yfinance
PETR3.SA,3508,3,2025-03-20,35.686316586407045,36.34616955181318,35.43322324300145,35.88517761230469,15920900,yfinance
VALE3.SA,6090,6,2025-03-20,52.36494496790549,52.77806321490091,52.126252868734426,52.548553466796875,17283200,yfinance
VALE3.SA,6091,6,2025-03-21,52.28231736104674,52.741336822509766,52.172153670866976,52.741336822509766,30524100,yfinance
PETR3.SA,3509,3,2025-03-21,35.99365105420069,36.82524901055898,35.88518295489786,36.46368408203125,22722900,yfinance
SAPR11.SA,4844,5,2025-03-21,27.543875992557364,28.56014974794745,26.850530583385602,26.888521194458008,1546500,yfinance
KFOF11.SA,2262,2,2025-03-21,67.74226112142105,67.74226112142105,66.60812092339704,67.15718841552734,17915,yfinance
FLRY3.SA,1015,1,2025-03-21,10.91004753112793,11.177948738191942,10.836142929625797,10.91004753112793,3124600,yfinance
PETR3.SA,3510,3,2025-03-24,36.4275233359016,36.59926821181315,36.13827280063184,36.373291015625,6505100,yfinance
KFOF11.SA,2263,2,2025-03-24,67.73326613466128,67.73326613466128,66.84215930702742,67.148193359375,18597,yfinance
FLRY3.SA,1016,1,2025-03-24,10.808430048598176,10.947000195465968,10.62367073377636,10.660622596740723,3175200,yfinance
VALE3.SA,6092,6,2025-03-24,53.20036144794198,53.466593601922476,52.291501285127524,52.4659309387207,18646500,yfinance
SAPR11.SA,4845,5,2025-03-24,26.404129028320312,26.89801965991694,26.309151593579646,26.404129028320312,403300,yfinance
SAPR11.SA,4846,5,2025-03-25,26.641575853976747,26.85053055517994,26.347141825055836,26.47061538696289,477900,yfinance
VALE3.SA,6093,6,2025-03-25,52.62199295703181,53.016749990370116,52.42920561573842,52.64035415649414,15615800,yfinance
PETR3.SA,3511,3,2025-03-25,36.60830571206538,37.43990013733181,36.246740819604454,36.72581481933594,12410500,yfinance
FLRY3.SA,1017,1,2025-03-25,10.642147046411658,10.891571899779672,10.568242439893169,10.863858222961426,1701900,yfinance
KFOF11.SA,2264,2,2025-03-25,67.14818551940834,67.53523298396509,66.85114765578035,67.40021514892578,16605,yfinance
VALE3.SA,6094,6,2025-03-26,52.695437471507404,53.28298184297954,52.68625512080526,52.961666107177734,29401600,yfinance
PETR3.SA,3512,3,2025-03-26,37.00602279163383,37.47605575297126,36.81620278267205,37.11449432373047,6787500,yfinance
KFOF11.SA,2265,2,2025-03-26,67.1211822234678,67.55323791503906,66.69812955202926,67.55323791503906,12740,yfinance
FLRY3.SA,1018,1,2025-03-26,10.891571160501936,11.094806832378655,10.762239209125507,10.91004753112793,2704200,yfinance
SAPR11.SA,4847,5,2025-03-26,26.546596332232294,26.61308125499272,26.03370953680336,26.16667938232422,716600,yfinance
VALE3.SA,6095,6,2025-03-27,53.24626110477041,53.659379348232825,52.88822646111659,53.383968353271484,15345300,yfinance
KFOF11.SA,2266,2,2025-03-27,67.50822239074762,67.58922896131659,66.99516017526959,67.54422760009766,8968,yfinance
PETR3.SA,3513,3,2025-03-27,37.40374730907576,37.72011401150861,37.033144837023656,37.494136810302734,10847700,yfinance
FLRY3.SA,1019,1,2025-03-27,10.928523647288028,11.104045654290333,10.928523647288028,11.057855606079102,2003600,yfinance
SAPR11.SA,4848,5,2025-03-27,26.309151033177567,26.309151033177567,25.910239656397124,26.01471519470215,820000,yfinance
KFOF11.SA,2267,2,2025-03-28,67.5262299636845,67.53523298396509,67.36420993509581,67.40021514892578,13471,yfinance
FLRY3.SA,1020,1,2025-03-28,11.085569341131983,11.085569341131983,10.762239882948206,10.854619979858398,3462600,yfinance
VALE3.SA,6096,6,2025-03-28,53.338061675426836,53.595114963206036,52.842323303222656,52.842323303222656,31146000,yfinance
PETR3.SA,3514,3,2025-03-28,37.412785704315944,37.747231003991224,36.8252470371176,37.12353515625,6023900,yfinance
SAPR11.SA,4849,5,2025-03-28,26.03371140587703,26.166681260944372,25.81526041210113,26.01471519470215,591000,yfinance
FLRY3.SA,1021,1,2025-03-31,10.771477856183404,10.854619765560765,10.688335946806042,10.808429718017578,2228100,yfinance
SAPR11.SA,4850,5,2025-03-31,26.03371083448808,26.043208939867053,25.625301361083984,25.625301361083984,535700,yfinance
KFOF11.SA,2268,2,2025-03-31,67.41821202814192,68.4893378080376,67.29219723050713,68.18330383300781,12465,yfinance
VALE3.SA,6097,6,2025-03-31,52.071171868720555,52.34658286126762,51.43772273361744,52.05281066894531,20469300,yfinance
PETR3.SA,3515,3,2025-03-31,36.88851873426814,37.44894121514131,36.81620437640663,36.89755630493164,11318300,yfinance
FLRY3.SA,1022,1,2025-04-01,10.799191532308564,11.04861726044065,10.753002365767255,10.808429718017578,3070200,yfinance
VALE3.SA,6098,6,2025-04-01,52.42002375257369,53.18199777816469,52.28232000838643,52.502647399902344,12354800,yfinance
SAPR11.SA,4851,5,2025-04-01,25.91973663972884,27.078478297549974,25.644297024354103,26.860027313232422,1743500,yfinance
PETR3.SA,3516,3,2025-04-01,36.94275037594106,38.144950692268104,36.87947703804367,37.08737564086914,7306800,yfinance
KFOF11.SA,2269,2,2025-04-01,67.71965856508896,68.419677734375,67.28328928446295,68.419677734375,23517,yfinance
VALE3.SA,6099,6,2025-04-02,52.52100776398771,52.60363141000192,51.96100344122926,52.26395797729492,13197700,yfinance
FLRY3.SA,1023,1,2025-04-02,10.808430337165086,11.002427843157877,10.789954845690595,10.95623779296875,2048600,yfinance
PETR3.SA,3517,3,2025-04-02,36.951792073327766,37.15064966117016,36.53599141190086,36.89755630493164,5378700,yfinance
SAPR11.SA,4852,5,2025-04-02,26.68906586235937,26.917014958849343,26.508605481629584,26.575090408325195,504400,yfinance
KFOF11.SA,2270,2,2025-04-02,68.4196839055279,69.65607520542642,67.72875772359278,68.20149230957031,14905,yfinance
KFOF11.SA,2271,2,2025-04-03,68.27420664231701,69.6560586783189,68.24693443328444,68.81967163085938,21750,yfinance
VALE3.SA,6100,6,2025-04-03,51.410183969636485,51.814119868663205,50.27181406941084,50.372798919677734,32351100,yfinance
PETR3.SA,3518,3,2025-04-03,35.858059113852484,36.074998735004854,35.189168557564415,35.59592819213867,11761500,yfinance
SAPR11.SA,4853,5,2025-04-03,26.53709847925798,27.135464601360745,26.337641897504863,26.964502334594727,632600,yfinance
FLRY3.SA,1024,1,2025-04-03,10.956237210155708,11.177949263069241,10.956237210155708,11.039379119873047,2792900,yfinance
VALE3.SA,6101,6,2025-04-04,48.858035127940354,49.13344611866686,47.37080947434389,48.3622932434082,45819600,yfinance
KFOF11.SA,2272,2,2025-04-04,68.69242175572424,68.69242175572424,66.55601239196726,66.73783874511719,26488,yfinance
FLRY3.SA,1025,1,2025-04-04,10.900809813103953,10.900809813103953,10.669860456389895,10.808429718017578,3237200,yfinance
PETR3.SA,3519,3,2025-04-04,34.39372745459844,34.574509895312694,33.010748162190175,34.10447692871094,22917700,yfinance
SAPR11.SA,4854,5,2025-04-04,26.765048538858146,27.382410893428695,26.337642856382498,26.98349952697754,910300,yfinance
VALE3.SA,6102,6,2025-04-07,47.47179452610043,49.09672393104586,46.97605263943082,47.78392791748047,35942800,yfinance
SAPR11.SA,4855,5,2025-04-07,26.461118037424786,26.651074721172026,25.653797149658203,25.653797149658203,1158900,yfinance
KFOF11.SA,2273,2,2025-04-07,66.6741990938317,66.81056713446742,65.4741728209774,66.36510467529297,10527,yfinance
FLRY3.SA,1026,1,2025-04-07,10.716050674560234,10.956237339805819,10.52205317659141,10.62367057800293,3472100,yfinance
PETR3.SA,3520,3,2025-04-07,33.62540470973813,33.95984996704013,32.1068378007208,32.206268310546875,28421800,yfinance
VALE3.SA,6103,6,2025-04-08,48.05933524892598,48.481635806539444,45.002267518055014,45.16751480102539,46815300,yfinance
PETR3.SA,3521,3,2025-04-08,32.66726101341645,33.01074729695671,30.850405979797902,31.175813674926758,18081300,yfinance
FLRY3.SA,1027,1,2025-04-08,10.716050616765257,10.873096251464544,10.512814934036436,10.614432334899902,3312400,yfinance
KFOF11.SA,2274,2,2025-04-08,66.71964355476501,67.1560198069253,66.04690347965126,66.51963806152344,11151,yfinance
SAPR11.SA,4856,5,2025-04-08,26.024213845165328,26.347142195585896,25.824759058388274,26.062206268310547,872100,yfinance
KFOF11.SA,2275,2,2025-04-09,66.51963806152344,66.78328103570868,65.8378049359991,66.51963806152344,17040,yfinance
PETR3.SA,3522,3,2025-04-09,30.461729934703765,32.531682096714746,30.2357527147848,32.15203857421875,29549700,yfinance
SAPR11.SA,4857,5,2025-04-09,26.043208652491924,26.77454645439772,25.786765244824434,26.337642669677734,931600,yfinance
FLRY3.SA,1028,1,2025-04-09,10.50357662596749,11.150234647848151,10.420434716682484,11.03014087677002,3491800,yfinance
VALE3.SA,6104,6,2025-04-09,45.12161650616448,47.793109752788105,44.77276071908173,47.600318908691406,56491900,yfinance
KFOF11.SA,2276,2,2025-04-10,67.27420242819315,67.27420242819315,66.37418463507545,66.45600128173828,11123,yfinance
VALE3.SA,6105,6,2025-04-10,47.82982717631175,48.87639450531812,47.24228281745665,48.45409393310547,38010400,yfinance
FLRY3.SA,1029,1,2025-04-10,10.96547535407389,11.067092753895297,10.87309613996403,11.020903587341309,2106600,yfinance
PETR3.SA,3523,3,2025-04-10,31.82662773170804,31.907979660895535,29.99169398775929,30.06400489807129,16049900,yfinance
SAPR11.SA,4858,5,2025-04-10,26.166680352569802,26.58458792601749,25.786765200152967,25.919736862182617,589700,yfinance
SAPR11.SA,4859,5,2025-04-11,25.938732244526335,26.28065680045393,25.88174542239787,26.204673767089844,316100,yfinance
VALE3.SA,6106,6,2025-04-11,48.25212906347258,49.71181115192471,48.25212906347258,49.26197052001953,22129900,yfinance
PETR3.SA,3524,3,2025-04-11,30.335181125908267,30.99503414823839,29.593976172159994,30.660585403442383,19003500,yfinance
KFOF11.SA,2277,2,2025-04-11,66.73782838683424,67.46511287865468,66.56509511214304,67.27420043945312,13389,yfinance
FLRY3.SA,1030,1,2025-04-11,11.094807681899564,11.177949594078964,10.928523857540764,11.104045867919922,1955700,yfinance
FLRY3.SA,1031,1,2025-04-14,11.261091037176078,11.399661189544473,11.039379850588976,11.205663681030273,4018900,yfinance
KFOF11.SA,2278,2,2025-04-14,67.27420647903332,68.53787007288386,67.19238982744399,67.81967163085938,11450,yfinance
PETR3.SA,3525,3,2025-04-14,31.41083086661186,31.573534726807974,30.371334365152066,30.723861694335938,14919400,yfinance
SAPR11.SA,4860,5,2025-04-14,26.4706149265859,26.92651312051738,26.01471492107603,26.613082885742188,1143000,yfinance
VALE3.SA,6107,6,2025-04-14,49.94132063483406,50.38197891371286,49.74852979241651,49.904598236083984,19994800,yfinance
FLRY3.SA,1032,1,2025-04-15,11.196425494671992,11.214901867388555,11.048618036947257,11.205663681030273,1200700,yfinance
PETR3.SA,3526,3,2025-04-15,30.913681490494543,30.94079765095066,30.045929874514655,30.15439796447754,9799200,yfinance
KFOF11.SA,2279,2,2025-04-15,68.86515124874083,71.31974792480469,68.6378735218473,71.31974792480469,26248,yfinance
VALE3.SA,6108,6,2025-04-15,49.92295919918083,50.17083013650965,49.1426239886181,49.39967727661133,17471900,yfinance
SAPR11.SA,4861,5,2025-04-15,26.73655396651175,27.581867218017578,26.575089800410936,27.581867218017578,985200,yfinance
KFOF11.SA,2280,2,2025-04-16,71.31974881988495,71.32884187114523,70.31972819619605,70.83792114257812,13292,yfinance
PETR3.SA,3527,3,2025-04-16,30.362296397099783,30.497884094868866,29.720521983688016,29.892263412475586,16459800,yfinance
FLRY3.SA,1033,1,2025-04-16,11.196424476578516,11.53822941173705,11.12252075443623,11.418135643005371,8237900,yfinance
SAPR11.SA,4862,5,2025-04-16,27.534375490042443,27.58186601422195,26.91701316833496,26.91701316833496,731500,yfinance
VALE3.SA,6109,6,2025-04-16,49.13344515492856,49.243608848650176,48.123600206018196,48.25212860107422,23105900,yfinance
SAPR11.SA,4863,5,2025-04-17,27.10697264851092,27.277933107170952,26.679566972915012,27.011993408203125,742600,yfinance
FLRY3.SA,1034,1,2025-04-17,11.42737452897944,11.464326392315595,11.187186976793473,11.353470802307129,3057600,yfinance
KFOF11.SA,2281,2,2025-04-17,70.49246309705612,70.49246309705612,69.7742646223731,70.2924575805664,11699,yfinance
PETR3.SA,3528,3,2025-04-17,30.22347438714489,30.9540916519336,30.038507499762314,30.676639556884766,14425100,yfinance
VALE3.SA,6110,6,2025-04-17,48.454096252955345,48.94983814273935,48.2521300587047,48.545902252197266,23172400,yfinance
VALE3.SA,6111,6,2025-04-22,48.802953646228694,49.84033870841284,48.435736641301645,49.40885925292969,16780900,yfinance
FLRY3.SA,1035,1,2025-04-22,11.381183896545606,11.51051585209794,11.177949099108627,11.436612129211426,2885900,yfinance
SAPR11.SA,4864,5,2025-04-22,26.879021143612288,26.974000381787466,26.613081450615745,26.736553192138672,744500,yfinance
KFOF11.SA,2282,2,2025-04-22,70.49245438299691,70.91064453125,70.246990575479,70.91064453125,14640,yfinance
PETR3.SA,3529,3,2025-04-22,30.51017189025879,30.806117485808425,30.010762374787614,30.51017189025879,9723500,yfinance
VALE3.SA,6112,6,2025-04-23,50.40034213888392,50.81345688428459,49.94132264218021,49.996402740478516,18377400,yfinance
KFOF11.SA,2283,2,2025-04-23,71.00155563248678,71.03792089861551,70.19244753502707,70.78337097167969,19491,yfinance
SAPR11.SA,4865,5,2025-04-23,26.736553894992653,27.467891693115234,26.698563285670854,27.467891693115234,2025600,yfinance
PETR3.SA,3530,3,2025-04-23,30.935594154840413,31.046572874455702,30.057004098673815,30.288211822509766,15792500,yfinance
FLRY3.SA,1036,1,2025-04-23,11.528992178909222,11.722989685814037,11.528992178909222,11.630610466003418,2513200,yfinance
SAPR11.SA,4866,5,2025-04-24,27.372913957806244,27.752829129809207,27.334923346395165,27.724336624145508,1051100,yfinance
PETR3.SA,3531,3,2025-04-24,30.473179618773187,30.51017370240159,29.548348695763075,30.066251754760742,12407100,yfinance
FLRY3.SA,1037,1,2025-04-24,11.704513841933972,12.01860511803984,11.602896438900505,12.000128746032715,3466200,yfinance
VALE3.SA,6113,6,2025-04-24,49.98722313049647,51.10722830401613,49.85869823370247,50.776737213134766,19621700,yfinance
KFOF11.SA,2284,2,2025-04-24,70.63790935768051,70.78337042106392,70.01971371023154,70.42881774902344,14111,yfinance
FLRY3.SA,1038,1,2025-04-25,12.083270600521594,12.120222463357976,11.935463149176066,11.990890502929688,2274200,yfinance
PETR3.SA,3532,3,2025-04-25,30.05700619926289,30.380695624074896,29.77955761685972,30.21422576904297,10241800,yfinance
KFOF11.SA,2285,2,2025-04-25,70.45608252017604,73.42887159533197,70.1924395726235,70.9924545288086,23350,yfinance
VALE3.SA,6114,6,2025-04-25,50.03312042811885,50.14328411638006,49.24360640782572,49.43639373779297,26162200,yfinance
SAPR11.SA,4867,5,2025-04-25,27.866801827242426,28.493662251857018,27.771822590753917,28.237218856811523,1602700,yfinance
SAPR11.SA,4868,5,2025-04-28,28.265716062321136,28.42718023739309,28.113749993027348,28.25621795654297,577000,yfinance
FLRY3.SA,1039,1,2025-04-28,11.990891262599634,12.129461417766455,11.82460830980219,11.935463905334473,2940900,yfinance
KFOF11.SA,2286,2,2025-04-28,71.02882414903135,73.18341923718532,71.01973803494634,72.28340148925781,14020,yfinance
PETR3.SA,3533,3,2025-04-28,30.241972882978384,30.500924420996697,29.973771059773643,30.02001190185547,9107500,yfinance
VALE3.SA,6115,6,2025-04-28,49.4823034999869,49.739353299329515,49.234432549746145,49.6108283996582,12001900,yfinance
PETR3.SA,3534,3,2025-04-29,30.01076500510904,30.39919231033084,29.751809940344415,30.103246688842773,10594100,yfinance
SAPR11.SA,4869,5,2025-04-29,28.227723120675705,28.484166537240117,27.847807954420137,28.09475326538086,625600,yfinance
FLRY3.SA,1040,1,2025-04-29,11.82460830980219,12.064795873956449,11.815370123257345,11.935463905334473,2277900,yfinance
KFOF11.SA,2287,2,2025-04-29,73.40159844714621,74.09252454447764,72.7470376113548,73.41978454589844,12819,yfinance
VALE3.SA,6116,6,2025-04-29,49.76689283679829,49.8862388861402,49.42721939086914,49.42721939086914,11816200,yfinance
KFOF11.SA,2288,2,2025-04-30,73.419792916167,74.97437161042009,72.92887223335573,74.68345642089844,20625,yfinance
PETR3.SA,3535,3,2025-04-30,29.946026898012214,30.10324646477937,29.4651143846861,29.640830993652344,13204700,yfinance
SAPR11.SA,4870,5,2025-04-30,28.09475303791792,29.187009811401367,28.00927189975519,29.187009811401367,1231400,yfinance
VALE3.SA,6117,6,2025-04-30,48.28885001304641,48.88557676403406,47.93081536327016,48.52754211425781,18774400,yfinance
FLRY3.SA,1041,1,2025-04-30,11.916986834004467,12.01860511803984,11.732227518942752,12.000128746032715,3534700,yfinance
PETR3.SA,3536,3,2025-05-02,29.825798878042523,30.491678307519624,29.51135620611725,30.232723236083984,22134800,yfinance
SAPR11.SA,4871,5,2025-05-02,29.13951896707655,29.149017071909626,28.218222725629065,28.351194381713867,1096100,yfinance
VALE3.SA,6118,6,2025-05-02,48.89475113197316,49.17016560844339,48.24294434201342,48.47245407104492,17135800,yfinance
KFOF11.SA,2289,2,2025-05-02,74.49995435080501,74.49995435080501,73.88523963556476,74.13296508789062,11131,yfinance
FLRY3.SA,1042,1,2025-05-02,11.898511188115554,12.00936677570957,11.806131091286261,11.963176727294922,3477100,yfinance
SAPR11.SA,4872,5,2025-05-05,28.351194381713867,28.626632175560022,27.999771749203106,28.351194381713867,991500,yfinance
VALE3.SA,6119,6,2025-05-05,48.564262707295384,48.729510001355926,48.408194261997885,48.61934280395508,12201600,yfinance
FLRY3.SA,1043,1,2025-05-05,11.972415615997745,12.129461261225494,11.88927370017106,11.89851188659668,2605600,yfinance
KFOF11.SA,2290,2,2025-05-05,74.68345459029642,74.68345459029642,73.15125274658203,73.15125274658203,7323,yfinance
PETR3.SA,3537,3,2025-05-05,30.03850893658254,30.149487663140512,29.37263128530955,29.381879806518555,16917100,yfinance
PETR3.SA,3538,3,2025-05-06,29.825798459155493,30.18648196907326,29.742563531639842,29.844295501708984,9743200,yfinance
SAPR11.SA,4873,5,2025-05-06,28.54115245283136,28.54115245283136,28.037765552871946,28.265714645385742,483900,yfinance
KFOF11.SA,2291,2,2025-05-06,73.15124998813056,73.7934881619151,72.49065815231154,72.83012390136719,12838,yfinance
FLRY3.SA,1044,1,2025-05-06,11.907749918385203,11.990890952130249,11.852321681553235,11.861559867858887,1691700,yfinance
VALE3.SA,6120,6,2025-05-06,48.646884231471496,49.188527337913534,48.58261828477173,48.656063079833984,12065000,yfinance
VALE3.SA,6121,6,2025-05-07,49.16098561297766,49.16098561297766,48.34393149881467,48.56426239013672,11240100,yfinance
SAPR11.SA,4874,5,2025-05-07,28.921069112640232,29.766380548216873,28.645629496530166,29.092029571533203,1945400,yfinance
KFOF11.SA,2292,2,2025-05-07,73.10537159986482,73.43566751220331,71.74748762693204,73.12371826171875,13678,yfinance
PETR3.SA,3539,3,2025-05-07,30.00151337852841,30.186480265675673,29.69632101349287,30.03850746154785,9591900,yfinance
FLRY3.SA,1045,1,2025-05-07,11.972415403148007,11.972415403148007,11.778417896668682,11.85232162475586,1592400,yfinance
PETR3.SA,3540,3,2025-05-08,30.352949370456777,30.80611805650911,30.11249489259931,30.547163009643555,11773200,yfinance
SAPR11.SA,4875,5,2025-05-08,29.253493357804157,29.832865086544466,29.044540480812095,29.15851593017578,1200300,yfinance
VALE3.SA,6122,6,2025-05-08,48.56426356902392,48.93147706075376,48.35311152127929,48.41737747192383,15414600,yfinance
FLRY3.SA,1046,1,2025-05-08,12.027843146505232,12.323458046732073,11.953938540446625,12.175650596618652,2352400,yfinance
KFOF11.SA,2293,2,2025-05-08,73.16042967834304,73.25217700126593,72.40809043058006,72.48149108886719,5038,yfinance
VALE3.SA,6123,6,2025-05-09,48.65606589087949,48.72951069018492,48.206225250235676,48.610164642333984,15558800,yfinance
PETR3.SA,3541,3,2025-05-09,30.963337273518004,30.963337273518004,30.362199321501546,30.70438575744629,5555100,yfinance
KFOF11.SA,2294,2,2025-05-09,73.20630015832975,74.17883429232059,72.49983113657038,73.2154769897461,9009,yfinance
SAPR11.SA,4876,5,2025-05-09,29.1680133200999,29.547930291207702,27.76232632405184,27.81931495666504,1755200,yfinance
FLRY3.SA,1047,1,2025-05-09,12.138698709392843,12.157174200118483,11.455087932506306,11.510516166687012,5405000,yfinance
SAPR11.SA,4877,5,2025-05-12,27.819313598403895,28.32270048086093,27.73383246523604,28.056760787963867,742000,yfinance
FLRY3.SA,1048,1,2025-05-12,11.51051594064342,11.686037063598633,11.42737403150605,11.686037063598633,1790500,yfinance
KFOF11.SA,2295,2,2025-05-12,73.94946965581782,74.12379447022603,72.57323880490358,73.031982421875,8291,yfinance
PETR3.SA,3542,3,2025-05-12,31.444250042789495,31.952906323185825,31.425753001763283,31.536731719970703,8806600,yfinance
VALE3.SA,6124,6,2025-05-12,50.08820716106227,50.675751537983,49.831153869628906,49.831153869628906,26482400,yfinance
SAPR11.SA,4878,5,2025-05-13,28.303705906190302,28.8450870513916,27.97128127086283,28.8450870513916,1003200,yfinance
FLRY3.SA,1049,1,2025-05-13,11.686037123521562,12.00012839031693,11.64908526160457,11.90774917602539,2416000,yfinance
VALE3.SA,6125,6,2025-05-13,50.023945336445095,50.88690071303496,49.69345074480279,50.64820861816406,21187200,yfinance
KFOF11.SA,2296,2,2025-05-13,73.28887733040949,73.90359909372417,72.2979964430214,72.48149108886719,10033,yfinance
PETR3.SA,3543,3,2025-05-13,31.703203626104028,31.98065573161795,31.176050270347694,31.72170066833496,13202400,yfinance
SAPR11.SA,4879,5,2025-05-14,28.598141067754966,28.91157129622363,28.170735387307538,28.18973159790039,1043100,yfinance
PETR3.SA,3544,3,2025-05-14,31.444251806720224,31.675459540593167,31.102065348414282,31.518239974975586,7751900,yfinance
FLRY3.SA,1050,1,2025-05-14,11.907749231801033,11.907749231801033,11.593657963534469,11.704513549804688,4285100,yfinance
VALE3.SA,6126,6,2025-05-14,50.95116301708776,51.125589161276444,50.34525743480402,50.40034103393555,16297800,yfinance
KFOF11.SA,2297,2,2025-05-14,72.37139171208823,73.39897995136128,72.29799805203974,72.43561553955078,7334,yfinance
SAPR11.SA,4880,5,2025-05-15,28.208727143383786,29.08253288269043,28.208727143383786,29.08253288269043,1177400,yfinance
KFOF11.SA,2298,2,2025-05-15,73.15123954915701,74.77518841390888,72.47229414819174,72.98609161376953,18830,yfinance
PETR3.SA,3545,3,2025-05-15,31.29627899806551,31.721700381682435,31.213044072753497,31.61996841430664,6386300,yfinance
VALE3.SA,6127,6,2025-05-15,50.492143753201134,51.08887048928255,50.345257656909816,50.9052619934082,13955400,yfinance
FLRY3.SA,1051,1,2025-05-15,11.565944173735627,11.732227111008491,11.42737403150605,11.686037063598633,3226100,yfinance
KFOF11.SA,2299,2,2025-05-16,74.53666572294813,75.05046336693864,73.10538778583516,74.1604995727539,15553,yfinance
FLRY3.SA,1052,1,2025-05-16,11.621372124739029,11.63061031089747,11.455088297894768,11.593658447265625,2425300,yfinance
VALE3.SA,6128,6,2025-05-16,50.67575013647022,51.10722605644037,50.31771551056367,50.94198226928711,18163800,yfinance
SAPR11.SA,4881,5,2025-05-16,29.120523887137868,29.158516307944083,28.503161541663523,29.092029571533203,1400300,yfinance
PETR3.SA,3546,3,2025-05-16,31.61996594085721,31.906664778494,31.213041631135432,31.582975387573242,9855500,yfinance
SAPR11.SA,4882,5,2025-05-19,29.063537557855767,29.158516799895427,28.598141264597633,29.10152816772461,983700,yfinance
VALE3.SA,6129,6,2025-05-19,50.49214592161369,50.9236253801424,50.37279986886387,50.80427932739258,14475200,yfinance
KFOF11.SA,2300,2,2025-05-19,74.16966633187025,74.98623642867639,73.74762303456852,74.07791900634766,9904,yfinance
PETR3.SA,3547,3,2025-05-19,31.48124546612028,31.638465029616743,31.287031818995242,31.49974250793457,5297400,yfinance
FLRY3.SA,1053,1,2025-05-19,11.547467750135548,12.037080136060771,11.482802212655388,11.889272689819336,3991700,yfinance
PETR3.SA,3548,3,2025-05-20,31.536731161446703,32.026893920085755,31.471993282976413,31.601469039916992,6481800,yfinance
VALE3.SA,6130,6,2025-05-20,50.79509597740388,50.97870096285407,50.57476509200679,50.813453674316406,10499200,yfinance
FLRY3.SA,1054,1,2025-05-20,11.870797685463629,11.916986853553396,11.68603748909692,11.778417587280273,2815700,yfinance
KFOF11.SA,2301,2,2025-05-20,74.07792207645063,75.15138752915789,73.94947441542114,74.1604995727539,16525,yfinance
SAPR11.SA,4883,5,2025-05-20,29.101527972742307,30.003828048706055,28.959060016426545,30.003828048706055,1456800,yfinance
SAPR11.SA,4884,5,2025-05-21,29.9468426687153,30.250774806560024,29.671403036556992,30.146297454833984,854100,yfinance
VALE3.SA,6131,6,2025-05-21,50.629849623477305,50.76755336510692,49.9780393057507,50.16164779663086,14486300,yfinance
PETR3.SA,3549,3,2025-05-21,31.61072150770408,31.8881700814482,31.15755279916033,31.33327293395996,7894100,yfinance
KFOF11.SA,2302,2,2025-05-21,75.0688098318112,75.69270146937183,75.0688098318112,75.3165283203125,10376,yfinance
FLRY3.SA,1055,1,2025-05-21,11.81536931088427,11.81536931088427,11.464326175333921,11.519754409790039,2875100,yfinance
VALE3.SA,6132,6,2025-05-22,50.14328624601706,50.161647445180506,49.54656303238825,49.78525161743164,18476000,yfinance
FLRY3.SA,1056,1,2025-05-22,11.630609997700375,11.695275537064264,11.408898821879703,11.519754409790039,3436400,yfinance
SAPR11.SA,4885,5,2025-05-22,30.203282808400566,30.421733795401554,29.83286575987034,29.927845001220703,879500,yfinance
KFOF11.SA,2303,2,2025-05-22,75.5642538447858,75.87619616377887,75.22478102717051,75.61930084228516,5955,yfinance
PETR3.SA,3550,3,2025-05-22,31.240786493635852,31.240786493635852,30.537916565970487,30.917097091674805,10888600,yfinance
KFOF11.SA,2304,2,2025-05-23,75.7018672558685,77.50931807446547,74.91282774115236,75.28899383544922,12911,yfinance
SAPR11.SA,4886,5,2025-05-23,29.96583619372268,30.39324188232422,29.45295117897922,30.39324188232422,837200,yfinance
FLRY3.SA,1057,1,2025-05-23,11.399661094973968,11.649085957564768,11.233377265912145,11.630610466003418,2522100,yfinance
VALE3.SA,6133,6,2025-05-23,49.57410196955518,49.97803783597991,49.197706150238325,49.86787414550781,14747300,yfinance
PETR3.SA,3551,3,2025-05-23,30.870857170888627,31.03732701912077,30.52866718955034,30.96333885192871,7083300,yfinance
SAPR11.SA,4887,5,2025-05-26,30.383742809051565,30.697173033516393,30.241274854581793,30.64018440246582,884100,yfinance
FLRY3.SA,1058,1,2025-05-26,11.630609768611492,11.824607263883875,11.62137158288379,11.69527530670166,1131500,yfinance
PETR3.SA,3552,3,2025-05-26,31.213043983035817,31.240787782076726,30.917098366765998,30.97258949279785,2558300,yfinance
KFOF11.SA,2305,2,2025-05-26,75.52754385740693,77.06892258918549,74.72932749635086,75.11467742919922,10609,yfinance
VALE3.SA,6134,6,2025-05-26,49.51902002394892,49.656727268159756,49.39049513044051,49.583282470703125,7194500,yfinance
SAPR11.SA,4888,5,2025-05-27,30.678178446912405,31.238554000854492,30.564204801935478,31.238554000854492,993100,yfinance
PETR3.SA,3553,3,2025-05-27,31.2407844752625,31.52748330415516,31.139052518947373,31.268531799316406,11891600,yfinance
VALE3.SA,6135,6,2025-05-27,49.574105489274245,49.76689283679829,49.22524969229681,49.42721939086914,17943000,yfinance
KFOF11.SA,2306,2,2025-05-27,75.64682099833671,77.0138820413914,74.8119112403753,76.38081359863281,15548,yfinance
FLRY3.SA,1059,1,2025-05-27,11.824606736971319,11.889272272179946,11.722988460498515,11.787654876708984,4240100,yfinance
VALE3.SA,6136,6,2025-05-28,49.335413787825985,49.38131503405624,48.83048957317135,49.0324592590332,17700600,yfinance
KFOF11.SA,2307,2,2025-05-28,76.15143206677718,77.06891920011184,75.25229159616582,76.05968475341797,11516,yfinance
FLRY3.SA,1060,1,2025-05-28,11.83384623070714,11.953939129086528,11.722989756661347,11.880035400390625,1700200,yfinance
SAPR11.SA,4889,5,2025-05-28,31.267047013997832,31.267047013997832,30.53571279229398,31.058095932006836,740600,yfinance
PETR3.SA,3554,3,2025-05-28,31.490490390136436,31.490490390136436,30.880102157592773,30.880102157592773,6204000,yfinance
KFOF11.SA,2308,2,2025-05-29,76.09638038243408,77.11479159757384,75.69268382872221,76.02297973632812,18180,yfinance
PETR3.SA,3555,3,2025-05-29,30.86160808072208,30.991083850370426,30.519421614087136,30.843111038208008,7118800,yfinance
VALE3.SA,6137,6,2025-05-29,49.32623313899893,49.46394038448089,48.95901965444824,49.069183349609375,10246100,yfinance
SAPR11.SA,4890,5,2025-05-29,30.963113899269377,31.532989361786743,30.91562518318213,31.305038452148438,882800,yfinance
FLRY3.SA,1061,1,2025-05-29,11.88003555430174,12.009367521696092,11.824608197562696,11.916987419128418,1929900,yfinance
SAPR11.SA,4891,5,2025-05-30,31.343031379347714,31.428512518944938,30.896629469989236,31.12458038330078,1125800,yfinance
FLRY3.SA,1062,1,2025-05-30,11.6583232933204,11.870797157287598,11.492039476389714,11.870797157287598,5185700,yfinance
PETR3.SA,3556,3,2025-05-30,30.833863419863647,30.833863419863647,30.436185836791992,30.436185836791992,15545300,yfinance
KFOF11.SA,2309,2,2025-05-30,76.14225951145703,77.0597466963157,76.14225951145703,76.5184326171875,14573,yfinance
VALE3.SA,6138,6,2025-05-30,48.97737891177212,49.01410131200895,47.783928920402126,47.829830169677734,28286100,yfinance
SAPR11.SA,4892,5,2025-06-02,30.96311386567913,31.181568481125716,30.611693019226575,30.88713264465332,1062200,yfinance
VALE3.SA,6139,6,2025-06-02,48.27048980036793,48.42655474130351,47.97671411370914,48.25212860107422,19267700,yfinance
PETR3.SA,3557,3,2025-06-02,31.16680304960083,31.16680304960083,30.454682810078033,30.528667449951172,16262500,yfinance
KFOF11.SA,2310,2,2025-06-02,77.68495192995263,77.68495192995263,76.703585603168,76.7961654663086,16905,yfinance
FLRY3.SA,1063,1,2025-06-02,11.88003524551907,12.184888342666,11.796894212571484,11.843083381652832,2571500,yfinance
FLRY3.SA,1064,1,2025-06-03,11.824607825882458,12.277268376031389,11.806131453548907,12.046319007873535,2432700,yfinance
PETR3.SA,3558,3,2025-06-03,29.767054170054482,30.75612012353711,29.576850434800974,30.727590560913086,12989200,yfinance
VALE3.SA,6140,6,2025-06-03,47.67376072864326,48.3255675122325,47.618677133479466,48.22458267211914,12824900,yfinance
SAPR11.SA,4893,5,2025-06-03,30.887131278557213,31.513991722711324,30.75416143027553,31.504491806030273,1061400,yfinance
KFOF11.SA,2311,2,2025-06-03,77.5368172343476,77.76827042012177,76.87023092917548,77.7590103149414,18614,yfinance
SAPR11.SA,4894,5,2025-06-04,31.504492347463497,31.70395074647053,30.88713180938054,31.096086502075195,642100,yfinance
VALE3.SA,6141,6,2025-06-04,48.30720852828255,48.95901884379177,48.30720852828255,48.444915771484375,11714700,yfinance
PETR3.SA,3559,3,2025-06-04,30.75612045217539,31.003385129253594,29.833627700805664,29.833627700805664,6208700,yfinance
KFOF11.SA,2312,2,2025-06-04,77.7497622658996,78.69408821660679,76.85172271728516,76.85172271728516,14923,yfinance
FLRY3.SA,1065,1,2025-06-04,12.221840255387415,12.286506678163269,12.046319121571651,12.06479549407959,2257900,yfinance
KFOF11.SA,2313,2,2025-06-05,76.86097257557503,77.3701724212386,76.15735996042825,76.33325958251953,13946,yfinance
VALE3.SA,6142,6,2025-06-05,48.65606419707976,49.26196976209384,48.53671815338346,48.57344055175781,12594000,yfinance
FLRY3.SA,1066,1,2025-06-05,12.101747087606782,12.157174441887875,11.972415125947709,12.009366989135742,3712100,yfinance
PETR3.SA,3560,3,2025-06-05,29.96677209621367,30.204528140949797,29.62440281133455,29.671955108642578,7227900,yfinance
SAPR11.SA,4895,5,2025-06-05,31.24805302369336,31.51399272874644,30.972613401655956,31.409515380859375,1236400,yfinance
SAPR11.SA,4896,5,2025-06-06,31.36202568472804,31.675454095431693,31.143574701957217,31.390518188476562,817100,yfinance
KFOF11.SA,2314,2,2025-06-06,76.84245597462683,76.84245597462683,75.92590335701617,76.12032318115234,10901,yfinance
FLRY3.SA,1067,1,2025-06-06,12.074031829833984,12.194125598486734,11.990889922228094,12.074031829833984,2844500,yfinance
PETR3.SA,3561,3,2025-06-06,29.767055363647295,30.2901197379209,29.690973503708268,30.023832321166992,9612200,yfinance
VALE3.SA,6143,6,2025-06-06,48.79377138378549,49.087543566360715,48.38983200621406,48.63770294189453,16638900,yfinance
VALE3.SA,6144,6,2025-06-09,48.55507764991408,48.92229461669922,48.307206722640196,48.92229461669922,13029200,yfinance
KFOF11.SA,2315,2,2025-06-09,76.12032474027265,77.03687737665643,74.52792569466646,75.31486511230469,25260,yfinance
PETR3.SA,3562,3,2025-06-09,29.576850565766296,29.938238934102362,29.32958407630075,29.709993362426758,9477200,yfinance
FLRY3.SA,1068,1,2025-06-09,12.06479512524107,12.175650713893889,11.824607575992337,11.981653213500977,2233100,yfinance
SAPR11.SA,4897,5,2025-06-09,31.39051857112758,31.4759997065718,30.716169404376895,31.134075164794922,4151500,yfinance
FLRY3.SA,1069,1,2025-06-10,12.055557275717302,12.147936495005164,11.759941483391131,11.833846092224121,2600300,yfinance
PETR3.SA,3563,3,2025-06-10,29.966770948130105,30.908284631541843,29.89068908928677,30.79416275024414,12033700,yfinance
KFOF11.SA,2316,2,2025-06-10,75.3611600934161,75.68519314680991,74.06502081645007,74.12056732177734,10414,yfinance
VALE3.SA,6145,6,2025-06-10,48.93147661625778,49.45475855130089,48.75705047192367,49.25279235839844,18890600,yfinance
SAPR11.SA,4898,5,2025-06-10,31.048594264161398,31.58047729129863,31.048594264161398,31.551984786987305,581100,yfinance
KFOF11.SA,2317,2,2025-06-11,74.12057348182597,74.91677308684503,72.75962748107501,73.25956726074219,19672,yfinance
PETR3.SA,3564,3,2025-06-11,30.832200218962797,31.85930800960484,30.832200218962797,31.697635650634766,15665100,yfinance
VALE3.SA,6146,6,2025-06-11,49.39967747342174,49.39967747342174,48.646885809812396,48.821311950683594,13639700,yfinance
FLRY3.SA,1070,1,2025-06-11,11.778417701270081,11.990890695745406,11.75070402394763,11.796894073486328,1537900,yfinance
SAPR11.SA,4899,5,2025-06-11,31.580476923002195,32.29281850773157,31.362025938463987,32.07436752319336,1568300,yfinance
PETR3.SA,3565,3,2025-06-12,31.298205873486243,32.677191671286536,31.288697227871342,32.57257843017578,10820700,yfinance
KFOF11.SA,2318,2,2025-06-12,73.25958101302801,74.02800750732422,72.0097348609347,74.02800750732422,12057,yfinance
VALE3.SA,6147,6,2025-06-12,48.564262447119184,48.69278734135755,48.169505413649496,48.5,11136800,yfinance
SAPR11.SA,4900,5,2025-06-12,32.12185729066761,33.024157385538295,31.89391000504863,32.929176330566406,1371500,yfinance
FLRY3.SA,1071,1,2025-06-12,11.732228206357643,11.990891262599634,11.732228206357643,11.935463905334473,2437900,yfinance
PETR3.SA,3566,3,2025-06-13,33.86596901792828,34.027641374680016,33.114659102993684,33.266822814941406,21208800,yfinance
VALE3.SA,6148,6,2025-06-13,47.80228868523423,48.206224569588386,47.7013038386355,47.85737228393555,13264900,yfinance
FLRY3.SA,1072,1,2025-06-13,11.880035140185457,12.12022269368735,11.7507040583013,12.027843475341797,2528800,yfinance
SAPR11.SA,4901,5,2025-06-13,32.9386741823828,34.078421408485745,32.463779806769615,33.83147430419922,2610000,yfinance
KFOF11.SA,2319,2,2025-06-13,72.78740565526027,74.33351135253906,72.78740565526027,74.33351135253906,21545,yfinance
SAPR11.SA,4902,5,2025-06-16,33.907457955864686,34.62929578732677,33.907457955864686,34.296871185302734,1716900,yfinance
FLRY3.SA,1073,1,2025-06-16,12.184888098729612,12.34193373726761,12.110984372476661,12.231078147888184,3008100,yfinance
VALE3.SA,6149,6,2025-06-16,48.0226178169879,49.6200035983013,48.0226178169879,49.41803741455078,41210000,yfinance
KFOF11.SA,2320,2,2025-06-16,74.50942032341639,74.75012657569751,72.76888766709558,74.50016021728516,17170,yfinance
PETR3.SA,3567,3,2025-06-16,33.42849748700834,33.99911047744019,33.10514915833192,33.20975875854492,12002600,yfinance
PETR3.SA,3568,3,2025-06-17,33.38094316549766,34.4080508950792,33.38094316549766,34.18931579589844,12307300,yfinance
SAPR11.SA,4903,5,2025-06-17,34.00243680153015,34.524819893641535,33.764989612101644,34.36335754394531,1432000,yfinance
VALE3.SA,6150,6,2025-06-17,49.23443211244873,49.47312070942673,47.16884438082979,47.19638442993164,43657300,yfinance
FLRY3.SA,1074,1,2025-06-17,12.286506497565032,12.332696547154004,12.120222671445498,12.249554634094238,3201300,yfinance
KFOF11.SA,2321,2,2025-06-17,74.48163541855372,74.48163541855372,72.87998326265472,73.97244262695312,17460,yfinance
PETR3.SA,3569,3,2025-06-18,34.29392994910607,34.493644137071016,33.79939698757216,33.99911117553711,7821800,yfinance
VALE3.SA,6151,6,2025-06-18,49.23443007473939,49.473118661838576,46.893431442868426,47.04031753540039,20499000,yfinance
FLRY3.SA,1075,1,2025-06-18,12.194126280445067,12.517455743438703,12.157174417331673,12.443552017211914,3401500,yfinance
SAPR11.SA,4904,5,2025-06-18,34.36335758243781,34.515323638916016,33.6795085167076,34.515323638916016,1491000,yfinance
KFOF11.SA,2322,2,2025-06-18,73.95393371582031,74.33352040452145,73.64842081953468,73.95393371582031,9870,yfinance
VALE3.SA,6152,6,2025-06-20,47.04031728963771,47.07703618604835,45.8285026550293,45.8285026550293,39947200,yfinance
FLRY3.SA,1076,1,2025-06-20,12.360410406191162,12.425075947965086,12.046319121571651,12.06479549407959,4495500,yfinance
PETR3.SA,3570,3,2025-06-20,33.90401096250201,34.49364489472222,33.827927292347624,34.151275634765625,23960500,yfinance
KFOF11.SA,2323,2,2025-06-20,73.9446759123683,76.26846111291096,73.68544237747327,75.09268188476562,10043,yfinance
SAPR11.SA,4905,5,2025-06-20,34.59130493205783,34.81925582885742,34.20189168502416,34.81925582885742,1963100,yfinance
SAPR11.SA,4906,5,2025-06-23,34.81925635883037,35.02821104881405,34.35385826472763,34.79076385498047,1095300,yfinance
PETR3.SA,3571,3,2025-06-23,34.52217405400994,34.73140051662247,33.03857878201276,33.19074249267578,13582300,yfinance
VALE3.SA,6153,6,2025-06-23,45.92030846063826,46.40686798095703,45.745882321779234,46.40686798095703,17288800,yfinance
FLRY3.SA,1077,1,2025-06-23,12.04631894450391,12.314220174917649,11.97241521756232,12.249554634094238,2321300,yfinance
KFOF11.SA,2324,2,2025-06-23,75.2963621004553,76.25920832887444,73.74099620276156,74.27796936035156,12383,yfinance
VALE3.SA,6154,6,2025-06-24,46.581298311508405,46.590477160198716,46.030472834990995,46.39768981933594,18576300,yfinance
KFOF11.SA,2325,2,2025-06-24,74.20390261239875,74.27796933688256,73.53731621882753,73.62063598632812,12509,yfinance
PETR3.SA,3572,3,2025-06-24,32.525023667345216,33.10514892600543,32.23971717413153,32.496490478515625,17817000,yfinance
FLRY3.SA,1078,1,2025-06-24,12.314219802933886,12.351171665288451,12.027843089936479,12.166412353515625,2869200,yfinance
SAPR11.SA,4907,5,2025-06-24,34.857252046084334,34.90474076467018,34.35386148423486,34.667293548583984,1115200,yfinance
KFOF11.SA,2326,2,2025-06-25,73.62061466429866,74.23165436923327,73.6021015202353,74.09278106689453,6904,yfinance
SAPR11.SA,4908,5,2025-06-25,34.676786628838244,35.08519609250347,34.116411105889895,34.94272994995117,1048400,yfinance
FLRY3.SA,1079,1,2025-06-25,12.07403302367372,12.175651312351645,11.89851188659668,11.89851188659668,3454700,yfinance
PETR3.SA,3573,3,2025-06-25,32.42041154846513,32.715230323991634,32.29677740029351,32.30628967285156,9869200,yfinance
VALE3.SA,6155,6,2025-06-25,46.1314570534078,46.4527692838093,45.64489753250248,46.34260559082031,23319900,yfinance
VALE3.SA,6156,6,2025-06-26,46.67310061744698,48.01343665140554,46.67310061744698,47.7380256652832,40488400,yfinance
PETR3.SA,3574,3,2025-06-26,32.563069228100304,32.66767883955405,32.3633513949066,32.54404830932617,6070400,yfinance
FLRY3.SA,1080,1,2025-06-26,12.037081002656565,12.064795561573517,11.80613163102692,11.861559867858887,2426500,yfinance
SAPR11.SA,4909,5,2025-06-26,35.12318868865573,36.06348117608967,34.809760274948864,35.70256042480469,2614100,yfinance
KFOF11.SA,2327,2,2025-06-26,74.09279385109525,74.66680030355441,73.3799211357265,74.54644012451172,12474,yfinance
KFOF11.SA,2328,2,2025-06-27,74.62051478018803,75.36116789033736,74.09280173480887,74.97232818603516,5313,yfinance
SAPR11.SA,4910,5,2025-06-27,35.83553216110705,36.08247928615043,35.512603813620444,35.81653594970703,1572300,yfinance
FLRY3.SA,1081,1,2025-06-27,11.8153693356465,11.953938600574356,11.649085512931554,11.759941101074219,1785300,yfinance
PETR3.SA,3575,3,2025-06-27,32.38237120809512,32.49649308897428,32.09706469196262,32.144615173339844,6193600,yfinance
VALE3.SA,6157,6,2025-06-27,47.912449718745044,48.73868614315834,47.655399943167815,48.53671646118164,26016900,yfinance
KFOF11.SA,2329,2,2025-06-30,75.12044695401772,75.89813334716871,74.37979391895877,75.16674041748047,15191,yfinance
VALE3.SA,6158,6,2025-06-30,48.463276019193636,48.68360340154188,48.14196029204493,48.33475112915039,19961900,yfinance
FLRY3.SA,1082,1,2025-06-30,11.759941363434512,12.092509016283875,11.722989499895906,12.027843475341797,1455800,yfinance
SAPR11.SA,4911,5,2025-06-30,35.959004910673386,36.64285401298628,35.24666330348305,36.17745590209961,3386900,yfinance
PETR3.SA,3576,3,2025-06-30,32.040002853318676,32.696211849834526,31.94490188784617,32.420413970947266,11438600,yfinance
SAPR11.SA,4912,5,2025-07-01,36.31378049235196,36.718143463134766,35.89955666180658,36.718143463134766,1545600,yfinance
FLRY3.SA,1083,1,2025-07-01,11.990890617040769,12.14793625584039,11.92622507671219,12.009366989135742,1703400,yfinance
PETR3.SA,3577,3,2025-07-01,32.45845737953322,32.78180575680938,32.2397222460625,32.553558349609375,4328800,yfinance
VALE3.SA,6159,6,2025-07-01,48.28884547111776,49.30786922589,48.19704298054247,48.98655700683594,21844300,yfinance
KFOF11.SA,2330,2,2025-07-01,75.03593136574928,75.2134710560625,74.40984783912128,74.70886993408203,6255,yfinance
PETR3.SA,3578,3,2025-07-02,32.743759731605046,33.476048716756445,32.64865877368678,33.2382926940918,8946600,yfinance
SAPR11.SA,4913,5,2025-07-02,36.639247008474676,36.81677259049496,36.333507670050594,36.34336853027344,1077500,yfinance
VALE3.SA,6160,6,2025-07-02,49.399675396597004,51.13476838982525,49.39049304628205,50.76755142211914,63100200,yfinance
KFOF11.SA,2331,2,2025-07-02,74.75559597079413,75.21347199992547,74.5593633868807,74.69953155517578,5740,yfinance
FLRY3.SA,1084,1,2025-07-02,12.046319064766157,12.129460978655956,11.833846067938383,12.055557250976562,3336800,yfinance
KFOF11.SA,2332,2,2025-07-03,74.87707469470847,75.22282190851968,74.5687132653628,75.00789642333984,8055,yfinance
FLRY3.SA,1085,1,2025-07-03,12.083271094805328,12.166413009838703,11.880035400390625,11.880035400390625,1531300,yfinance
SAPR11.SA,4914,5,2025-07-03,36.49130759391044,37.41838270269668,36.4025448033271,37.30003356933594,996500,yfinance
VALE3.SA,6161,6,2025-07-03,50.95116290046177,51.30001869008139,50.32689611989645,50.528865814208984,18256300,yfinance
PETR3.SA,3579,3,2025-07-03,33.219272522928016,33.666255016493366,33.133680207731864,33.39045715332031,6871900,yfinance
PETR3.SA,3580,3,2025-07-04,33.3333927312928,33.495068708730905,33.20975858711881,33.428497314453125,2765700,yfinance
KFOF11.SA,2333,2,2025-07-04,75.017234766252,75.54052162425317,74.75559133725143,75.26953887939453,6900,yfinance
FLRY3.SA,1086,1,2025-07-04,11.852321462781983,12.12946087982248,11.852321462781983,12.027843475341797,985600,yfinance
SAPR11.SA,4915,5,2025-07-04,37.30003427060211,37.33948523654777,36.60965741555781,37.102783203125,621300,yfinance
VALE3.SA,6162,6,2025-07-04,50.519682289885324,50.675750732421875,50.262632504578846,50.675750732421875,5449600,yfinance
SAPR11.SA,4916,5,2025-07-07,37.02388214573765,37.2112685759872,36.29405438167198,36.67869186401367,1448100,yfinance
VALE3.SA,6163,6,2025-07-07,50.53804208564088,50.65738812637911,49.75771040075063,49.93213653564453,13174500,yfinance
PETR3.SA,3581,3,2025-07-07,33.42849992248232,33.59968455765752,33.18123161484294,33.200252532958984,9363200,yfinance
KFOF11.SA,2334,2,2025-07-07,75.29757073248136,75.49380330331188,74.03607156042872,74.90510559082031,19333,yfinance
FLRY3.SA,1087,1,2025-07-07,12.055557038371262,12.166412627935362,11.843083164288636,12.009366989135742,2185300,yfinance
PETR3.SA,3582,3,2025-07-08,33.46653848544736,34.056176069684774,33.2382947213748,34.03715515136719,19238300,yfinance
FLRY3.SA,1088,1,2025-07-08,11.990891262599634,12.064795873956449,11.907750226701893,11.935463905334473,2460100,yfinance
KFOF11.SA,2335,2,2025-07-08,74.28835868736863,75.27886785517425,74.28835868736863,75.1854248046875,10960,yfinance
SAPR11.SA,4917,5,2025-07-08,36.59979519694629,36.60965605694116,35.62340451840745,36.04749298095703,1487900,yfinance
VALE3.SA,6164,6,2025-07-08,50.051487595789474,51.033789063202,49.90460149324295,50.106571197509766,26632000,yfinance
VALE3.SA,6165,6,2025-07-09,50.216733999566415,50.216733999566415,49.34459624917286,49.6108283996582,12209400,yfinance
KFOF11.SA,2336,2,2025-07-09,75.18543840860275,75.20413129963103,74.43788674020028,74.71821594238281,6870,yfinance
FLRY3.SA,1089,1,2025-07-09,11.935462694537588,12.037080093216414,11.870797157287598,11.870797157287598,2677900,yfinance
SAPR11.SA,4918,5,2025-07-09,35.9488702130084,36.04749386437834,35.54450722278983,35.860107421875,815100,yfinance
PETR3.SA,3583,3,2025-07-09,34.14176783225463,34.14176783225463,33.43800837744013,33.54262161254883,10288600,yfinance
KFOF11.SA,2337,2,2025-07-10,74.65279931313499,74.70886372338904,74.23230197773258,74.5687026977539,6851,yfinance
VALE3.SA,6166,6,2025-07-10,50.804274881099005,52.43838306725864,50.67574999032789,50.74919128417969,46597200,yfinance
FLRY3.SA,1090,1,2025-07-10,11.796893745395922,11.87079747020169,11.686037277185374,11.732227325439453,5338500,yfinance
SAPR11.SA,4919,5,2025-07-10,35.50505492401944,35.652994157769925,35.090831089119696,35.53464126586914,772800,yfinance
PETR3.SA,3584,3,2025-07-10,33.105148906628294,33.85645515848185,33.06710707345703,33.59968185424805,10264600,yfinance
PETR3.SA,3585,3,2025-07-11,33.62821300069133,34.0942127814691,33.599683438402224,33.732826232910156,6286500,yfinance
KFOF11.SA,2338,2,2025-07-11,74.56869731176985,74.9518159695813,74.42852916701034,74.53131866455078,4677,yfinance
VALE3.SA,6167,6,2025-07-11,50.675752468247865,51.61215264942023,50.50132282049448,51.41018295288086,18313200,yfinance
FLRY3.SA,1091,1,2025-07-11,11.713751520582585,11.769178872199435,11.528991332521437,11.658323287963867,2965700,yfinance
SAPR11.SA,4920,5,2025-07-11,35.49519596608331,36.599796680587836,35.159870278898744,36.38282012939453,1186100,yfinance
VALE3.SA,6168,6,2025-07-14,51.281658964112786,51.32756021358269,50.37279881562891,50.82263946533203,15141300,yfinance
PETR3.SA,3586,3,2025-07-14,33.76135682334538,34.04666333853221,33.20025243806798,33.371437072753906,7061200,yfinance
KFOF11.SA,2339,2,2025-07-14,74.53132545285891,74.72755802169587,74.20427117146397,74.29771423339844,7301,yfinance
FLRY3.SA,1092,1,2025-07-14,11.676800586977862,11.953939129086528,11.57518229926954,11.880035400390625,2293400,yfinance
SAPR11.SA,4921,5,2025-07-14,36.38281973399045,36.66883359159123,35.150005274246936,35.3867073059082,1627500,yfinance
KFOF11.SA,2340,2,2025-07-15,74.27900873011556,75.05459955804064,73.74637552536228,74.99853515625,20258,yfinance
PETR3.SA,3587,3,2025-07-15,33.428501716439115,33.495073119483266,32.952989621627005,32.99102783203125,6347900,yfinance
FLRY3.SA,1093,1,2025-07-15,11.935463341100503,11.972415204531078,11.66756211097836,11.796894073486328,2242300,yfinance
SAPR11.SA,4922,5,2025-07-15,35.70230560832304,35.810793876972305,35.209179850645235,35.751617431640625,1189600,yfinance
VALE3.SA,6169,6,2025-07-15,50.42788197048669,50.82263901611216,49.13344713544806,49.49148178100586,25029100,yfinance
PETR3.SA,3588,3,2025-07-16,32.95298729761113,32.9815168603696,32.50600479909307,32.705718994140625,5767600,yfinance
SAPR11.SA,4923,5,2025-07-16,35.741757902261114,35.89955800010163,35.18945567869378,35.59381866455078,1640200,yfinance
KFOF11.SA,2341,2,2025-07-16,74.92378450466497,75.38166046142578,74.78361635852445,75.38166046142578,17015,yfinance
VALE3.SA,6170,6,2025-07-16,49.665907828745276,50.051486024601616,49.49148168183456,49.941322326660156,26394100,yfinance
FLRY3.SA,1094,1,2025-07-16,11.898511617953151,11.95393897325154,11.722989603837082,11.843083381652832,3829900,yfinance
FLRY3.SA,1095,1,2025-07-17,11.843082269637335,11.90774868608279,11.732226688447497,11.806130409240723,2169900,yfinance
PETR3.SA,3589,3,2025-07-17,32.70571796325828,32.77228935950914,32.34432779227576,32.477474212646484,7868200,yfinance
KFOF11.SA,2342,2,2025-07-17,75.39101148906805,75.39101148906805,74.75558869994855,75.06395721435547,4447,yfinance
SAPR11.SA,4924,5,2025-07-17,35.59381817617177,36.303920487836386,35.17959057361707,36.04749298095703,1312400,yfinance
VALE3.SA,6171,6,2025-07-17,49.94132000328258,50.2993546314664,49.68426671732342,49.84951400756836,20252800,yfinance
SAPR11.SA,4925,5,2025-07-18,35.93900416314749,36.017906090910635,35.26835282616468,35.28807830810547,1076000,yfinance
KFOF11.SA,2343,2,2025-07-18,75.3910228605484,75.3910228605484,74.53133517184905,74.75559997558594,4567,yfinance
PETR3.SA,3590,3,2025-07-18,32.38237238754575,32.61061978548662,31.46939005152088,31.99245262145996,17222400,yfinance
FLRY3.SA,1096,1,2025-07-18,11.667562484741211,11.870798180620854,11.63984880653097,11.667562484741211,2332300,yfinance
VALE3.SA,6172,6,2025-07-18,49.62000541107792,50.290173436002036,49.5465641148603,50.08820724487305,23714000,yfinance
KFOF11.SA,2344,2,2025-07-21,75.26954249582897,75.26954249582897,74.75559492899251,75.08264923095703,10598,yfinance
SAPR11.SA,4926,5,2025-07-21,35.21904111110823,35.25849207511153,34.5089425703038,35.0513801574707,2089900,yfinance
FLRY3.SA,1097,1,2025-07-21,13.764582096653236,14.032483330555822,13.219542323611511,13.404301643371582,18142600,yfinance
PETR3.SA,3591,3,2025-07-21,32.03049440832366,32.353842771970264,31.74518788225179,32.07804489135742,5642500,yfinance
VALE3.SA,6173,6,2025-07-21,50.905263206370975,52.16297565471151,50.804278356131796,51.456085205078125,40484000,yfinance
FLRY3.SA,1098,1,2025-07-22,13.28420740124242,13.515156763125628,13.1179235787659,13.293445587158203,10068600,yfinance
KFOF11.SA,2345,2,2025-07-22,74.52197394922709,75.11067161577628,74.3444271531297,74.7462387084961,8138,yfinance
SAPR11.SA,4927,5,2025-07-22,35.002069730477295,35.15986983053709,34.410316533564696,34.65687942504883,1539400,yfinance
VALE3.SA,6174,6,2025-07-22,52.28231835787883,53.218718497361984,52.24559595977189,52.78723907470703,40945900,yfinance
PETR3.SA,3592,3,2025-07-22,32.14461470863675,32.85788280259113,31.963921430867863,32.41090393066406,11698600,yfinance
FLRY3.SA,1099,1,2025-07-23,13.191827764896052,13.505919048989139,13.191827764896052,13.404301643371582,3109600,yfinance
VALE3.SA,6175,6,2025-07-23,52.741342074767516,53.15446033163282,52.32822381790221,52.71379852294922,17914800,yfinance
SAPR11.SA,4928,5,2025-07-23,34.508943315951086,34.76536706301119,34.380729561295496,34.617427825927734,1041900,yfinance
KFOF11.SA,2346,2,2025-07-23,74.74623061761206,75.15738857280637,74.49393368190026,74.8770523071289,14849,yfinance
PETR3.SA,3593,3,2025-07-23,32.30629223830408,33.30486689192525,32.30629223830408,33.13368225097656,4535600,yfinance
VALE3.SA,6176,6,2025-07-24,52.27313578360035,52.59445151259988,51.676412576099445,51.8967399597168,21651200,yfinance
PETR3.SA,3594,3,2025-07-24,33.13368057651677,33.27633564605449,32.90543319083023,33.171722412109375,7159200,yfinance
KFOF11.SA,2347,2,2025-07-24,74.58739959047088,75.2602011309311,74.58739959047088,74.75559997558594,3690,yfinance
SAPR11.SA,4929,5,2025-07-24,34.42017994698725,34.577980041503906,33.976366005455695,34.577980041503906,705400,yfinance
FLRY3.SA,1100,1,2025-07-24,13.274969159006965,13.404301118273548,13.071733474731445,13.071733474731445,3089000,yfinance
KFOF11.SA,2348,2,2025-07-25,74.66214122637162,75.2414924418296,74.66214122637162,74.76493072509766,11902,yfinance
SAPR11.SA,4930,5,2025-07-25,34.262378876241264,34.439900685544785,33.69035119851012,34.03553771972656,837400,yfinance
PETR3.SA,3595,3,2025-07-25,33.23829455327625,33.47605058923978,33.1622108803907,33.32388687133789,4859800,yfinance
VALE3.SA,6177,6,2025-07-25,51.575427708767634,51.66723020155872,50.74001241702245,51.134769439697266,21918900,yfinance
FLRY3.SA,1101,1,2025-07-25,13.044019212771444,13.45049056308265,13.044019212771444,13.376585960388184,2888900,yfinance
FLRY3.SA,1102,1,2025-07-28,13.37658671669534,13.570584217357446,13.321159362792969,13.321159362792969,4693900,yfinance
SAPR11.SA,4931,5,2025-07-28,33.82842724114208,34.035539162652384,33.4437897405512,33.64104080200195,1144100,yfinance
KFOF11.SA,2349,2,2025-07-28,75.19478362082373,75.19478362082373,73.84918065882026,74.24164581298828,7606,yfinance
VALE3.SA,6178,6,2025-07-28,50.43706075845594,50.785916554595126,50.16164976236325,50.63903045654297,19175100,yfinance
PETR3.SA,3596,3,2025-07-28,33.390459110985866,33.88499211357239,32.84837562558453,33.304866790771484,12200100,yfinance
SAPR11.SA,4932,5,2025-07-29,33.69035359010787,33.94677734375,33.41420435353154,33.94677734375,927500,yfinance
VALE3.SA,6179,6,2025-07-29,50.9970647034884,51.134771951479955,50.280995418830216,50.32689666748047,14648700,yfinance
PETR3.SA,3597,3,2025-07-29,33.476051683240804,34.046664737053305,33.28584612268019,33.84695053100586,8502400,yfinance
KFOF11.SA,2350,2,2025-07-29,74.25098518844132,74.49394283994705,73.09227559773805,73.86786651611328,6958,yfinance
FLRY3.SA,1103,1,2025-07-29,13.284207556778167,13.533632412411391,13.284207556778167,13.330397605895996,3342000,yfinance
SAPR11.SA,4933,5,2025-07-30,33.89746234440462,34.27223896056914,33.37475026345865,33.98622512817383,693000,yfinance
FLRY3.SA,1104,1,2025-07-30,13.219542419983792,13.552109197976376,13.210304233677958,13.432015419006348,2860300,yfinance
PETR3.SA,3598,3,2025-07-30,33.82792775370849,34.36050256844548,33.628213558633036,34.227359771728516,10603400,yfinance
KFOF11.SA,2351,2,2025-07-30,74.1295126939992,74.19492354924031,72.86801355477867,73.4473648071289,11443,yfinance
VALE3.SA,6180,6,2025-07-30,49.867877686084455,50.207551132013606,48.95902104659063,49.42721939086914,35607800,yfinance
SAPR11.SA,4934,5,2025-07-31,33.98622715108302,33.996091773339444,33.43392869675733,33.63117599487305,807600,yfinance
VALE3.SA,6181,6,2025-07-31,48.6652432826092,49.2252476034024,48.07769891392147,49.07836151123047,20790000,yfinance
KFOF11.SA,2352,2,2025-07-31,73.9986965071346,74.38181522235932,72.93342985412077,73.11096954345703,15268,yfinance
FLRY3.SA,1105,1,2025-07-31,13.3396345976779,13.3858246457111,13.145637100739977,13.25649356842041,3419000,yfinance
PETR3.SA,3599,3,2025-07-31,33.76135727756606,34.19882751526281,33.76135727756606,34.03715515136719,9052500,yfinance
PETR3.SA,3600,3,2025-08-01,34.3985425860985,34.3985425860985,33.23829556232471,33.55213165283203,5713900,yfinance
KFOF11.SA,2353,2,2025-08-01,72.88452389112263,73.72422850960697,71.70516266311094,72.25238800048828,11278,yfinance
VALE3.SA,6182,6,2025-08-01,49.79443366980413,50.4003392304061,49.17934575865511,49.3445930480957,40510900,yfinance
SAPR11.SA,4935,5,2025-08-01,33.384612294001776,34.01581642419797,33.28598864735444,33.818565368652344,1133400,yfinance
FLRY3.SA,1106,1,2025-08-01,13.339634105956103,13.478204244947767,13.154874801635742,13.154874801635742,6553100,yfinance
FLRY3.SA,1107,1,2025-08-04,13.30268252014895,13.330397077121445,12.97935395115338,13.21030330657959,2522400,yfinance
SAPR11.SA,4936,5,2025-08-04,33.76925564212859,33.96650294767073,33.15777695574413,33.710079193115234,974300,yfinance
PETR3.SA,3601,3,2025-08-04,33.45702827216244,33.56164150407154,33.21927224613961,33.43800735473633,4631800,yfinance
KFOF11.SA,2354,2,2025-08-04,72.2901215111054,73.12038914486455,71.76176283666868,72.40333557128906,27204,yfinance
VALE3.SA,6183,6,2025-08-04,49.93214052897582,49.94132288009651,49.39967973132415,49.73935317993164,16198100,yfinance
SAPR11.SA,4937,5,2025-08-05,33.71993878392554,33.887603502025165,33.266263978657705,33.63117599487305,737200,yfinance
VALE3.SA,6184,6,2025-08-05,49.73017088842165,50.464604889159396,49.67509078979492,49.67509078979492,21037600,yfinance
FLRY3.SA,1108,1,2025-08-05,13.14563661616926,13.311920430558514,13.06249558997649,13.154874801635742,2209200,yfinance
KFOF11.SA,2355,2,2025-08-05,72.39391508636719,72.49769225533795,71.0541552181321,71.89385986328125,11862,yfinance
PETR3.SA,3602,3,2025-08-05,33.47605233722434,33.82793027302064,33.31437633783508,33.70429611206055,6160100,yfinance
KFOF11.SA,2356,2,2025-08-06,71.95047741565632,72.9505735114315,71.72403485950892,72.08256530761719,6832,yfinance
VALE3.SA,6185,6,2025-08-06,50.04230389340322,50.13410989379173,49.32623460057702,49.36295700073242,17954300,yfinance
PETR3.SA,3603,3,2025-08-06,34.10372401404899,34.4841314684887,33.438006433943336,33.628211975097656,10981300,yfinance
SAPR11.SA,4938,5,2025-08-06,33.68048999223592,33.85801556196329,33.414201637644865,33.76925277709961,553800,yfinance
FLRY3.SA,1109,1,2025-08-06,13.265731741693955,13.46896743774414,13.108686096700897,13.46896743774414,2646200,yfinance
FLRY3.SA,1110,1,2025-08-07,13.450490894124467,13.74610578817054,13.413539032368709,13.441252708435059,3101000,yfinance
KFOF11.SA,2357,2,2025-08-07,72.08257060743782,72.23352512438467,70.75224748569917,71.23342895507812,23146,yfinance
VALE3.SA,6186,6,2025-08-07,49.66590562974266,50.02394376077138,49.4823006419831,49.72098922729492,20298800,yfinance
SAPR11.SA,4939,5,2025-08-07,33.57200369675937,34.09471581483444,33.53255273178171,33.897464752197266,1160900,yfinance
PETR3.SA,3604,3,2025-08-07,33.85645833845157,34.255890368528725,33.69478597409195,33.865970611572266,7068400,yfinance
KFOF11.SA,2358,2,2025-08-08,71.64856137280401,71.65799108064446,70.75224244869325,71.00698852539062,13284,yfinance
VALE3.SA,6187,6,2025-08-08,49.757712656119914,51.13477110507873,49.74853030531738,50.85017776489258,24205600,yfinance
SAPR11.SA,4940,5,2025-08-08,33.384614564934324,33.48324198054158,32.457539431733395,32.753414154052734,2811300,yfinance
FLRY3.SA,1111,1,2025-08-08,13.459728370163463,13.533632094615825,13.062496071482485,13.25649356842041,2333700,yfinance
PETR3.SA,3605,3,2025-08-08,33.02906787834532,33.21927343152463,31.174570083618164,31.174570083618164,34670100,yfinance
FLRY3.SA,1112,1,2025-08-11,13.17335133022132,13.274968728563167,13.08097123645465,13.191826820373535,1567400,yfinance
VALE3.SA,6188,6,2025-08-11,50.932801093885836,51.401002924751175,50.76755380087933,50.79509735107422,22304000,yfinance
PETR3.SA,3606,3,2025-08-11,31.38379781201107,31.726167095873922,31.26016365331186,31.31722640991211,8155500,yfinance
KFOF11.SA,2359,2,2025-08-11,70.88433447582399,72.17691715214107,70.8654678607923,72.15805053710938,12370,yfinance
SAPR11.SA,4941,5,2025-08-11,32.55616198626526,32.80272487358468,31.58963591944328,31.836198806762695,2345200,yfinance
VALE3.SA,6189,6,2025-08-12,51.364279007921574,51.5662451918182,51.134769274644036,51.32755661010742,25851300,yfinance
SAPR11.SA,4942,5,2025-08-12,31.84606162504616,33.22681145846517,31.757298840149513,33.049285888671875,3050400,yfinance
PETR3.SA,3607,3,2025-08-12,31.450369437507085,31.925881528945496,31.269676148793454,31.478899002075195,6510700,yfinance
KFOF11.SA,2360,2,2025-08-12,72.17690932478799,72.17690932478799,71.38438201089144,71.4881591796875,12985,yfinance
FLRY3.SA,1113,1,2025-08-12,13.21030361905085,13.432014794063829,13.1825899424247,13.284207344055176,2150000,yfinance
KFOF11.SA,2361,2,2025-08-13,71.52590190242393,72.16747473830259,71.52590190242393,71.93160247802734,5030,yfinance
SAPR11.SA,4943,5,2025-08-13,33.16764051187079,33.64104080200195,32.81258935370965,33.64104080200195,1283400,yfinance
PETR3.SA,3608,3,2025-08-13,31.298204978948014,31.516940100532736,31.069957584150895,31.32673454284668,8981900,yfinance
VALE3.SA,6190,6,2025-08-13,51.59874893023524,51.788800298518225,51.256657192311536,51.39919662475586,19720000,yfinance
FLRY3.SA,1114,1,2025-08-13,13.322066659419653,13.397599213799,12.963286575908215,13.189885139465332,3072700,yfinance
KFOF11.SA,2362,2,2025-08-14,71.93160294983858,72.45052480514785,71.70516759399916,72.07312774658203,6551,yfinance
VALE3.SA,6191,6,2025-08-14,50.88605758075742,50.94307407711057,50.43944104657325,50.76252365112305,42823200,yfinance
SAPR11.SA,4944,5,2025-08-14,33.729802079755565,34.22292783015477,33.44378824158381,33.78897476196289,969300,yfinance
FLRY3.SA,1115,1,2025-08-14,13.001054052164948,13.369275038117925,13.001054052164948,13.16156005859375,5629600,yfinance
PETR3.SA,3609,3,2025-08-14,31.127020444598646,31.260163247066295,30.79416343842952,31.031919479370117,7398900,yfinance
SAPR11.SA,4945,5,2025-08-15,33.81856728336509,33.98622824460824,33.41420428961558,33.70021438598633,941100,yfinance
VALE3.SA,6192,6,2025-08-15,50.8005344081689,50.914567400335294,50.363418812982395,50.66749954223633,34201900,yfinance
FLRY3.SA,1116,1,2025-08-15,13.133235276670623,13.4259246002762,12.95384568508074,13.293742179870605,2576500,yfinance
PETR3.SA,3610,3,2025-08-15,30.936814144186275,31.022406461986545,30.622978064164744,31.003385543823242,8749600,yfinance
KFOF11.SA,2363,2,2025-08-15,72.05426322674612,72.81848707381869,71.73347319825552,72.6486587524414,7955,yfinance
FLRY3.SA,1117,1,2025-08-18,13.331508397418903,13.46369081723306,13.199325977604746,13.378716468811035,2542800,yfinance
SAPR11.SA,4946,5,2025-08-18,33.70021184389717,33.77911376953125,33.236676198675084,33.77911376953125,859500,yfinance
KFOF11.SA,2364,2,2025-08-18,72.9600106209693,73.39401472408679,71.6863018316516,72.89396667480469,11120,yfinance
VALE3.SA,6193,6,2025-08-18,50.45844311727962,51.03809814521585,50.391925683738904,50.553470611572266,12733400,yfinance
PETR3.SA,3611,3,2025-08-18,31.079467686061353,31.478896064214503,30.870241224436935,31.250652313232422,9347900,yfinance
SAPR11.SA,4947,5,2025-08-19,33.97636465083342,33.97636465083342,33.20708592876585,33.285987854003906,866000,yfinance
FLRY3.SA,1118,1,2025-08-19,13.12379389593941,13.359833360977307,13.010495060771513,13.18044376373291,3611600,yfinance
PETR3.SA,3612,3,2025-08-19,30.917791922683463,31.26016117945197,30.75611956691447,30.822690963745117,10939200,yfinance
VALE3.SA,6194,6,2025-08-19,50.84804542052907,51.00959034403842,50.36341789985732,50.59148025512695,17724400,yfinance
KFOF11.SA,2365,2,2025-08-19,72.55431558098398,72.6203595321943,72.05426749349856,72.31844329833984,7146,yfinance
FLRY3.SA,1119,1,2025-08-20,13.180443228644963,13.27485937099474,13.086027086295186,13.171001434326172,3144700,yfinance
SAPR11.SA,4948,5,2025-08-20,33.48324025744401,33.611454010009766,33.069012657712726,33.611454010009766,783600,yfinance
VALE3.SA,6195,6,2025-08-20,50.26839471099907,50.61998737289215,50.230383713786786,50.36341857910156,9687300,yfinance
KFOF11.SA,2366,2,2025-08-20,72.96001453515771,73.35627823340431,72.18635375361647,72.82792663574219,10953,yfinance
PETR3.SA,3613,3,2025-08-20,30.936816504958653,31.222126671310882,30.91779558534387,31.079471588134766,6860200,yfinance
KFOF11.SA,2367,2,2025-08-21,73.21474981124244,73.40345194269491,72.00708496294777,72.36560821533203,8461,yfinance
FLRY3.SA,1120,1,2025-08-21,13.029378358340782,13.425924722756042,13.029378358340782,13.123793601989746,4593100,yfinance
PETR3.SA,3614,3,2025-08-21,31.079469123161225,31.2411414852601,30.775141689200485,31.050939559936523,9574800,yfinance
SAPR11.SA,4949,5,2025-08-21,33.562140276200296,33.75939134590073,33.03942813940767,33.24654006958008,1034500,yfinance
VALE3.SA,6196,6,2025-08-21,50.38242552900459,50.86705307017243,50.31590809443113,50.79103469848633,10813800,yfinance
FLRY3.SA,1121,1,2025-08-22,13.152118982667393,13.425924719903655,13.06714463310802,13.416482925415039,1835300,yfinance
PETR3.SA,3615,3,2025-08-22,31.305268289499605,32.062652587890625,31.217877508600804,32.062652587890625,14179900,yfinance
SAPR11.SA,4950,5,2025-08-22,33.207086012714115,33.808700026297146,32.91121131682517,33.53255081176758,1613600,yfinance
KFOF11.SA,2368,2,2025-08-22,72.36560840104306,72.57317714704831,71.63912498827497,72.2335205078125,16987,yfinance
VALE3.SA,6197,6,2025-08-22,50.77202810128824,52.15939688514206,50.657998733761026,52.06437301635742,20706700,yfinance
VALE3.SA,6198,6,2025-08-25,52.425467659521026,52.64402908693994,52.016862115684376,52.187904357910156,10397400,yfinance
FLRY3.SA,1122,1,2025-08-25,13.331508460266768,13.501457157911995,13.331508460266768,13.397599220275879,1227600,yfinance
PETR3.SA,3616,3,2025-08-25,32.12091442059551,32.37337461930162,32.023811494864034,32.10149383544922,7161500,yfinance
KFOF11.SA,2369,2,2025-08-25,72.23351602501431,72.93170307247543,71.79951194586948,72.55430603027344,13988,yfinance
SAPR11.SA,4951,5,2025-08-25,33.532551367454346,33.79883972684248,33.07887657542313,33.325439453125,1323900,yfinance
PETR3.SA,3617,3,2025-08-26,31.936420440673828,31.984970051075496,31.577148878784072,31.936420440673828,11908700,yfinance
VALE3.SA,6199,6,2025-08-26,52.09288058301996,52.65353012084961,51.959845713861796,52.65353012084961,18891500,yfinance
FLRY3.SA,1123,1,2025-08-26,13.454248905633419,13.454248905633419,13.340950075531003,13.359832763671875,1105900,yfinance
SAPR11.SA,4952,5,2025-08-26,33.34516608023724,33.34516608023724,33.009840404554026,33.15777587890625,1097900,yfinance
KFOF11.SA,2370,2,2025-08-26,73.10153611385769,73.10153611385769,71.94104139365449,73.044921875,10894,yfinance
SAPR11.SA,4953,5,2025-08-27,33.128189292768,33.51282679040558,32.861900926191744,33.384613037109375,1030100,yfinance
PETR3.SA,3618,3,2025-08-27,31.887871141290542,32.2277221215148,31.858742115585,32.120914459228516,8777400,yfinance
FLRY3.SA,1124,1,2025-08-27,13.350392281630565,13.624198021262254,13.331508692488129,13.539223670959473,2129900,yfinance
VALE3.SA,6200,6,2025-08-27,52.47298252217111,52.76755869229815,52.37795502783314,52.625022888183594,8789100,yfinance
KFOF11.SA,2371,2,2025-08-27,73.40345652660098,73.40345652660098,72.51657444901598,73.25249481201172,12813,yfinance
PETR3.SA,3619,3,2025-08-28,32.363666656123996,32.67438861485198,32.208301972662085,32.509315490722656,9971400,yfinance
KFOF11.SA,2372,2,2025-08-28,72.64865594434094,73.69592935264535,72.59204890548669,73.54496765136719,20448,yfinance
VALE3.SA,6201,6,2025-08-28,53.21417816894261,53.39472496847022,52.577510277244016,52.64402770996094,22059500,yfinance
SAPR11.SA,4954,5,2025-08-28,33.38461179712558,34.39058877941006,33.38461179712558,33.78897476196289,1306700,yfinance
FLRY3.SA,1125,1,2025-08-28,13.6430809423255,14.058510906342905,13.605314663816564,13.78470516204834,2381400,yfinance
KFOF11.SA,2373,2,2025-08-29,73.58271356730289,75.46969178458237,73.20531648419687,74.8564224243164,18643,yfinance
VALE3.SA,6202,6,2025-08-29,52.72955266360893,53.052638902737215,52.69154166490481,52.79607009887695,13885400,yfinance
PETR3.SA,3620,3,2025-08-29,32.47047466840552,32.888007999446536,32.42192505635149,32.771488189697266,11106800,yfinance
SAPR11.SA,4955,5,2025-08-29,33.83829016469489,34.134164860891914,33.71007641685086,34.01581573486328,1316400,yfinance
FLRY3.SA,1126,1,2025-08-29,13.831912210892785,14.077393469210142,13.728055171028872,14.058510780334473,2978400,yfinance
FLRY3.SA,1127,1,2025-09-01,14.473939122262449,14.672212297927102,14.341756705012997,14.51170539855957,5288200,yfinance
KFOF11.SA,2374,2,2025-09-01,74.23691376371247,75.27579592002952,74.00817193734518,74.15113830566406,22214,yfinance
VALE3.SA,6203,6,2025-09-01,52.39696033020376,52.834075927734375,52.0833786623851,52.834075927734375,7765400,yfinance
PETR3.SA,3621,3,2025-09-01,33.06278933229318,33.06278933229318,32.53844463598277,32.62583541870117,3439500,yfinance
SAPR11.SA,4956,5,2025-09-01,34.00595112740899,34.03553746836592,33.088736935235254,33.29584884643555,703800,yfinance
SAPR11.SA,4957,5,2025-09-02,33.77911638218614,34.400455926734054,33.5818653150954,33.94677734375,1795000,yfinance
VALE3.SA,6204,6,2025-09-02,52.36845555733176,52.796070231506405,52.301938121896626,52.634525299072266,9578500,yfinance
FLRY3.SA,1128,1,2025-09-02,14.379523277282715,14.64388811722302,14.219017275030554,14.379523277282715,3332200,yfinance
PETR3.SA,3622,3,2025-09-02,32.35395501065277,32.96569049688177,32.35395501065277,32.878299713134766,5112300,yfinance
KFOF11.SA,2375,2,2025-09-02,74.15112684332723,74.15112684332723,73.36958572510967,73.96050262451172,12898,yfinance
KFOF11.SA,2376,2,2025-09-03,74.24642944335938,74.32267912485352,73.79847165404361,74.24642944335938,7936,yfinance
SAPR11.SA,4958,5,2025-09-03,34.01581655760016,34.045402899260196,33.700212610138855,33.828426361083984,665800,yfinance
PETR3.SA,3623,3,2025-09-03,32.52873611450195,32.94626944155324,32.247143181542164,32.52873611450195,8603900,yfinance
FLRY3.SA,1129,1,2025-09-03,14.379523573454003,14.615563035135802,14.379523573454003,14.540030479431152,6990100,yfinance
VALE3.SA,6205,6,2025-09-03,52.63452362776539,53.04313278956565,52.49198782418536,52.834075927734375,11832100,yfinance
KFOF11.SA,2377,2,2025-09-04,74.26550558306192,74.3226964933324,73.40771464472022,74.15113830566406,8116,yfinance
VALE3.SA,6206,6,2025-09-04,53.07163730935306,53.366217092669,52.78656208755628,52.938602447509766,8442100,yfinance
FLRY3.SA,1130,1,2025-09-04,14.57779645425525,14.70053707982867,14.473939417425004,14.568355560302734,2739700,yfinance
SAPR11.SA,4959,5,2025-09-04,33.83829074567336,35.08096599593702,33.641039690738396,35.02178955078125,1136500,yfinance
PETR3.SA,3624,3,2025-09-04,32.353954743509455,33.01423983656866,32.353954743509455,32.68409729003906,7736200,yfinance
VALE3.SA,6207,6,2025-09-05,53.4042313476539,53.85084789324807,53.233185479152866,53.42323684692383,14014700,yfinance
SAPR11.SA,4960,5,2025-09-05,35.52478148889453,35.751618895242494,35.05138119361387,35.60367965698242,1219000,yfinance
FLRY3.SA,1131,1,2025-09-05,14.587238835487256,14.88936996459961,14.587238835487256,14.88936996459961,2782700,yfinance
PETR3.SA,3625,3,2025-09-05,32.645255200346135,32.65496734490788,31.577148952620522,31.94613265991211,14906300,yfinance
KFOF11.SA,2378,2,2025-09-05,74.05581543719357,74.32268935917192,73.61739061558545,74.2940902709961,9070,yfinance
PETR3.SA,3626,3,2025-09-08,32.188884701671334,32.45105334159487,31.946132942847562,32.22772216796875,7155700,yfinance
FLRY3.SA,1132,1,2025-09-08,14.82327800829193,14.908252358534387,14.577796752129075,14.832719802856445,3189100,yfinance
VALE3.SA,6208,6,2025-09-08,53.432736669152554,53.80333483486235,53.432736669152554,53.556270599365234,9701900,yfinance
KFOF11.SA,2379,2,2025-09-08,74.29409230761851,75.57124923302752,74.29409230761851,74.74205017089844,8968,yfinance
SAPR11.SA,4961,5,2025-09-08,35.554366270430364,35.554366270430364,34.83440311783106,35.02178955078125,1900400,yfinance
SAPR11.SA,4962,5,2025-09-09,34.85412987091335,35.69244218215213,34.73578073853576,35.58395767211914,1266700,yfinance
FLRY3.SA,1133,1,2025-09-09,14.766628451261935,14.908251762390137,14.662770516043471,14.908251762390137,2608100,yfinance
VALE3.SA,6209,6,2025-09-09,53.9173679575116,54.65856429071015,53.26169093205601,53.39472579956055,24300300,yfinance
PETR3.SA,3627,3,2025-09-09,32.363666734519825,32.82974967374081,32.27627595190977,32.57728576660156,12015300,yfinance
KFOF11.SA,2380,2,2025-09-09,75.20906805808495,75.95248433681883,74.35127724740339,75.39015197753906,14552,yfinance
KFOF11.SA,2381,2,2025-09-10,75.39015538028552,75.5807796088022,74.49424695675488,75.23766326904297,13137,yfinance
FLRY3.SA,1134,1,2025-09-10,14.898810143539198,14.97434269708568,14.766628625042385,14.842161178588867,4661100,yfinance
SAPR11.SA,4963,5,2025-09-10,35.70230465470959,35.948867526962765,35.49519274495714,35.692440032958984,920300,yfinance
VALE3.SA,6210,6,2025-09-10,53.66079902229035,54.2119439898182,53.480248595485904,53.76532745361328,13463700,yfinance
PETR3.SA,3628,3,2025-09-10,32.596707419260476,33.470615273971774,32.48018760666499,33.412353515625,12417000,yfinance
SAPR11.SA,4964,5,2025-09-11,35.69244175221609,35.94886925857164,35.60367896343933,35.80093002319336,897100,yfinance
KFOF11.SA,2382,2,2025-09-11,75.23766662463991,75.78093297489325,74.885017239834,75.2471923828125,6561,yfinance
VALE3.SA,6211,6,2025-09-11,53.64179331892023,54.421000644993754,53.50875845226303,54.18343734741211,14107200,yfinance
PETR3.SA,3629,3,2025-09-11,33.26670051224187,33.36380344147839,32.946270106006374,33.06278991699219,7470200,yfinance
FLRY3.SA,1135,1,2025-09-11,14.785511728994496,14.955460429462645,14.681654690052342,14.728862762451172,3339000,yfinance
KFOF11.SA,2383,2,2025-09-12,75.24719466360058,76.17170224434221,75.24719466360058,75.51406860351562,9992,yfinance
FLRY3.SA,1136,1,2025-09-12,14.625004764433298,14.955460369480651,14.625004764433298,14.917694091796875,2643900,yfinance
PETR3.SA,3630,3,2025-09-12,33.04336898047822,33.52887250921447,32.722938577643234,32.771488189697266,5744600,yfinance
VALE3.SA,6212,6,2025-09-12,53.87935728995919,54.5730416925768,53.87935728995919,54.164432525634766,12303800,yfinance
SAPR11.SA,4965,5,2025-09-12,35.93900275884678,36.16584014892578,35.505053459858814,36.16584014892578,901500,yfinance
VALE3.SA,6213,6,2025-09-15,54.62055138650998,54.68706881794066,54.14542480490332,54.639556884765625,12457500,yfinance
PETR3.SA,3631,3,2025-09-15,32.82975059624386,33.29583354856159,32.59670726803598,33.247283935546875,5569800,yfinance
SAPR11.SA,4966,5,2025-09-15,36.0080414038813,36.737869185370364,35.9094177566062,36.49130630493164,900900,yfinance
FLRY3.SA,1137,1,2025-09-15,14.898810869403668,14.97434342663007,14.681654992482544,14.70053768157959,3894100,yfinance
KFOF11.SA,2384,2,2025-09-15,75.62843884689822,77.42979620051328,75.52359732713678,77.35355377197266,13645,yfinance
FLRY3.SA,1138,1,2025-09-16,14.74774497877043,14.851602014385909,14.57779628374595,14.738303184509277,4084900,yfinance
SAPR11.SA,4967,5,2025-09-16,36.58993000799761,36.688557417674076,36.1066688684614,36.25460433959961,818000,yfinance
VALE3.SA,6214,6,2025-09-16,54.896126349485705,55.171700640192086,54.34497776807294,54.82960891723633,15618500,yfinance
PETR3.SA,3632,3,2025-09-16,33.30554187586627,33.39293266063374,32.91714126897598,33.189022064208984,6493300,yfinance
KFOF11.SA,2385,2,2025-09-16,77.29635391765498,77.50603693291683,77.06761211535606,77.41072845458984,6148,yfinance
PETR3.SA,3633,3,2025-09-17,33.15989330550432,33.49003586128506,33.0336613477975,33.44148254394531,12977900,yfinance
FLRY3.SA,1139,1,2025-09-17,14.75718712933853,14.861044167461602,14.558913947162424,14.709979057312012,3837900,yfinance
SAPR11.SA,4968,5,2025-09-17,36.11652983668628,36.68855752777341,35.86996695513169,36.017906188964844,1621200,yfinance
VALE3.SA,6215,6,2025-09-17,54.67756879452937,55.133689885498754,54.50652293229983,54.92463302612305,23116700,yfinance
KFOF11.SA,2386,2,2025-09-17,77.41073275427031,79.10724848606218,77.18199093926621,79.0119400024414,8140,yfinance
KFOF11.SA,2387,2,2025-09-18,79.00240101404505,79.00240101404505,77.4011938866411,78.03024291992188,12973,yfinance
SAPR11.SA,4969,5,2025-09-18,35.86996903893081,36.658969553290824,35.63327076574842,36.39268493652344,1181000,yfinance
VALE3.SA,6216,6,2025-09-18,54.962645938147695,55.1907083040421,54.54453582975768,54.820106506347656,17700400,yfinance
PETR3.SA,3634,3,2025-09-18,33.44148227348277,33.4511944185114,32.66467735560416,33.189022064208984,8971000,yfinance
FLRY3.SA,1140,1,2025-09-18,14.709979297773806,14.728862887060734,14.483381628845265,14.662771224975586,2276500,yfinance
KFOF11.SA,2388,2,2025-09-19,78.38288945714392,78.91663004427555,78.14461461675852,78.544921875,5354,yfinance
SAPR11.SA,4970,5,2025-09-19,36.392681972635565,36.68855667114258,36.32364466839229,36.68855667114258,3710000,yfinance
VALE3.SA,6217,6,2025-09-19,55.08617751530765,55.29523074809968,54.68706929828981,55.03866195678711,25374600,yfinance
FLRY3.SA,1141,1,2025-09-19,14.653330436532416,15.285916275505501,14.615563257685924,15.078201293945312,10260300,yfinance
PETR3.SA,3635,3,2025-09-19,33.14047182945597,33.2375710533319,32.41221653809261,32.70351791381836,15727600,yfinance
FLRY3.SA,1142,1,2025-09-22,14.927135535129176,15.125408713408962,14.76662863364463,15.049875259399414,3093100,yfinance
KFOF11.SA,2389,2,2025-09-22,78.72600067604837,78.72600067604837,77.32494354248047,77.32494354248047,12761,yfinance
SAPR11.SA,4971,5,2025-09-22,36.668831587141426,36.668831587141426,35.69244093300706,35.988319396972656,729300,yfinance
PETR3.SA,3636,3,2025-09-22,32.528736806291604,33.11133956595912,32.383084264325724,33.05308151245117,6264100,yfinance
VALE3.SA,6218,6,2025-09-22,54.94363919427972,55.53279515751236,54.93413825734149,55.11468505859375,21947300,yfinance
FLRY3.SA,1143,1,2025-09-23,15.059317704358133,15.200941923773625,14.927136180073262,15.182058334350586,2689700,yfinance
PETR3.SA,3637,3,2025-09-23,33.18902292914379,34.0823476819605,33.101632142098836,33.92698669433594,11811300,yfinance
KFOF11.SA,2390,2,2025-09-23,77.7061947817695,77.89681902928305,77.10574476313774,77.39167022705078,7662,yfinance
SAPR11.SA,4972,5,2025-09-23,35.91928036939539,36.84635925292969,35.78120575157143,36.84635925292969,1638400,yfinance
VALE3.SA,6219,6,2025-09-23,55.11468315190976,55.485281303459956,54.791596933263506,54.80109786987305,17652400,yfinance
PETR3.SA,3638,3,2025-09-24,34.26683878937762,34.80089191212328,33.994954303685155,34.79118347167969,10875100,yfinance
SAPR11.SA,4973,5,2025-09-24,36.6786935104716,36.9548465006971,36.48144621177617,36.540618896484375,729300,yfinance
KFOF11.SA,2391,2,2025-09-24,77.3916573592421,77.51556491741684,76.91510772705078,76.91510772705078,8474,yfinance
VALE3.SA,6220,6,2025-09-24,55.06717121856225,55.24771801356707,54.80109786943164,55.010154724121094,13005700,yfinance
FLRY3.SA,1144,1,2025-09-24,15.153732826583562,15.427539468469163,15.097083859614822,15.352006912231445,3773800,yfinance
FLRY3.SA,1145,1,2025-09-25,15.2670320306418,15.342564584253832,15.115966923417735,15.153732299804688,3099700,yfinance
PETR3.SA,3639,3,2025-09-25,34.74262930848935,34.975672618519084,34.111476980333954,34.179447174072266,9525200,yfinance
VALE3.SA,6221,6,2025-09-25,55.29523018902544,55.63732190731674,55.15269438968949,55.31423568725586,13631100,yfinance
KFOF11.SA,2392,2,2025-09-25,77.20103728918316,77.26775394412583,75.08515584447287,75.43780517578125,25897,yfinance
SAPR11.SA,4974,5,2025-09-25,36.40254548435987,36.78718299666659,35.80093142162324,35.88969421386719,1259300,yfinance
SAPR11.SA,4975,5,2025-09-26,35.8502431803766,36.195433488342076,35.74175866761723,36.12639617919922,776100,yfinance
KFOF11.SA,2393,2,2025-09-26,75.28531980957779,76.40045163752124,75.26626102100852,75.67609405517578,13648,yfinance
PETR3.SA,3640,3,2025-09-26,34.29597050433437,34.7232122952161,33.83959598164156,33.96582794189453,7818900,yfinance
FLRY3.SA,1146,1,2025-09-26,15.219825093436357,15.323681230722332,15.049875494573488,15.191499710083008,2989700,yfinance
VALE3.SA,6222,6,2025-09-26,54.867620240973395,55.057667977144455,53.72731569930597,54.24995422363281,29037000,yfinance
PETR3.SA,3641,3,2025-09-29,34.09205909646294,34.25712852173277,33.121052018598874,33.3249626159668,12887100,yfinance
KFOF11.SA,2394,2,2025-09-29,76.11450706100823,76.15263190378411,75.08515812076969,75.86669921875,20139,yfinance
FLRY3.SA,1147,1,2025-09-29,15.323680936334545,15.408655283923975,15.068758793985321,15.238706588745117,3584400,yfinance
VALE3.SA,6223,6,2025-09-29,54.639556886407796,54.877120177218266,54.28796423098818,54.43050003051758,15580200,yfinance
SAPR11.SA,4976,5,2025-09-29,36.62938193302533,36.76745654794447,36.215158088267884,36.31378173828125,655000,yfinance
SAPR11.SA,4977,5,2025-09-30,36.29405601086403,36.7181444751111,36.0573577475291,36.540618896484375,868400,yfinance
KFOF11.SA,2395,2,2025-09-30,75.86670771374025,76.34325739444412,75.79999104930455,76.00967407226562,12792,yfinance
FLRY3.SA,1148,1,2025-09-30,15.295357354363484,15.436980666733158,15.22926479447539,15.238706588745117,2809100,yfinance
VALE3.SA,6224,6,2025-09-30,54.80109929306345,54.90562772312364,54.24995433219369,54.715579986572266,18280700,yfinance
PETR3.SA,3642,3,2025-09-30,33.25699172036755,33.42206114218045,32.3733754461801,32.80061721801758,23647500,yfinance
VALE3.SA,6225,6,2025-10-01,54.886621467744746,55.751351706872775,54.886621467744746,55.409263610839844,18278300,yfinance
SAPR11.SA,4978,5,2025-10-01,36.48144483156979,36.6293802999945,35.919278012352954,35.96859359741211,613200,yfinance
PETR3.SA,3643,3,2025-10-01,32.79090881160129,32.91714076635974,32.548157046964704,32.76177978515625,9510100,yfinance
FLRY3.SA,1149,1,2025-10-01,15.238706761221897,15.285915733104863,14.936576544523483,15.068758964538574,3132700,yfinance
KFOF11.SA,2396,2,2025-10-01,75.38388250860382,76.33700996374375,74.63292581413367,74.90250396728516,26345,yfinance
PETR3.SA,3644,3,2025-10-02,32.76177919860444,32.76177919860444,32.188884896155024,32.35395431518555,9953500,yfinance
SAPR11.SA,4979,5,2025-10-02,35.968593109525465,36.11652857594354,35.04151429940169,35.45574188232422,984900,yfinance
VALE3.SA,6226,6,2025-10-02,55.456775229447395,55.93190181143385,55.19070550351199,55.77986145019531,14824500,yfinance
FLRY3.SA,1150,1,2025-10-02,15.021551071581598,15.106525421142578,14.851602372459638,15.106525421142578,3356300,yfinance
KFOF11.SA,2397,2,2025-10-02,75.48015618525703,75.48015618525703,74.46925831792069,75.37425231933594,20969,yfinance
FLRY3.SA,1151,1,2025-10-03,15.08764183216499,15.115967215631372,14.974342999556711,15.106525421142578,2797600,yfinance
VALE3.SA,6227,6,2025-10-03,55.77986336202812,56.17896796461038,55.58981199773397,55.67533493041992,19240200,yfinance
SAPR11.SA,4980,5,2025-10-03,35.30780487397843,35.712167860550835,35.29794401383081,35.35711669921875,802600,yfinance
PETR3.SA,3645,3,2025-10-03,32.44134477891158,32.664675951696914,32.08207321435236,32.111202239990234,7076300,yfinance
KFOF11.SA,2398,2,2025-10-03,75.37425128955473,76.19259332346618,75.12393239668359,76.05780792236328,8757,yfinance
KFOF11.SA,2399,2,2025-10-06,76.05781066907494,76.30812957098597,75.44164671456602,75.77861022949219,10112,yfinance
FLRY3.SA,1152,1,2025-10-06,15.106525061207082,15.172615820215764,14.898810089498147,15.03099250793457,1586600,yfinance
PETR3.SA,3646,3,2025-10-06,32.34424535343277,32.37337437888696,31.81018852612037,31.926712036132812,9766600,yfinance
SAPR11.SA,4981,5,2025-10-06,35.534642849359535,35.88969401638163,35.13027985630684,35.633270263671875,990600,yfinance
VALE3.SA,6228,6,2025-10-06,55.88439113873876,56.986684688813334,55.87488657692489,56.625587463378906,26102900,yfinance
KFOF11.SA,2400,2,2025-10-07,75.7786083972086,75.7786083972086,74.70994745767256,74.85436248779297,17199,yfinance
VALE3.SA,6229,6,2025-10-07,56.54006337916598,56.654092744110464,55.82737350463867,55.82737350463867,26072300,yfinance
PETR3.SA,3647,3,2025-10-07,31.80048005279393,31.96554946899414,31.353817710501527,31.96554946899414,10257000,yfinance
SAPR11.SA,4982,5,2025-10-07,35.633268801223686,35.643129661124625,34.331417083740234,34.331417083740234,1011600,yfinance
FLRY3.SA,1153,1,2025-10-07,14.98378509433938,15.030993167310376,14.804395497552514,14.87048625946045,3127200,yfinance
PETR3.SA,3648,3,2025-10-08,32.11120357073809,32.15975318351248,31.528600809249404,31.64512062072754,7646200,yfinance
FLRY3.SA,1154,1,2025-10-08,14.908251879533756,14.908251879533756,14.596679872268252,14.738303184509277,4686900,yfinance
VALE3.SA,6230,6,2025-10-08,56.17896762878891,56.435536425313074,55.96040982988201,56.25498962402344,24609500,yfinance
SAPR11.SA,4983,5,2025-10-08,34.27224024220566,34.70618955561029,33.927053715889585,34.065128326416016,749900,yfinance
KFOF11.SA,2401,2,2025-10-08,75.06616654235991,75.59567849985999,75.05653691542261,75.55717468261719,11616,yfinance
KFOF11.SA,2402,2,2025-10-09,74.99878181515504,75.74010157254368,74.96990027652683,75.60531616210938,9040,yfinance
FLRY3.SA,1155,1,2025-10-09,14.813835614706726,14.813835614706726,14.473939127900236,14.615562438964844,2006700,yfinance
PETR3.SA,3649,3,2025-10-09,31.625699527353657,31.878163436286442,31.149908144061662,31.217878341674805,7071900,yfinance
VALE3.SA,6231,6,2025-10-09,56.882157834831474,57.37628993992843,56.16946792602539,56.16946792602539,18184600,yfinance
SAPR11.SA,4984,5,2025-10-09,34.065128404176534,34.459626754831,34.065128404176534,34.31169128417969,536400,yfinance
KFOF11.SA,2403,2,2025-10-10,75.60531100148772,75.80748910333902,75.2587178710988,75.79786682128906,11185,yfinance
VALE3.SA,6232,6,2025-10-10,56.606580371349985,56.82513816285029,55.941402435302734,55.941402435302734,22970400,yfinance
PETR3.SA,3650,3,2025-10-10,31.169324676174057,31.169324676174057,30.819763399218044,30.984834671020508,13162700,yfinance
SAPR11.SA,4985,5,2025-10-10,34.5188049264463,34.70619137020802,34.09471645065558,34.42018127441406,1248800,yfinance
FLRY3.SA,1156,1,2025-10-10,14.558913765931147,14.70053707982867,14.407848657662036,14.568355560302734,2347900,yfinance
VALE3.SA,6233,6,2025-10-13,56.70160785478649,57.07220965524756,56.58757848345219,56.77762985229492,23294500,yfinance
KFOF11.SA,2404,2,2025-10-13,75.80748985653227,76.3370091846802,75.02765897803583,75.11430358886719,10712,yfinance
FLRY3.SA,1157,1,2025-10-13,14.51170575730608,14.67221266064153,14.51170575730608,14.587238311767578,1236100,yfinance
SAPR11.SA,4986,5,2025-10-13,34.45962667180066,35.2289054138876,34.45962667180066,35.031654357910156,915200,yfinance
PETR3.SA,3651,3,2025-10-13,31.25671581269527,31.344106595937017,30.984835022208923,31.27613639831543,4739600,yfinance
KFOF11.SA,2405,2,2025-10-14,75.88451720382191,76.05781378219912,75.43202017443402,75.91339874267578,11084,yfinance
FLRY3.SA,1158,1,2025-10-14,14.502264495108893,14.66277140433475,14.473940011251127,14.492823600769043,1579400,yfinance
SAPR11.SA,4987,5,2025-10-14,35.04151411616564,35.840379174749025,34.92316499119986,35.44587707519531,959100,yfinance
VALE3.SA,6234,6,2025-10-14,56.350015178630876,57.13872709060326,56.2739968060508,56.77762985229492,19329000,yfinance
PETR3.SA,3652,3,2025-10-14,31.043094889122088,31.72279871655713,30.984834984381706,31.256715774536133,12550900,yfinance
PETR3.SA,3653,3,2025-10-15,31.266427384424997,31.421788362440484,30.703243376106606,30.81976318359375,25664800,yfinance
FLRY3.SA,1159,1,2025-10-15,14.37952298691113,14.615562438964844,14.313432228470186,14.615562438964844,1986000,yfinance
VALE3.SA,6235,6,2025-10-15,56.53056306813101,57.94643827123581,56.502053007883234,57.8324089050293,45104600,yfinance
SAPR11.SA,4988,5,2025-10-15,35.59381647364725,36.04749125673232,35.071104387147095,35.939002990722656,3507700,yfinance
KFOF11.SA,2406,2,2025-10-15,76.09631815925925,76.39477049445793,75.87488080571441,76.11557006835938,7875,yfinance
VALE3.SA,6236,6,2025-10-16,57.59484605786096,57.89892678672364,57.081708468557096,57.30026626586914,21358500,yfinance
SAPR11.SA,4989,5,2025-10-16,35.93900482191099,36.26446963652328,35.692441936508125,35.810794830322266,884100,yfinance
PSEC11.SA,3742,4,2025-10-16,57.99044712462413,58.805187481145296,57.798742435894795,58.3642692565918,75890,yfinance
KFOF11.SA,2407,2,2025-10-16,76.23110655221645,77.29013788039036,76.19259538725058,76.87615203857422,18108,yfinance
FLRY3.SA,1160,1,2025-10-16,14.6250046494391,14.700537204212752,14.445615056956449,14.502264022827148,1465600,yfinance
PETR3.SA,3654,3,2025-10-16,30.722661792278796,30.83918345061244,30.479910035128555,30.577011108398438,8110200,yfinance
SAPR11.SA,4990,5,2025-10-17,35.60367836084616,35.62340384271281,35.11055260093277,35.27821731567383,2136100,yfinance
FLRY3.SA,1161,1,2025-10-17,14.398407042523715,14.709979057312012,14.388965248034594,14.709979057312012,1408300,yfinance
VALE3.SA,6237,6,2025-10-17,56.920167482240224,57.30026658295786,56.82513998836463,57.13872528076172,17325300,yfinance
PETR3.SA,3655,3,2025-10-17,30.5478804095472,30.95570343802785,30.431360602580696,30.7226619720459,11956600,yfinance
PSEC11.SA,3743,4,2025-10-17,58.35468199787949,58.52721584123967,57.89459296773986,58.325923919677734,39402,yfinance
KFOF11.SA,2408,2,2025-10-17,77.02056898265988,77.02056898265988,76.02893033224875,76.394775390625,11839,yfinance
PETR3.SA,3656,3,2025-10-20,30.63527109172005,30.771213335473245,30.285709819902095,30.644981384277344,8129100,yfinance
FLRY3.SA,1162,1,2025-10-20,14.152926088476004,14.256784029220775,13.869678550728876,14.077393531799316,6329100,yfinance
VALE3.SA,6238,6,2025-10-20,57.14822788842621,58.298033410973865,57.14822788842621,57.87042236328125,17798400,yfinance
PSEC11.SA,3744,4,2025-10-20,58.20132290490378,58.412194772620786,57.8945968641674,57.9233512878418,35524,yfinance
SAPR11.SA,4991,5,2025-10-20,35.080964946947645,35.45574156389243,34.9231648601684,35.43601608276367,721900,yfinance
KFOF11.SA,2409,2,2025-10-20,76.39477642411246,77.01094039668905,76.34664297499945,76.85690307617188,9544,yfinance
PSEC11.SA,3745,4,2025-10-21,58.03837184031686,58.04795908571828,57.568699196605074,57.67413330078125,32331,yfinance
SAPR11.SA,4992,5,2025-10-21,35.23876756619176,35.613544210070195,35.110553810766035,35.35711669921875,550400,yfinance
FLRY3.SA,1163,1,2025-10-21,14.039627012365827,14.096276879110075,13.860237418444033,14.020744323730469,2576900,yfinance
KFOF11.SA,2410,2,2025-10-21,76.85689769863197,77.82927703857422,76.60657880689523,77.82927703857422,20499,yfinance
PETR3.SA,3657,3,2025-10-21,30.829474754167006,30.8391850472016,30.062378272875065,30.32455062866211,11621900,yfinance
VALE3.SA,6239,6,2025-10-21,57.63285863316244,58.01295774218363,57.556836636401215,57.775394439697266,13432700,yfinance
SAPR11.SA,4993,5,2025-10-22,35.0020697841419,35.33739546756448,33.69035339355469,33.69035339355469,1998600,yfinance
FLRY3.SA,1164,1,2025-10-22,13.558106361053374,13.643080711364746,13.189885376929555,13.643080711364746,17859100,yfinance
VALE3.SA,6240,6,2025-10-22,58.164998534201935,59.143761812522115,58.13649209767312,58.80167007446289,25267300,yfinance
PSEC11.SA,3746,4,2025-10-22,57.8754217402719,58.04795558245706,57.31947854735026,57.817909240722656,27199,yfinance
PETR3.SA,3658,3,2025-10-22,30.761503299065282,30.95570359568148,30.363390561145792,30.8294734954834,8759900,yfinance
KFOF11.SA,2411,2,2025-10-22,77.03019589640648,77.79077486974282,76.77024737190676,77.45380401611328,12843,yfinance
VALE3.SA,6241,6,2025-10-23,59.12475272256067,59.42883344349582,58.60211058508328,58.6876335144043,11217700,yfinance
PSEC11.SA,3747,4,2025-10-23,57.46325804898342,57.92334707663814,57.09901953091665,57.41533279418945,31765,yfinance
PETR3.SA,3659,3,2025-10-23,31.470338273818186,31.713090035789662,30.965414164425766,31.052804946899414,12605800,yfinance
KFOF11.SA,2412,2,2025-10-23,77.70413023661335,77.9833306970828,76.51031340360082,77.03982543945312,11968,yfinance
SAPR11.SA,4994,5,2025-10-23,33.749528622503185,34.24265438840884,33.48324025744401,33.611454010009766,770000,yfinance
FLRY3.SA,1165,1,2025-10-23,13.813029721182899,13.82247151596642,13.246534640039208,13.407041549682617,8209300,yfinance
KFOF11.SA,2413,2,2025-10-24,77.90630175174635,78.28177642822266,77.03981890401116,78.28177642822266,11645,yfinance
VALE3.SA,6242,6,2025-10-24,58.90619796048208,59.039232829617156,58.27903098818225,58.65913009643555,11127600,yfinance
FLRY3.SA,1166,1,2025-10-24,13.407041249574979,13.765821339545715,13.369274971705378,13.643080711364746,9597100,yfinance
SAPR11.SA,4995,5,2025-10-24,33.532553983501685,33.97636795043945,33.522693123014726,33.97636795043945,992600,yfinance
PSEC11.SA,3748,4,2025-10-24,57.146949941227135,57.73164760926476,56.84022389511935,57.329071044921875,19362,yfinance
PETR3.SA,3660,3,2025-10-24,31.08193369587956,31.344106040962817,30.69353310264717,30.8294734954834,5149800,yfinance
KFOF11.SA,2414,2,2025-10-27,78.36842862796746,78.36842862796746,77.89667971034035,78.17587280273438,7385,yfinance
VALE3.SA,6243,6,2025-10-27,58.97271595701857,59.06773982875533,58.34554897874227,58.592613220214844,12018100,yfinance
PETR3.SA,3661,3,2025-10-27,31.062515220447246,31.101354539273242,30.58672198952277,31.043094635009766,8703900,yfinance
FLRY3.SA,1167,1,2025-10-27,13.765820800183697,13.822470664978027,13.444807000660278,13.822470664978027,5788200,yfinance
PSEC11.SA,3749,4,2025-10-27,57.329065827481394,57.51118325813898,56.60058879192593,57.19486999511719,44292,yfinance
SAPR11.SA,4996,5,2025-10-27,33.97636511093507,34.114439719720586,33.13804907405732,33.315574645996094,1101500,yfinance
FLRY3.SA,1168,1,2025-10-28,13.737496380999183,13.935769558060084,13.614755757064428,13.841353416442871,5137500,yfinance
PSEC11.SA,3750,4,2025-10-28,57.031929164162996,57.60703959230888,56.79229920969172,56.993587493896484,41812,yfinance
PETR3.SA,3662,3,2025-10-28,30.95570390988712,31.373239089369918,30.73237273308962,31.07222557067871,14156400,yfinance
SAPR11.SA,4997,5,2025-10-28,33.28598946091949,33.68049158165303,33.01970109376201,33.63117599487305,1394300,yfinance
KFOF11.SA,2415,2,2025-10-28,77.51157940397717,78.25289916992188,77.48269786501562,78.25289916992188,4949,yfinance
VALE3.SA,6244,6,2025-10-28,58.59260964698719,59.428833442001874,58.516591279219384,59.10574722290039,15797400,yfinance
VALE3.SA,6245,6,2025-10-29,59.694903766125705,60.521623007892465,59.590375337583026,60.179534912109375,30844900,yfinance
SAPR11.SA,4998,5,2025-10-29,33.96650320429315,33.96650320429315,33.29585182607964,33.48324203491211,916100,yfinance
KFOF11.SA,2416,2,2025-10-29,78.25289337759982,79.56224357880109,77.66561097800572,79.17713928222656,10574,yfinance
PETR3.SA,3663,3,2025-10-29,31.169324734031317,31.169324734031317,30.771213844885168,31.013965606689453,9629100,yfinance
PSEC11.SA,3751,4,2025-10-29,56.936072601485705,57.60703347761585,56.84021843599387,57.27155303955078,21559,yfinance
FLRY3.SA,1169,1,2025-10-29,13.95465291120527,14.020744573654847,13.671405373273224,13.68084716796875,3444900,yfinance
KFOF11.SA,2417,2,2025-10-30,79.17713884562455,79.37931694752928,77.79077366895594,77.98332214355469,12606,yfinance
FLRY3.SA,1170,1,2025-10-30,13.605314549008986,13.737496972884403,13.548665581933163,13.661964416503906,2262700,yfinance
SAPR11.SA,4999,5,2025-10-30,33.502964603575066,33.818564782073636,33.24653710713817,33.54241180419922,1248000,yfinance
PETR3.SA,3664,3,2025-10-30,30.878022988139797,31.14990747686688,30.55759074050614,30.742082595825195,9673400,yfinance
VALE3.SA,6246,6,2025-10-30,59.970480296243444,60.816205067981535,59.799434429495484,60.635658264160156,25586000,yfinance
PSEC11.SA,3752,4,2025-10-30,56.95524160273268,57.56869731214539,56.95524160273268,57.29072570800781,17364,yfinance
VALE3.SA,6247,6,2025-10-31,61.08227557473102,62.28910121917285,60.69267190110292,62.013526916503906,38988400,yfinance
KFOF11.SA,2418,2,2025-10-31,77.80039663718627,78.44544945781355,77.74263356334788,78.03146362304688,5288,yfinance
PETR3.SA,3665,3,2025-10-31,30.81005261200264,30.936284563027893,30.353679974720325,30.596431732177734,8863300,yfinance
SAPR11.SA,5000,5,2025-10-31,33.54241152345951,34.05526274979001,33.463513360620674,34.005950927734375,1451500,yfinance
PSEC11.SA,3753,4,2025-10-31,57.22363287202966,57.99044798181899,57.22363287202966,57.80833053588867,23116,yfinance
FLRY3.SA,1171,1,2025-10-31,13.813028929136465,13.822470723378588,13.652522028696607,13.737496376037598,2847400,yfinance
PETR3.SA,3666,3,2025-11-03,30.897443768980168,31.33439767854232,30.596432104642325,30.868314743041992,9576200,yfinance
PSEC11.SA,3754,4,2025-11-03,57.99044480365425,58.89145205121918,57.53035576299582,58.05754089355469,30263,yfinance
VALE3.SA,6248,6,2025-11-03,61.861481501221,62.13705579756086,61.43387046371297,62.09904479980469,16985400,yfinance
SAPR11.SA,5001,5,2025-11-03,34.035537586897945,34.06512769020881,33.35502540676237,34.02567672729492,1627500,yfinance
FLRY3.SA,1172,1,2025-11-03,13.916885846201733,13.926327640363567,13.63363832428002,13.718612670898438,1587000,yfinance
KFOF11.SA,2419,2,2025-11-03,79.03298861003752,79.58723049076256,78.11897282065748,78.61487579345703,7413,yfinance
SAPR11.SA,5002,5,2025-11-04,33.710077697047105,34.518803653082095,33.66076587285005,34.341278076171875,1470300,yfinance
FLRY3.SA,1173,1,2025-11-04,13.69028830524604,13.784704446829155,13.624197546389297,13.737496376037598,1384200,yfinance
VALE3.SA,6249,6,2025-11-04,61.623919168437,61.7759631618446,60.84471182686465,61.405364990234375,22055700,yfinance
PSEC11.SA,3755,4,2025-11-04,57.80832870162594,58.36426826740963,57.51118625630843,57.78915786743164,29859,yfinance
KFOF11.SA,2420,2,2025-11-04,78.12869670569492,78.61487404352559,77.44805140012294,77.61334991455078,13161,yfinance
PETR3.SA,3667,3,2025-11-04,30.69353352951726,31.159616470336914,30.53817254924404,31.159616470336914,9486300,yfinance
FLRY3.SA,1174,1,2025-11-05,13.73749661507417,14.0962766987462,13.709172132274004,13.982977867126465,3381300,yfinance
SAPR11.SA,5003,5,2025-11-05,34.341278596439764,34.68646513329973,34.21306484178417,34.617427825927734,1019700,yfinance
KFOF11.SA,2421,2,2025-11-05,77.61334853308333,78.18704163912044,77.0591066745606,77.39942932128906,10527,yfinance
PSEC11.SA,3756,4,2025-11-05,57.79873950434354,58.25882854008054,57.59745123679534,57.99044418334961,16934,yfinance
VALE3.SA,6250,6,2025-11-05,61.40536244446715,62.87825050779235,61.291329454139074,62.46014404296875,22505400,yfinance
PETR3.SA,3668,3,2025-11-05,31.159617124863793,31.907293015664653,31.04309546118678,31.72279930114746,15054300,yfinance
FLRY3.SA,1175,1,2025-11-06,14.02074402969662,14.32287424487897,13.926327887242604,14.256783485412598,3117400,yfinance
KFOF11.SA,2422,2,2025-11-06,77.39943164696854,78.0509075072066,76.90352867913354,77.86616516113281,13231,yfinance
PSEC11.SA,3757,4,2025-11-06,57.9904463101229,58.230076253553165,57.75081636669264,57.93293380737305,19784,yfinance
PETR3.SA,3669,3,2025-11-06,31.790773316210764,32.111203725342904,31.615991746103038,31.75193214416504,12473000,yfinance
VALE3.SA,6251,6,2025-11-06,62.48865264049777,62.76422693926791,62.013526039140274,62.24158477783203,15939100,yfinance
SAPR11.SA,5004,5,2025-11-06,34.72591448401988,35.48532859206367,34.56811439418292,35.238765716552734,1443300,yfinance
PSEC11.SA,3758,4,2025-11-07,57.932932920657215,58.27800061894926,57.846665996084205,58.124637603759766,34890,yfinance
FLRY3.SA,1176,1,2025-11-07,14.39840663798638,14.87992733837371,14.379523049538694,14.823277473449707,6201800,yfinance
VALE3.SA,6252,6,2025-11-07,61.62391718226363,61.63342174400943,60.83520530405978,61.55739974975586,20800300,yfinance
KFOF11.SA,2423,2,2025-11-07,77.78837457832961,78.5662612915039,77.61335043878927,78.5662612915039,9602,yfinance
SAPR11.SA,5005,5,2025-11-07,34.63715185132373,35.30780317665553,33.97636514791644,34.76536560058594,1676200,yfinance
PETR3.SA,3670,3,2025-11-07,32.05294193782473,33.295833513459726,31.567438399993343,33.2861213684082,19737100,yfinance
KFOF11.SA,2424,2,2025-11-10,78.56626621423007,78.6537745802445,77.92450852287904,78.63433074951172,10933,yfinance
SAPR11.SA,5006,5,2025-11-10,34.765368080582434,35.51491762352504,34.71605625419497,34.92316818237305,1878600,yfinance
PSEC11.SA,3759,4,2025-11-10,57.84666675733261,58.31634305429154,57.51118629983534,58.15339279174805,41435,yfinance
FLRY3.SA,1177,1,2025-11-10,14.983785210856697,15.134851225622427,14.804395612674858,14.88936996459961,7412800,yfinance
VALE3.SA,6253,6,2025-11-10,61.823471615677455,62.27959634710076,61.68093943384829,61.96601104736328,12689400,yfinance
PETR3.SA,3671,3,2025-11-10,33.33467513818789,33.82017868261289,33.01424102090031,33.57742691040039,9396800,yfinance
SAPR11.SA,5007,5,2025-11-11,34.85412849538529,35.86996634622566,34.81467753206601,35.49519348144531,1933600,yfinance
KFOF11.SA,2425,2,2025-11-11,78.63432529225211,78.64404349770507,77.98284202150897,78.27455139160156,5574,yfinance
VALE3.SA,6254,6,2025-11-11,61.96601136907203,62.393629666349554,61.53840032165119,61.80447006225586,25496500,yfinance
PSEC11.SA,3760,4,2025-11-11,58.15339660644531,58.93885780898558,57.794601941955115,58.15339660644531,28291,yfinance
PETR3.SA,3672,3,2025-11-11,33.868725472831265,34.80089131143543,33.72307294000659,34.383358001708984,16377000,yfinance
FLRY3.SA,1178,1,2025-11-11,15.002668504800662,15.07820106048595,14.842161598864651,14.936576843261719,3786000,yfinance
SAPR11.SA,5008,5,2025-11-12,35.2486297876693,35.6727144656509,35.15986700338226,35.44587707519531,876500,yfinance
PSEC11.SA,3761,4,2025-11-12,58.08551842573615,58.46370400430685,58.037030059955946,58.279457092285156,15799,yfinance
KFOF11.SA,2426,2,2025-11-12,78.27455102356254,78.84823671864248,78.27455102356254,78.8093490600586,11508,yfinance
VALE3.SA,6255,6,2025-11-12,62.013524684654875,62.66919445030475,62.013524684654875,62.488651275634766,26550300,yfinance
FLRY3.SA,1179,1,2025-11-12,14.936576375466313,15.285915560093756,14.87048561641634,15.238706588745117,4280400,yfinance
PETR3.SA,3673,3,2025-11-12,34.27654910911342,34.4027810663881,32.994820062610906,33.35409164428711,17882500,yfinance
PETR3.SA,3674,3,2025-11-13,33.470615577197904,34.00466873587169,33.39293323203178,33.65510559082031,10467100,yfinance
FLRY3.SA,1180,1,2025-11-13,15.163174203480695,15.257590346386278,14.927135647054882,14.9649019241333,3419100,yfinance
VALE3.SA,6256,6,2025-11-13,62.48865232067149,63.14432209728654,62.06103403172441,62.40312576293945,19058500,yfinance
KFOF11.SA,2427,2,2025-11-13,78.37178495563364,78.97464752197266,78.27455097228281,78.97464752197266,7710,yfinance
PSEC11.SA,3762,4,2025-11-13,58.41521725815191,58.851582941496,58.21157574689615,58.55097579956055,22727,yfinance
SAPR11.SA,5009,5,2025-11-13,35.65299458805879,35.662855448044034,34.61742746380937,35.31766891479492,1087700,yfinance
FLRY3.SA,1181,1,2025-11-14,14.964901632681082,15.097083149671683,14.927135356338189,15.01210880279541,2447800,yfinance
SAPR11.SA,5010,5,2025-11-14,35.31766817273975,35.79106844935671,35.10069163511287,35.514915466308594,885500,yfinance
KFOF11.SA,2428,2,2025-11-14,78.97464174743828,79.60667372072136,78.2745452489387,78.98436737060547,10159,yfinance
VALE3.SA,6257,6,2025-11-14,61.62391710346178,62.27959411581164,61.39585837084911,62.02302169799805,16374400,yfinance
PSEC11.SA,3763,4,2025-11-14,58.58976208703214,59.37522698589873,58.444308090374314,59.268558502197266,35678,yfinance
PETR3.SA,3675,3,2025-11-14,33.7424967155162,34.25712929306015,33.62597690069642,33.91727828979492,7271400,yfinance
FLRY3.SA,1182,1,2025-11-17,15.059317290667906,15.059317290667906,14.823277831878693,14.898810386657715,1684300,yfinance
PSEC11.SA,3764,4,2025-11-17,59.26855536011007,59.49158776914244,59.01643289311691,59.46249771118164,30746,yfinance
PETR3.SA,3676,3,2025-11-17,33.91727832706656,34.20857971648517,33.810466953323505,33.93669891357422,6983900,yfinance
KFOF11.SA,2429,2,2025-11-17,78.98436423738642,82.63069384036207,78.68292927897636,80.24842071533203,17513,yfinance
VALE3.SA,6258,6,2025-11-17,62.33660705611328,62.49814835648363,61.68093729288761,61.97551345825195,20150800,yfinance
SAPR11.SA,5011,5,2025-11-17,35.50505343195041,35.69243985954206,34.98234134923363,35.19931411743164,1202300,yfinance
FLRY3.SA,1183,1,2025-11-18,14.832719980962194,14.851602669898872,14.719421146084832,14.766629219055176,3873900,yfinance
VALE3.SA,6259,6,2025-11-18,61.243813596916716,62.04203002560634,61.10128142202241,61.785457611083984,22468700,yfinance
PETR3.SA,3677,3,2025-11-18,33.693947138375684,34.10176834274211,33.56771517812497,33.93669891357422,9488000,yfinance
PSEC11.SA,3765,4,2025-11-18,59.37522696311681,60.08311343751332,59.16188999579575,59.481895446777344,30997,yfinance
SAPR11.SA,5012,5,2025-11-18,35.11055300909075,35.11055300909075,34.577980041503906,34.577980041503906,1151200,yfinance
KFOF11.SA,2430,2,2025-11-18,80.24842930127971,80.6957115568832,79.05243721788887,80.5012435913086,8400,yfinance
PSEC11.SA,3766,4,2025-11-19,59.239469482071925,59.840687483587175,59.18128566290222,59.821292877197266,20777,yfinance
VALE3.SA,6260,6,2025-11-19,61.785458167031244,62.013524148626885,61.481377441426766,61.71894073486328,16523800,yfinance
FLRY3.SA,1184,1,2025-11-19,14.73830330097691,14.823277649160648,14.672212541464699,14.757186889648438,4812900,yfinance
SAPR11.SA,5013,5,2025-11-19,34.577981762618236,34.962619277007185,33.6213165257269,34.20320510864258,1529600,yfinance
KFOF11.SA,2431,2,2025-11-19,80.50124266477633,80.50124266477633,78.57597718644621,79.42192840576172,13508,yfinance
PETR3.SA,3678,3,2025-11-19,33.57742721190805,34.04351017424947,33.45119525207659,33.849308013916016,12348600,yfinance
FLRY3.SA,1185,1,2025-11-21,14.747745638518689,14.747745638518689,14.436173617314843,14.473939895629883,4665000,yfinance
PSEC11.SA,3767,4,2025-11-21,59.82129196546682,59.82129196546682,59.094010883073096,59.31704330444336,30310,yfinance
KFOF11.SA,2432,2,2025-11-21,79.42193695618114,79.8108803432041,78.49820290316995,79.17884826660156,10119,yfinance
SAPR11.SA,5014,5,2025-11-21,34.430041934052575,34.449767416794295,33.35502757926143,33.68049240112305,2320000,yfinance
VALE3.SA,6261,6,2025-11-21,61.33884776799255,62.02302399112606,60.93973590884384,61.91850280761719,20272600,yfinance
PETR3.SA,3679,3,2025-11-21,33.558006286621094,33.78133747231519,33.37351256932304,33.558006286621094,12812000,yfinance
FLRY3.SA,1186,1,2025-11-24,14.464497625805022,14.691096188670864,14.30399072313379,14.379523277282715,3119000,yfinance
SAPR11.SA,5015,5,2025-11-24,33.631174784249325,34.518802642822266,33.46351383443606,34.518802642822266,1793900,yfinance
KFOF11.SA,2433,2,2025-11-24,78.76072643069281,80.11229879695122,78.59542792108762,79.79141998291016,8081,yfinance
PSEC11.SA,3768,4,2025-11-24,59.317044099656506,59.637049555788366,59.12310543439918,59.559471130371094,34959,yfinance
PETR3.SA,3680,3,2025-11-24,33.52887329040345,33.78133720552332,33.25699249328795,33.3929328918457,21154800,yfinance
VALE3.SA,6262,6,2025-11-24,61.77596355467142,62.26058747456238,61.55740212522235,61.85197830200195,20462800,yfinance
SAPR11.SA,5016,5,2025-11-25,34.68646514243135,35.337394775969074,34.51880418512697,35.10069274902344,2084800,yfinance
KFOF11.SA,2434,2,2025-11-25,79.7914250607214,80.29705366383823,79.63585216486233,80.02479553222656,10427,yfinance
PSEC11.SA,3769,4,2025-11-25,59.48189380709589,59.78250464374865,59.41401453739087,59.68553161621094,25908,yfinance
PETR3.SA,3681,3,2025-11-25,33.179309802483466,33.32496234461631,32.90742900820671,33.07250213623047,7533800,yfinance
FLRY3.SA,1187,1,2025-11-25,14.398406922876173,14.42673140568908,14.190691947937012,14.190691947937012,3445200,yfinance
VALE3.SA,6263,6,2025-11-25,61.91850240582638,62.631192310590365,61.91850240582638,62.33660888671875,18275300,yfinance
KFOF11.SA,2435,2,2025-11-26,79.733088785318,80.42345976141256,79.733088785318,80.12203216552734,8772,yfinance
FLRY3.SA,1188,1,2025-11-26,14.190691831525795,14.672212537490509,14.190691831525795,14.653329849243164,2111900,yfinance
PETR3.SA,3682,3,2025-11-26,33.13076003595216,33.315253749010076,32.85887924293797,32.96569061279297,10854400,yfinance
VALE3.SA,6264,6,2025-11-26,62.707207249207904,63.562436587514604,62.640689814553866,63.267860412597656,33408500,yfinance
SAPR11.SA,5017,5,2025-11-26,35.10069105821191,35.48532854150075,34.95275182821578,35.475467681884766,1942900,yfinance
PSEC11.SA,3770,4,2025-11-26,59.68553129091742,60.965545654296875,59.15219258936643,60.965545654296875,49165,yfinance
VALE3.SA,6265,6,2025-11-27,63.1918376292816,63.33437705886783,62.849745898217265,63.030296325683594,9739100,yfinance
KFOF11.SA,2436,2,2025-11-27,80.12202310374155,80.49151519298808,79.64557141157265,80.07340240478516,9462,yfinance
FLRY3.SA,1189,1,2025-11-27,14.92713612690288,15.030993167102354,14.625005000144148,14.766629219055176,7615300,yfinance
SAPR11.SA,5018,5,2025-11-27,35.47547029452778,35.87983328907941,35.24863288414527,35.643131256103516,776100,yfinance
PSEC11.SA,3771,4,2025-11-27,60.94615118705402,61.38252056172776,59.830989117490866,61.01403045654297,37660,yfinance
PETR3.SA,3683,3,2025-11-27,33.01424056982791,33.22786331176758,32.94627037086493,33.22786331176758,3335600,yfinance
PSEC11.SA,3772,4,2025-11-28,61.01403030257499,61.18857805200401,60.121900649175736,61.17888259887695,31759,yfinance
SAPR11.SA,5019,5,2025-11-28,35.5050566432031,36.85622024536133,35.219042783970345,36.85622024536133,1527500,yfinance
VALE3.SA,6266,6,2025-11-28,64.33213733873976,64.43666576845139,63.70497401032638,64.04706573486328,46007200,yfinance
FLRY3.SA,1190,1,2025-11-28,14.766628637857321,15.27647382494807,14.766628637857321,15.153732299804688,2927400,yfinance
KFOF11.SA,2437,2,2025-11-28,80.25815842776848,81.67779541015625,80.04423920521401,81.67779541015625,8840,yfinance
PETR3.SA,3684,3,2025-11-28,32.9462693202442,33.101630299219295,32.00439130165262,32.41221618652344,11126600,yfinance
KFOF11.SA,2438,2,2025-12-01,81.71705512853212,81.97230031648435,80.86297727200555,81.79559326171875,6867,yfinance
PSEC11.SA,3773,4,2025-12-01,61.09161011136221,61.906165060812754,60.60675606285933,60.664939880371094,36433,yfinance
PETR3.SA,3685,3,2025-12-01,32.528736231344865,33.00453131647211,32.237434856659874,32.616127014160156,9948900,yfinance
VALE3.SA,6267,6,2025-12-01,64.42716536493786,64.74074338916891,64.14208652488483,64.54119110107422,15657000,yfinance
FLRY3.SA,1191,1,2025-12-01,15.134850865686738,15.172616242956156,14.983784854513647,15.021551132202148,2423200,yfinance
SAPR11.SA,5020,5,2025-12-01,37.309896713583605,37.309896713583605,35.69244106456339,35.9981803894043,1877300,yfinance
FLRY3.SA,1192,1,2025-12-02,15.049876024212754,15.200942039489746,14.91769449892166,15.200942039489746,4429300,yfinance
KFOF11.SA,2439,2,2025-12-02,82.29626857831725,82.29626857831725,80.31322181099378,81.5305404663086,16292,yfinance
PSEC11.SA,3774,4,2025-12-02,61.27585256325756,62.061317443847656,60.664939133052485,62.061317443847656,26695,yfinance
VALE3.SA,6268,6,2025-12-02,64.71224051902739,65.30140010431755,64.38915791570652,65.0733413696289,22567200,yfinance
PETR3.SA,3686,3,2025-12-02,32.742359201366064,32.917140768242234,32.10149469085275,32.79090881347656,8138300,yfinance
SAPR11.SA,5021,5,2025-12-02,36.14612064682024,38.00027084350586,35.998181410097494,38.00027084350586,2416600,yfinance
SAPR11.SA,5022,5,2025-12-03,38.0101347738967,38.680786113596305,37.57618169394343,38.1975212097168,3054600,yfinance
FLRY3.SA,1193,1,2025-12-03,15.300000190734863,15.329999923706055,15.020000457763672,15.199999809265137,2692600,yfinance
KFOF11.SA,2440,2,2025-12-03,82.07047422539615,82.54169556334291,81.55999130827882,81.97230529785156,9914,yfinance
PETR3.SA,3687,3,2025-12-03,33.00453201756673,33.34438301123547,32.89772064695712,33.19873046875,8279700,yfinance
PSEC11.SA,3775,4,2025-12-03,62.06132088282033,62.06132088282033,61.18858207824848,61.70252990722656,30679,yfinance
VALE3.SA,6269,6,2025-12-03,65.43443578679917,67.56300092011637,65.39642478890073,67.17340087890625,42361200,yfinance
VALE3.SA,6270,6,2025-12-04,67.18289879055385,68.78882902927656,67.17340147838691,68.34220886230469,38019900,yfinance
SAPR11.SA,5023,5,2025-12-04,38.07917092805043,39.06542242574766,38.06930630621296,38.848445892333984,1122400,yfinance
PSEC11.SA,3776,4,2025-12-04,61.9740452593976,61.9740452593976,61.266158781883775,61.431007385253906,27508,yfinance
FLRY3.SA,1194,1,2025-12-04,15.210000038146973,15.390000343322754,15.149999618530273,15.390000343322754,3095200,yfinance
KFOF11.SA,2441,2,2025-12-04,81.96248648007361,84.30875905970738,81.17712756682317,83.46449279785156,40247,yfinance
PETR3.SA,3688,3,2025-12-04,33.45119468665779,33.509452740904415,33.0822109586709,33.38322448730469,12159000,yfinance
KFOF11.SA,2442,2,2025-12-05,84.26948919404752,84.26948919404752,82.51224517822266,82.51224517822266,9935,yfinance
PETR3.SA,3689,3,2025-12-05,33.49003385841911,33.72307346968152,31.88787078857422,31.88787078857422,21255300,yfinance
PSEC11.SA,3777,4,2025-12-05,61.44070626441721,62.20677655690401,61.09161075396029,61.33403778076172,58446,yfinance
FLRY3.SA,1195,1,2025-12-05,15.380000114440918,15.380000114440918,14.489999771118164,14.489999771118164,3775800,yfinance
SAPR11.SA,5024,5,2025-12-05,38.85831224896602,39.15418695903408,37.22113484018833,37.507144927978516,1736400,yfinance
VALE3.SA,6271,6,2025-12-05,68.3802223620555,68.73181867122375,66.4417048801583,66.7267837524414,40196800,yfinance
KFOF11.SA,2443,2,2025-12-08,83.346689858221,83.68046569824219,82.5122427683592,83.68046569824219,9567,yfinance
VALE3.SA,6272,6,2025-12-08,66.91682520415998,67.33493891087078,66.03308948306608,66.2706527709961,20860900,yfinance
FLRY3.SA,1196,1,2025-12-08,14.520000457763672,14.789999961853027,14.430000305175781,14.5,2133200,yfinance
PSEC11.SA,3778,4,2025-12-08,61.624946481148946,62.003132032735074,60.61644921082415,60.67463302612305,65330,yfinance
SAPR11.SA,5025,5,2025-12-08,37.78329824809406,37.84247093327401,35.613544084886755,35.83052062988281,2918900,yfinance
PETR3.SA,3690,3,2025-12-08,32.26656345650402,32.713225805391666,32.06265286732895,32.31511306762695,11933000,yfinance
PSEC11.SA,3779,4,2025-12-09,60.52765214192029,60.68443399452109,60.26308206478628,60.67463302612305,25396,yfinance
KFOF11.SA,2444,2,2025-12-09,83.68046672525182,83.75900486144735,82.522055430699,82.60059356689453,5015,yfinance
FLRY3.SA,1197,1,2025-12-09,14.479999542236328,14.5600004196167,13.899999618530273,14.40999984741211,4846300,yfinance
VALE3.SA,6273,6,2025-12-09,65.66249754961359,66.92633610100395,65.4724498012218,66.30867004394531,23081300,yfinance
PETR3.SA,3691,3,2025-12-09,32.15975243477936,32.58699790708222,31.965550284105138,32.51902770996094,8058000,yfinance
SAPR11.SA,5026,5,2025-12-09,35.81079629044947,36.244745632041706,34.666744606023364,36.146121978759766,1583600,yfinance
KFOF11.SA,2445,2,2025-12-10,82.91474187188958,83.79827721419905,81.98212580989077,82.3846206665039,14186,yfinance
VALE3.SA,6274,6,2025-12-10,66.75528353841582,67.80056054954433,66.75528353841582,67.52498626708984,24454800,yfinance
FLRY3.SA,1198,1,2025-12-10,14.529999732971191,14.930000305175781,14.359999656677246,14.819999694824219,3787200,yfinance
SAPR11.SA,5027,5,2025-12-10,36.29405440058726,36.49130545278221,35.82065413266992,36.195430755615234,1370100,yfinance
PSEC11.SA,3780,4,2025-12-10,60.655039793701384,60.655039793701384,59.88092774544338,60.55704879760742,39452,yfinance
PETR3.SA,3692,3,2025-12-10,32.52873622926739,32.64525603831436,32.237434854601,32.586997985839844,5773000,yfinance
SAPR11.SA,5028,5,2025-12-11,36.26446888419577,36.26446888419577,35.78120398344131,36.00804138183594,963000,yfinance
VALE3.SA,6275,6,2025-12-11,67.22090712683953,68.76982443179682,66.96434196121602,68.41822814941406,25687700,yfinance
PETR3.SA,3693,3,2025-12-11,32.53844379525781,32.53844379525781,31.858741840674476,31.926712036132812,11488400,yfinance
FLRY3.SA,1199,1,2025-12-11,14.739999771118164,14.979999542236328,14.630000114440918,14.8100004196167,2242400,yfinance
KFOF11.SA,2446,2,2025-12-11,82.47297192075547,83.38595712614422,81.6188865706148,82.27662658691406,14784,yfinance
PSEC11.SA,3781,4,2025-12-11,60.28268381174901,61.772113368109125,59.98871828806695,61.35076141357422,26914,yfinance
FLRY3.SA,1200,1,2025-12-12,14.800000190734863,15.140000343322754,14.800000190734863,15.079999923706055,1537700,yfinance
PSEC11.SA,3782,4,2025-12-12,61.78190940345284,61.958289461843506,60.54725273269257,61.18417739868164,22383,yfinance
VALE3.SA,6276,6,2025-12-12,67.75,68.9800033569336,67.72000122070312,68.61000061035156,36483700,yfinance
PETR3.SA,3694,3,2025-12-12,32.05294072264562,32.42192443455615,31.936420915131,32.31511306762695,11353400,yfinance
SAPR11.SA,5029,5,2025-12-12,35.9784542032249,36.84635657507981,35.968593343633195,36.67869186401367,938800,yfinance
KFOF11.SA,2447,2,2025-12-12,82.85583318915866,82.85583318915866,82.2864429747694,82.46315002441406,7045,yfinance
PETR3.SA,3695,3,2025-12-15,32.499606770661785,32.53844423709546,32.120914618223736,32.25685501098633,14639700,yfinance
PSEC11.SA,3783,4,2025-12-15,61.34095765095667,61.84070238263335,60.81182122761712,60.88041305541992,72506,yfinance
KFOF11.SA,2448,2,2025-12-15,82.4631575241657,83.36632364235237,82.31590038776787,82.97364044189453,23600,yfinance
FLRY3.SA,1201,1,2025-12-15,15.199999809265137,15.300000190734863,15.119999885559082,15.199999809265137,2080400,yfinance
SAPR11.SA,5030,5,2025-12-15,36.89566927836111,37.09292033516229,36.41240437731077,36.49130630493164,807400,yfinance
VALE3.SA,6277,6,2025-12-15,68.6500015258789,69.38999938964844,68.5,69.02999877929688,16841700,yfinance
VALE3.SA,6278,6,2025-12-16,69.33000183105469,70.02999877929688,69.26000213623047,69.29000091552734,21953000,yfinance
KFOF11.SA,2449,2,2025-12-16,82.43371095557738,83.35651539080365,82.43371095557738,82.75767517089844,9733,yfinance
PETR3.SA,3696,3,2025-12-16,32.04323305674123,32.04323305674123,31.052805408677468,31.373239517211914,15354600,yfinance
SAPR11.SA,5031,5,2025-12-16,36.49130852749777,36.76745776648818,35.781206184663915,36.146121978759766,1470400,yfinance
PSEC11.SA,3784,4,2025-12-16,60.88041235086491,61.723116211803166,60.63544047212584,60.85101318359375,35254,yfinance
FLRY3.SA,1202,1,2025-12-16,15.100000381469727,15.149999618530273,14.770000457763672,14.770000457763672,2363200,yfinance
PSEC11.SA,3785,4,2025-12-17,60.85101637199928,61.56633758481529,60.79222551032495,60.82162094116211,31102,yfinance
FLRY3.SA,1203,1,2025-12-17,14.600000381469727,14.920000076293945,14.40999984741211,14.5600004196167,4128600,yfinance
KFOF11.SA,2450,2,2025-12-17,82.9540046630043,82.9540046630043,82.12937673246837,82.2962646484375,5515,yfinance
VALE3.SA,6279,6,2025-12-17,69.63999938964844,70.7699966430664,69.44000244140625,70.16999816894531,29375000,yfinance
SAPR11.SA,5032,5,2025-12-17,36.04749221283,36.38281787927613,35.426152703363435,35.9981803894043,1601500,yfinance
PETR3.SA,3697,3,2025-12-17,31.557729722649338,31.6742495337086,31.402368739870983,31.58685874938965,17818500,yfinance
PSEC11.SA,3786,4,2025-12-18,61.41934991473531,62.232654610762616,60.851013360183735,61.48794174194336,51216,yfinance
VALE3.SA,6280,6,2025-12-18,70.5999984741211,71.12000274658203,70.30999755859375,70.3499984741211,18430200,yfinance
KFOF11.SA,2451,2,2025-12-18,82.3060780480585,83.18961334228516,82.19809747469465,83.18961334228516,7973,yfinance
PETR3.SA,3698,3,2025-12-18,31.548021240638178,31.83932261995556,31.392660258062374,31.509180068969727,11595400,yfinance
SAPR11.SA,5033,5,2025-12-18,35.71216661757627,37.4282459168689,35.70230575777187,37.21126937866211,1967400,yfinance
FLRY3.SA,1204,1,2025-12-18,14.479999542236328,14.729999542236328,14.479999542236328,14.699999809265137,3414400,yfinance
KFOF11.SA,2452,2,2025-12-19,82.61040948516721,83.03254258849691,82.18827638183751,82.81656646728516,7210,yfinance
SAPR11.SA,5034,5,2025-12-19,37.270446073300675,39.292260949303476,37.004157709790405,38.43422317504883,2884500,yfinance
VALE3.SA,6281,6,2025-12-19,70.5,70.93000030517578,70.37999725341797,70.8499984741211,37147100,yfinance
PSEC11.SA,3787,4,2025-12-19,61.48794177345742,63.143954071691496,61.43894814513716,62.69320297241211,99882,yfinance
FLRY3.SA,1205,1,2025-12-19,14.699999809265137,14.8100004196167,14.529999732971191,14.529999732971191,2290600,yfinance
PETR3.SA,3699,3,2025-12-19,31.557729950485978,31.819902305335624,31.509180337535607,31.732511520385742,24659300,yfinance
FLRY3.SA,1206,1,2025-12-22,14.539999961853027,14.670000076293945,14.460000038146973,14.640000343322754,2558600,yfinance
PSEC11.SA,3788,4,2025-12-22,62.203263840946455,62.938183272322476,62.203263840946455,62.61481857299805,41696,yfinance
PETR3.SA,3700,3,2025-12-22,31.94613254343874,32.10149351897962,31.71308922807849,31.88787078857422,10828100,yfinance
KFOF11.SA,2453,2,2025-12-22,82.81656764887454,83.82772178551203,82.52205339032768,83.24851989746094,13664,yfinance
VALE3.SA,6282,6,2025-12-22,71.02999877929688,73.37000274658203,70.80999755859375,72.91999816894531,27853000,yfinance
SAPR11.SA,5035,5,2025-12-22,38.51312035217976,38.83858515331059,37.17181770918769,37.891780853271484,1168100,yfinance
VALE3.SA,6283,6,2025-12-23,73.2300033569336,73.52999877929688,72.58000183105469,72.9000015258789,17140900,yfinance
FLRY3.SA,1207,1,2025-12-23,14.65999984741211,15.0,14.619999885559082,15.0,1475400,yfinance
KFOF11.SA,2454,2,2025-12-23,83.59212008291806,84.21059107664574,83.59212008291806,83.91608428955078,7919,yfinance
PSEC11.SA,3789,4,2025-12-23,62.614813809391364,62.957772945030634,62.36984193022782,62.516822814941406,48735,yfinance
SAPR11.SA,5036,5,2025-12-23,38.355319866101105,39.31198501586914,37.83260778002209,39.31198501586914,1069900,yfinance
PETR3.SA,3701,3,2025-12-23,32.25,32.27000045776367,31.84000015258789,32.02000045776367,7826500,yfinance
PSEC11.SA,3790,4,2025-12-26,62.95777487366267,63.173351330082255,62.52662569879785,62.889183044433594,31615,yfinance
KFOF11.SA,2455,2,2025-12-26,84.42656880084553,85.594799300759,83.91608586640302,84.81925201416016,9893,yfinance
VALE3.SA,6284,6,2025-12-26,72.86000061035156,73.3499984741211,72.62000274658203,73.12000274658203,16368800,yfinance
PETR3.SA,3702,3,2025-12-26,31.90999984741211,32.13999938964844,31.6299991607666,32.119998931884766,4335800,yfinance
SAPR11.SA,5037,5,2025-12-26,39.154187394891196,39.26267566764907,38.68078710106229,38.98652267456055,473400,yfinance
FLRY3.SA,1208,1,2025-12-26,14.949999809265137,14.960000038146973,14.760000228881836,14.890000343322754,1007700,yfinance
VALE3.SA,6285,6,2025-12-29,73.19000244140625,73.73999786376953,71.69999694824219,72.12000274658203,19963700,yfinance
SAPR11.SA,5038,5,2025-12-29,38.95693741256781,39.3119885833514,38.51312344908831,39.05556106567383,692600,yfinance
PETR3.SA,3703,3,2025-12-29,32.290000915527344,32.459999084472656,32.099998474121094,32.33000183105469,6737700,yfinance
PSEC11.SA,3791,4,2025-12-29,63.045960368036525,63.96705704257667,62.27185205680454,63.88866424560547,60431,yfinance
KFOF11.SA,2456,2,2025-12-29,84.81925118732961,85.65369832635807,84.56400597769186,85.37882232666016,8241,yfinance
FLRY3.SA,1209,1,2025-12-29,14.880000114440918,14.880000114440918,14.739999771118164,14.770000457763672,908700,yfinance
PETR3.SA,3704,3,2025-12-30,32.41999816894531,32.68000030517578,32.20000076293945,32.56999969482422,6450700,yfinance
VALE3.SA,6286,6,2025-12-30,72.5,72.83999633789062,71.91000366210938,71.95999908447266,17085400,yfinance
KFOF11.SA,2457,2,2025-12-30,85.53588913829815,86.10527940439455,85.16284421730863,85.50643920898438,10035,yfinance
SAPR11.SA,5039,5,2025-12-30,39.10487426319612,39.805111939282114,38.77940945579642,39.627586364746094,801900,yfinance
PSEC11.SA,3792,4,2025-12-30,63.88866423305768,64.0846462254472,62.849985839213325,63.25174331665039,31271,yfinance
FLRY3.SA,1210,1,2025-12-30,14.770000457763672,15.050000190734863,14.770000457763672,15.0,2067200,yfinance
PSEC11.SA,3793,4,2026-01-02,63.888665267905765,64.15323909292995,62.73239765989885,63.98666000366211,27638,yfinance
VALE3.SA,6287,6,2026-01-02,72.33000183105469,72.55000305175781,71.6500015258789,72.37999725341797,28418900,yfinance
FLRY3.SA,1211,1,2026-01-02,15.09000015258789,15.100000381469727,14.819999694824219,14.829999923706055,2131600,yfinance
KFOF11.SA,2458,2,2026-01-02,85.88294260262585,86.19999977067715,85.06057297450428,85.70459747314453,10346,yfinance
PETR3.SA,3705,3,2026-01-02,32.61000061035156,32.619998931884766,31.93000030517578,32.29999923706055,15637900,yfinance
SAPR11.SA,5040,5,2026-01-02,40.650001525878906,41.43000030517578,39.970001220703125,40.189998626708984,1763700,yfinance
VALE3.SA,6288,6,2026-01-05,72.4000015258789,73.5,72.30000305175781,73.12000274658203,24958100,yfinance
PSEC11.SA,3794,4,2026-01-05,63.986658616375365,63.986658616375365,62.781393666621476,63.006771087646484,36903,yfinance
FLRY3.SA,1212,1,2026-01-05,14.8100004196167,15.0,14.670000076293945,15.0,1453400,yfinance
PETR3.SA,3706,3,2026-01-05,32.31999969482422,32.33000183105469,31.229999542236328,31.760000228881836,15270700,yfinance
KFOF11.SA,2459,2,2026-01-05,86.10092163085938,86.14055472214254,85.32809524893571,86.10092163085938,6541,yfinance
SAPR11.SA,5041,5,2026-01-05,40.4900016784668,41.0,40.060001373291016,40.349998474121094,1508300,yfinance
VALE3.SA,6289,6,2026-01-06,73.44999694824219,75.98999786376953,72.87999725341797,75.87000274658203,39536600,yfinance
KFOF11.SA,2460,2,2026-01-06,86.13064253151101,86.15045529706649,85.42717218608674,85.48661804199219,7309,yfinance
FLRY3.SA,1213,1,2026-01-06,15.010000228881836,15.739999771118164,15.010000228881836,15.59000015258789,4771400,yfinance
PSEC11.SA,3795,4,2026-01-06,63.34973313318104,63.555508626538604,62.71280471510349,63.08515930175781,26391,yfinance
SAPR11.SA,5042,5,2026-01-06,40.400001525878906,41.54999923706055,40.040000915527344,40.93000030517578,1406200,yfinance
PETR3.SA,3707,3,2026-01-06,31.940000534057617,32.029998779296875,31.100000381469727,31.149999618530273,12059600,yfinance
PETR3.SA,3708,3,2026-01-07,31.1200008392334,31.299999237060547,30.989999771118164,31.18000030517578,11359800,yfinance
SAPR11.SA,5043,5,2026-01-07,40.5099983215332,41.16999816894531,40.45000076293945,41.029998779296875,1001200,yfinance
FLRY3.SA,1214,1,2026-01-07,15.640000343322754,15.640000343322754,15.220000267028809,15.350000381469727,2482100,yfinance
KFOF11.SA,2461,2,2026-01-07,86.12073196659064,86.12073196659064,85.35781576882674,85.66496276855469,6455,yfinance
PSEC11.SA,3796,4,2026-01-07,63.08515450454063,63.09495547279776,62.683404517378406,62.810787200927734,28780,yfinance
VALE3.SA,6290,6,2026-01-07,76.0999984741211,77.33999633789062,75.62000274658203,76.31999969482422,41501600,yfinance
KFOF11.SA,2462,2,2026-01-08,86.1207343855433,86.1207343855433,85.08039408664426,85.15965270996094,10766,yfinance
PETR3.SA,3709,3,2026-01-08,31.219999313354492,31.969999313354492,31.219999313354492,31.959999084472656,9513700,yfinance
FLRY3.SA,1215,1,2026-01-08,15.350000381469727,15.529999732971191,15.140000343322754,15.149999618530273,9050800,yfinance
VALE3.SA,6291,6,2026-01-08,75.80000305175781,75.80000305175781,74.19000244140625,75.58000183105469,31894900,yfinance
SAPR11.SA,5044,5,2026-01-08,41.029998779296875,42.70000076293945,40.939998626708984,42.66999816894531,1716300,yfinance
PSEC11.SA,3797,4,2026-01-08,62.81079068534811,63.67309651705161,62.712803425186,63.3105354309082,27159,yfinance
VALE3.SA,6292,6,2026-01-09,74.9000015258789,75.70999908447266,74.19999694824219,74.72000122070312,24801200,yfinance
FLRY3.SA,1216,1,2026-01-09,15.59000015258789,15.869999885559082,15.329999923706055,15.5,3850800,yfinance
KFOF11.SA,2463,2,2026-01-09,85.15965190419855,85.60551850742736,84.9714041714585,85.51634216308594,4635,yfinance
PETR3.SA,3710,3,2026-01-09,32.06999969482422,32.38999938964844,31.790000915527344,31.899999618530273,11315300,yfinance
PSEC11.SA,3798,4,2026-01-09,63.310534703067965,63.6926902464709,63.016565450012486,63.104759216308594,27717,yfinance
SAPR11.SA,5045,5,2026-01-09,42.65999984741211,43.70000076293945,42.16999816894531,43.599998474121094,3720200,yfinance
SAPR11.SA,5046,5,2026-01-12,43.599998474121094,44.33000183105469,43.34000015258789,43.97999954223633,1858000,yfinance
PSEC11.SA,3799,4,2026-01-12,63.64919181282073,63.64919181282073,63.104755606328006,63.273033142089844,23526,yfinance
VALE3.SA,6293,6,2026-01-12,75.0,75.47000122070312,74.51000213623047,74.73999786376953,13129800,yfinance
FLRY3.SA,1217,1,2026-01-12,15.5,15.640000343322754,15.369999885559082,15.5,2131700,yfinance
KFOF11.SA,2464,2,2026-01-12,85.5163470869302,85.77395841301248,84.05986303915209,84.31747436523438,17963,yfinance
PETR3.SA,3711,3,2026-01-12,31.899999618530273,32.34000015258789,31.850000381469727,31.950000762939453,7519300,yfinance
KFOF11.SA,2465,2,2026-01-13,84.32738016152531,84.68407042247927,83.74280151636886,84.02023315429688,9457,yfinance
PETR3.SA,3712,3,2026-01-13,31.959999084472656,33.279998779296875,31.809999465942383,33.040000915527344,16182500,yfinance
SAPR11.SA,5047,5,2026-01-13,43.5099983215332,43.75,43.09000015258789,43.31999969482422,1660100,yfinance
VALE3.SA,6294,6,2026-01-13,74.47000122070312,76.05000305175781,74.27999877929688,75.3499984741211,24539200,yfinance
FLRY3.SA,1218,1,2026-01-13,15.5,15.5,15.09000015258789,15.130000114440918,5059100,yfinance
PSEC11.SA,3800,4,2026-01-13,63.42151765439565,63.748179384595545,63.302733287089765,63.520503997802734,23468,yfinance
FLRY3.SA,1219,1,2026-01-14,15.279999732971191,15.5600004196167,15.210000038146973,15.5600004196167,2795900,yfinance
PETR3.SA,3713,3,2026-01-14,33.2400016784668,34.97999954223633,33.06999969482422,34.2400016784668,32918900,yfinance
VALE3.SA,6295,6,2026-01-14,75.83999633789062,79.08999633789062,75.63999938964844,78.91999816894531,44225300,yfinance
PSEC11.SA,3801,4,2026-01-14,63.35222612392145,63.94615173339844,63.35222612392145,63.94615173339844,23150,yfinance
KFOF11.SA,2466,2,2026-01-14,84.02023636839199,84.04995929806863,83.78243781249985,83.91124725341797,9969,yfinance
SAPR11.SA,5048,5,2026-01-14,43.5,43.68000030517578,42.56999969482422,43.099998474121094,1225200,yfinance
PETR3.SA,3714,3,2026-01-15,33.880001068115234,34.040000915527344,33.56999969482422,33.88999938964844,12136500,yfinance
KFOF11.SA,2467,2,2026-01-15,83.91124885220337,83.93106161928547,83.57437133789062,83.57437133789062,7330,yfinance
VALE3.SA,6296,6,2026-01-15,78.9000015258789,79.63999938964844,78.51000213623047,78.8499984741211,35503900,yfinance
SAPR11.SA,5049,5,2026-01-15,42.849998474121094,44.13999938964844,42.83000183105469,44.0,1557400,yfinance
FLRY3.SA,1220,1,2026-01-15,15.739999771118164,15.829999923706055,15.489999771118164,15.729999542236328,2425600,yfinance
PSEC11.SA,3802,4,2026-01-15,63.946150169165946,65.04491591829893,63.72837568884429,64.27281188964844,48871,yfinance
KFOF11.SA,2468,2,2026-01-16,83.72298955882513,83.76262265034039,83.40593238594235,83.66354370117188,14777,yfinance
PETR3.SA,3715,3,2026-01-16,33.959999084472656,34.31999969482422,33.95000076293945,33.97999954223633,10025300,yfinance
VALE3.SA,6297,6,2026-01-16,78.38999938964844,78.87999725341797,77.56999969482422,78.87999725341797,45910100,yfinance
SAPR11.SA,5050,5,2026-01-16,43.93000030517578,44.43000030517578,43.4900016784668,43.810001373291016,2383400,yfinance
FLRY3.SA,1221,1,2026-01-16,15.6899995803833,16.020000457763672,15.430000305175781,15.430000305175781,2757400,yfinance
PSEC11.SA,3803,4,2026-01-16,64.82714560105877,64.91623859971799,63.9461542756718,64.14413452148438,36121,yfinance
SAPR11.SA,5051,5,2026-01-19,43.849998474121094,43.90999984741211,43.040000915527344,43.599998474121094,726100,yfinance
FLRY3.SA,1222,1,2026-01-19,15.380000114440918,15.680000305175781,15.359999656677246,15.600000381469727,1357900,yfinance
KFOF11.SA,2469,2,2026-01-19,83.66354208733277,83.71307778134187,83.25730857656694,83.62390899658203,7670,yfinance
VALE3.SA,6298,6,2026-01-19,78.5199966430664,78.6500015258789,77.87000274658203,78.56999969482422,10678500,yfinance
PSEC11.SA,3804,4,2026-01-19,64.19361878248216,64.31240692046511,63.85706371979084,64.04513549804688,31152,yfinance
PETR3.SA,3716,3,2026-01-19,33.810001373291016,34.16999816894531,33.810001373291016,34.15999984741211,3146500,yfinance
FLRY3.SA,1223,1,2026-01-20,15.550000190734863,15.640000343322754,15.430000305175781,15.640000343322754,1982000,yfinance
PETR3.SA,3717,3,2026-01-20,34.189998626708984,34.70000076293945,33.959999084472656,34.45000076293945,7453300,yfinance
PSEC11.SA,3805,4,2026-01-20,64.06494122460414,64.07484212475308,63.56010104744456,63.7481803894043,25205,yfinance
VALE3.SA,6299,6,2026-01-20,77.83000183105469,80.20999908447266,77.41000366210938,80.08000183105469,31198500,yfinance
KFOF11.SA,2470,2,2026-01-20,83.66354289555403,83.67344549890804,83.12850750410897,83.26721954345703,10203,yfinance
SAPR11.SA,5052,5,2026-01-20,43.59000015258789,43.59000015258789,42.79999923706055,43.220001220703125,1021000,yfinance
VALE3.SA,6300,6,2026-01-21,80.98999786376953,82.80000305175781,80.5,82.5,83134600,yfinance
SAPR11.SA,5053,5,2026-01-21,43.2400016784668,44.459999084472656,43.2400016784668,44.15999984741211,2051900,yfinance
KFOF11.SA,2471,2,2026-01-21,83.42574831214463,84.2183950539957,83.31675919615913,84.11931610107422,15031,yfinance
PETR3.SA,3718,3,2026-01-21,34.75,36.20000076293945,34.650001525878906,36.029998779296875,35463000,yfinance
FLRY3.SA,1224,1,2026-01-21,15.890000343322754,16.3799991607666,15.859999656677246,16.020000457763672,4450800,yfinance
PSEC11.SA,3806,4,2026-01-21,63.74817915310623,63.94615183920149,63.5007095194002,63.649192810058594,26039,yfinance
FLRY3.SA,1225,1,2026-01-22,16.110000610351562,16.729999542236328,16.110000610351562,16.469999313354492,5972500,yfinance
PSEC11.SA,3807,4,2026-01-22,63.74817915310623,63.82737124841388,63.55019891483708,63.649192810058594,26770,yfinance
KFOF11.SA,2472,2,2026-01-22,84.21839141845703,84.22830158109325,83.73289927863173,84.21839141845703,16225,yfinance
SAPR11.SA,5054,5,2026-01-22,44.11000061035156,45.63999938964844,43.939998626708984,45.16999816894531,1506300,yfinance
PETR3.SA,3719,3,2026-01-22,35.959999084472656,37.040000915527344,35.779998779296875,36.279998779296875,28591400,yfinance
VALE3.SA,6301,6,2026-01-22,82.5,84.4000015258789,82.08000183105469,82.9800033569336,62515300,yfinance
PSEC11.SA,3808,4,2026-01-23,63.649192810058594,63.74817915310623,63.59969586244784,63.649192810058594,48848,yfinance
FLRY3.SA,1226,1,2026-01-23,16.459999084472656,16.899999618530273,16.290000915527344,16.770000457763672,2784500,yfinance
VALE3.SA,6302,6,2026-01-23,83.75,85.73999786376953,83.69000244140625,85.0199966430664,25432600,yfinance
KFOF11.SA,2473,2,2026-01-23,84.21839339303725,84.55526333817448,83.99050500249663,84.45618438720703,10633,yfinance
SAPR11.SA,5055,5,2026-01-23,45.189998626708984,47.0,44.540000915527344,46.66999816894531,1595700,yfinance
PETR3.SA,3720,3,2026-01-23,36.84000015258789,38.099998474121094,36.810001373291016,37.720001220703125,17951500,yfinance
FLRY3.SA,1227,1,2026-01-26,16.799999237060547,16.920000076293945,16.559999465942383,16.780000686645508,2254100,yfinance
SAPR11.SA,5056,5,2026-01-26,46.38999938964844,47.09000015258789,45.83000183105469,46.709999084472656,1371000,yfinance
PSEC11.SA,3809,4,2026-01-26,63.6986804540629,63.748177400312706,63.50070777341101,63.5106086730957,83657,yfinance
VALE3.SA,6303,6,2026-01-26,85.55999755859375,86.13999938964844,82.18000030517578,83.06999969482422,35741300,yfinance
PETR3.SA,3721,3,2026-01-26,38.099998474121094,38.470001220703125,37.650001525878906,37.849998474121094,14262600,yfinance
KFOF11.SA,2474,2,2026-01-26,84.5552589270225,85.60551691835711,84.45617998122388,85.10020446777344,12935,yfinance
PETR3.SA,3722,3,2026-01-27,38.02000045776367,39.310001373291016,37.900001525878906,38.90999984741211,16515300,yfinance
PSEC11.SA,3810,4,2026-01-27,63.6293896837792,64.01544170013936,63.401721854732806,63.69868087768555,157114,yfinance
FLRY3.SA,1228,1,2026-01-27,16.93000030517578,17.18000030517578,16.889999389648438,17.010000228881836,2436800,yfinance
SAPR11.SA,5057,5,2026-01-27,46.959999084472656,48.63999938964844,46.959999084472656,47.900001525878906,2372800,yfinance
VALE3.SA,6304,6,2026-01-27,83.58999633789062,86.12999725341797,83.3499984741211,84.9000015258789,30922500,yfinance
KFOF11.SA,2475,2,2026-01-27,85.06057177782947,85.44698495972953,84.62462290241653,84.92185974121094,14979,yfinance
SAPR11.SA,5058,5,2026-01-28,47.61000061035156,48.720001220703125,47.04999923706055,47.880001068115234,1466700,yfinance
PETR3.SA,3723,3,2026-01-28,39.59000015258789,40.060001373291016,39.310001373291016,40.040000915527344,18425400,yfinance
KFOF11.SA,2476,2,2026-01-28,85.25874039581169,86.07119988013746,84.93177305768026,85.94239044189453,15258,yfinance
PSEC11.SA,3811,4,2026-01-28,63.69868088890775,63.748177835495454,63.471013059821246,63.55019760131836,26457,yfinance
VALE3.SA,6305,6,2026-01-28,85.29000091552734,87.48999786376953,85.0,86.97000122070312,28473800,yfinance
FLRY3.SA,1229,1,2026-01-28,17.100000381469727,17.309999465942383,16.93000030517578,17.100000381469727,3083300,yfinance
SAPR11.SA,5059,5,2026-01-29,47.880001068115234,48.06999969482422,46.400001525878906,47.63999938964844,1189300,yfinance
PSEC11.SA,3812,4,2026-01-29,63.79766701221699,63.79766701221699,63.47101284324342,63.53040313720703,35670,yfinance
VALE3.SA,6306,6,2026-01-29,88.0,89.5,86.80999755859375,87.41000366210938,42013200,yfinance
FLRY3.SA,1230,1,2026-01-29,17.229999542236328,17.229999542236328,16.670000076293945,16.799999237060547,2366500,yfinance
KFOF11.SA,2477,2,2026-01-29,85.94238886425248,85.99193211793481,84.93177149859008,85.52625274658203,11394,yfinance
PETR3.SA,3724,3,2026-01-29,40.630001068115234,41.2599983215332,40.04999923706055,40.29999923706055,20796200,yfinance
PETR3.SA,3725,3,2026-01-30,40.060001373291016,40.619998931884766,39.7400016784668,40.38999938964844,17280000,yfinance
PSEC11.SA,3813,4,2026-01-30,63.50070974999088,63.84716572800263,63.50070974999088,63.520503997802734,33446,yfinance
FLRY3.SA,1231,1,2026-01-30,16.760000228881836,16.850000381469727,16.40999984741211,16.6200008392334,2301200,yfinance
KFOF11.SA,2478,2,2026-01-30,85.70460225247788,86.8737520422223,85.3380018105341,86.20000457763672,11367,yfinance
SAPR11.SA,5060,5,2026-01-30,47.59000015258789,47.66999816894531,46.130001068115234,46.68000030517578,1846800,yfinance
VALE3.SA,6307,6,2026-01-30,85.66999816894531,87.9000015258789,84.0,84.31999969482422,41681400,yfinance
PSEC11.SA,3814,4,2026-02-02,63.74818040661519,63.74818040661519,63.46111471961064,63.59969711303711,38720,yfinance
FLRY3.SA,1232,1,2026-02-02,16.329999923706055,16.989999771118164,16.329999923706055,16.8700008392334,4105900,yfinance
SAPR11.SA,5061,5,2026-02-02,46.790000915527344,47.25,45.529998779296875,46.59000015258789,1720900,yfinance
KFOF11.SA,2479,2,2026-02-02,83.70999908447266,84.95999908447266,83.04000091552734,84.25,63200,yfinance
PETR3.SA,3726,3,2026-02-02,39.22999954223633,39.720001220703125,39.08000183105469,39.59000015258789,14946400,yfinance
VALE3.SA,6308,6,2026-02-02,84.41999816894531,85.8499984741211,84.04000091552734,84.81999969482422,22289400,yfinance
PSEC11.SA,3815,4,2026-02-03,63.74817884536637,63.78777489282905,63.45121226548317,63.77787399291992,39172,yfinance
VALE3.SA,6309,6,2026-02-03,86.41999816894531,89.0,86.41999816894531,88.98999786376953,37709700,yfinance
SAPR11.SA,5062,5,2026-02-03,46.599998474121094,47.470001220703125,46.599998474121094,47.0,1009900,yfinance
PETR3.SA,3727,3,2026-02-03,39.939998626708984,40.63999938964844,39.41999816894531,40.08000183105469,16026500,yfinance
KFOF11.SA,2480,2,2026-02-03,83.91999816894531,84.37000274658203,83.52999877929688,84.25,28703,yfinance
FLRY3.SA,1233,1,2026-02-03,17.030000686645508,17.239999771118164,16.850000381469727,16.950000762939453,2324900,yfinance
PSEC11.SA,3816,4,2026-02-04,63.77787297134243,63.77787297134243,63.56009848987286,63.69868087768555,26922,yfinance
KFOF11.SA,2481,2,2026-02-04,84.19000244140625,84.2300033569336,83.4000015258789,83.75,22370,yfinance
VALE3.SA,6310,6,2026-02-04,88.51000213623047,89.58999633789062,87.55000305175781,89.43000030517578,51744400,yfinance
FLRY3.SA,1234,1,2026-02-04,16.950000762939453,16.959999084472656,16.329999923706055,16.479999542236328,4454900,yfinance
PETR3.SA,3728,3,2026-02-04,39.810001373291016,40.11000061035156,39.43000030517578,39.849998474121094,12352900,yfinance
SAPR11.SA,5063,5,2026-02-04,46.77000045776367,47.11000061035156,45.310001373291016,46.310001373291016,1590900,yfinance
VALE3.SA,6311,6,2026-02-05,87.98999786376953,88.93000030517578,86.23999786376953,86.44999694824219,57049000,yfinance
SAPR11.SA,5064,5,2026-02-05,46.310001373291016,46.939998626708984,46.220001220703125,46.61000061035156,1006400,yfinance
FLRY3.SA,1235,1,2026-02-05,16.670000076293945,16.989999771118164,16.520000457763672,16.84000015258789,2772000,yfinance
PSEC11.SA,3817,4,2026-02-05,63.69868087768555,63.74817782426453,63.520502443044414,63.69868087768555,53277,yfinance
PETR3.SA,3729,3,2026-02-05,39.779998779296875,40.06999969482422,39.119998931884766,39.279998779296875,10896100,yfinance
KFOF11.SA,2482,2,2026-02-05,83.55999755859375,84.05999755859375,83.38999938964844,83.80000305175781,24867,yfinance
FLRY3.SA,1236,1,2026-02-06,16.93000030517578,16.959999084472656,16.670000076293945,16.93000030517578,3954600,yfinance
KFOF11.SA,2483,2,2026-02-06,83.5199966430664,84.37999725341797,83.5199966430664,84.36000061035156,17232,yfinance
VALE3.SA,6312,6,2026-02-06,86.41000366210938,87.55999755859375,85.19999694824219,85.62999725341797,28889600,yfinance
PSEC11.SA,3818,4,2026-02-06,63.69868208614311,64.09463500976562,63.500709400418785,64.09463500976562,59081,yfinance
SAPR11.SA,5065,5,2026-02-06,46.599998474121094,46.599998474121094,45.63999938964844,45.93000030517578,719800,yfinance
PETR3.SA,3730,3,2026-02-06,39.41999816894531,39.560001373291016,38.709999084472656,38.869998931884766,7385600,yfinance
VALE3.SA,6313,6,2026-02-09,86.6500015258789,87.68000030517578,84.62999725341797,87.30999755859375,26531100,yfinance
FLRY3.SA,1237,1,2026-02-09,16.93000030517578,17.049999237060547,16.729999542236328,16.940000534057617,7419600,yfinance
PSEC11.SA,3819,4,2026-02-09,64.09463410151585,64.09463410151585,63.47101335336474,63.56999969482422,33922,yfinance
PETR3.SA,3731,3,2026-02-09,38.869998931884766,39.790000915527344,38.810001373291016,39.65999984741211,9529500,yfinance
SAPR11.SA,5066,5,2026-02-09,45.91999816894531,46.72999954223633,45.650001525878906,46.459999084472656,2785200,yfinance
KFOF11.SA,2484,2,2026-02-09,84.0199966430664,84.7699966430664,84.0199966430664,84.75,22937,yfinance
KFOF11.SA,2485,2,2026-02-10,84.45999908447266,84.6500015258789,83.7300033569336,83.88999938964844,16335,yfinance
PETR3.SA,3732,3,2026-02-10,39.5099983215332,39.9900016784668,39.18000030517578,39.86000061035156,7600800,yfinance
SAPR11.SA,5067,5,2026-02-10,46.20000076293945,46.869998931884766,46.119998931884766,46.7400016784668,637900,yfinance
PSEC11.SA,3820,4,2026-02-10,63.720001220703125,63.77000045776367,63.02000045776367,63.209999084472656,57261,yfinance
FLRY3.SA,1238,1,2026-02-10,16.940000534057617,17.049999237060547,16.799999237060547,16.899999618530273,1572800,yfinance
VALE3.SA,6314,6,2026-02-10,86.72000122070312,87.73999786376953,86.25,87.05000305175781,14177200,yfinance
VALE3.SA,6315,6,2026-02-11,88.6500015258789,90.31999969482422,88.4800033569336,90.08999633789062,28395300,yfinance
SAPR11.SA,5068,5,2026-02-11,46.7400016784668,48.0,46.599998474121094,47.630001068115234,926000,yfinance
KFOF11.SA,2486,2,2026-02-11,83.91999816894531,84.80000305175781,83.7699966430664,84.69000244140625,26702,yfinance
PSEC11.SA,3821,4,2026-02-11,63.02000045776367,63.209999084472656,62.91999816894531,62.95000076293945,38232,yfinance
FLRY3.SA,1239,1,2026-02-11,17.049999237060547,17.239999771118164,16.959999084472656,17.149999618530273,5876200,yfinance
PETR3.SA,3733,3,2026-02-11,40.38999938964844,41.4900016784668,40.189998626708984,41.060001373291016,16009500,yfinance
FLRY3.SA,1240,1,2026-02-12,17.100000381469727,17.34000015258789,16.920000076293945,17.34000015258789,2733900,yfinance
PETR3.SA,3734,3,2026-02-12,40.939998626708984,40.939998626708984,39.470001220703125,39.790000915527344,10140200,yfinance
PSEC11.SA,3822,4,2026-02-12,63.08000183105469,63.08000183105469,62.54999923706055,62.72999954223633,42912,yfinance
SAPR11.SA,5069,5,2026-02-12,47.58000183105469,47.790000915527344,46.65999984741211,46.79999923706055,734500,yfinance
VALE3.SA,6316,6,2026-02-12,89.8499984741211,91.62000274658203,89.08000183105469,89.2300033569336,51472200,yfinance
KFOF11.SA,2487,2,2026-02-12,84.0999984741211,85.61000061035156,84.05999755859375,84.87999725341797,17236,yfinance
PETR3.SA,3735,3,2026-02-13,39.40999984741211,39.790000915527344,39.16999816894531,39.70000076293945,6709800,yfinance
FLRY3.SA,1241,1,2026-02-13,16.959999084472656,17.600000381469727,16.93000030517578,17.520000457763672,2906900,yfinance
KFOF11.SA,2488,2,2026-02-13,84.8499984741211,85.19999694824219,84.27999877929688,84.83000183105469,16438,yfinance
PSEC11.SA,3823,4,2026-02-13,62.88999938964844,63.380001068115234,62.72999954223633,63.369998931884766,32122,yfinance
VALE3.SA,6317,6,2026-02-13,87.56999969482422,88.13999938964844,86.0199966430664,87.02999877929688,28644800,yfinance
SAPR11.SA,5070,5,2026-02-13,46.619998931884766,46.619998931884766,45.16999816894531,46.16999816894531,603200,yfinance
FLRY3.SA,1242,1,2026-02-18,17.459999084472656,17.770000457763672,17.40999984741211,17.75,1807700,yfinance
VALE3.SA,6318,6,2026-02-18,85.0999984741211,85.1500015258789,83.55999755859375,83.91999816894531,20898700,yfinance
PETR3.SA,3736,3,2026-02-18,39.70000076293945,40.18000030517578,39.70000076293945,40.13999938964844,10902300,yfinance
PSEC11.SA,3824,4,2026-02-18,63.369998931884766,63.369998931884766,63.04999923706055,63.18000030517578,23498,yfinance
SAPR11.SA,5071,5,2026-02-18,45.9900016784668,46.689998626708984,45.630001068115234,46.189998626708984,963100,yfinance
KFOF11.SA,2489,2,2026-02-18,84.72000122070312,84.8499984741211,84.30999755859375,84.5999984741211,8662,yfinance
VALE3.SA,6319,6,2026-02-19,83.02999877929688,84.3499984741211,82.33000183105469,83.45999908447266,28410900,yfinance
PETR3.SA,3737,3,2026-02-19,40.5,41.40999984741211,40.34000015258789,41.189998626708984,11518600,yfinance
SAPR11.SA,5072,5,2026-02-19,46.09000015258789,46.86000061035156,46.060001373291016,46.709999084472656,1238100,yfinance
FLRY3.SA,1243,1,2026-02-19,17.809999465942383,17.969999313354492,17.549999237060547,17.950000762939453,1441700,yfinance
KFOF11.SA,2490,2,2026-02-19,84.5999984741211,84.98999786376953,84.47000122070312,84.5999984741211,7767,yfinance
PSEC11.SA,3825,4,2026-02-19,63.18000030517578,63.2400016784668,62.33000183105469,62.5,90305,yfinance
PSEC11.SA,3826,4,2026-02-20,62.97999954223633,63.08000183105469,62.5,63.0,43635,yfinance
VALE3.SA,6320,6,2026-02-20,83.80000305175781,86.80999755859375,83.41999816894531,86.80999755859375,40577200,yfinance
FLRY3.SA,1244,1,2026-02-20,17.889999389648438,18.100000381469727,17.690000534057617,17.8700008392334,2550100,yfinance
KFOF11.SA,2491,2,2026-02-20,84.4800033569336,85.55999755859375,84.45999908447266,85.55999755859375,11970,yfinance
SAPR11.SA,5073,5,2026-02-20,46.779998779296875,47.36000061035156,45.810001373291016,47.36000061035156,978800,yfinance
PETR3.SA,3738,3,2026-02-20,40.790000915527344,41.220001220703125,40.400001525878906,40.939998626708984,9630200,yfinance
KFOF11.SA,2492,2,2026-02-23,85.0,85.87999725341797,84.9000015258789,84.9000015258789,11397,yfinance
PSEC11.SA,3827,4,2026-02-23,63.0,63.0,62.56999969482422,62.97999954223633,43679,yfinance
FLRY3.SA,1245,1,2026-02-23,17.770000457763672,17.799999237060547,17.31999969482422,17.549999237060547,2615600,yfinance
SAPR11.SA,5074,5,2026-02-23,47.439998626708984,47.72999954223633,46.529998779296875,47.290000915527344,1252300,yfinance
PETR3.SA,3739,3,2026-02-23,40.939998626708984,42.43000030517578,40.88999938964844,41.7400016784668,12927000,yfinance
VALE3.SA,6321,6,2026-02-23,86.80999755859375,88.31999969482422,86.41999816894531,87.38999938964844,21193900,yfinance
VALE3.SA,6322,6,2026-02-24,87.4000015258789,88.70999908447266,87.4000015258789,87.7300033569336,19760700,yfinance
PSEC11.SA,3828,4,2026-02-24,62.84000015258789,63.04999923706055,62.84000015258789,62.970001220703125,33943,yfinance
KFOF11.SA,2493,2,2026-02-24,84.9000015258789,85.45999908447266,84.9000015258789,85.3499984741211,12398,yfinance
PETR3.SA,3740,3,2026-02-24,42.0,42.77000045776367,41.959999084472656,42.689998626708984,10752600,yfinance
FLRY3.SA,1246,1,2026-02-24,17.639999389648438,17.889999389648438,17.5,17.600000381469727,2138800,yfinance
SAPR11.SA,5075,5,2026-02-24,47.290000915527344,47.63999938964844,46.599998474121094,47.02000045776367,1119700,yfinance
SAPR11.SA,5076,5,2026-02-25,47.02000045776367,47.9900016784668,46.529998779296875,47.04999923706055,751200,yfinance
VALE3.SA,6323,6,2026-02-25,89.02999877929688,90.1500015258789,88.51000213623047,89.9000015258789,21407100,yfinance
PETR3.SA,3741,3,2026-02-25,42.900001525878906,43.11000061035156,42.2400016784668,42.7400016784668,3900500,yfinance
KFOF11.SA,2494,2,2026-02-25,85.63999938964844,85.87999725341797,84.95999908447266,85.33000183105469,11840,yfinance
PSEC11.SA,3829,4,2026-02-25,62.900001525878906,63.29999923706055,62.88999938964844,63.20000076293945,38057,yfinance
FLRY3.SA,1247,1,2026-02-25,17.700000762939453,17.760000228881836,17.459999084472656,17.56999969482422,839100,yfinance
